,AMD US Equity,AMD US Equity,AMD US Equity
,PX_LAST,CUR_MKT_CAP,PX_VOLUME
2014-01-02,3.95,2858.563,20569754.0
2014-01-03,4.0,2894.7473,22922478.0
2014-01-06,4.13,2988.8266,42430476.0
2014-01-07,4.18,3025.0109,42963496.0
2014-01-08,4.18,3025.0109,30695472.0
2014-01-09,4.09,2959.8791,30691932.0
2014-01-10,4.17,3017.7741,20889496.0
2014-01-13,4.13,2988.8266,22882208.0
2014-01-14,4.3,3111.8534,42473444.0
2014-01-15,4.47,3234.8801,66673256.0
2014-01-16,4.38,3169.7483,47551923.0
2014-01-17,4.18,3025.0109,45888891.0
2014-01-21,4.17,3017.7741,59709005.0
2014-01-22,3.67,2655.9307,86595469.0
2014-01-23,3.62,2619.7463,29894494.0
2014-01-24,3.47,2511.1933,48345256.0
2014-01-27,3.41,2467.7721,31356889.0
2014-01-28,3.54,2561.8514,28005291.0
2014-01-29,3.48,2518.4302,21791126.0
2014-01-30,3.48,2518.4302,17113312.0
2014-01-31,3.43,2482.2458,13991089.0
2014-02-03,3.33,2409.8771,22362916.0
2014-02-04,3.37,2438.8246,22702814.0
2014-02-05,3.31,2395.4034,14917677.0
2014-02-06,3.41,2467.7721,16120622.0
2014-02-07,3.47,2511.1933,23147052.0
2014-02-10,3.63,2626.9832,21270432.0
2014-02-11,3.7,2677.6413,34241678.0
2014-02-12,3.69,2670.4044,18344812.0
2014-02-13,3.7,2677.6413,13369550.0
2014-02-14,3.69,2670.4044,12407198.0
2014-02-18,3.7,2686.6279,11969897.0
2014-02-19,3.72,2701.1503,14191899.0
2014-02-20,3.69,2679.3668,13333914.0
2014-02-21,3.69,2679.3668,13621903.0
2014-02-24,3.71,2693.8891,10724503.0
2014-02-25,3.69,2679.3668,9175398.0
2014-02-26,3.7,2686.6279,13223358.0
2014-02-27,3.71,2693.8891,18237447.0
2014-02-28,3.71,2693.8891,14655246.0
2014-03-03,3.67,2664.8445,19564949.0
2014-03-04,3.7,2686.6279,10535359.0
2014-03-05,3.71,2693.8891,10750403.0
2014-03-06,3.73,2708.4114,10835025.0
2014-03-07,3.95,2868.1569,55470575.0
2014-03-10,3.81,2766.5007,42225664.0
2014-03-11,3.85,2795.5453,34992924.0
2014-03-12,3.91,2977.5335,14745331.0
2014-03-13,3.86,2939.4576,19802985.0
2014-03-14,3.85,2931.8424,18169146.0
2014-03-17,3.8,2893.7666,20004146.0
2014-03-18,3.89,2962.3031,15273746.0
2014-03-19,3.98,3030.8397,28516911.0
2014-03-20,4.05,3084.1459,23600569.0
2014-03-21,4.04,3076.5308,23985330.0
2014-03-24,4.05,3084.1459,20670291.0
2014-03-25,4.05,3084.1459,14517029.0
2014-03-26,4.05,3084.1459,14808603.0
2014-03-27,3.91,2977.5335,24531988.0
2014-03-28,3.88,2954.688,13189192.0
2014-03-31,4.01,3053.6852,15385970.0
2014-04-01,4.07,3099.3763,18778751.0
2014-04-02,4.06,3091.7611,14839491.0
2014-04-03,4.0,3046.0701,16802336.0
2014-04-04,4.01,3053.6852,23426954.0
2014-04-07,3.88,2954.688,24874646.0
2014-04-08,3.99,3038.4549,17345569.0
2014-04-09,3.98,3030.8397,11276634.0
2014-04-10,3.85,2931.8424,21364259.0
2014-04-11,3.65,2779.5389,34428811.0
2014-04-14,3.71,2825.23,22736913.0
2014-04-15,3.79,2886.1514,21754258.0
2014-04-16,3.76,2863.3059,18173275.0
2014-04-17,3.69,2809.9996,32048060.0
2014-04-21,4.12,3137.4522,102651524.0
2014-04-22,4.3,3274.5253,52806842.0
2014-04-23,4.25,3236.4494,29136254.0
2014-04-24,4.28,3259.295,27532799.0
2014-04-25,4.05,3084.1459,37810215.0
2014-04-28,3.96,3015.6094,31737060.0
2014-04-29,4.03,3068.9156,14584689.0
2014-04-30,4.09,3114.6066,18419193.0
2014-05-01,4.2,3198.3736,37807284.0
2014-05-02,4.12,3139.6125,14479712.0
2014-05-05,4.09,3116.7512,9015375.0
2014-05-06,4.01,3055.7879,17929309.0
2014-05-07,3.97,3025.3062,22381223.0
2014-05-08,3.93,2994.8245,14554485.0
2014-05-09,3.87,2949.102,15982941.0
2014-05-12,3.97,3025.3062,14788132.0
2014-05-13,4.03,3071.0287,11224010.0
2014-05-14,3.98,3032.9266,10353036.0
2014-05-15,3.96,3017.6858,18005650.0
2014-05-16,4.02,3063.4083,17166629.0
2014-05-19,4.09,3116.7512,18175213.0
2014-05-20,4.05,3086.2696,15648653.0
2014-05-21,4.1,3124.3717,13378582.0
2014-05-22,4.01,3055.7879,11903117.0
2014-05-23,4.02,3063.4083,9831127.0
2014-05-27,4.04,3078.6492,6922762.0
2014-05-28,4.0,3048.1675,12297671.0
2014-05-29,4.03,3071.0287,8877728.0
2014-05-30,4.0,3048.1675,10030744.0
2014-06-02,3.97,3025.3062,10861890.0
2014-06-03,3.94,3002.445,10858764.0
2014-06-04,4.04,3078.6492,13286017.0
2014-06-05,4.08,3109.1308,13723807.0
2014-06-06,4.06,3093.89,8471954.0
2014-06-09,4.07,3101.5104,7598296.0
2014-06-10,4.2,3200.5759,28322067.0
2014-06-11,4.29,3269.1596,20596161.0
2014-06-12,4.29,3269.1596,26709456.0
2014-06-13,4.28,3261.5392,17741533.0
2014-06-16,4.44,3383.4659,26192762.0
2014-06-17,4.47,3406.3272,19445026.0
2014-06-18,4.4,3352.9842,14702403.0
2014-06-19,4.36,3322.5026,10889007.0
2014-06-20,4.1,3124.3717,54721590.0
2014-06-23,4.01,3055.7879,49638333.0
2014-06-24,3.94,3002.445,20402398.0
2014-06-25,3.96,3017.6858,13844703.0
2014-06-26,4.03,3071.0287,21640483.0
2014-06-27,4.11,3131.9921,16043832.0
2014-06-30,4.19,3192.9554,25845516.0
2014-07-01,4.22,3215.8167,29412634.0
2014-07-02,4.34,3307.2617,20486477.0
2014-07-03,4.24,3231.0575,22521686.0
2014-07-07,4.26,3246.2984,21168195.0
2014-07-08,4.22,3215.8167,41685779.0
2014-07-09,4.23,3223.4371,18467376.0
2014-07-10,4.29,3269.1596,39245492.0
2014-07-11,4.37,3330.123,22425618.0
2014-07-14,4.64,3535.8743,73046037.0
2014-07-15,4.53,3452.0497,156257503.0
2014-07-16,4.66,3551.1151,61927482.0
2014-07-17,4.57,3482.5313,51309835.0
2014-07-18,3.83,2918.6204,137577726.0
2014-07-21,3.78,2880.5183,34219149.0
2014-07-22,3.8,2895.7591,34004819.0
2014-07-23,3.76,2865.2774,31748175.0
2014-07-24,3.73,2842.4162,27967555.0
2014-07-25,3.76,2865.2774,31793650.0
2014-07-28,3.73,2842.4162,31447375.0
2014-07-29,3.79,2888.1387,36157432.0
2014-07-30,3.82,2910.9999,42981161.0
2014-07-31,3.91,2993.1432,112162894.0
2014-08-01,3.97,3039.0738,33714228.0
2014-08-04,4.0,3062.0391,21493197.0
2014-08-05,4.08,3123.2798,40338382.0
2014-08-06,4.12,3153.9002,16274466.0
2014-08-07,4.1,3138.59,32712281.0
2014-08-08,4.12,3153.9002,27166946.0
2014-08-11,4.14,3169.2104,29561659.0
2014-08-12,4.08,3123.2798,27369868.0
2014-08-13,4.11,3146.2451,30401163.0
2014-08-14,4.08,3123.2798,26148058.0
2014-08-15,4.13,3161.5553,33350187.0
2014-08-18,4.21,3222.7961,45386525.0
2014-08-19,4.27,3268.7267,23222062.0
2014-08-20,4.28,3276.3818,11988557.0
2014-08-21,4.24,3245.7614,11940449.0
2014-08-22,4.25,3253.4165,8364801.0
2014-08-25,4.18,3199.8308,8999567.0
2014-08-26,4.19,3207.4859,9183890.0
2014-08-27,4.16,3184.5206,7305774.0
2014-08-28,4.14,3169.2104,10332157.0
2014-08-29,4.17,3192.1757,7347175.0
2014-09-02,4.16,3184.5206,12603414.0
2014-09-03,4.19,3207.4859,9601144.0
2014-09-04,4.15,3176.8655,12796439.0
2014-09-05,4.15,3176.8655,6634343.0
2014-09-08,4.13,3161.5553,8397368.0
2014-09-09,4.08,3123.2798,8964799.0
2014-09-10,4.08,3123.2798,13277610.0
2014-09-11,4.08,3123.2798,8087351.0
2014-09-12,3.96,3031.4187,14188822.0
2014-09-15,3.91,2993.1432,18257027.0
2014-09-16,3.81,2916.5922,40156448.0
2014-09-17,3.82,2924.2473,24894592.0
2014-09-18,3.88,2970.1779,16141381.0
2014-09-19,3.81,2916.5922,23030039.0
2014-09-22,3.76,2878.3167,14202679.0
2014-09-23,3.69,2824.731,16287982.0
2014-09-24,3.7,2832.3861,11792590.0
2014-09-25,3.63,2778.8004,17556480.0
2014-09-26,3.6,2755.8352,12976329.0
2014-09-29,3.55,2717.5597,26857638.0
2014-09-30,3.41,2610.3883,55952173.0
2014-10-01,3.35,2564.4577,33655009.0
2014-10-02,3.39,2595.0781,27904965.0
2014-10-03,3.4,2602.7332,16797013.0
2014-10-06,3.36,2572.1128,17867784.0
2014-10-07,3.28,2510.872,17720617.0
2014-10-08,3.28,2510.872,27999950.0
2014-10-09,2.95,2258.2538,69528861.0
2014-10-10,2.72,2082.1866,41062499.0
2014-10-13,2.74,2097.4968,38269373.0
2014-10-14,2.62,2005.6356,39964185.0
2014-10-15,2.61,1997.9805,36924628.0
2014-10-16,2.64,2020.9458,38795420.0
2014-10-17,2.72,2082.1866,75956587.0
2014-10-20,2.67,2043.9111,28716992.0
2014-10-21,2.77,2120.4621,24033801.0
2014-10-22,2.64,2020.9458,23034842.0
2014-10-23,2.69,2059.2213,23739082.0
2014-10-24,2.68,2051.5662,11952802.0
2014-10-27,2.66,2036.256,13307479.0
2014-10-28,2.72,2082.1866,22879276.0
2014-10-29,2.77,2120.4621,15601066.0
2014-10-30,2.75,2132.1861,13026110.0
2014-10-31,2.8,2170.9531,14704782.0
2014-11-03,2.87,2225.2269,11739620.0
2014-11-04,2.83,2194.2133,12524608.0
2014-11-05,2.8,2170.9531,9635141.0
2014-11-06,2.76,2139.9395,8932899.0
2014-11-07,2.78,2155.4463,7293780.0
2014-11-10,2.76,2139.9395,12593116.0
2014-11-11,2.73,2116.6793,8113460.0
2014-11-12,2.71,2101.1725,15875393.0
2014-11-13,2.66,2062.4054,10915428.0
2014-11-14,2.61,2023.6384,12373026.0
2014-11-17,2.67,2070.1588,12593812.0
2014-11-18,2.65,2054.652,14975259.0
2014-11-19,2.63,2039.1452,10323256.0
2014-11-20,2.69,2085.6657,15043856.0
2014-11-21,2.77,2147.6929,11311580.0
2014-11-24,2.83,2194.2133,12293891.0
2014-11-25,2.83,2194.2133,11073557.0
2014-11-26,2.84,2201.9667,10560747.0
2014-11-28,2.79,2163.1997,5665011.0
2014-12-01,2.67,2070.1588,16025136.0
2014-12-02,2.68,2077.9123,12438764.0
2014-12-03,2.74,2124.4327,18259992.0
2014-12-04,2.69,2085.6657,15542199.0
2014-12-05,2.66,2062.4054,9479344.0
2014-12-08,2.58,2000.3782,25402055.0
2014-12-09,2.59,2008.1316,22926434.0
2014-12-10,2.48,1922.8442,17690050.0
2014-12-11,2.49,1930.5976,10151618.0
2014-12-12,2.52,1953.8578,21211623.0
2014-12-15,2.47,1915.0908,19636438.0
2014-12-16,2.5,1938.351,17051582.0
2014-12-17,2.55,1977.118,12521460.0
2014-12-18,2.55,1977.118,12423873.0
2014-12-19,2.57,1992.6248,14701505.0
2014-12-22,2.66,2062.4054,15044885.0
2014-12-23,2.67,2070.1588,8276449.0
2014-12-24,2.65,2054.652,4624005.0
2014-12-26,2.65,2054.652,4029605.0
2014-12-29,2.66,2062.4054,8526993.0
2014-12-30,2.63,2039.1452,7783709.0
2014-12-31,2.67,2070.1588,11177917.0
2015-01-02,2.69,2085.6657,8330255.0
2015-01-05,2.66,2062.4054,8878176.0
2015-01-06,2.63,2039.1452,13916645.0
2015-01-07,2.58,2000.3782,12377554.0
2015-01-08,2.61,2023.6384,11136587.0
2015-01-09,2.63,2039.1452,8907618.0
2015-01-12,2.63,2039.1452,9979638.0
2015-01-13,2.66,2062.4054,17907354.0
2015-01-14,2.63,2039.1452,9989870.0
2015-01-15,2.52,1953.8578,17744035.0
2015-01-16,2.39,1853.0635,30192441.0
2015-01-20,2.24,1736.7625,56713301.0
2015-01-21,2.45,1899.584,46530825.0
2015-01-22,2.47,1915.0908,36169577.0
2015-01-23,2.45,1899.584,11107160.0
2015-01-26,2.61,2023.6384,36571306.0
2015-01-27,2.7,2093.4191,51805831.0
2015-01-28,2.63,2039.1452,24786168.0
2015-01-29,2.61,2023.6384,17790203.0
2015-01-30,2.57,1992.6248,12908182.0
2015-02-02,2.67,2070.1588,25688696.0
2015-02-03,2.76,2139.9395,22592285.0
2015-02-04,2.85,2209.7201,34829278.0
2015-02-05,3.31,2566.3767,73355631.0
2015-02-06,3.03,2349.2814,38299959.0
2015-02-09,3.04,2357.0348,24133773.0
2015-02-10,3.04,2357.0348,13995062.0
2015-02-11,3.07,2380.295,11741088.0
2015-02-12,3.12,2419.062,12974994.0
2015-02-13,3.15,2442.3222,9627555.0
2015-02-17,3.11,2411.3086,8678124.0
2015-02-18,3.08,2388.0484,7286117.0
2015-02-19,3.055,2374.6522,6573575.0
2015-02-20,3.06,2378.5387,10667514.0
2015-02-23,3.06,2378.5387,6323536.0
2015-02-24,3.11,2417.4037,10916320.0
2015-02-25,3.1,2409.6307,6151341.0
2015-02-26,3.08,2394.0847,8680872.0
2015-02-27,3.11,2417.4037,7150249.0
2015-03-02,3.21,2495.1337,15638083.0
2015-03-03,3.14,2440.7227,8645029.0
2015-03-04,3.05,2370.7657,12122102.0
2015-03-05,2.98,2316.3547,11472270.0
2015-03-06,2.92,2269.7167,16785236.0
2015-03-09,2.93,2277.4897,12405937.0
2015-03-10,2.92,2269.7167,10312381.0
2015-03-11,2.84,2207.5327,11772832.0
2015-03-12,2.76,2146.5486,13847187.0
2015-03-13,2.75,2138.7712,8099030.0
2015-03-16,2.76,2146.5486,6132875.0
2015-03-17,2.77,2154.3259,7742219.0
2015-03-18,2.75,2138.7712,11385190.0
2015-03-19,2.74,2130.9939,8819433.0
2015-03-20,2.8,2177.658,10764776.0
2015-03-23,2.84,2208.7674,7450247.0
2015-03-24,2.79,2169.8806,8724501.0
2015-03-25,2.63,2045.443,26985252.0
2015-03-26,2.65,2060.9977,28286331.0
2015-03-27,2.72,2115.4392,16844090.0
2015-03-30,2.7,2099.8845,8558207.0
2015-03-31,2.68,2084.3298,7025016.0
2015-04-01,2.69,2092.1071,11240503.0
2015-04-02,2.69,2092.1071,7047568.0
2015-04-06,2.7,2099.8845,8178519.0
2015-04-07,2.7,2099.8845,5738069.0
2015-04-08,2.71,2107.6618,4348995.0
2015-04-09,2.72,2115.4392,7127564.0
2015-04-10,2.76,2146.5486,6184822.0
2015-04-13,2.78,2162.1033,8391501.0
2015-04-14,2.67,2076.5524,13364127.0
2015-04-15,2.7,2099.8845,15281419.0
2015-04-16,2.87,2232.0994,28617313.0
2015-04-17,2.575,2002.6676,53185288.0
2015-04-20,2.49,1936.5601,29164284.0
2015-04-21,2.35,1827.6772,31279416.0
2015-04-22,2.28,1773.2358,27634939.0
2015-04-23,2.33,1812.1225,15130407.0
2015-04-24,2.3,1788.7905,15001242.0
2015-04-27,2.34,1819.8999,13486896.0
2015-04-28,2.31,1796.5678,11448708.0
2015-04-29,2.28,1773.9764,11870217.0
2015-04-30,2.26,1758.4152,11465305.0
2015-05-01,2.31,1797.3182,11662803.0
2015-05-04,2.31,1797.3182,9670083.0
2015-05-05,2.28,1773.9764,12371555.0
2015-05-06,2.29,1781.757,18492059.0
2015-05-07,2.32,1805.0988,15015605.0
2015-05-08,2.31,1797.3182,9758803.0
2015-05-11,2.32,1805.0988,10046911.0
2015-05-12,2.35,1828.4406,10017533.0
2015-05-13,2.37,1844.0018,7575944.0
2015-05-14,2.33,1812.8794,8865090.0
2015-05-15,2.32,1805.0988,8054813.0
2015-05-18,2.35,1828.4406,4732781.0
2015-05-19,2.28,1773.9764,9588414.0
2015-05-20,2.32,1805.0988,6947688.0
2015-05-21,2.28,1773.9764,7127745.0
2015-05-22,2.28,1773.9764,12845410.0
2015-05-26,2.22,1727.2928,10007826.0
2015-05-27,2.28,1773.9764,17511026.0
2015-05-28,2.27,1766.1958,12354612.0
2015-05-29,2.28,1773.9764,7750487.0
2015-06-01,2.25,1750.6346,6803664.0
2015-06-02,2.3,1789.5376,7105950.0
2015-06-03,2.28,1773.9764,8062307.0
2015-06-04,2.33,1812.8794,11575844.0
2015-06-05,2.33,1812.8794,7349686.0
2015-06-08,2.31,1797.3182,6212876.0
2015-06-09,2.29,1781.757,12282656.0
2015-06-10,2.32,1805.0988,8161224.0
2015-06-11,2.32,1805.0988,7671032.0
2015-06-12,2.31,1797.3182,4557596.0
2015-06-15,2.32,1805.0988,8627827.0
2015-06-16,2.35,1828.4406,9795010.0
2015-06-17,2.47,1921.8077,27497874.0
2015-06-18,2.52,1960.7107,25400150.0
2015-06-19,2.58,2007.3943,25551695.0
2015-06-22,2.62,2038.5167,19410133.0
2015-06-23,2.61,2030.7361,17919551.0
2015-06-24,2.62,2038.5167,17516734.0
2015-06-25,2.58,2007.3943,18360175.0
2015-06-26,2.47,1921.8077,97054249.0
2015-06-29,2.34,1820.66,22971506.0
2015-06-30,2.4,1867.3436,19381262.0
2015-07-01,2.42,1882.9048,19374972.0
2015-07-02,2.53,1968.4913,31185949.0
2015-07-06,2.47,1921.8077,20349371.0
2015-07-07,2.09,1626.145,46418656.0
2015-07-08,2.01,1563.9002,15302900.0
2015-07-09,1.98,1540.5584,23378175.0
2015-07-10,1.96,1524.9972,17520833.0
2015-07-13,1.96,1524.9972,9080930.0
2015-07-14,2.05,1595.0226,15812298.0
2015-07-15,1.96,1524.9972,13517822.0
2015-07-16,1.87,1454.9719,20653274.0
2015-07-17,1.79,1392.7271,28127072.0
2015-07-20,1.8,1400.5077,12142361.0
2015-07-21,1.8,1400.5077,15034469.0
2015-07-22,1.79,1392.7271,16043360.0
2015-07-23,1.76,1369.3853,10641876.0
2015-07-24,1.67,1299.3599,16478376.0
2015-07-27,1.62,1260.4569,11916468.0
2015-07-28,1.77,1377.1659,14614569.0
2015-07-29,1.96,1524.9972,25582209.0
2015-07-30,1.93,1503.8129,15837969.0
2015-07-31,1.93,1503.8129,7733694.0
2015-08-03,2.2,1714.1909,26218162.0
2015-08-04,2.13,1659.6484,14328420.0
2015-08-05,2.16,1683.0238,13236010.0
2015-08-06,2.11,1644.0649,9475686.0
2015-08-07,2.09,1628.4813,7680811.0
2015-08-10,1.93,1503.8129,29926180.0
2015-08-11,1.9,1480.4376,7479178.0
2015-08-12,1.9,1480.4376,8527768.0
2015-08-13,1.79,1394.728,7839742.0
2015-08-14,1.84,1433.6869,6183360.0
2015-08-17,1.8,1402.5198,9062449.0
2015-08-18,1.8,1402.5198,9751946.0
2015-08-19,1.8,1402.5198,7441178.0
2015-08-20,1.7,1324.602,13745659.0
2015-08-21,1.78,1386.9363,12529458.0
2015-08-24,1.75,1363.5609,17217369.0
2015-08-25,1.66,1293.4349,12097696.0
2015-08-26,1.72,1340.1856,10715268.0
2015-08-27,1.78,1386.9363,11839293.0
2015-08-28,1.85,1441.4787,10924564.0
2015-08-31,1.81,1410.3116,6516004.0
2015-09-01,1.71,1332.3938,8470710.0
2015-09-02,1.77,1379.1445,6306136.0
2015-09-03,1.79,1394.728,7154356.0
2015-09-04,1.82,1418.1034,6725294.0
2015-09-08,1.88,1464.854,6009499.0
2015-09-09,1.85,1441.4787,12612253.0
2015-09-10,1.84,1433.6869,4290423.0
2015-09-11,2.01,1566.1471,31010289.0
2015-09-14,1.82,1418.1034,16458540.0
2015-09-15,1.86,1449.2705,6524360.0
2015-09-16,1.89,1472.6458,4928291.0
2015-09-17,1.89,1472.6458,5831567.0
2015-09-18,1.87,1457.0622,11814043.0
2015-09-21,1.81,1410.3116,5377758.0
2015-09-22,1.73,1347.9774,9975166.0
2015-09-23,1.7,1324.602,9649200.0
2015-09-24,1.72,1340.1856,11247701.0
2015-09-25,1.71,1332.3938,5644642.0
2015-09-28,1.66,1293.4349,5693063.0
2015-09-29,1.67,1301.2267,7005323.0
2015-09-30,1.72,1340.1856,5739499.0
2015-10-01,1.74,1355.7692,5531739.0
2015-10-02,1.83,1425.8951,7146087.0
2015-10-05,1.8,1402.5198,7595560.0
2015-10-06,1.83,1425.8951,8665487.0
2015-10-07,1.86,1449.2705,7859214.0
2015-10-08,1.93,1503.8129,9198667.0
2015-10-09,1.96,1527.1882,8629061.0
2015-10-12,1.87,1457.0622,7687701.0
2015-10-13,1.92,1496.0211,6698446.0
2015-10-14,1.95,1519.3965,10184322.0
2015-10-15,1.97,1534.98,27327109.0
2015-10-16,1.94,1511.6047,21544863.0
2015-10-19,2.01,1566.1471,10670760.0
2015-10-20,2.02,1573.9389,5584188.0
2015-10-21,2.1,1636.2731,14966473.0
2015-10-22,2.14,1667.4402,8208419.0
2015-10-23,2.21,1721.9827,9564205.0
2015-10-26,2.15,1675.232,6313499.0
2015-10-27,2.15,1675.232,5755594.0
2015-10-28,2.18,1698.6073,6950607.0
2015-10-29,2.13,1659.6484,4500419.0
2015-10-30,2.12,1651.8567,4897116.0
2015-11-02,2.19,1706.3991,5858746.0
2015-11-03,2.28,1801.632,8705832.0
2015-11-04,2.2,1738.4168,8205318.0
2015-11-05,2.2,1738.4168,4302179.0
2015-11-06,2.15,1698.9073,8997105.0
2015-11-09,2.11,1667.2997,6231734.0
2015-11-10,2.02,1596.1827,6162153.0
2015-11-11,2.07,1635.6922,3532050.0
2015-11-12,2.0,1580.3789,3576805.0
2015-11-13,1.99,1572.477,5920191.0
2015-11-16,1.99,1572.477,4149664.0
2015-11-17,1.98,1564.5751,5825098.0
2015-11-18,2.12,1675.2016,9384658.0
2015-11-19,2.14,1691.0054,4704259.0
2015-11-20,2.22,1754.2206,10727076.0
2015-11-23,2.22,1754.2206,4863244.0
2015-11-24,2.34,1849.0433,15859712.0
2015-11-25,2.38,1880.6509,6915207.0
2015-11-27,2.33,1841.1414,2606577.0
2015-11-30,2.36,1864.8471,9924441.0
2015-12-01,2.34,1849.0433,5646364.0
2015-12-02,2.27,1793.7301,7501680.0
2015-12-03,2.23,1762.1225,7059859.0
2015-12-04,2.28,1801.632,4573578.0
2015-12-07,2.355,1860.8962,8479583.0
2015-12-08,2.39,1888.5528,9056162.0
2015-12-09,2.35,1856.9452,8709960.0
2015-12-10,2.45,1935.9642,13069423.0
2015-12-11,2.36,1864.8471,11890021.0
2015-12-14,2.34,1849.0433,7700690.0
2015-12-15,2.36,1864.8471,7423859.0
2015-12-16,2.54,2007.0812,19543566.0
2015-12-17,2.56,2022.885,11374071.0
2015-12-18,2.45,1935.9642,17988100.0
2015-12-21,2.53,2004.7665,6876564.0
2015-12-22,2.77,2194.942,24893205.0
2015-12-23,2.83,2242.4859,30365300.0
2015-12-24,2.92,2313.8017,11900888.0
2015-12-28,3.0,2377.1935,16050492.0
2015-12-29,3.0,2377.1935,15300911.0
2015-12-30,2.98,2361.3455,10046610.0
2015-12-31,2.87,2274.1818,11086106.0
2016-01-04,2.77,2194.942,32516771.0
2016-01-05,2.75,2179.094,12972260.0
2016-01-06,2.505,1984.9566,23759374.0
2016-01-07,2.275,1802.7051,22203514.0
2016-01-08,2.14,1695.7314,31822424.0
2016-01-11,2.34,1854.2109,19629314.0
2016-01-12,2.39,1893.8308,17986135.0
2016-01-13,2.25,1782.8951,12749689.0
2016-01-14,2.21,1751.1992,15666568.0
2016-01-15,2.03,1608.5676,21199273.0
2016-01-19,1.95,1545.1758,18978876.0
2016-01-20,1.8,1426.3161,29243601.0
2016-01-21,2.09,1656.1115,26387931.0
2016-01-22,2.02,1600.6436,16245515.0
2016-01-25,2.12,1679.8834,13080926.0
2016-01-26,2.07,1640.2635,11097391.0
2016-01-27,2.13,1687.8074,10833249.0
2016-01-28,2.08,1648.1875,7118372.0
2016-01-29,2.2,1743.2752,11998088.0
2016-02-01,2.14,1695.7314,8816117.0
2016-02-02,1.99,1576.8717,11224069.0
2016-02-03,2.07,1640.2635,9978631.0
2016-02-04,2.09,1656.1115,8284838.0
2016-02-05,1.98,1568.9477,7914421.0
2016-02-08,1.93,1529.3278,11588981.0
2016-02-09,1.9,1505.5559,14991465.0
2016-02-10,1.84,1458.012,9466130.0
2016-02-11,1.86,1473.86,7858282.0
2016-02-12,1.83,1450.088,9957298.0
2016-02-16,1.83,1450.088,11853372.0
2016-02-17,1.9,1505.5559,13770167.0
2016-02-18,1.91,1515.104,10823412.0
2016-02-19,1.91,1515.104,7784114.0
2016-02-22,2.01,1594.4288,9895491.0
2016-02-23,1.97,1562.6989,6710579.0
2016-02-24,2.02,1602.3613,6906231.0
2016-02-25,2.03,1610.2938,5614399.0
2016-02-26,2.07,1642.0237,7911456.0
2016-02-29,2.14,1697.5511,11400321.0
2016-03-01,2.18,1729.281,9011185.0
2016-03-02,2.32,1840.3358,10845691.0
2016-03-03,2.46,1951.3905,22092400.0
2016-03-04,2.37,1879.9982,15448987.0
2016-03-07,2.47,1959.323,8801832.0
2016-03-08,2.3,1824.4708,10026930.0
2016-03-09,2.26,1792.7409,13082444.0
2016-03-10,2.26,1792.7409,9625514.0
2016-03-11,2.52,1998.9854,21382383.0
2016-03-14,2.72,2157.635,33848017.0
2016-03-15,2.49,1975.1879,21573551.0
2016-03-16,2.63,2086.2427,13015657.0
2016-03-17,2.8,2221.0949,29000838.0
2016-03-18,2.93,2324.2171,26330503.0
2016-03-21,2.8,2221.0949,13464942.0
2016-03-22,2.79,2213.1624,10315800.0
2016-03-23,2.68,2125.9051,10167129.0
2016-03-24,2.79,2213.8476,10040161.0
2016-03-28,2.78,2205.9127,7683731.0
2016-03-29,2.86,2269.3922,13616186.0
2016-03-30,2.86,2269.3922,14945925.0
2016-03-31,2.85,2261.4573,9071495.0
2016-04-01,2.83,2245.5874,8257676.0
2016-04-04,2.83,2245.5874,5591055.0
2016-04-05,2.76,2190.0428,9640183.0
2016-04-06,2.8,2221.7826,12534644.0
2016-04-07,2.64,2094.8236,13479207.0
2016-04-08,2.74,2174.1729,8489046.0
2016-04-11,2.76,2190.0428,9045056.0
2016-04-12,2.81,2229.7175,16131946.0
2016-04-13,2.8,2221.7826,8047980.0
2016-04-14,2.72,2158.3031,8985330.0
2016-04-15,2.7,2142.4332,7487498.0
2016-04-18,2.76,2190.0428,8938814.0
2016-04-19,2.62,2078.9537,11719940.0
2016-04-20,2.7,2142.4332,7926104.0
2016-04-21,2.62,2078.9537,13957207.0
2016-04-22,3.99,3166.0402,143265305.0
2016-04-25,3.45,2737.5535,80607909.0
2016-04-26,3.66,2904.1872,36336919.0
2016-04-27,3.73,2959.7318,24186756.0
2016-04-28,3.61,2864.6066,20230013.0
2016-04-29,3.55,2816.9954,17717828.0
2016-05-02,3.74,2967.7642,16972770.0
2016-05-03,3.6,2856.6714,13784844.0
2016-05-04,3.6,2856.6714,8688477.0
2016-05-05,3.66,2904.2826,21529565.0
2016-05-06,3.68,2920.153,11839343.0
2016-05-09,3.65,2896.3474,16299366.0
2016-05-10,3.64,2888.4122,9415073.0
2016-05-11,3.65,2896.3474,7540251.0
2016-05-12,3.59,2848.7362,9255810.0
2016-05-13,3.67,2912.2178,16470076.0
2016-05-16,3.79,3007.4402,14703837.0
2016-05-17,3.79,3007.4402,20066139.0
2016-05-18,3.84,3047.1162,19506922.0
2016-05-19,3.77,2991.5698,17696860.0
2016-05-20,3.87,3070.9218,13799647.0
2016-05-23,4.04,3205.8201,35467015.0
2016-05-24,4.2,3332.7833,34283908.0
2016-05-25,4.18,3316.9129,24719916.0
2016-05-26,4.35,3451.8113,22625701.0
2016-05-27,4.6,3650.1912,34429620.0
2016-05-31,4.57,3626.3857,25379192.0
2016-06-01,4.43,3515.2929,29696360.0
2016-06-02,4.24,3364.5241,35335045.0
2016-06-03,4.16,3301.0425,17561799.0
2016-06-06,4.47,3547.0337,21329634.0
2016-06-07,4.51,3578.7745,20676178.0
2016-06-08,4.46,3539.0985,16074328.0
2016-06-09,4.52,3586.7097,16219074.0
2016-06-10,4.32,3428.0057,15106516.0
2016-06-13,4.4,3491.4873,13540907.0
2016-06-14,4.39,3483.5521,16757413.0
2016-06-15,4.42,3507.3577,11575250.0
2016-06-16,4.75,3769.2192,34182650.0
2016-06-17,5.26,4173.9143,64894090.0
2016-06-20,5.1,4046.9512,43541305.0
2016-06-21,5.45,4324.6831,35864591.0
2016-06-22,5.02,3983.4696,47943335.0
2016-06-23,5.21,4134.2383,29159174.0
2016-06-24,4.88,3872.3768,36735157.0
2016-06-27,4.72,3745.4136,31187599.0
2016-06-28,5.12,4062.8216,29221367.0
2016-06-29,5.13,4070.7568,33118283.0
2016-06-30,5.14,4078.692,26124847.0
2016-07-01,5.07,4023.1456,18255878.0
2016-07-05,4.96,3935.8584,16332466.0
2016-07-06,5.04,3999.34,19392887.0
2016-07-07,5.02,3983.4696,15813768.0
2016-07-08,5.1,4046.9512,28140749.0
2016-07-11,5.01,3975.5344,21027948.0
2016-07-12,5.14,4078.692,20832476.0
2016-07-13,5.09,4039.016,14032518.0
2016-07-14,5.17,4102.4976,20050141.0
2016-07-15,5.14,4078.692,14219263.0
2016-07-18,5.51,4372.2943,38619404.0
2016-07-19,5.41,4292.9423,23439607.0
2016-07-20,5.41,4292.9423,20102373.0
2016-07-21,5.22,4142.1735,40242023.0
2016-07-22,5.84,4634.1558,101838278.0
2016-07-25,6.7,5316.5829,118328614.0
2016-07-26,6.98,5552.9934,81230638.0
2016-07-27,6.85,5449.5709,38567259.0
2016-07-28,6.82,5425.7042,27515622.0
2016-07-29,6.86,5457.5265,22580538.0
2016-08-01,6.64,5282.5038,26729026.0
2016-08-02,6.26,4980.1918,40816397.0
2016-08-03,6.3,5012.0141,23807809.0
2016-08-04,6.47,5147.259,22411032.0
2016-08-05,6.61,5258.6371,20163999.0
2016-08-08,6.68,5314.3261,21462238.0
2016-08-09,6.6,5250.6815,16772428.0
2016-08-10,6.49,5163.1701,29070733.0
2016-08-11,6.58,5234.7703,13240292.0
2016-08-12,6.73,5354.104,25466386.0
2016-08-15,6.95,5529.1267,28339380.0
2016-08-16,6.78,5393.8819,26768769.0
2016-08-17,6.68,5314.3261,13791311.0
2016-08-18,7.04,5600.7269,30783305.0
2016-08-19,7.62,6062.1504,75129305.0
2016-08-22,7.58,6030.3281,41519225.0
2016-08-23,7.67,6101.9283,27531065.0
2016-08-24,7.43,5910.9945,22943869.0
2016-08-25,7.465,5938.839,16451281.0
2016-08-26,7.67,6101.9283,31387878.0
2016-08-29,7.59,6038.2837,16916273.0
2016-08-30,7.49,5958.7279,16088129.0
2016-08-31,7.4,5887.1277,18808801.0
2016-09-01,7.35,5847.3498,22284592.0
2016-09-02,7.51,5974.6391,18538362.0
2016-09-06,7.34,5839.3943,24994613.0
2016-09-07,6.84,5441.6154,57721907.0
2016-09-08,6.225,4952.3473,90814651.0
2016-09-09,5.9,5283.791,170828036.0
2016-09-12,5.94,5319.6133,78014372.0
2016-09-13,5.74,5140.5018,50819506.0
2016-09-14,6.04,5409.1691,64344764.0
2016-09-15,6.02,5481.558,52718477.0
2016-09-16,6.05,5508.8747,47829445.0
2016-09-19,6.16,5609.036,37837160.0
2016-09-20,6.17,5618.1416,28990858.0
2016-09-21,6.29,5727.4086,33450003.0
2016-09-22,6.37,5800.2532,35848186.0
2016-09-23,6.55,5964.1536,61022355.0
2016-09-26,6.32,5754.7253,29875788.0
2016-09-27,6.54,5955.048,30035862.0
2016-09-28,6.59,6000.5759,27878252.0
2016-09-29,6.67,6073.4205,30746101.0
2016-09-30,6.91,6291.9544,47453145.0
2016-10-03,6.95,6328.3767,30456683.0
2016-10-04,6.97,6346.5879,25770031.0
2016-10-05,6.78,6173.5819,31235592.0
2016-10-06,6.96,6337.4823,27059688.0
2016-10-07,6.75,6146.2652,33058999.0
2016-10-10,6.84,6228.2154,13800510.0
2016-10-11,6.5,5918.6257,32510803.0
2016-10-12,6.62,6027.8926,33592702.0
2016-10-13,6.49,5909.5201,30401706.0
2016-10-14,6.75,6146.2652,66934374.0
2016-10-17,6.67,6073.4205,24261489.0
2016-10-18,6.73,6128.054,25314837.0
2016-10-19,6.77,6164.4763,29420227.0
2016-10-20,6.96,6337.4823,64607539.0
2016-10-21,6.52,5936.8369,64243549.0
2016-10-24,7.005,6378.4574,52998430.0
2016-10-25,7.5,6829.1835,78862046.0
2016-10-26,7.29,6756.8729,47619312.0
2016-10-27,7.11,6590.0366,37804176.0
2016-10-28,7.2,6673.4547,77261334.0
2016-10-31,7.23,6701.2608,42345904.0
2016-11-01,7.09,6571.4992,39906861.0
2016-11-02,6.76,6265.6325,33852218.0
2016-11-03,6.7,6210.0204,33673558.0
2016-11-04,6.56,6080.2588,32215709.0
2016-11-07,6.96,6451.0062,36999238.0
2016-11-08,7.0,6488.081,37728535.0
2016-11-09,6.94,6432.4689,38479532.0
2016-11-10,6.295,5834.6386,71749547.0
2016-11-11,6.685,6196.1173,39492150.0
2016-11-14,6.79,6293.4386,29596401.0
2016-11-15,6.97,6460.2749,28909399.0
2016-11-16,7.67,7109.083,78083174.0
2016-11-17,8.46,7841.3093,124235450.0
2016-11-18,8.71,8073.0265,62336214.0
2016-11-21,8.94,8286.2063,65595921.0
2016-11-22,8.69,8054.4891,71312775.0
2016-11-23,8.8,8156.4447,34645960.0
2016-11-25,8.77,8128.6386,14214120.0
2016-11-28,8.83,8184.2507,25907789.0
2016-11-29,8.93,8276.9376,54831388.0
2016-11-30,8.91,8258.4002,36511914.0
2016-12-01,8.39,7776.4285,56682384.0
2016-12-02,8.53,7906.1901,42398936.0
2016-12-05,8.68,8045.2204,31410058.0
2016-12-06,9.45,8758.9093,92242854.0
2016-12-07,9.56,8860.8649,54897332.0
2016-12-08,10.34,9583.8225,104613009.0
2016-12-09,10.34,9583.8225,60600759.0
2016-12-12,10.68,9898.9579,63342940.0
2016-12-13,10.54,9769.1962,46967790.0
2016-12-14,10.55,9778.4649,46968552.0
2016-12-15,10.86,10065.7942,48871302.0
2016-12-16,10.66,9880.4205,77777741.0
2016-12-19,10.95,10149.2124,46085840.0
2016-12-20,11.51,10668.2589,59314159.0
2016-12-21,11.47,10631.1841,44814131.0
2016-12-22,11.6,10751.6771,36450756.0
2016-12-23,11.58,10733.1397,32288235.0
2016-12-27,12.07,11187.3054,44336488.0
2016-12-28,11.55,10705.3336,71254459.0
2016-12-29,11.59,10742.4084,50234261.0
2016-12-30,11.34,10510.6912,44095368.0
2017-01-03,11.43,10594.1094,55181960.0
2017-01-04,11.43,10594.1094,40781190.0
2017-01-05,11.24,10418.0043,38855214.0
2017-01-06,11.32,10492.1538,34453462.0
2017-01-09,11.49,10649.7215,37304797.0
2017-01-10,11.44,10603.3781,29201580.0
2017-01-11,11.2,10380.9296,39377016.0
2017-01-12,10.76,9973.1074,75244087.0
2017-01-13,10.58,9806.271,38377455.0
2017-01-17,9.82,9101.8508,70491802.0
2017-01-18,9.88,9157.4629,51797592.0
2017-01-19,9.77,9055.5073,46151282.0
2017-01-20,9.75,9036.97,27982147.0
2017-01-23,9.91,9185.2689,27905681.0
2017-01-24,10.44,9676.5094,43991188.0
2017-01-25,10.35,9593.0912,61886202.0
2017-01-26,10.52,9750.6589,35866570.0
2017-01-27,10.67,9889.6892,32719173.0
2017-01-30,10.61,9834.077,37724991.0
2017-01-31,10.37,9611.6286,53704949.0
2017-02-01,12.06,11178.0367,165939278.0
2017-02-02,12.28,11381.9478,116324549.0
2017-02-03,12.24,11344.8731,60036740.0
2017-02-06,13.63,12633.2206,140474084.0
2017-02-07,13.29,12318.0852,158683771.0
2017-02-08,13.56,12568.3398,75942906.0
2017-02-09,13.42,12438.5781,73339932.0
2017-02-10,13.58,12586.8771,54579343.0
2017-02-13,13.49,12503.4589,57413113.0
2017-02-14,13.26,12290.2791,40479052.0
2017-02-15,13.3,12327.3539,33722253.0
2017-02-16,12.97,12021.4872,52502531.0
2017-02-17,13.13,12169.7862,40887978.0
2017-02-21,14.0,13170.6136,66357063.0
2017-02-22,14.28,13434.0259,71505039.0
2017-02-23,14.32,13471.6562,80317617.0
2017-02-24,14.12,13283.5046,46288614.0
2017-02-27,15.2,14299.5234,95422869.0
2017-02-28,14.46,13603.3624,141782979.0
2017-03-01,14.96,14073.7414,73450388.0
2017-03-02,13.9,13076.5378,104330930.0
2017-03-03,13.03,12258.0783,163641702.0
2017-03-06,13.04,12267.4859,117192621.0
2017-03-07,13.05,12276.8934,76666266.0
2017-03-08,13.22,12445.2914,71294747.0
2017-03-09,13.33,12548.8452,45244233.0
2017-03-10,13.91,13094.8565,65142157.0
2017-03-13,14.28,13443.174,73078146.0
2017-03-14,14.1,13273.7223,52554505.0
2017-03-15,13.98,13160.7544,55179561.0
2017-03-16,13.65,12850.0928,44494793.0
2017-03-17,13.49,12699.469,224892327.0
2017-03-20,14.4,13556.1419,91565591.0
2017-03-21,13.82,13010.1306,72552725.0
2017-03-22,14.1,13273.7223,61239502.0
2017-03-23,13.79,12981.8887,44549945.0
2017-03-24,13.7,12897.1628,50099472.0
2017-03-27,13.7,12897.1628,42686840.0
2017-03-28,13.69,12887.7488,37420153.0
2017-03-29,13.71,12906.5768,37863470.0
2017-03-30,14.05,13226.6523,44132830.0
2017-03-31,14.55,13697.3517,84566239.0
2017-04-03,14.64,13782.0776,48423677.0
2017-04-04,14.16,13330.2062,58413020.0
2017-04-05,14.17,13339.6202,58816711.0
2017-04-06,13.27,12492.3613,139500105.0
2017-04-07,13.52,12727.711,70440981.0
2017-04-10,13.1,12332.3235,47178017.0
2017-04-11,13.1,12332.3235,59916607.0
2017-04-12,12.76,12012.248,37385363.0
2017-04-13,12.31,11588.6185,53442631.0
2017-04-17,12.79,12040.4899,38188238.0
2017-04-18,12.95,12191.1137,37172004.0
2017-04-19,12.84,12087.5599,36491056.0
2017-04-20,13.11,12341.7375,41976064.0
2017-04-21,13.0,12238.1837,25689590.0
2017-04-24,13.13,12360.5655,36120264.0
2017-04-25,13.49,12699.469,35880950.0
2017-04-26,13.41,12624.1571,36644522.0
2017-04-27,13.62,12821.8509,31327634.0
2017-04-28,13.3,12520.6033,50375992.0
2017-05-01,13.62,12821.8509,68036349.0
2017-05-02,10.32,9715.235,268336455.0
2017-05-03,10.39,9781.1329,140899380.0
2017-05-04,10.1,9508.1273,77031372.0
2017-05-05,10.19,9592.8532,51758963.0
2017-05-08,10.04,9487.9624,35101132.0
2017-05-09,10.18,9620.2647,51017346.0
2017-05-10,10.79,10196.7245,65995889.0
2017-05-11,11.07,10461.329,72946523.0
2017-05-12,11.26,10640.8821,56072619.0
2017-05-15,11.42,10792.0847,52564965.0
2017-05-16,12.75,12048.9562,164186884.0
2017-05-17,11.2,10584.1812,160109462.0
2017-05-18,11.275,10655.0574,86900076.0
2017-05-19,11.41,10782.6345,50319692.0
2017-05-22,11.04,10432.9786,78696444.0
2017-05-23,10.89,10291.2261,49799586.0
2017-05-24,10.89,10291.2261,43028139.0
2017-05-25,10.98,10376.2776,33584259.0
2017-05-26,11.0,10395.1779,31907640.0
2017-05-30,11.12,10508.5799,35338977.0
2017-05-31,11.19,10574.731,42929027.0
2017-06-01,10.93,10329.0268,48001971.0
2017-06-02,10.9,10300.6763,43056165.0
2017-06-05,11.24,10621.9818,66207307.0
2017-06-06,12.03,11368.5446,114998567.0
2017-06-07,12.38,11699.3002,151005890.0
2017-06-08,12.9,12190.7086,89515129.0
2017-06-09,12.28,11604.7986,167454433.0
2017-06-12,12.09,11425.2455,125781768.0
2017-06-13,11.96,11302.3934,87302253.0
2017-06-14,11.77,11122.8404,51909425.0
2017-06-15,11.5,10867.686,61665981.0
2017-06-16,11.44,10810.985,59779528.0
2017-06-19,11.93,11274.043,61803552.0
2017-06-20,12.64,11945.0044,118001536.0
2017-06-21,13.98,13211.3261,188796125.0
2017-06-22,14.38,13589.3326,149594245.0
2017-06-23,14.17,13390.8792,200777337.0
2017-06-26,14.08,13305.8277,101012533.0
2017-06-27,13.4,12663.2167,89319697.0
2017-06-28,13.23,12502.564,85266909.0
2017-06-29,12.6,11907.2038,87634359.0
2017-06-30,12.48,11793.8019,59267384.0
2017-07-03,12.15,11481.9465,39929101.0
2017-07-05,13.19,12464.7633,99450235.0
2017-07-06,13.02,12304.1106,88927822.0
2017-07-07,13.36,12625.4161,88392137.0
2017-07-10,13.81,13050.6734,78320196.0
2017-07-11,13.89,13126.2747,71102292.0
2017-07-12,14.29,13504.2811,78508397.0
2017-07-13,13.53,12786.0688,111656888.0
2017-07-14,13.92,13154.6251,82084552.0
2017-07-17,13.8,13041.2232,71690790.0
2017-07-18,13.48,12738.818,78366510.0
2017-07-19,13.55,12804.9692,51957812.0
2017-07-20,13.8,13041.2232,47707464.0
2017-07-21,13.88,13116.8245,51045674.0
2017-07-24,14.16,13381.429,71014864.0
2017-07-25,14.11,13334.1782,98047389.0
2017-07-26,14.76,13948.4387,236082958.0
2017-07-27,14.12,13343.6284,130303657.0
2017-07-28,13.95,13182.9756,66763754.0
2017-07-31,13.61,12861.6701,69108676.0
2017-08-01,13.71,12956.1694,49149861.0
2017-08-02,13.37,12634.8639,67502194.0
2017-08-03,13.24,12535.354,52557354.0
2017-08-04,13.12,12421.7405,64254045.0
2017-08-07,13.43,12715.242,57486768.0
2017-08-08,13.11,12412.2727,47338001.0
2017-08-09,12.83,12147.1746,58861491.0
2017-08-10,12.12,11474.9615,83113365.0
2017-08-11,12.23,11579.1072,63558840.0
2017-08-14,12.76,12080.9,64426061.0
2017-08-15,13.02,12327.0626,57990255.0
2017-08-16,12.63,11957.8188,64639428.0
2017-08-17,12.34,11683.2529,47370978.0
2017-08-18,12.37,11711.6562,37521694.0
2017-08-21,12.05,11408.687,58888505.0
2017-08-22,12.17,11522.3004,39033223.0
2017-08-23,12.48,11815.8019,44345380.0
2017-08-24,12.5,11834.7375,37269674.0
2017-08-25,12.43,11768.463,29732049.0
2017-08-28,12.23,11579.1072,35969587.0
2017-08-29,12.15,11503.3649,33618112.0
2017-08-30,12.67,11995.6899,43932966.0
2017-08-31,13.0,12308.127,51822102.0
2017-09-01,13.19,12488.015,53158562.0
2017-09-05,12.92,12232.3847,51578710.0
2017-09-06,12.86,12175.5779,34182430.0
2017-09-07,12.63,11957.8188,35816911.0
2017-09-08,12.25,11598.0428,60886232.0
2017-09-11,12.55,11882.0765,43346052.0
2017-09-12,12.3,11645.3817,54413148.0
2017-09-13,12.22,11569.6394,37210654.0
2017-09-14,12.26,11607.5105,37220155.0
2017-09-15,12.52,11853.6731,50337411.0
2017-09-18,13.08,12383.8693,83517385.0
2017-09-19,13.12,12421.7405,65455230.0
2017-09-20,13.74,13008.7435,102682437.0
2017-09-21,13.41,12696.3064,166821947.0
2017-09-22,13.3,12592.1607,50546957.0
2017-09-25,12.61,11938.8832,84172237.0
2017-09-26,12.45,11787.399,68302025.0
2017-09-27,12.74,12061.965,59947247.0
2017-09-28,12.74,12061.965,35812311.0
2017-09-29,12.75,12071.4327,33926900.0
2017-10-02,12.71,12033.5616,34461080.0
2017-10-03,13.42,12705.7747,85174031.0
2017-10-04,13.31,12601.629,42303159.0
2017-10-05,13.34,12630.0324,34758604.0
2017-10-06,13.23,12525.8867,28258656.0
2017-10-09,13.47,12753.1137,54032528.0
2017-10-10,13.7,12970.8728,43303955.0
2017-10-11,13.88,13141.2931,38746553.0
2017-10-12,14.2,13444.2624,69874095.0
2017-10-13,14.22,13463.1979,37515843.0
2017-10-16,14.26,13501.0691,34136783.0
2017-10-17,14.16,13406.3912,28995567.0
2017-10-18,14.07,13321.1811,39020286.0
2017-10-19,13.95,13207.5676,33795708.0
2017-10-20,13.81,13075.0185,32538937.0
2017-10-23,14.1,13349.5844,49838009.0
2017-10-24,14.25,13491.6013,84891583.0
2017-10-25,12.33,11673.7856,166762120.0
2017-10-26,12.005,11366.0824,87625437.0
2017-10-27,11.84,11209.8638,115650373.0
2017-10-30,10.89,10310.4237,137785101.0
2017-10-31,10.985,10400.3677,78600023.0
2017-11-01,10.8,10225.2136,66875483.0
2017-11-02,10.85,10468.0648,47942464.0
2017-11-03,11.12,10728.5605,44264291.0
2017-11-06,11.93,11510.0473,96349758.0
2017-11-07,12.05,11625.8232,67900203.0
2017-11-08,11.71,11297.7916,59065041.0
2017-11-09,11.12,10728.5605,76821154.0
2017-11-10,11.26,10863.6323,50209909.0
2017-11-13,11.09,10699.6165,54068315.0
2017-11-14,11.12,10728.5605,37245039.0
2017-11-15,11.07,10680.3205,33524701.0
2017-11-16,11.25,10853.9843,31800408.0
2017-11-17,11.38,10979.4081,56775579.0
2017-11-20,11.34,10940.8162,35960204.0
2017-11-21,11.4,10998.7041,31881681.0
2017-11-22,11.37,10969.7601,23816482.0
2017-11-24,11.38,10979.4081,11035758.0
2017-11-27,11.55,11143.4239,41798250.0
2017-11-28,11.17,10776.8004,65325749.0
2017-11-29,10.83,10448.7689,63333806.0
2017-11-30,10.89,10506.6568,43205030.0
2017-12-01,10.73,10352.289,42128778.0
2017-12-04,10.03,9676.93,97328281.0
2017-12-05,9.91,9561.1542,67304144.0
2017-12-06,10.0,9647.986,38952174.0
2017-12-07,10.04,9686.578,32665616.0
2017-12-08,9.94,9590.0981,34896958.0
2017-12-11,10.16,9802.3538,29956421.0
2017-12-12,9.9,9551.5062,36211043.0
2017-12-13,10.11,9754.1139,41494800.0
2017-12-14,10.13,9773.4098,29006846.0
2017-12-15,10.29,9927.7776,45462280.0
2017-12-18,10.98,10593.4887,63797732.0
2017-12-19,10.95,10564.5447,43852949.0
2017-12-20,10.98,10593.4887,31420328.0
2017-12-21,10.89,10506.6568,21884331.0
2017-12-22,10.54,10168.9773,50744495.0
2017-12-26,10.46,10091.7934,20437891.0
2017-12-27,10.53,10159.3293,22921775.0
2017-12-28,10.55,10178.6253,18609365.0
2017-12-29,10.28,9918.1296,26678928.0
2018-01-02,10.98,10593.4887,44146332.0
2018-01-03,11.55,11143.4239,154066661.0
2018-01-04,12.12,11693.3591,109502970.0
2018-01-05,11.88,11461.8074,63808946.0
2018-01-08,12.28,11847.7268,63346034.0
2018-01-09,11.82,11403.9195,62560940.0
2018-01-10,11.96,11538.9913,52561170.0
2018-01-11,12.14,11712.655,38354916.0
2018-01-12,12.02,11596.8792,47149344.0
2018-01-16,11.91,11490.7514,42686623.0
2018-01-17,12.18,11751.247,39020825.0
2018-01-18,12.47,12031.0386,62086151.0
2018-01-19,12.59,12146.8144,46800669.0
2018-01-22,12.65,12204.7023,34758615.0
2018-01-23,12.94,12484.4939,46417226.0
2018-01-24,12.71,12262.5902,41956439.0
2018-01-25,12.41,11973.1507,42966567.0
2018-01-26,12.95,12494.1419,44238971.0
2018-01-29,13.32,12851.1174,66645418.0
2018-01-30,12.87,12416.958,91236383.0
2018-01-31,13.74,13256.3328,140977843.0
2018-02-01,13.25,12783.5815,67543333.0
2018-02-02,12.45,12011.7426,79432558.0
2018-02-05,11.57,11162.7198,116568862.0
2018-02-06,11.65,11239.9037,87123202.0
2018-02-07,11.6,11191.6638,55758364.0
2018-02-08,11.22,10825.0403,56471761.0
2018-02-09,11.31,10911.8722,85458235.0
2018-02-12,11.68,11268.8477,63160875.0
2018-02-13,11.78,11365.3275,33661383.0
2018-02-14,12.2,11770.543,51756817.0
2018-02-15,12.19,11760.895,59593761.0
2018-02-16,11.82,11403.9195,47332348.0
2018-02-20,12.02,11596.8792,47096492.0
2018-02-21,11.72,11307.4396,40195847.0
2018-02-22,11.84,11423.2155,37886263.0
2018-02-23,12.07,11645.1191,33317579.0
2018-02-26,12.42,11982.7986,42265208.0
2018-02-27,12.53,12142.9507,55975268.0
2018-02-28,12.11,11735.9244,43387460.0
2018-03-01,11.9,11532.4113,63207377.0
2018-03-02,11.81,11445.1914,58123518.0
2018-03-05,11.91,11542.1024,43734836.0
2018-03-06,11.76,11396.9892,46751179.0
2018-03-07,12.24,11862.1725,127603194.0
2018-03-08,11.97,11600.5069,76011217.0
2018-03-09,11.7,11338.8413,89674365.0
2018-03-12,11.52,11164.3976,83748671.0
2018-03-13,11.64,11280.6934,174302560.0
2018-03-14,11.36,11009.3365,80540846.0
2018-03-15,11.46,11106.2497,66373911.0
2018-03-16,11.47,11115.941,37590983.0
2018-03-19,11.43,11077.1758,53308617.0
2018-03-20,11.11,10767.0536,65116930.0
2018-03-21,11.26,10912.4234,44691711.0
2018-03-22,10.91,10573.2273,59944232.0
2018-03-23,10.63,10301.8704,54844461.0
2018-03-26,10.44,10117.7353,75878505.0
2018-03-27,10.0,9691.3174,68551265.0
2018-03-28,9.81,9507.1823,64832148.0
2018-03-29,10.05,9739.774,48681415.0
2018-04-02,9.53,9235.8255,64824596.0
2018-04-03,9.55,9255.2081,54891576.0
2018-04-04,9.77,9468.4171,67356888.0
2018-04-05,10.02,9710.7,65758791.0
2018-04-06,9.61,9313.356,51087146.0
2018-04-09,9.53,9235.8255,38382608.0
2018-04-10,9.98,9671.9347,43036502.0
2018-04-11,9.82,9516.8737,29169324.0
2018-04-12,10.08,9768.8479,47784419.0
2018-04-13,9.93,9623.4782,38935658.0
2018-04-16,10.09,9778.5392,28875069.0
2018-04-17,10.52,10195.2659,45360314.0
2018-04-18,10.36,10040.2048,42449590.0
2018-04-19,10.11,9797.9219,57841640.0
2018-04-20,9.99,9681.6261,39011902.0
2018-04-23,10.04,9730.0826,42971272.0
2018-04-24,10.09,9778.5392,44992223.0
2018-04-25,9.71,9410.2692,90577981.0
2018-04-26,11.04,10699.2144,145284090.0
2018-04-27,11.11,10767.0536,74347782.0
2018-04-30,10.88,10544.1533,50608764.0
2018-05-01,11.13,10786.4362,43441602.0
2018-05-02,10.97,10631.3752,29267302.0
2018-05-03,10.93,10594.9298,33310596.0
2018-05-04,11.28,10934.2002,47884940.0
2018-05-07,11.59,11234.6968,54001692.0
2018-05-08,11.61,11254.0837,35218414.0
2018-05-09,11.95,11583.6607,49605743.0
2018-05-10,12.13,11758.1426,49744484.0
2018-05-11,11.95,11583.6607,43863746.0
2018-05-14,12.23,11855.077,50263792.0
2018-05-15,12.45,12068.3327,44183179.0
2018-05-16,12.82,12426.9899,73363996.0
2018-05-17,12.82,12426.9899,38692510.0
2018-05-18,13.0,12601.4718,54063411.0
2018-05-21,12.99,12591.7784,49714221.0
2018-05-22,12.98,12582.085,43267033.0
2018-05-23,13.1,12698.4062,44517762.0
2018-05-24,13.41,12998.9029,47785726.0
2018-05-25,13.54,13124.9176,43850067.0
2018-05-29,13.36,12950.4357,39578498.0
2018-05-30,13.82,13396.3339,58186435.0
2018-05-31,13.73,13309.093,46797677.0
2018-06-01,14.4,13958.5534,71677869.0
2018-06-04,14.85,14394.7582,74545986.0
2018-06-05,14.85,14394.7582,56122654.0
2018-06-06,15.67,15189.6203,97089040.0
2018-06-07,14.89,14433.532,99860297.0
2018-06-08,15.25,14782.4958,81930486.0
2018-06-11,15.73,15247.7809,80737640.0
2018-06-12,15.85,15364.1022,67002592.0
2018-06-13,16.32,15819.6939,90227322.0
2018-06-14,16.25,15751.8398,113048551.0
2018-06-15,16.34,15839.0808,77612174.0
2018-06-18,17.11,16585.4756,104317396.0
2018-06-19,16.69,16178.3512,92542859.0
2018-06-20,16.52,16013.5627,76280646.0
2018-06-21,15.65,15170.2334,95638369.0
2018-06-22,15.8,15315.635,59257099.0
2018-06-25,15.11,14646.7877,94418420.0
2018-06-26,15.5,15024.8318,54213466.0
2018-06-27,14.97,14511.0795,56014335.0
2018-06-28,15.31,14840.6565,48716794.0
2018-06-29,14.99,14530.4664,41527791.0
2018-07-02,15.16,14695.2549,43398768.0
2018-07-03,15.0,14540.1598,32094031.0
2018-07-05,15.5,15024.8318,40703271.0
2018-07-06,16.36,15858.4676,65101672.0
2018-07-09,16.61,16100.8036,58525542.0
2018-07-10,16.55,16042.643,37092975.0
2018-07-11,16.27,15771.2267,42544103.0
2018-07-12,16.56,16052.3364,44188137.0
2018-07-13,16.27,15771.2267,40698475.0
2018-07-16,16.58,16071.7233,65275291.0
2018-07-17,16.87,16352.8331,42313518.0
2018-07-18,16.85,16333.4462,40881493.0
2018-07-19,16.71,16197.738,41267829.0
2018-07-20,16.5,15994.1758,42906009.0
2018-07-23,16.66,16149.2708,44940819.0
2018-07-24,16.19,15693.6792,58201458.0
2018-07-25,16.05,15557.971,83639684.0
2018-07-26,18.35,17787.4622,192661124.0
2018-07-27,18.94,18359.3751,161903789.0
2018-07-30,19.42,18824.6602,160823407.0
2018-07-31,18.33,17768.0753,118403405.0
2018-08-01,18.48,17913.4769,75495240.0
2018-08-02,18.79,18317.8449,52867121.0
2018-08-03,18.49,18025.3833,53232065.0
2018-08-06,19.43,18941.763,83579668.0
2018-08-07,19.56,19068.4963,72822590.0
2018-08-08,19.58,19087.9938,52081364.0
2018-08-09,19.1,18620.0552,46653358.0
2018-08-10,19.06,18581.0603,65821056.0
2018-08-13,19.73,19234.2246,81411331.0
2018-08-14,20.02,19516.9374,89195509.0
2018-08-15,19.7,19204.9784,86355654.0
2018-08-16,19.33,18844.2758,69733708.0
2018-08-17,19.77,19273.2194,60616638.0
2018-08-20,19.98,19477.9426,62983236.0
2018-08-21,20.4,19887.3888,55628983.0
2018-08-22,20.9,20374.8248,62002721.0
2018-08-23,22.29,21729.8969,113444117.0
2018-08-24,23.98,23377.4306,164328182.0
2018-08-27,25.26,24625.2667,325058416.0
2018-08-28,25.05,24420.5436,215771220.0
2018-08-29,25.2,24566.7744,143223187.0
2018-08-30,24.89,24264.5641,103607291.0
2018-08-31,25.17,24537.5282,65206352.0
2018-09-04,28.06,27354.9083,192541253.0
2018-09-05,28.51,27793.6007,257349007.0
2018-09-06,27.84,27140.4365,143942935.0
2018-09-07,27.38,26691.9954,123348744.0
2018-09-10,29.89,29138.9241,162253798.0
2018-09-11,30.1,29343.6472,159902483.0
2018-09-12,32.21,31400.6271,197889598.0
2018-09-13,30.48,29714.0986,304147108.0
2018-09-14,32.72,31897.8118,217762820.0
2018-09-17,32.43,31615.1122,180410560.0
2018-09-18,31.93,31127.676,176673169.0
2018-09-19,31.21,30425.7679,124287022.0
2018-09-20,31.18,30396.5217,123116549.0
2018-09-21,31.02,30240.5421,129792949.0
2018-09-24,32.61,31790.5893,118332614.0
2018-09-25,32.57,31751.5944,118570163.0
2018-09-26,32.19,31381.1428,79347320.0
2018-09-27,32.59,31771.0918,87934428.0
2018-09-28,30.89,30113.8087,165453485.0
2018-10-01,31.42,30630.4911,94742859.0
2018-10-02,29.02,28290.7973,145276455.0
2018-10-03,28.43,27715.6226,190137198.0
2018-10-04,27.78,27081.9555,95831156.0
2018-10-05,27.35,26662.7604,88008487.0
2018-10-08,26.46,25795.1239,103789499.0
2018-10-09,27.24,26555.5244,105461756.0
2018-10-10,25.0,24371.8102,147682923.0
2018-10-11,25.3,24664.2719,147013774.0
2018-10-12,26.34,25678.1393,111059406.0
2018-10-15,26.26,25600.1495,70523486.0
2018-10-16,28.18,27471.9045,92528973.0
2018-10-17,27.3,26614.0168,89466946.0
2018-10-18,26.62,25951.1035,79623723.0
2018-10-19,23.66,23065.4812,130799866.0
2018-10-22,25.03,24401.0564,114158919.0
2018-10-23,25.09,24459.5487,101763018.0
2018-10-24,22.79,22217.3422,134489106.0
2018-10-25,19.27,18785.7913,189173672.0
2018-10-26,17.63,17187.0006,119688961.0
2018-10-29,16.85,16426.6001,94479590.0
2018-10-30,17.2,16767.8054,99049408.0
2018-10-31,18.21,18199.2054,110463663.0
2018-11-01,20.22,20208.0139,136896463.0
2018-11-02,20.23,20218.008,123787953.0
2018-11-05,19.9,19888.2036,108016703.0
2018-11-06,20.68,20667.7412,144995728.0
2018-11-07,21.84,21827.0536,121115776.0
2018-11-08,21.2,21187.433,92387565.0
2018-11-09,21.03,21017.5338,85900699.0
2018-11-12,19.03,19018.7193,95948176.0
2018-11-13,19.61,19598.3755,76125994.0
2018-11-14,20.81,20797.6642,106344252.0
2018-11-15,21.49,21477.2611,97715488.0
2018-11-16,20.66,20647.7531,112376589.0
2018-11-19,19.11,19098.6719,93578236.0
2018-11-20,19.21,19198.6126,109869425.0
2018-11-21,18.73,18718.8972,81585649.0
2018-11-23,19.38,19368.5118,54611295.0
2018-11-26,20.08,20068.0969,83210988.0
2018-11-27,21.05,21037.5219,119230147.0
2018-11-28,21.34,21327.35,134425292.0
2018-11-29,21.43,21417.2966,79853746.0
2018-11-30,21.3,21287.3737,82370737.0
2018-12-03,23.71,23695.9451,139605406.0
2018-12-04,21.12,21107.4804,127392924.0
2018-12-06,21.3,21287.3737,103434674.0
2018-12-07,19.46,19448.4644,105764534.0
2018-12-10,19.99,19978.1502,77984520.0
2018-12-11,19.98,19968.1562,88027392.0
2018-12-12,20.48,20467.8598,100340657.0
2018-12-13,19.86,19848.2273,88108070.0
2018-12-14,19.9,19888.2036,84713551.0
2018-12-17,18.83,18818.8379,115437927.0
2018-12-18,19.5,19488.4407,101512938.0
2018-12-19,18.16,18149.235,120644490.0
2018-12-20,17.94,17929.3655,119394487.0
2018-12-21,16.93,16919.9642,132245996.0
2018-12-24,16.65,16640.1301,62933126.0
2018-12-26,17.9,17889.3892,108811809.0
2018-12-27,17.49,17479.6322,111373008.0
2018-12-28,17.82,17809.4366,109214352.0
2018-12-31,18.46,18449.0572,84732181.0
2019-01-02,18.83,18818.8379,87148693.0
2019-01-03,17.05,17039.893,117277563.0
2019-01-04,19.0,18988.7371,111878582.0
2019-01-07,20.57,20557.8064,107157014.0
2019-01-08,20.75,20737.6997,121270986.0
2019-01-09,20.19,20178.0317,163944073.0
2019-01-10,19.74,19728.2984,115629372.0
2019-01-11,20.27,20257.9843,85110766.0
2019-01-14,20.23,20218.008,71350248.0
2019-01-15,20.38,20367.9191,62785800.0
2019-01-16,19.73,19718.3044,70849266.0
2019-01-17,20.25,20237.9961,85018421.0
2019-01-18,20.77,20757.6879,88130950.0
2019-01-22,19.76,19748.2866,78513667.0
2019-01-23,19.8,19788.2629,77811255.0
2019-01-24,20.85,20837.6405,97433423.0
2019-01-25,21.93,21917.0002,110555157.0
2019-01-28,20.18,20168.0376,135164064.0
2019-01-29,19.25,19238.5889,131202535.0
2019-01-30,23.09,23076.3126,211421150.0
2019-01-31,24.41,24395.5301,182575629.0
2019-02-01,24.51,24495.4709,105356175.0
2019-02-04,24.13,24115.6961,70843958.0
2019-02-05,23.31,23296.1822,122226034.0
2019-02-06,23.26,23246.2118,78684325.0
2019-02-07,22.67,22656.5616,86723886.0
2019-02-08,23.05,23172.1392,78129280.0
2019-02-11,22.96,23081.6623,60578705.0
2019-02-12,22.82,22940.9205,67595405.0
2019-02-13,22.85,22971.0795,57544167.0
2019-02-14,23.13,23252.5631,64441243.0
2019-02-15,23.68,23805.4775,78644109.0
2019-02-19,23.95,24076.9082,57517907.0
2019-02-20,23.95,24076.9082,57091617.0
2019-02-21,23.92,24046.7493,49608176.0
2019-02-22,24.36,24489.0808,52650728.0
2019-02-25,24.71,24840.9354,63221028.0
2019-02-26,24.21,24338.2859,48470089.0
2019-02-27,23.48,23604.4177,62649329.0
2019-02-28,23.53,23654.6827,39384901.0
2019-03-01,23.68,23805.4775,48083975.0
2019-03-04,23.37,23493.8349,48147714.0
2019-03-05,23.5,23624.5237,35462587.0
2019-03-06,22.41,22528.7479,60479430.0
2019-03-07,22.08,22196.9993,52186289.0
2019-03-08,22.01,22126.6284,49967725.0
2019-03-11,22.96,23081.6623,54420188.0
2019-03-12,23.49,23614.4707,56410616.0
2019-03-13,23.38,23503.8879,56705777.0
2019-03-14,22.82,22940.9205,42818582.0
2019-03-15,23.29,23413.411,46519912.0
2019-03-18,23.25,23373.199,34731839.0
2019-03-19,26.0,26137.7709,156052222.0
2019-03-20,25.7,25836.1813,151292138.0
2019-03-21,27.89,30164.8122,129610272.0
2019-03-22,26.37,28520.8354,115323257.0
2019-03-25,25.97,28088.2099,78438159.0
2019-03-26,25.69,27785.372,75754079.0
2019-03-27,24.89,26920.1211,88585265.0
2019-03-28,25.06,27103.9869,64667453.0
2019-03-29,25.52,27601.5062,53502807.0
2019-04-01,26.36,28510.0197,63000322.0
2019-04-02,26.75,28931.8296,53358772.0
2019-04-03,29.02,31386.9792,197650478.0
2019-04-04,29.09,31462.6887,82191092.0
2019-04-05,28.98,31343.7167,65662738.0
2019-04-08,28.53,30857.013,58002493.0
2019-04-09,27.24,29461.7958,75539793.0
2019-04-10,27.83,30099.9184,64368144.0
2019-04-11,27.79,30056.6559,44801179.0
2019-04-12,27.85,30121.5497,41048838.0
2019-04-15,27.33,29559.1365,40812497.0
2019-04-16,27.93,30208.0748,47340055.0
2019-04-17,27.49,29732.1867,48240768.0
2019-04-18,27.68,29937.6839,39880890.0
2019-04-22,28.18,30478.4657,36477286.0
2019-04-23,27.97,30251.3373,41777470.0
2019-04-24,28.46,30781.3036,51784738.0
2019-04-25,27.66,29916.0526,57329711.0
2019-04-26,27.88,30153.9966,48827903.0
2019-04-29,27.69,29948.4995,44532725.0
2019-04-30,27.63,29883.6057,73165869.0
2019-05-01,26.81,28997.7154,136066941.0
2019-05-02,28.29,30598.4845,100514792.0
2019-05-03,28.22,30522.7724,55503062.0
2019-05-06,27.42,29657.4918,70344092.0
2019-05-07,26.66,28835.4753,75868821.0
2019-05-08,27.09,29300.5636,65967544.0
2019-05-09,27.21,29430.3557,73150883.0
2019-05-10,27.96,30241.5562,82930144.0
2019-05-13,26.24,28381.203,99017893.0
2019-05-14,27.32,29549.3318,82980397.0
2019-05-15,27.58,29830.5479,55689874.0
2019-05-16,28.01,30295.6363,67330064.0
2019-05-17,27.5,29744.0199,65385351.0
2019-05-20,26.68,28857.1073,69757402.0
2019-05-21,27.35,29581.7798,46079177.0
2019-05-22,27.41,29646.6758,40035288.0
2019-05-23,26.36,28510.9951,67809153.0
2019-05-24,26.44,28597.5231,39835788.0
2019-05-28,29.03,31398.869,146949629.0
2019-05-29,28.09,30382.1643,99969597.0
2019-05-30,28.03,30317.2683,65289093.0
2019-05-31,27.41,29646.6758,68667809.0
2019-06-03,27.58,29830.5479,147532180.0
2019-06-04,29.57,31982.9334,107549523.0
2019-06-05,29.5,31907.2213,79481540.0
2019-06-06,31.82,34416.535,131267796.0
2019-06-07,32.41,35054.6794,86841098.0
2019-06-10,33.23,35941.592,97668791.0
2019-06-11,32.41,35054.6794,82834914.0
2019-06-12,32.18,34805.9113,56298671.0
2019-06-13,31.39,33951.4467,63555986.0
2019-06-14,30.36,32837.398,70373015.0
2019-06-17,29.2,31582.7411,70865743.0
2019-06-18,30.45,32934.742,86444542.0
2019-06-19,30.5,32988.8221,63233939.0
2019-06-20,30.01,32458.8377,72418162.0
2019-06-21,29.1,31474.581,81861322.0
2019-06-24,29.26,31647.6372,55724826.0
2019-06-25,28.86,31214.9969,53680887.0
2019-06-26,29.92,32361.4936,65064199.0
2019-06-27,30.74,33248.4062,55623309.0
2019-06-28,30.37,32848.214,50090925.0
2019-07-01,31.2,33745.9426,60557980.0
2019-07-02,31.24,33789.2066,37721679.0
2019-07-03,31.19,33735.1266,23462004.0
2019-07-05,31.5,34070.4228,34011867.0
2019-07-08,32.04,34654.4872,49689399.0
2019-07-09,33.15,35855.064,61419773.0
2019-07-10,33.79,36547.2884,60388439.0
2019-07-11,33.06,35757.7199,63081800.0
2019-07-12,33.21,35919.96,51509682.0
2019-07-15,34.39,37196.2489,65565248.0
2019-07-16,33.85,36612.1845,66912699.0
2019-07-17,33.6,36341.7843,42557903.0
2019-07-18,33.0,35692.8239,58610857.0
2019-07-19,32.51,35162.8395,44617702.0
2019-07-22,32.85,35530.5838,37777312.0
2019-07-23,33.49,36222.8082,38532460.0
2019-07-24,34.11,36893.4007,41952256.0
2019-07-25,33.67,36417.4963,36705616.0
2019-07-26,34.02,36796.0566,43502776.0
2019-07-29,33.48,36211.9922,45921978.0
2019-07-30,33.87,36633.8165,72198880.0
2019-07-31,30.45,32934.742,119190001.0
2019-08-01,29.86,32414.4143,80878890.0
2019-08-02,29.44,31958.4848,60410852.0
2019-08-05,27.99,30384.4426,74333240.0
2019-08-06,28.86,31328.8679,60578444.0
2019-08-07,29.19,31687.0982,58577543.0
2019-08-08,33.92,36821.7325,167278810.0
2019-08-09,34.19,37114.83,132483947.0
2019-08-12,32.43,35204.2684,106936040.0
2019-08-13,32.11,34856.8936,102579321.0
2019-08-14,30.24,32826.9219,127521456.0
2019-08-15,29.67,32208.1605,72606817.0
2019-08-16,31.18,33847.3355,71588978.0
2019-08-19,31.48,34172.9994,67781613.0
2019-08-20,30.72,33347.9841,48016381.0
2019-08-21,31.7,34411.8196,41635046.0
2019-08-22,31.9,34628.9289,47742174.0
2019-08-23,29.54,32067.0394,83931683.0
2019-08-26,30.28,32870.3438,50858859.0
2019-08-27,30.2,32783.5,53351711.0
2019-08-28,30.78,33413.1169,55896445.0
2019-08-29,31.45,34140.433,44485479.0
2019-08-30,31.45,34140.433,40347321.0
2019-09-03,30.9,33543.3825,38080254.0
2019-09-04,30.95,33597.6598,46709780.0
2019-09-05,31.5,34194.7103,57932080.0
2019-09-06,30.56,33174.2967,51672982.0
2019-09-09,30.5,33109.1639,54413163.0
2019-09-10,30.23,32816.0664,48604766.0
2019-09-11,29.76,32305.8596,50631683.0
2019-09-12,30.21,32794.3555,53618344.0
2019-09-13,30.69,33315.4178,47758753.0
2019-09-16,30.83,33467.3942,52248540.0
2019-09-17,30.99,33641.0817,35125750.0
2019-09-18,30.42,33022.3202,47277309.0
2019-09-19,30.29,32881.1992,41930831.0
2019-09-20,30.05,32620.6681,83555555.0
2019-09-23,30.64,33261.1404,45185837.0
2019-09-24,29.52,32045.3285,73220942.0
2019-09-25,29.54,32067.0394,58691579.0
2019-09-26,29.47,31991.0512,41182228.0
2019-09-27,28.72,31176.8914,54144672.0
2019-09-30,28.99,31469.9889,40332052.0
2019-10-01,28.76,31220.3133,37366072.0
2019-10-02,28.31,30731.8174,44048752.0
2019-10-03,28.68,31133.4696,56905408.0
2019-10-04,29.01,31491.6999,34609211.0
2019-10-07,28.93,31404.8562,39745268.0
2019-10-08,28.23,30644.9737,44432078.0
2019-10-09,28.46,30894.6494,36321583.0
2019-10-10,28.38,30807.8057,41171995.0
2019-10-11,29.75,32295.0042,66632445.0
2019-10-14,30.53,33141.7303,44818233.0
2019-10-15,30.72,33347.9841,42142385.0
2019-10-16,30.81,33445.6833,43064255.0
2019-10-17,31.14,33803.9136,37010205.0
2019-10-18,30.97,33619.3707,39711244.0
2019-10-21,32.03,34770.0499,52648067.0
2019-10-22,31.51,34205.5658,36860307.0
2019-10-23,31.36,34042.7338,26858110.0
2019-10-24,31.72,34433.5305,28448977.0
2019-10-25,32.71,35508.2214,45368837.0
2019-10-28,33.69,36572.0568,51223609.0
2019-10-29,33.03,35855.5962,78700076.0
2019-10-30,33.13,36894.48,78228769.0
2019-10-31,33.93,37785.382,67881623.0
2019-11-01,34.89,38854.4645,64238609.0
2019-11-04,36.29,40413.543,83343783.0
2019-11-05,36.15,40257.6351,84848638.0
2019-11-06,35.93,40012.6371,51675119.0
2019-11-07,36.28,40402.4067,54350178.0
2019-11-08,36.29,40413.543,39396230.0
2019-11-11,36.31,40435.8155,43572264.0
2019-11-12,36.71,40881.2666,58664523.0
2019-11-13,37.52,41783.3049,69178093.0
2019-11-14,38.35,42707.6157,65936947.0
2019-11-15,38.56,42941.4775,63020866.0
2019-11-18,39.88,44411.4658,66332767.0
2019-11-19,41.29,45981.6806,94600235.0
2019-11-20,40.98,45636.4561,79968318.0
2019-11-21,39.52,44010.5599,88069355.0
2019-11-22,39.15,43598.5177,56931883.0
2019-11-25,39.79,44311.2393,45879404.0
2019-11-26,38.99,43420.3373,43764146.0
2019-11-27,39.41,43888.0609,33733792.0
2019-11-29,39.15,43598.5177,17609932.0
2019-12-02,38.73,43130.7942,37942678.0
2019-12-03,38.9,43320.1108,52991201.0
2019-12-04,39.69,44199.8766,44372195.0
2019-12-05,39.62,44121.9227,35710943.0
2019-12-06,39.63,44133.0589,31150377.0
2019-12-09,38.93,43353.5197,28035391.0
2019-12-10,39.44,43921.4697,33863025.0
2019-12-11,39.47,43954.8785,31794689.0
2019-12-12,42.59,47429.3964,87398169.0
2019-12-13,41.15,45825.7728,79985411.0
2019-12-16,42.35,47162.1258,58890776.0
2019-12-17,42.77,47629.8494,44935574.0
2019-12-18,42.3,47106.4444,39182983.0
2019-12-19,42.83,47696.667,45950709.0
2019-12-20,44.15,49166.6554,68216726.0
2019-12-23,45.46,50625.5074,56065288.0
2019-12-24,46.54,51828.2252,44432192.0
2019-12-26,46.63,51928.4516,57712693.0
2019-12-27,46.18,51427.3192,36624234.0
2019-12-30,45.52,50692.3251,41235735.0
2019-12-31,45.86,51070.9584,31791204.0
2020-01-02,49.1,54679.1116,80764599.0
2020-01-03,48.6,54122.2979,73362157.0
2020-01-06,48.39,53888.4361,48176286.0
2020-01-07,48.25,53732.5282,59935556.0
2020-01-08,47.83,53264.8047,53868957.0
2020-01-09,48.97,54534.34,76649637.0
2020-01-10,48.165,53637.8699,44215594.0
2020-01-13,48.745,54283.7739,34474728.0
2020-01-14,48.21,53687.9831,38694180.0
2020-01-15,48.545,54061.0483,40199943.0
2020-01-16,49.77,55425.2421,58898926.0
2020-01-17,50.93,56717.05,57722501.0
2020-01-21,51.05,56850.6853,49094965.0
2020-01-22,51.43,57273.8638,40772219.0
2020-01-23,51.71,57585.6795,40135442.0
2020-01-24,50.35,56071.146,80004909.0
2020-01-27,49.26,54857.292,48878578.0
2020-01-28,50.53,56271.599,62343844.0
2020-01-29,47.51,52908.4439,112559197.0
2020-01-30,48.78,54322.7508,70460163.0
2020-01-31,47.0,52340.4938,60322431.0
2020-02-03,48.02,53476.3939,47076956.0
2020-02-04,49.45,57839.763,46302078.0
2020-02-05,49.84,58295.931,42737104.0
2020-02-06,49.32,57687.707,48670617.0
2020-02-07,49.73,58167.2682,53107582.0
2020-02-10,52.26,61126.5119,60971719.0
2020-02-11,53.8,62927.7906,74719054.0
2020-02-12,53.89,63033.0602,45994933.0
2020-02-13,54.53,63781.6436,51640035.0
2020-02-14,55.31,64693.9796,52365370.0
2020-02-18,56.89,66542.0448,70346387.0
2020-02-19,58.9,68893.0645,58597294.0
2020-02-20,57.27,66986.5162,74203373.0
2020-02-21,53.28,62319.5666,88553374.0
2020-02-24,49.12,57453.7746,86624116.0
2020-02-25,47.57,55640.7993,88699382.0
2020-02-26,47.49,55547.2263,86897680.0
2020-02-27,44.01,51476.8042,106416222.0
2020-02-28,45.48,53196.2067,100667707.0
2020-03-02,47.46,55512.1365,102324726.0
2020-03-03,46.75,54681.6768,141972288.0
2020-03-04,50.11,58611.7396,93311779.0
2020-03-05,48.11,56272.4165,98302748.0
2020-03-06,48.59,56833.854,124590861.0
2020-03-09,43.27,50611.2547,80859774.0
2020-03-10,45.38,53079.2405,76228247.0
2020-03-11,45.7,53453.5322,102319010.0
2020-03-12,39.01,45628.4965,107461521.0
2020-03-13,43.9,51348.1414,86689681.0
2020-03-16,38.71,45277.5981,84545868.0
2020-03-17,41.88,48985.4251,92741881.0
2020-03-18,39.12,45757.1593,106949287.0
2020-03-19,39.82,46575.9224,88939024.0
2020-03-20,39.61,46330.2934,106859502.0
2020-03-23,41.64,48704.7064,101704663.0
2020-03-24,46.22,54061.7562,106794151.0
2020-03-25,44.63,52201.9944,93760389.0
2020-03-26,47.5,55558.923,73915608.0
2020-03-27,46.58,54482.8343,74599218.0
2020-03-30,47.86,56036.9909,68486602.0
2020-03-31,45.48,53250.3625,83483749.0
2020-04-01,43.66,51119.4113,92083081.0
2020-04-02,44.49,52091.2187,79024133.0
2020-04-03,42.59,49866.5993,79334966.0
2020-04-06,47.52,55638.9012,82293964.0
2020-04-07,47.56,55685.7352,102098689.0
2020-04-08,48.79,57125.8836,64930779.0
2020-04-09,48.38,56645.8341,80357393.0
2020-04-13,50.94,59643.216,64290112.0
2020-04-14,54.93,64314.9167,85306750.0
2020-04-15,54.99,64385.1678,83814033.0
2020-04-16,56.95,66680.0383,103106456.0
2020-04-17,56.6,66270.24,76908783.0
2020-04-20,56.97,66703.4554,72367258.0
2020-04-21,52.92,61961.5036,123906390.0
2020-04-22,55.92,65474.0604,63164076.0
2020-04-23,55.9,65450.6434,69662688.0
2020-04-24,56.18,65778.482,72854752.0
2020-04-27,56.49,66141.4463,62568062.0
2020-04-28,55.51,64994.011,80501820.0
2020-04-29,53.66,62846.0767,110800859.0
2020-04-30,52.39,61358.6649,65543944.0
2020-05-01,49.88,58418.977,69562656.0
2020-05-04,52.56,61557.7673,62590577.0
2020-05-05,52.19,61124.4268,56560532.0
2020-05-06,52.16,61089.2911,48138123.0
2020-05-07,51.95,60843.3411,48956641.0
2020-05-08,53.19,62295.6172,40774186.0
2020-05-11,55.74,65282.1527,68746373.0
2020-05-12,53.76,62963.1957,55631098.0
2020-05-13,52.18,61112.7149,76824714.0
2020-05-14,54.51,63841.5885,73813999.0
2020-05-15,54.2,63478.5195,66950863.0
2020-05-18,54.59,63935.2838,48679061.0
2020-05-19,55.47,64965.9313,60388543.0
2020-05-20,56.39,66043.4265,50888191.0
2020-05-21,54.65,64005.5552,48496114.0
2020-05-22,55.17,64614.5742,43524110.0
2020-05-26,53.19,62295.6172,51618865.0
2020-05-27,52.74,61768.5815,102414487.0
2020-05-28,51.74,60597.3911,53754227.0
2020-05-29,53.8,63010.0434,64948312.0
2020-06-01,53.63,62810.941,36949860.0
2020-06-02,53.54,62705.5339,42855210.0
2020-06-03,52.73,61756.8696,46765332.0
2020-06-04,52.63,61639.7506,44869090.0
2020-06-05,53.1,62190.2101,53908273.0
2020-06-08,52.97,62037.9553,39681749.0
2020-06-09,56.39,66043.4265,79919140.0
2020-06-10,57.44,67273.1764,78719416.0
2020-06-11,52.83,61873.9887,78715402.0
2020-06-12,53.5,62658.6862,71189070.0
2020-06-15,54.68,64040.6909,56740683.0
2020-06-16,54.46,63783.029,50949745.0
2020-06-17,54.55,63888.4362,45146545.0
2020-06-18,54.04,63291.1291,40354724.0
2020-06-19,54.23,63513.6552,52801461.0
2020-06-22,54.76,64134.3861,44704781.0
2020-06-23,53.99,63232.5695,48089011.0
2020-06-24,52.39,61358.6649,53535548.0
2020-06-25,51.93,60819.9173,51129614.0
2020-06-26,50.1,58676.6389,65485729.0
2020-06-29,50.28,58887.4532,49905813.0
2020-06-30,52.61,61616.3268,42275739.0
2020-07-01,52.58,61581.1911,32370945.0
2020-07-02,52.34,61300.1054,29081425.0
2020-07-06,53.4,62541.5672,36769425.0
2020-07-07,52.93,61991.1077,32153094.0
2020-07-08,53.43,62576.7029,35608338.0
2020-07-09,57.255,67056.5062,87216264.0
2020-07-10,55.88,65446.1194,59839688.0
2020-07-13,53.59,62764.0934,57741821.0
2020-07-14,54.72,64087.5385,54890110.0
2020-07-15,55.34,64813.6766,42360279.0
2020-07-16,54.92,64321.7766,36887082.0
2020-07-17,55.04,64462.3195,34710407.0
2020-07-20,57.46,67296.6002,45034250.0
2020-07-21,57.0,66757.8526,44800687.0
2020-07-22,61.79,72367.8546,135159420.0
2020-07-23,59.57,69767.8119,106829109.0
2020-07-24,69.4,81280.6136,205314531.0
2020-07-27,68.97,80777.0017,107918075.0
2020-07-28,67.61,79184.1827,94181374.0
2020-07-29,76.09,89333.9753,132969679.0
2020-07-30,78.2,91811.235,80286888.0
2020-07-31,77.43,90907.2113,71699667.0
2020-08-03,77.67,91188.9849,42628817.0
2020-08-04,85.04,99841.7829,155676106.0
2020-08-05,85.31,100158.7782,65737306.0
2020-08-06,86.71,101802.4576,53961739.0
2020-08-07,84.85,99618.7121,66543157.0
2020-08-10,82.24,96554.4241,70536143.0
2020-08-11,76.88,90261.4801,77877661.0
2020-08-12,82.61,96988.8251,88607829.0
2020-08-13,81.84,96084.8014,57407355.0
2020-08-14,81.3,95450.8108,42389477.0
2020-08-17,82.42,96765.7543,31450155.0
2020-08-18,81.66,95873.4712,30970483.0
2020-08-19,81.09,95204.2589,37507391.0
2020-08-20,82.77,97176.6741,42948860.0
2020-08-21,83.81,98397.6931,48280318.0
2020-08-24,83.08,97540.6317,38036068.0
2020-08-25,86.35,101379.7972,49234399.0
2020-08-26,86.02,100992.3585,47157273.0
2020-08-27,83.8,98385.9525,42194222.0
2020-08-28,85.55,100440.5518,40723268.0
2020-08-31,90.82,106627.8307,90655945.0
2020-09-01,92.18,108224.5478,56117100.0
2020-09-02,90.22,105923.3966,50366918.0
2020-09-03,82.54,96906.6411,87462687.0
2020-09-04,82.01,96284.391,82267760.0
2020-09-08,78.69,92386.5227,54955672.0
2020-09-09,81.91,96166.9854,54163878.0
2020-09-10,78.98,92726.9992,51499396.0
2020-09-11,76.34,89627.4895,54762990.0
2020-09-14,77.9,91459.0179,47448681.0
2020-09-15,78.93,92668.2964,57874428.0
2020-09-16,76.66,90003.1876,38445668.0
2020-09-17,76.55,89874.0414,55619100.0
2020-09-18,74.93,87972.0695,51082857.0
2020-09-21,77.94,91505.9802,61311970.0
2020-09-22,77.7,91224.2066,56044742.0
2020-09-23,74.73,87737.2582,42327514.0
2020-09-24,75.82,89016.98,57540926.0
2020-09-25,78.055,91640.9967,48206242.0
2020-09-28,79.48,93314.0275,48005488.0
2020-09-29,81.77,96002.6174,61633672.0
2020-09-30,81.99,96260.9099,51533664.0
2020-10-01,84.86,99630.4527,52177123.0
2020-10-02,81.8,96037.8391,52855053.0
2020-10-05,86.15,101144.9858,47056522.0
2020-10-06,84.48,99184.3111,52725432.0
2020-10-07,86.69,101778.9764,43045723.0
2020-10-08,86.51,101567.6462,54240704.0
2020-10-09,83.1,97564.1129,80354389.0
2020-10-12,84.29,98961.2403,47669699.0
2020-10-13,85.28,100123.5565,42764096.0
2020-10-14,84.21,98867.3158,40446735.0
2020-10-15,83.13,97599.3346,33696414.0
2020-10-16,83.17,97646.2968,31474294.0
2020-10-19,82.0,96272.6505,36689114.0
2020-10-20,81.56,95756.0655,38219415.0
2020-10-21,79.2,92985.2917,36426409.0
2020-10-22,79.42,93243.5841,38006798.0
2020-10-23,81.96,96225.6882,46557675.0
2020-10-26,82.23,96542.6835,69423675.0
2020-10-27,78.88,94797.2241,156669494.0
2020-10-28,76.4,91887.1691,76529910.0
2020-10-29,78.02,93835.562,52784087.0
2020-10-30,75.29,90552.1592,51426174.0
2020-11-02,74.7,89842.5594,45760659.0
2020-11-03,76.58,92103.6572,41231803.0
2020-11-04,81.35,97840.5918,66579711.0
2020-11-05,83.0,99825.066,46542267.0
2020-11-06,85.88,103288.8755,53829936.0
2020-11-09,83.12,99969.3914,58580684.0
2020-11-10,77.99,93799.4806,67137196.0
2020-11-11,81.28,97756.4019,44611250.0
2020-11-12,81.84,98429.9205,37303106.0
2020-11-13,81.43,97936.8087,30448461.0
2020-11-16,83.73,100703.0454,38640842.0
2020-11-17,83.36,100258.0421,29473512.0
2020-11-18,82.54,99271.8186,29967958.0
2020-11-19,85.54,102879.9535,50116759.0
2020-11-20,84.64,101797.513,35008427.0
2020-11-23,85.31,102603.3298,46504964.0
2020-11-24,85.07,102314.679,36839174.0
2020-11-25,86.71,104287.1261,41349727.0
2020-11-27,87.19,104864.4277,22717638.0
2020-11-30,92.66,111443.2604,84482979.0
2020-12-01,92.63,111407.179,58670527.0
2020-12-02,93.74,112742.1889,57988822.0
2020-12-03,92.31,111022.3113,35859716.0
2020-12-04,94.04,113103.0024,45570273.0
2020-12-07,94.07,113139.0838,39815654.0
2020-12-08,92.92,111755.9654,33907510.0
2020-12-09,89.83,108039.5864,52170379.0
2020-12-10,91.66,110240.5487,33804412.0
2020-12-11,91.65,110228.5216,28368145.0
2020-12-14,94.78,113993.009,48026426.0
2020-12-15,97.12,116807.3543,57305100.0
2020-12-16,96.85,116482.6221,34909037.0
2020-12-17,96.84,116470.595,32023734.0
2020-12-18,95.92,115364.1003,51823103.0
2020-12-21,93.23,112128.806,47093891.0
2020-12-22,93.16,112044.6162,35717836.0
2020-12-23,91.55,110108.2505,25993348.0
2020-12-24,91.81,110420.9555,16705909.0
2020-12-28,91.6,110168.386,30627297.0
2020-12-29,90.62,108989.7286,31748211.0
2020-12-30,92.29,110998.2571,25844973.0
2020-12-31,91.71,110300.6843,24930684.0
2021-01-04,92.3,111010.2842,51802552.0
2021-01-05,92.77,111575.5587,34207989.0
2021-01-06,90.33,108640.9423,51911657.0
2021-01-07,95.16,114450.0395,42897157.0
2021-01-08,94.58,113752.4667,39816400.0
2021-01-11,97.25,116963.7068,48669103.0
2021-01-12,95.355,114684.5682,67672311.0
2021-01-13,91.78,110384.8741,60712896.0
2021-01-14,90.79,109194.1896,53408241.0
2021-01-15,88.21,106091.1936,49340338.0
2021-01-19,89.45,107582.556,45115055.0
2021-01-20,88.75,106740.6579,35185810.0
2021-01-21,91.53,110084.1962,54596079.0
2021-01-22,92.79,111599.6129,71294707.0
2021-01-25,94.13,113211.2465,55086943.0
2021-01-26,94.71,113908.8192,59449053.0
2021-01-27,88.84,106848.9019,73341193.0
2021-01-28,87.52,105261.3226,47048362.0
2021-01-29,85.64,103734.02,56735828.0
2021-02-01,87.66,106180.8056,42359344.0
2021-02-02,88.86,107634.3416,33850049.0
2021-02-03,87.89,106459.4,32312885.0
2021-02-04,87.84,106398.836,30791641.0
2021-02-05,87.9,106471.5128,30268677.0
2021-02-08,91.47,110795.7824,47639887.0
2021-02-09,90.91,110117.4656,37596446.0
2021-02-10,92.35,111861.7088,42441300.0
2021-02-11,92.66,112237.2056,35571025.0
2021-02-12,93.77,113581.7264,38538353.0
2021-02-16,91.46,110783.6696,35105917.0
2021-02-17,89.94,108942.524,32284075.0
2021-02-18,88.64,107367.86,35624948.0
2021-02-19,89.58,108506.4632,29548273.0
2021-02-22,85.37,103406.9744,36930182.0
2021-02-23,84.74,102643.868,49720914.0
2021-02-24,86.94,105308.684,40821150.0
2021-02-25,82.42,99833.6983,54625140.0
2021-02-26,84.51,102365.2736,48962907.0
2021-03-01,86.39,104642.48,32746181.0
2021-03-02,84.13,101904.9872,34828157.0
2021-03-03,80.86,97944.1015,43541041.0
2021-03-04,77.75,94177.0207,60549371.0
2021-03-05,78.52,95150.8046,58548912.0
2021-03-08,73.96,89624.981,54563874.0
2021-03-09,78.53,95162.9227,45088336.0
2021-03-10,77.52,93939.0012,45416616.0
2021-03-11,81.23,98434.7919,43583719.0
2021-03-12,81.05,98216.6673,32937950.0
2021-03-15,82.5,99973.7822,39365424.0
2021-03-16,82.75,100276.7331,42971552.0
2021-03-17,82.63,100131.3167,43320573.0
2021-03-18,78.12,94666.0832,51036502.0
2021-03-19,79.06,95805.1785,42283391.0
2021-03-22,80.3,97307.8147,39648614.0
2021-03-23,78.38,94981.1521,40466635.0
2021-03-24,76.48,92678.7256,43753642.0
2021-03-25,76.22,92363.6567,44735103.0
2021-03-26,77.41,93805.7028,49148659.0
2021-03-29,77.14,93478.5159,37144298.0
2021-03-30,76.0,92097.06,39169250.0
2021-03-31,78.5,95126.5685,43659455.0
2021-04-01,81.09,98492.5313,40182380.0
2021-04-05,81.43,98905.4979,32610554.0
2021-04-06,81.44,98917.644,29327948.0
2021-04-07,82.2,99840.7458,35590925.0
2021-04-08,83.35,101237.5445,41925284.0
2021-04-09,82.76,100520.9261,32759867.0
2021-04-12,78.58,95443.8662,62098804.0
2021-04-13,80.19,97399.3845,37767257.0
2021-04-14,78.55,95407.428,34263832.0
2021-04-15,83.01,100824.578,68942819.0
2021-04-16,82.15,99780.0154,47280570.0
2021-04-19,81.11,98516.8235,39115461.0
2021-04-20,79.27,96281.9455,34977750.0
2021-04-21,81.61,99124.1273,35068955.0
2021-04-22,79.06,96026.8779,38846050.0
2021-04-23,82.76,100520.9261,49267281.0
2021-04-26,85.41,103739.6362,57594535.0
2021-04-27,85.21,103496.7147,61909865.0
2021-04-28,84.02,102086.0624,108920306.0
2021-04-29,83.91,101952.4101,51294528.0
2021-04-30,81.62,99170.0121,46601858.0
2021-05-03,78.55,95439.8977,66323268.0
2021-05-04,78.61,95512.7989,59194328.0
2021-05-05,77.83,94565.0826,42310154.0
2021-05-06,77.89,94637.9838,38661325.0
2021-05-07,78.81,95755.8031,36954179.0
2021-05-10,75.99,92329.444,45134490.0
2021-05-11,76.83,93350.0616,51008239.0
2021-05-12,74.64,90689.1656,42531423.0
2021-05-13,73.09,88805.8831,48646754.0
2021-05-14,74.59,90628.4146,38355787.0
2021-05-17,74.65,90701.3159,40779244.0
2021-05-18,74.44,90446.1615,31982482.0
2021-05-19,76.23,92621.049,73966162.0
2021-05-20,78.06,94844.5374,49135012.0
2021-05-21,77.17,93763.1687,40201088.0
2021-05-24,77.44,94091.2244,33194287.0
2021-05-25,77.86,94601.5332,47353101.0
2021-05-26,78.34,95184.7433,30353997.0
2021-05-27,78.42,95281.9449,35883219.0
2021-05-28,80.08,97298.8798,40952663.0
2021-06-01,80.81,98185.8451,43433042.0
2021-06-02,81.97,99595.2694,35203224.0
2021-06-03,80.28,97541.884,29811969.0
2021-06-04,81.58,99121.4112,26387799.0
2021-06-07,81.35,98841.9564,29006782.0
2021-06-08,80.89,98283.0467,26956625.0
2021-06-09,79.96,97153.0772,28454646.0
2021-06-10,81.56,99097.1108,28606356.0
2021-06-11,81.31,98793.3556,24310894.0
2021-06-14,81.55,99084.9606,27830243.0
2021-06-15,80.47,97772.7379,26194342.0
2021-06-16,80.11,97335.3304,29598309.0
2021-06-17,84.56,102742.1737,77822823.0
2021-06-18,84.65,102851.5256,58736805.0
2021-06-21,82.59,100348.5824,44417112.0
2021-06-22,83.58,101551.4532,32107700.0
2021-06-23,83.82,101843.0582,25992435.0
2021-06-24,86.1,104613.306,42217665.0
2021-06-25,85.62,104030.096,27804535.0
2021-06-28,87.08,105804.0266,30262042.0
2021-06-29,89.52,108768.6778,46181000.0
2021-06-30,93.93,114126.9203,70721525.0
2021-07-01,93.31,113373.6073,58059019.0
2021-07-02,94.7,115062.4864,51342975.0
2021-07-06,94.47,114783.0316,44930119.0
2021-07-07,90.54,110007.9992,51498481.0
2021-07-08,89.74,109035.9824,45673454.0
2021-07-09,90.9,110445.4067,35278416.0
2021-07-12,90.81,110336.0548,28526559.0
2021-07-13,90.26,109667.7933,30367595.0
2021-07-14,89.05,108197.6179,28108505.0
2021-07-15,86.93,105621.7734,38944741.0
2021-07-16,85.89,104358.1516,35860740.0
2021-07-19,86.58,105196.5161,39244796.0
2021-07-20,87.11,105840.4772,28088956.0
2021-07-21,89.41,108635.0255,29469864.0
2021-07-22,91.21,110822.0632,33730078.0
2021-07-23,92.15,111964.1829,31708899.0
2021-07-26,91.82,111563.226,27668459.0
2021-07-27,91.03,110603.3594,69427021.0
2021-07-28,97.93,118785.6901,140561028.0
2021-07-29,102.95,124874.7758,164091761.0
2021-07-30,106.19,128804.7833,125632018.0
2021-08-02,108.63,131764.4186,115581854.0
2021-08-03,112.56,136531.3721,157723142.0
2021-08-04,118.77,144063.8865,225368699.0
2021-08-05,112.35,136276.6494,137860865.0
2021-08-06,110.11,133559.6072,143899026.0
2021-08-09,107.58,130490.805,115749943.0
2021-08-10,106.48,129156.5432,113012297.0
2021-08-11,107.68,130612.1016,91788289.0
2021-08-12,106.5,129180.8025,60625725.0
2021-08-13,110.55,134093.3119,100135745.0
2021-08-16,107.48,130369.5085,73398938.0
2021-08-17,107.56,130466.5457,74053905.0
2021-08-18,103.44,125469.1288,79387943.0
2021-08-19,103.7,125784.4997,71117494.0
2021-08-20,104.65,126936.8168,55227562.0
2021-08-23,108.77,131934.2337,68835281.0
2021-08-24,107.65,130575.7126,51239297.0
2021-08-25,108.3,131364.14,45485504.0
2021-08-26,107.27,130114.7858,51442548.0
2021-08-27,111.4,135124.3324,61030014.0
2021-08-30,111.32,135027.2952,56130467.0
2021-08-31,110.72,134299.516,49338955.0
2021-09-01,109.99,133414.0514,38579559.0
2021-09-02,109.2,132455.8088,40108763.0
2021-09-03,109.92,133329.1438,42623780.0
2021-09-07,109.15,132395.1605,28815232.0
2021-09-08,106.17,128780.524,43067911.0
2021-09-09,106.15,128756.2647,31857873.0
2021-09-10,105.2,127603.9477,32602293.0
2021-09-13,104.8,127118.7616,37767787.0
2021-09-14,105.73,128246.8193,40629527.0
2021-09-15,105.6,128089.1338,37998941.0
2021-09-16,106.22,128841.1723,38150269.0
2021-09-17,103.88,126002.8335,44528337.0
2021-09-20,101.55,123176.6244,45228411.0
2021-09-21,102.82,124717.0903,35481501.0
2021-09-22,104.38,126609.3161,34126280.0
2021-09-23,106.15,128756.2647,32816657.0
2021-09-24,105.8,128331.7268,26482610.0
2021-09-27,108.16,131194.3249,51944349.0
2021-09-28,101.52,123140.2354,74468968.0
2021-09-29,100.35,121721.066,52224721.0
2021-09-30,102.9,124814.1275,57636700.0
2021-10-01,102.45,124268.2931,41491585.0
2021-10-04,100.34,121708.9364,41967149.0
2021-10-05,101.81,123491.9954,31455249.0
2021-10-06,103.64,125711.7218,39071703.0
2021-10-07,106.45,129120.1543,41543109.0
2021-10-08,105.06,127434.1325,30623047.0
2021-10-11,104.68,126973.2057,31284389.0
2021-10-12,105.04,127409.8732,34039906.0
2021-10-13,109.16,132407.2902,55631917.0
2021-10-14,111.99,135839.9819,46900157.0
2021-10-15,112.12,135997.6674,34203008.0
2021-10-18,116.43,141225.5478,47537763.0
2021-10-19,116.33,141104.2513,39593938.0
2021-10-20,116.39,141177.0292,34244811.0
2021-10-21,119.33,144743.1471,34794945.0
2021-10-22,119.82,145337.5001,38992694.0
2021-10-25,122.36,148418.4319,47834118.0
2021-10-26,122.93,149109.8221,59458928.0
2021-10-27,122.28,147666.6064,98245324.0
2021-10-28,121.16,146314.0827,58002459.0
2021-10-29,120.23,145191.005,43320125.0
2021-11-01,125.23,151229.0573,54559780.0
2021-11-02,127.63,154127.3224,53491937.0
2021-11-03,130.53,157629.3927,59537815.0
2021-11-04,137.5,166046.4376,84825156.0
2021-11-05,136.34,164645.6094,64920597.0
2021-11-08,150.16,181334.7859,141493842.0
2021-11-09,148.92,179837.349,98442597.0
2021-11-10,139.87,168908.4743,82989151.0
2021-11-11,146.01,176323.2025,67934845.0
2021-11-12,147.89,178593.5102,52162136.0
2021-11-15,146.49,176902.8556,52271271.0
2021-11-16,152.45,184100.2139,53100810.0
2021-11-17,151.34,182759.7663,54527482.0
2021-11-18,155.02,187203.7727,60612733.0
2021-11-19,155.41,187674.7408,41668862.0
2021-11-22,152.52,184184.7466,58674078.0
2021-11-23,149.92,181044.9594,62852705.0
2021-11-24,157.8,190560.9298,60677062.0
2021-11-26,154.81,186950.1745,36245068.0
2021-11-29,161.91,195524.2088,57438867.0
2021-11-30,158.37,191249.2678,75182545.0
2021-12-01,149.11,180066.7949,64185119.0
2021-12-02,150.68,181962.7434,56161216.0
2021-12-03,144.01,173907.9816,65910028.0
2021-12-06,139.06,167930.3099,66776493.0
2021-12-07,144.85,174922.3744,53359432.0
2021-12-08,145.24,175393.3425,40977478.0
2021-12-09,138.1,166771.0038,53019926.0
2021-12-10,138.55,167314.4285,42224275.0
2021-12-13,133.8,161578.2789,42173963.0
2021-12-14,135.6,163751.9777,50754642.0
2021-12-15,146.5,176914.9317,72425783.0
2021-12-16,138.64,167423.1135,63369550.0
2021-12-17,137.75,166348.3402,55692280.0
2021-12-20,135.8,163993.4998,38195396.0
2021-12-21,144.25,174197.8081,57785243.0
2021-12-22,143.88,173750.9923,46923682.0
2021-12-23,146.14,176480.1919,48653789.0
2021-12-27,154.36,186406.7498,53296375.0
2021-12-28,153.15,184945.5412,58699069.0
2021-12-29,148.26,179040.3261,51300205.0
2021-12-30,145.15,175284.6575,44357997.0
2021-12-31,143.9,173775.1445,49448144.0
2022-01-03,150.24,181431.3948,59477667.0
2022-01-04,144.42,174403.1019,80200455.0
2022-01-05,136.15,164416.1634,65403174.0
2022-01-06,136.23,164512.7723,64802937.0
2022-01-07,132.0,159404.5801,58441104.0
2022-01-10,132.0,159404.5801,84671336.0
2022-01-11,137.31,165816.9916,77153906.0
2022-01-12,137.47,166010.2092,69669598.0
2022-01-13,132.74,160298.2118,76618059.0
2022-01-14,136.88,165297.7191,71078438.0
2022-01-18,131.93,159320.0473,56589456.0
2022-01-19,128.27,154900.1931,69831849.0
2022-01-20,121.89,147195.6384,91157293.0
2022-01-21,118.81,143476.1982,95685268.0
2022-01-24,116.53,140722.8463,116301816.0
2022-01-25,111.13,134201.7499,85102907.0
2022-01-26,110.71,133694.5535,94752613.0
2022-01-27,102.6,123900.8327,125954124.0
2022-01-28,105.24,127088.9243,98749521.0
2022-01-31,114.25,137969.4945,97205994.0
2022-02-01,116.78,141024.7489,122467874.0
2022-02-02,122.76,148246.2595,180064993.0
2022-02-03,120.08,144012.3549,103599467.0
2022-02-04,123.6,148233.903,86212008.0
2022-02-07,123.67,148317.8542,81672504.0
2022-02-08,128.23,153786.6778,84902753.0
2022-02-09,132.85,159327.4596,92948862.0
2022-02-10,125.77,150836.3914,108939859.0
2022-02-11,113.18,135737.1613,164723241.0
2022-02-14,114.27,137044.402,135146410.0
2022-02-15,121.47,197676.0234,144139671.0
2022-02-16,117.69,191524.5838,119109631.0
2022-02-17,112.37,182867.0021,98179641.0
2022-02-18,113.83,185242.955,114321231.0
2022-02-22,115.65,188204.7592,141648454.0
2022-02-23,109.76,178619.5795,120299433.0
2022-02-24,116.61,189767.0296,142956572.0
2022-02-25,121.06,197008.8038,127820983.0
2022-02-28,123.34,200719.1959,124666142.0
2022-03-01,113.83,185242.955,126552244.0
2022-03-02,118.28,192484.7291,118354509.0
2022-03-03,111.98,182232.3298,123916721.0
2022-03-04,108.41,176422.6368,100671339.0
2022-03-07,102.95,167537.2241,92599972.0
2022-03-08,105.53,171735.8257,135348316.0
2022-03-09,111.05,180718.8804,102310329.0
2022-03-10,106.46,173249.2751,102557375.0
2022-03-11,104.29,169717.8931,87584432.0
2022-03-14,102.25,166398.0686,89731676.0
2022-03-15,109.33,177919.8126,112425543.0
2022-03-16,115.37,187749.0971,113689804.0
2022-03-17,111.69,181760.3939,103201695.0
2022-03-18,113.46,184640.83,105834793.0
2022-03-21,115.92,188644.1478,101905850.0
2022-03-22,114.78,186788.9517,101672560.0
2022-03-23,113.92,185389.4178,90579150.0
2022-03-24,120.53,196146.3003,121961329.0
2022-03-25,119.67,194746.7664,95852381.0
2022-03-28,120.24,195674.3645,92966149.0
2022-03-29,123.23,200540.1857,94143028.0
2022-03-30,119.22,194014.4522,99476946.0
2022-03-31,109.34,177936.0863,147004790.0
2022-04-01,108.19,175284.8802,111867074.0
2022-04-04,110.53,179076.0496,90220034.0
2022-04-05,106.82,173065.2639,79531959.0
2022-04-06,103.67,167961.7666,105256602.0
2022-04-07,103.72,168042.7745,91895526.0
2022-04-08,101.0,163635.9451,92746663.0
2022-04-11,97.37,157754.772,95527655.0
2022-04-12,95.1,154077.0136,89246449.0
2022-04-13,97.74,158354.2304,77728418.0
2022-04-14,93.06,150771.8916,73354367.0
2022-04-18,93.89,152116.6226,80605752.0
2022-04-19,96.93,157041.9025,77069496.0
2022-04-20,94.02,152327.2431,62489047.0
2022-04-21,89.85,145571.1848,76680635.0
2022-04-22,88.14,142800.7148,75017652.0
2022-04-25,90.69,146932.1174,93481042.0
2022-04-26,85.16,137972.6444,89127399.0
2022-04-27,84.91,137567.6049,83125054.0
2022-04-28,89.64,145230.9516,91495449.0
2022-04-29,85.52,138555.9012,82647701.0
2022-05-02,89.84,145554.9832,98304091.0
2022-05-03,91.13,147644.9869,126381846.0
2022-05-04,99.42,161110.8958,225394075.0
2022-05-05,93.87,152117.0769,153129770.0
2022-05-06,95.34,154499.2236,144286560.0
2022-05-09,86.36,139947.0626,144523668.0
2022-05-10,88.73,143787.6663,137235451.0
2022-05-11,87.92,142475.0549,136137858.0
2022-05-12,87.06,141081.4181,129214223.0
2022-05-13,95.12,154142.7118,138068073.0
2022-05-16,94.24,152716.6649,131065665.0
2022-05-17,102.47,166053.4449,164227181.0
2022-05-18,96.28,156022.501,142603246.0
2022-05-19,96.67,156654.4991,141506169.0
2022-05-20,93.5,151517.489,164126807.0
2022-05-23,95.07,154061.6864,128773040.0
2022-05-24,91.16,147725.5005,123341410.0
2022-05-25,92.65,150140.0573,111771116.0
2022-05-26,98.75,160025.1555,128792745.0
2022-05-27,102.26,165713.1383,104348440.0
2022-05-31,101.86,165064.9351,125102894.0
2022-06-01,101.22,164027.81,99351389.0
2022-06-02,108.59,175970.9533,120953796.0
2022-06-03,106.3,172259.9902,110844697.0
2022-06-06,105.65,171206.6601,96726891.0
2022-06-07,105.28,170607.0721,79022851.0
2022-06-08,101.9,165129.7554,97641865.0
2022-06-09,98.8,160106.1809,95298975.0
2022-06-10,94.82,153656.5595,102212244.0
2022-06-13,86.99,140967.9826,98148812.0
2022-06-14,86.99,140967.9826,84066567.0
2022-06-15,89.3,144711.3558,95774807.0
2022-06-16,82.05,132962.6735,102433342.0
2022-06-17,81.57,132184.8297,105212293.0
2022-06-21,83.79,135782.3573,87780567.0
2022-06-22,83.75,135717.537,86634716.0
2022-06-23,82.43,133578.4665,100614559.0
2022-06-24,87.08,141113.8283,88553886.0
2022-06-27,86.16,139622.961,74663487.0
2022-06-28,80.78,130904.6285,95752533.0
2022-06-29,77.99,126383.4114,104140895.0
2022-06-30,76.47,123920.2394,105368616.0
2022-07-01,73.67,119382.8173,87734237.0
2022-07-05,75.2,121862.1944,95685751.0
2022-07-06,75.35,122105.2706,85458857.0
2022-07-07,79.3,128506.2768,83640945.0
2022-07-08,79.35,128587.3022,83405931.0
2022-07-11,76.95,124698.0832,76247536.0
2022-07-12,76.36,123741.9835,77873214.0
2022-07-13,77.52,125621.7727,79354976.0
2022-07-14,78.6,127371.9213,83493646.0
2022-07-15,81.11,131439.3961,76050597.0
2022-07-18,81.43,131957.9586,90464334.0
2022-07-19,85.88,139169.2188,85047506.0
2022-07-20,89.43,144922.0219,88348558.0
2022-07-21,91.09,147612.065,90449338.0
2022-07-22,88.1,142766.7463,76989702.0
2022-07-25,87.54,141859.2619,70083006.0
2022-07-26,85.25,138148.2988,69180367.0
2022-07-27,89.82,145554.0199,78301564.0
2022-07-28,91.67,148551.9596,79009185.0
2022-07-29,94.47,153089.3817,76630707.0
2022-08-01,96.78,156832.7549,96477499.0
2022-08-02,99.29,160900.2298,116734097.0
2022-08-03,98.09,158348.7371,131142046.0
2022-08-04,103.91,167744.0847,125855773.0
2022-08-05,102.31,165161.1713,93859876.0
2022-08-08,100.07,161545.0925,92692592.0
2022-08-09,95.54,154232.2188,89473663.0
2022-08-10,99.05,159898.4851,83416119.0
2022-08-11,98.12,158397.1667,77516860.0
2022-08-12,100.83,162771.9763,72316345.0
2022-08-15,101.01,163062.5541,61327142.0
2022-08-16,100.2,161754.9542,60220671.0
2022-08-17,98.27,158639.3148,63735583.0
2022-08-18,100.44,162142.3912,76059523.0
2022-08-19,95.95,154894.0904,67221693.0
2022-08-22,92.84,149873.5524,61837284.0
2022-08-23,92.49,149308.54,52590673.0
2022-08-24,92.73,149695.9771,56520431.0
2022-08-25,97.18,156879.7051,61016201.0
2022-08-26,91.18,147193.7797,65552540.0
2022-08-29,88.49,142851.2564,61142538.0
2022-08-30,86.94,140349.059,69087118.0
2022-08-31,84.87,137007.4148,64991720.0
2022-09-01,82.33,132907.0397,94854710.0
2022-09-02,80.24,129533.109,84924445.0
2022-09-06,78.72,127079.3412,68727299.0
2022-09-07,79.61,128516.0868,67891169.0
2022-09-08,82.78,133633.4841,89089304.0
2022-09-09,85.45,137943.7209,68936919.0
2022-09-12,84.64,136636.121,71922542.0
2022-09-13,77.03,124351.1389,80921218.0
2022-09-14,77.45,125029.1537,71482997.0
2022-09-15,76.66,123753.8402,81817966.0
2022-09-16,76.51,123511.6921,75300178.0
2022-09-19,76.77,123931.4155,64966909.0
2022-09-20,75.25,121477.6477,51129084.0
2022-09-21,74.48,120234.6206,82069703.0
2022-09-22,69.5,112195.3026,101436851.0
2022-09-23,67.96,109709.2484,87689951.0
2022-09-26,66.3,107029.4757,82898693.0
2022-09-27,67.17,108433.9349,94871793.0
2022-09-28,68.36,110354.9767,72389462.0
2022-09-29,64.14,103542.5425,102552389.0
2022-09-30,63.36,102283.3722,81664125.0
2022-10-03,66.11,106722.7547,83841632.0
2022-10-04,67.9,109612.3891,77160479.0
2022-10-05,67.94,109676.9619,87127384.0
2022-10-06,67.85,109531.6731,98325917.0
2022-10-07,58.44,94340.9134,163786265.0
2022-10-10,57.81,93323.8912,112241785.0
2022-10-11,57.63,93033.3135,114054838.0
2022-10-12,57.85,93388.4641,89264184.0
2022-10-13,58.94,95148.0738,131159784.0
2022-10-14,55.94,90305.1111,96959299.0
2022-10-17,57.96,93566.0394,76977604.0
2022-10-18,57.92,93501.4665,103064529.0
2022-10-19,57.23,92387.5851,75704837.0
2022-10-20,57.77,93259.3184,79552604.0
2022-10-21,58.82,94954.3553,95366369.0
2022-10-24,58.7,94760.6368,76305381.0
2022-10-25,61.47,99232.3057,85501881.0
2022-10-26,59.73,96423.3874,79915891.0
2022-10-27,58.6,94599.2047,83871440.0
2022-10-28,62.01,100104.039,78198605.0
2022-10-31,60.06,96956.1133,73274137.0
2022-11-01,59.66,96310.3849,83806667.0
2022-11-02,58.63,94532.4418,142669440.0
2022-11-03,60.11,96918.7289,95279891.0
2022-11-04,62.19,100272.4297,84791349.0
2022-11-07,63.08,101707.4267,62722498.0
2022-11-08,63.85,102948.9409,75938045.0
2022-11-09,59.92,96612.3812,62940338.0
2022-11-10,68.47,110398.0264,107996331.0
2022-11-11,72.37,116686.2154,111709462.0
2022-11-14,73.53,118556.5486,108892750.0
2022-11-15,76.37,123135.6401,108946318.0
2022-11-16,72.7,117218.293,79967998.0
2022-11-17,73.9,119153.1204,82320829.0
2022-11-18,73.57,118621.0428,73223214.0
2022-11-21,72.46,116831.3275,51536349.0
2022-11-22,75.25,121329.8012,55450160.0
2022-11-23,76.4,123184.0108,81623628.0
2022-11-25,75.14,121152.442,26018911.0
2022-11-28,73.19,118008.3475,45448323.0
2022-11-29,73.39,118330.8187,51846449.0
2022-11-30,77.63,125167.2089,88468439.0
2022-12-01,77.48,124925.3554,59833354.0
2022-12-02,74.98,120894.465,64377175.0
2022-12-05,73.62,118701.6606,47022185.0
2022-12-06,70.27,113300.2675,64965235.0
2022-12-07,70.14,113090.6612,59180109.0
2022-12-08,70.47,113622.7387,56734096.0
2022-12-09,68.59,110591.5092,59058319.0
2022-12-12,70.67,113945.21,60968341.0
2022-12-13,71.65,115525.319,72458043.0
2022-12-14,68.93,111139.7102,67277981.0
2022-12-15,66.53,107270.0555,58557045.0
2022-12-16,65.41,105464.2166,62438574.0
2022-12-19,64.59,104142.0845,46246911.0
2022-12-20,65.05,104883.7683,52431257.0
2022-12-21,67.68,109124.265,44167575.0
2022-12-22,63.86,102965.0645,73917667.0
2022-12-23,64.52,104029.2196,45923000.0
2022-12-27,63.27,102013.7744,36085981.0
2022-12-28,62.57,100885.1251,39526483.0
2022-12-29,64.82,104512.9264,41428481.0
2022-12-30,64.77,104432.3086,37126975.0
2023-01-03,64.02,103223.0415,46851844.0
2023-01-04,64.66,104254.9494,47477139.0
2023-01-05,62.33,100498.1596,46159549.0
2023-01-06,63.96,103126.3001,70161340.0
2023-01-09,67.24,108414.8283,69741257.0
2023-01-10,68.05,109720.8368,41149630.0
2023-01-11,69.06,111349.3165,44470060.0
2023-01-12,70.8,114154.8163,70066161.0
2023-01-13,71.0,114477.2875,45757358.0
2023-01-17,71.59,115428.5776,42621340.0
2023-01-18,70.53,113719.4801,39538725.0
2023-01-19,67.71,109172.6357,47189852.0
2023-01-20,70.07,112977.7963,47757593.0
2023-01-23,76.53,123393.6171,84293199.0
2023-01-24,74.7,120443.0053,60822606.0
2023-01-25,74.91,120781.6001,49932595.0
2023-01-26,75.16,121184.6891,49583948.0
2023-01-27,75.4,121571.6546,58118610.0
2023-01-30,72.45,116815.2039,48105243.0
2023-01-31,75.15,121168.5656,71669107.0
2023-02-01,84.64,136469.8256,152548240.0
2023-02-02,88.31,142387.1727,97762091.0
2023-02-03,86.09,138807.742,66557818.0
2023-02-06,83.68,134921.9636,53008890.0
2023-02-07,85.91,138517.5179,65291914.0
2023-02-08,84.69,136550.4434,54140448.0
2023-02-09,83.21,134164.1562,46525397.0
2023-02-10,81.48,131374.7801,49332598.0
2023-02-13,83.13,134035.1677,45400008.0
2023-02-14,85.95,138582.0121,55979653.0
2023-02-15,85.18,137340.4979,46483152.0
2023-02-16,80.08,129117.4815,57755166.0
2023-02-17,78.5,126569.9587,47826602.0
2023-02-21,76.77,123780.5826,44045643.0
2023-02-22,76.61,123522.6056,50286804.0
2023-02-23,79.75,128585.4039,76391342.0
2023-02-24,78.09,125908.8927,46700007.0
2023-02-27,78.77,126929.0499,45617297.0
2023-02-28,78.58,126622.8861,44220135.0
2023-03-01,78.29,126155.5835,44265984.0
2023-03-02,80.44,129620.0682,60185875.0
2023-03-03,81.52,131360.3674,54536217.0
2023-03-06,81.16,130780.2677,54541281.0
2023-03-07,82.11,132311.0865,70959009.0
2023-03-08,85.37,137564.2121,69529838.0
2023-03-09,84.03,135404.9519,79496691.0
2023-03-10,82.67,133213.4639,70273562.0
2023-03-13,82.01,132149.9477,65269120.0
2023-03-14,87.45,140915.8996,66616320.0
2023-03-15,89.68,144509.2953,86177424.0
2023-03-16,96.6,155660.1018,115980649.0
2023-03-17,97.84,157658.2232,94080842.0
2023-03-20,96.81,155998.4933,92008949.0
2023-03-21,95.93,154580.4717,85285333.0
2023-03-22,97.58,157239.2622,110816317.0
2023-03-23,100.28,161590.0104,84088899.0
2023-03-24,97.95,157835.4759,64743698.0
2023-03-27,96.61,155676.2156,57461354.0
2023-03-28,94.56,152372.8698,59150100.0
2023-03-29,96.09,154838.2938,55325974.0
2023-03-30,97.88,157722.6787,59678531.0
2023-03-31,98.01,157932.1591,55861066.0
2023-04-03,96.56,155404.2829,50655332.0
2023-04-04,95.87,154293.7924,43195876.0
2023-04-05,92.56,148966.6572,52979281.0
2023-04-06,92.47,148821.8106,47778378.0
2023-04-10,95.48,153666.1239,52536324.0
2023-04-11,94.03,151332.4846,51935800.0
2023-04-12,92.33,148596.4937,53383124.0
2023-04-13,92.09,148210.2362,40572482.0
2023-04-14,91.75,147663.038,38734794.0
2023-04-17,89.87,144637.354,47250782.0
2023-04-18,89.78,144492.5074,46246286.0
2023-04-19,89.94,144750.0124,37344502.0
2023-04-20,90.11,145023.6115,47082684.0
2023-04-21,88.43,142319.8087,41118264.0
2023-04-24,87.57,140935.7192,40423789.0
2023-04-25,83.8,134868.2571,52771477.0
2023-04-26,85.94,138312.3868,47786564.0
2023-04-27,87.44,140726.4964,53087213.0
2023-04-28,89.37,143832.6508,50686053.0
2023-05-01,89.69,144347.6608,59358710.0
2023-05-02,89.91,144701.7302,70483508.0
2023-05-03,81.62,131437.7358,109482172.0
2023-05-04,86.61,139473.4416,122840488.0
2023-05-05,89.84,144674.9104,78491108.0
2023-05-08,95.04,153048.7921,95503215.0
2023-05-09,95.06,153080.9994,68674788.0
2023-05-10,97.02,156237.3086,95619496.0
2023-05-11,97.1,156366.1376,57061034.0
2023-05-12,95.26,153403.0717,53829709.0
2023-05-15,97.4,156849.2461,51749212.0
2023-05-16,101.48,163419.5226,90622884.0
2023-05-17,103.75,167075.044,75240894.0
2023-05-18,107.93,173806.3566,74338722.0
2023-05-19,105.82,170408.4931,67880217.0
2023-05-22,108.0,173919.082,65424234.0
2023-05-23,108.12,174112.3254,73099114.0
2023-05-24,108.27,174353.8797,65910464.0
2023-05-25,120.35,193807.0511,108514669.0
2023-05-26,127.03,204564.2683,92922750.0
2023-05-30,125.27,201730.0315,98902282.0
2023-05-31,118.21,190360.8767,87552221.0
2023-06-01,119.47,192389.9326,66032924.0
2023-06-02,117.86,189797.25,52382424.0
2023-06-05,117.93,189909.9753,52602861.0
2023-06-06,124.23,200055.2551,75257497.0
2023-06-07,117.83,189748.9391,81755152.0
2023-06-08,121.05,194934.3044,65246930.0
2023-06-09,124.92,201166.4048,75105039.0
2023-06-12,129.19,208042.65,85673077.0
2023-06-13,124.53,200538.3637,132461926.0
2023-06-14,127.33,205047.3769,95888117.0
2023-06-15,124.24,200071.3587,85587115.0
2023-06-16,120.08,193372.2533,82007083.0
2023-06-20,118.93,191520.3372,58851777.0
2023-06-21,112.11,180537.6692,82835622.0
2023-06-22,110.7,178267.059,70754783.0
2023-06-23,110.01,177155.9093,73621951.0
2023-06-26,107.51,173130.0046,68556976.0
2023-06-27,110.39,177767.8468,59381646.0
2023-06-28,110.17,177413.5672,67534134.0
2023-06-29,111.24,179136.6544,58347174.0
2023-06-30,113.91,183436.3206,53378774.0
2023-07-03,115.82,186512.1118,31859976.0
2023-07-05,113.95,183500.7351,49501584.0
2023-07-06,113.48,182743.865,42411840.0
2023-07-07,113.17,182244.6528,37211287.0
2023-07-10,113.58,182904.9012,49330204.0
2023-07-11,111.32,179265.4834,59899536.0
2023-07-12,114.58,184515.2631,57993090.0
2023-07-13,115.92,186673.148,49206695.0
2023-07-14,115.94,186705.3552,91927197.0
2023-07-17,118.32,190538.0165,68593288.0
2023-07-18,117.93,189909.9753,57980077.0
2023-07-19,116.43,187494.4325,70363051.0
2023-07-20,110.25,177542.3962,76340398.0
2023-07-21,110.95,178669.6495,76815378.0
2023-07-24,110.61,178122.1264,45637998.0
2023-07-25,113.0,181970.8913,44916262.0
2023-07-26,110.09,177284.7383,51721689.0
2023-07-27,111.1,178911.2038,70677972.0
2023-07-28,112.96,181906.4768,55525965.0
2023-07-31,114.4,184225.3979,54187286.0
2023-08-01,117.6,189378.5559,97284727.0
2023-08-02,109.35,176673.6654,173372010.0
2023-08-03,113.15,182813.2166,90811558.0
2023-08-04,115.82,187127.0592,83169686.0
2023-08-07,116.81,188726.5739,65854765.0
2023-08-08,113.23,182942.4704,54141829.0
2023-08-09,110.47,178483.2173,56257067.0
2023-08-10,110.23,178095.4562,57297792.0
2023-08-11,107.57,173797.7703,55667745.0
2023-08-14,111.98,180922.8811,57421820.0
2023-08-15,111.35,179905.0082,53816569.0
2023-08-16,107.19,173183.8152,54327298.0
2023-08-17,104.44,168740.7189,59064275.0
2023-08-18,105.45,170372.547,59916675.0
2023-08-21,108.22,174847.9567,49319240.0
2023-08-22,105.66,170711.838,47335086.0
2023-08-23,109.43,176802.9191,54656329.0
2023-08-24,101.8,164475.3465,109179129.0
2023-08-25,102.25,165202.3986,74793086.0
2023-08-28,102.61,165784.0403,55386803.0
2023-08-29,105.92,171131.9126,50850289.0
2023-08-30,106.59,172214.4124,54847348.0
2023-08-31,105.72,170808.7783,58918970.0
2023-09-01,109.45,176835.2325,54856148.0
2023-09-05,110.78,178984.0755,66042191.0
2023-09-06,109.28,176560.5684,47736701.0
2023-09-07,106.59,172214.4124,49080149.0
2023-09-08,106.09,171406.5767,46271558.0
2023-09-11,105.32,170162.5097,50611285.0
2023-09-12,105.31,170146.353,44413572.0
2023-09-13,107.71,174023.9643,44702254.0
2023-09-14,106.63,172279.0392,45920612.0
2023-09-15,101.49,163974.4884,71103616.0
2023-09-18,102.37,165396.2792,49061310.0
2023-09-19,101.61,164168.3689,41704110.0
2023-09-20,100.34,162116.4663,55180576.0
2023-09-21,96.11,155282.1763,59704335.0
2023-09-22,96.2,155427.5868,52169395.0
2023-09-25,97.38,157334.079,43223749.0
2023-09-26,95.96,155039.8256,42866460.0
2023-09-27,98.07,158448.8922,51261502.0
2023-09-28,102.76,166026.391,72542056.0
2023-09-29,102.82,166123.3313,56078641.0
2023-10-02,103.27,166850.3834,45118574.0
2023-10-03,100.08,161696.3917,48116980.0
2023-10-04,104.07,168142.9205,51023246.0
2023-10-05,102.91,166268.7417,51789731.0
2023-10-06,107.24,173264.5988,64864077.0
2023-10-09,106.97,172828.3675,39593192.0
2023-10-10,109.01,176124.3371,57105529.0
2023-10-11,108.31,174993.3672,51085635.0
2023-10-12,108.79,175768.8894,60959430.0
2023-10-13,105.09,169790.9053,52925932.0
2023-10-16,106.46,172004.3751,42464511.0
2023-10-17,105.14,169871.6889,49642114.0
2023-10-18,102.17,165073.1449,50449952.0
2023-10-19,102.4,165444.7493,52734201.0
2023-10-20,101.81,164491.5032,61317927.0
2023-10-23,100.01,161583.2947,50817440.0
2023-10-24,101.67,164265.3092,51982918.0
2023-10-25,96.055,155193.3144,53424477.0
2023-10-26,93.67,151339.9382,49896360.0
2023-10-27,96.43,155799.1912,52458653.0
2023-10-30,96.18,155395.2733,43716642.0
2023-10-31,98.5,159143.6309,79547126.0
2023-11-01,108.04,174538.5002,138641522.0
2023-11-02,107.83,174199.2454,71376954.0
2023-11-03,112.25,181339.7505,65632202.0
2023-11-06,111.75,180532.0011,49270370.0
2023-11-07,113.45,183278.3492,50550151.0
2023-11-08,113.59,183504.519,41880606.0
2023-11-09,113.49,183342.9691,61146862.0
2023-11-10,118.59,191582.0135,75204072.0
2023-11-13,116.79,188674.1155,46741889.0
2023-11-14,119.88,193666.0071,61017449.0
2023-11-15,118.0,190628.8691,59555593.0
2023-11-16,119.83,193585.2321,49661870.0
2023-11-17,120.62,194861.4762,38538695.0
2023-11-20,121.53,196331.5802,43173925.0
2023-11-21,119.16,192502.8479,41064750.0
2023-11-22,122.51,197914.7691,56894486.0
2023-11-24,122.31,197591.6694,19001007.0
2023-11-27,122.65,198140.939,32743006.0
2023-11-28,122.01,197107.0197,32047063.0
2023-11-29,123.85,200079.5377,37876317.0
2023-11-30,121.16,195733.8456,44494211.0
2023-12-01,121.39,196105.4104,37048002.0
2023-12-04,118.57,191549.7035,39854418.0
2023-12-05,118.38,191242.7587,39191565.0
2023-12-06,116.82,188722.5804,60599029.0
2023-12-07,128.37,207381.5926,118579097.0
2023-12-08,128.92,208270.117,89341014.0
2023-12-11,134.41,217139.2059,98668281.0
2023-12-12,137.61,222308.8024,111677821.0
2023-12-13,138.19,223245.7917,70651603.0
2023-12-14,138.0,222938.847,76115174.0
2023-12-15,139.15,224796.6707,70211795.0
2023-12-18,138.9,224392.796,45199453.0
2023-12-19,140.15,226412.1696,63739781.0
2023-12-20,135.47,218851.6348,54671715.0
2023-12-21,139.91,226024.4498,47179362.0
2023-12-22,139.6,225523.6452,35396582.0
2023-12-26,143.41,231678.696,47157430.0
2023-12-27,146.07,235975.923,49033420.0
2023-12-28,148.76,240321.615,63800680.0
2023-12-29,147.41,238140.6915,62079185.0
