,BSX US Equity,BSX US Equity,BSX US Equity
,PX_LAST,CUR_MKT_CAP,PX_VOLUME
2014-01-02,11.91,15902.4873,7971602.0
2014-01-03,11.93,15929.1917,7278892.0
2014-01-06,12.33,16463.2803,14817898.0
2014-01-07,12.44,16610.1547,8661269.0
2014-01-08,12.79,17077.4822,14313744.0
2014-01-09,12.78,17064.1299,10029340.0
2014-01-10,13.11,17504.753,14995374.0
2014-01-13,12.92,17251.0609,9197256.0
2014-01-14,13.18,17598.2185,8036162.0
2014-01-15,13.34,17811.854,14748177.0
2014-01-16,13.55,18092.2505,20084875.0
2014-01-17,13.51,18038.8416,11157044.0
2014-01-21,13.98,18666.3957,20088072.0
2014-01-22,13.87,18519.5213,11150753.0
2014-01-23,13.65,18225.7726,12428146.0
2014-01-24,13.34,17811.854,10556561.0
2014-01-27,13.21,17638.2752,10145796.0
2014-01-28,13.28,17731.7407,7322502.0
2014-01-29,13.18,17598.2185,8557749.0
2014-01-30,13.56,18105.6027,11052836.0
2014-01-31,13.53,18065.546,14001031.0
2014-02-03,13.01,17371.2309,18772368.0
2014-02-04,12.85,17157.5954,29030072.0
2014-02-05,12.76,17037.4255,22161669.0
2014-02-06,12.83,17130.891,13854960.0
2014-02-07,13.1,17491.4008,15209542.0
2014-02-10,12.91,17237.7087,11968957.0
2014-02-11,12.85,17157.5954,18535591.0
2014-02-12,12.96,17304.4698,9368145.0
2014-02-13,13.03,17397.9353,10309839.0
2014-02-14,13.3,17758.4451,14856356.0
2014-02-18,13.38,17865.2628,10683009.0
2014-02-19,13.06,17437.9919,11678972.0
2014-02-20,13.23,17664.9796,7949121.0
2014-02-21,13.14,17544.8097,6452101.0
2014-02-24,13.08,17464.6964,6551683.0
2014-02-25,13.39,17878.615,15637019.0
2014-02-26,13.34,17664.7313,7316824.0
2014-02-27,13.3,17611.7636,8489797.0
2014-02-28,13.1,17346.925,10209066.0
2014-03-03,13.0,17214.5057,9447291.0
2014-03-04,13.23,17519.0701,13015236.0
2014-03-05,13.38,17717.699,9877387.0
2014-03-06,13.55,17942.8117,9379753.0
2014-03-07,13.7,18141.4407,16277896.0
2014-03-10,13.46,17823.6344,8147866.0
2014-03-11,13.18,17452.8604,10731249.0
2014-03-12,12.88,17055.6026,20050835.0
2014-03-13,12.74,16870.2156,23579816.0
2014-03-14,13.01,17227.7477,19886332.0
2014-03-17,12.98,17188.0219,9973769.0
2014-03-18,13.21,17492.5862,6499447.0
2014-03-19,13.15,17413.1346,8716568.0
2014-03-20,13.1,17346.925,7486964.0
2014-03-21,12.82,16976.151,15490846.0
2014-03-24,12.84,17002.6349,11359238.0
2014-03-25,13.26,17549.2231,13779251.0
2014-03-26,13.23,17509.519,10501885.0
2014-03-27,13.21,17483.0496,11154810.0
2014-03-28,13.2,17469.8149,6161622.0
2014-03-31,13.52,17893.3256,8554218.0
2014-04-01,13.62,18025.6726,6763744.0
2014-04-02,13.69,18118.3156,6616478.0
2014-04-03,13.77,18224.1933,9393478.0
2014-04-04,13.5,17866.8561,12360984.0
2014-04-07,13.22,17496.2843,8826939.0
2014-04-08,12.91,17086.0084,10182463.0
2014-04-09,13.54,17919.795,15143201.0
2014-04-10,12.93,17112.4778,11189217.0
2014-04-11,12.69,16794.8448,25143148.0
2014-04-14,13.31,17615.3967,16741597.0
2014-04-15,13.35,17668.3355,13633183.0
2014-04-16,13.5,17866.8561,9740700.0
2014-04-17,13.65,18065.3768,8675932.0
2014-04-21,13.72,18158.0197,9735404.0
2014-04-22,13.75,18197.7238,8953033.0
2014-04-23,13.69,18118.3156,9002742.0
2014-04-24,13.75,18197.7238,8433479.0
2014-04-25,13.38,17708.0396,10712204.0
2014-04-28,13.58,17972.7338,14544552.0
2014-04-29,12.73,16847.7836,35508150.0
2014-04-30,12.61,16688.9671,27599007.0
2014-05-01,12.6,16675.7324,14400526.0
2014-05-02,12.81,16953.6613,17337614.0
2014-05-05,13.07,17297.7637,14657185.0
2014-05-06,12.95,17138.9472,11597504.0
2014-05-07,12.77,16900.7224,9748590.0
2014-05-08,12.8,16930.2484,7199089.0
2014-05-09,12.73,16837.6611,12957848.0
2014-05-12,12.93,17102.1963,9417041.0
2014-05-13,12.8,16930.2484,8806647.0
2014-05-14,12.79,16917.0217,12606188.0
2014-05-15,12.69,16784.7541,12954774.0
2014-05-16,12.8,16930.2484,10994048.0
2014-05-19,12.83,16969.9287,9444739.0
2014-05-20,12.62,16692.1668,11616662.0
2014-05-21,12.8,16930.2484,6774229.0
2014-05-22,12.68,16771.5274,14167930.0
2014-05-23,12.83,16969.9287,8081602.0
2014-05-27,12.95,17128.6498,8627895.0
2014-05-28,13.15,17393.1849,11589107.0
2014-05-29,12.99,17181.5568,13999286.0
2014-05-30,12.83,16969.9287,12814622.0
2014-06-02,12.88,17036.0625,6363956.0
2014-06-03,12.97,17155.1033,6046451.0
2014-06-04,13.05,17260.9174,7743789.0
2014-06-05,13.18,17432.8652,8770689.0
2014-06-06,13.13,17366.7314,6823015.0
2014-06-09,12.76,16877.3414,16697436.0
2014-06-10,12.84,16983.1555,24582661.0
2014-06-11,12.87,17022.8357,17673344.0
2014-06-12,12.8,16930.2484,25173947.0
2014-06-13,12.8,16930.2484,11668063.0
2014-06-16,12.92,17088.9695,14079328.0
2014-06-17,12.6,16665.7133,37104584.0
2014-06-18,12.64,16718.6203,13569759.0
2014-06-19,12.66,16745.0738,17818429.0
2014-06-20,12.71,16811.2076,12072281.0
2014-06-23,12.62,16692.1668,7133208.0
2014-06-24,12.58,16639.2598,7790416.0
2014-06-25,12.7,16797.9809,9018537.0
2014-06-26,12.63,16705.3936,14205411.0
2014-06-27,12.76,16877.3414,14360278.0
2014-06-30,12.77,16890.5682,5761070.0
2014-07-01,12.99,17181.5568,8828733.0
2014-07-02,13.13,17366.7314,7628159.0
2014-07-03,13.11,17340.2779,3812260.0
2014-07-07,13.02,17221.2371,5929210.0
2014-07-08,13.0,17194.7836,9966037.0
2014-07-09,13.02,17221.2371,6304174.0
2014-07-10,13.1,17327.0511,10079424.0
2014-07-11,13.29,17578.3595,14815101.0
2014-07-14,13.03,17234.4638,9524008.0
2014-07-15,12.85,16996.3822,14605548.0
2014-07-16,12.87,17022.8357,8821063.0
2014-07-17,12.46,16480.5387,8086042.0
2014-07-18,12.67,16758.3006,7147922.0
2014-07-21,12.55,16599.5795,8546380.0
2014-07-22,12.85,16996.3822,9623250.0
2014-07-23,13.02,17221.2371,8927007.0
2014-07-24,13.26,17538.6792,18676751.0
2014-07-25,13.11,17340.2779,14072670.0
2014-07-28,12.97,17155.1033,7107826.0
2014-07-29,12.89,17049.2892,5543705.0
2014-07-30,13.14,17379.9582,10821387.0
2014-07-31,12.78,16903.7949,9831087.0
2014-08-01,12.59,16652.4865,9141941.0
2014-08-04,12.81,16943.4752,10021619.0
2014-08-05,12.88,17036.0625,12039199.0
2014-08-06,12.85,17035.3463,10090830.0
2014-08-07,12.26,16253.1787,11662582.0
2014-08-08,12.33,16345.9782,15177554.0
2014-08-11,12.26,16253.1787,6727817.0
2014-08-12,12.37,16399.0065,9228443.0
2014-08-13,12.48,16544.8344,8315672.0
2014-08-14,12.58,16677.4052,5865471.0
2014-08-15,12.46,16518.3203,6157454.0
2014-08-18,12.64,16756.9477,5770646.0
2014-08-19,12.59,16690.6623,8104963.0
2014-08-20,12.6,16703.9194,6536143.0
2014-08-21,12.66,16783.4618,5745281.0
2014-08-22,12.49,16558.0915,7862701.0
2014-08-25,12.46,16518.3203,5699910.0
2014-08-26,12.44,16491.8061,7042892.0
2014-08-27,12.38,16412.2636,5777809.0
2014-08-28,12.35,16372.4924,5559668.0
2014-08-29,12.68,16809.976,9164667.0
2014-09-02,12.59,16690.6623,6770498.0
2014-09-03,12.44,16491.8061,7171348.0
2014-09-04,12.24,16226.6645,8566546.0
2014-09-05,12.01,15921.7517,31428785.0
2014-09-08,12.32,16332.7212,33066832.0
2014-09-09,12.38,16412.2636,20661948.0
2014-09-10,12.51,16584.6057,20114915.0
2014-09-11,12.54,16624.3769,12622735.0
2014-09-12,12.5,16571.3486,13674583.0
2014-09-15,12.39,16425.5207,15903972.0
2014-09-16,12.34,16359.2353,23483014.0
2014-09-17,12.22,16200.1504,21608252.0
2014-09-18,12.42,16465.2919,12799694.0
2014-09-19,12.41,16452.0349,10684918.0
2014-09-22,12.33,16345.9782,6842063.0
2014-09-23,12.17,16133.865,7891761.0
2014-09-24,12.15,16107.3508,9327529.0
2014-09-25,11.95,15842.2092,12174361.0
2014-09-26,12.03,15948.2659,6205507.0
2014-09-29,11.92,15802.438,7170903.0
2014-09-30,11.81,15656.6101,9021982.0
2014-10-01,11.8,15643.3531,11237223.0
2014-10-02,11.85,15709.6384,10095697.0
2014-10-03,11.93,15815.6951,6024922.0
2014-10-06,11.93,15815.6951,11060257.0
2014-10-07,11.78,15616.8389,10542189.0
2014-10-08,12.14,16094.0937,14099055.0
2014-10-09,11.92,15802.438,22081447.0
2014-10-10,11.92,15802.438,12127014.0
2014-10-13,11.74,15563.8106,11006255.0
2014-10-14,11.56,15325.1832,10881595.0
2014-10-15,11.44,15166.0982,12214258.0
2014-10-16,11.45,15179.3553,10614162.0
2014-10-17,11.37,15073.2987,13678309.0
2014-10-20,11.61,15391.4686,6051454.0
2014-10-21,12.03,15948.2659,13140772.0
2014-10-22,12.32,16332.7212,40324161.0
2014-10-23,12.71,16849.7472,21460130.0
2014-10-24,12.99,17220.9454,12397254.0
2014-10-27,13.1,17366.7733,11774112.0
2014-10-28,13.21,17512.6012,13080051.0
2014-10-29,13.14,17419.8016,12756601.0
2014-10-30,13.18,17472.8299,10052887.0
2014-10-31,13.28,17605.4007,18024960.0
2014-11-03,13.3,17631.9149,10502492.0
2014-11-04,13.26,17578.8866,10239842.0
2014-11-05,13.33,17682.1099,18702788.0
2014-11-06,13.36,17721.9046,15675202.0
2014-11-07,13.24,17562.7259,12553243.0
2014-11-10,13.45,17841.2887,16470532.0
2014-11-11,13.41,17788.2291,12611312.0
2014-11-12,13.41,17788.2291,15560509.0
2014-11-13,13.41,17788.2291,9621130.0
2014-11-14,13.36,17721.9046,9229325.0
2014-11-17,13.38,17748.4344,11966472.0
2014-11-18,13.68,18146.3814,27529627.0
2014-11-19,13.09,17363.7524,21932868.0
2014-11-20,12.95,17178.0438,13987354.0
2014-11-21,12.94,17164.7789,13105601.0
2014-11-24,13.14,17430.0769,8030048.0
2014-11-25,12.86,17058.6597,13598722.0
2014-11-26,12.81,16992.3352,10995621.0
2014-11-28,12.87,17071.9246,5447184.0
2014-12-01,12.89,17098.4544,10042656.0
2014-12-02,12.94,17164.7789,6727752.0
2014-12-03,13.04,17297.4279,7927702.0
2014-12-04,12.78,16952.5405,7584051.0
2014-12-05,12.91,17124.9842,6528144.0
2014-12-08,12.94,17164.7789,9787544.0
2014-12-09,13.04,17297.4279,11469971.0
2014-12-10,12.6,16713.7723,9518872.0
2014-12-11,12.89,17098.4544,12638789.0
2014-12-12,13.0,17244.3683,21820215.0
2014-12-15,12.8,16979.0703,20251656.0
2014-12-16,12.95,17178.0438,18073674.0
2014-12-17,13.02,17270.8981,12873145.0
2014-12-18,13.26,17589.2557,11673375.0
2014-12-19,13.15,17443.3418,18616603.0
2014-12-22,13.1,17377.0173,15902008.0
2014-12-23,13.06,17323.9577,10461802.0
2014-12-24,13.13,17416.812,1817734.0
2014-12-26,13.17,17469.8716,4478818.0
2014-12-29,13.23,17549.461,3456439.0
2014-12-30,13.37,17735.1695,6711125.0
2014-12-31,13.25,17575.9908,7875390.0
2015-01-02,13.22,17536.1961,10521165.0
2015-01-05,13.81,18318.8251,17359453.0
2015-01-06,13.7,18172.9112,18291706.0
2015-01-07,14.03,18610.6529,17244214.0
2015-01-08,14.59,19353.4872,27109635.0
2015-01-09,14.65,19433.0766,17955612.0
2015-01-12,14.58,19340.2223,11255709.0
2015-01-13,14.5,19234.1031,13517434.0
2015-01-14,14.5,19234.1031,12896457.0
2015-01-15,14.31,18982.07,13151600.0
2015-01-16,14.46,19181.0435,8766383.0
2015-01-20,14.33,19008.5998,8455470.0
2015-01-21,14.39,19088.1892,7515948.0
2015-01-22,14.93,19804.4937,13704720.0
2015-01-23,14.84,19685.1096,13029983.0
2015-01-26,14.96,19844.2884,8538884.0
2015-01-27,14.74,19552.4607,7902629.0
2015-01-28,14.59,19353.4872,6854345.0
2015-01-29,14.85,19698.3745,10214116.0
2015-01-30,14.81,19645.3149,14003090.0
2015-02-02,14.61,19380.017,9675227.0
2015-02-03,14.65,19433.0766,18812699.0
2015-02-04,14.96,19844.2884,27499061.0
2015-02-05,15.13,20069.7917,20838359.0
2015-02-06,14.72,19525.9309,13945241.0
2015-02-09,14.45,19167.7786,11297148.0
2015-02-10,14.72,19525.9309,7891791.0
2015-02-11,14.58,19340.2223,6227268.0
2015-02-12,14.74,19552.4607,6392228.0
2015-02-13,14.98,19870.8182,6731386.0
2015-02-17,14.84,19685.1096,9950668.0
2015-02-18,16.68,22125.851,55380561.0
2015-02-19,16.45,21820.7583,20098648.0
2015-02-20,16.47,21847.2881,13707222.0
2015-02-23,16.31,21635.0497,11848968.0
2015-02-24,16.62,22046.2616,25563870.0
2015-02-25,16.92,22512.2686,18525775.0
2015-02-26,16.82,22379.2174,11324182.0
2015-02-27,16.9,22485.6584,11291042.0
2015-03-02,17.06,22698.5403,16094917.0
2015-03-03,16.76,22299.3866,10133569.0
2015-03-04,16.79,22339.302,8162231.0
2015-03-05,16.97,22578.7942,9624110.0
2015-03-06,16.56,22033.2842,10105199.0
2015-03-09,16.6,22086.5047,6748133.0
2015-03-10,16.42,21847.0124,10594239.0
2015-03-11,16.58,22059.8944,7045134.0
2015-03-12,16.89,22472.3532,9202731.0
2015-03-13,16.61,22099.8098,7262460.0
2015-03-16,17.24,22938.0326,20810340.0
2015-03-17,17.4,23150.9145,22619968.0
2015-03-18,17.76,23629.899,15151248.0
2015-03-19,17.81,23696.4246,9669579.0
2015-03-20,17.84,23736.34,18358664.0
2015-03-23,17.98,23922.6117,7467637.0
2015-03-24,17.83,23877.5934,7673720.0
2015-03-25,17.52,23462.4474,9581757.0
2015-03-26,17.44,23355.3129,7598272.0
2015-03-27,17.83,23877.5934,6516489.0
2015-03-30,18.07,24198.9968,8079628.0
2015-03-31,17.75,23770.459,8294660.0
2015-04-01,17.65,23636.5409,9809989.0
2015-04-02,17.72,23730.2835,5569950.0
2015-04-06,17.68,23676.7163,11406143.0
2015-04-07,17.69,23690.1081,6549194.0
2015-04-08,17.89,23957.9443,10918282.0
2015-04-09,18.1,24239.1722,7349298.0
2015-04-10,18.1,24239.1722,7935388.0
2015-04-13,17.8,23837.418,6675172.0
2015-04-14,17.9,23971.3361,8542447.0
2015-04-15,18.04,24158.8214,8319832.0
2015-04-16,18.16,24319.5231,7440752.0
2015-04-17,18.4,24640.9265,17765905.0
2015-04-20,18.19,24359.6985,9604192.0
2015-04-21,18.31,24520.4002,9914466.0
2015-04-22,18.41,24654.3183,7415350.0
2015-04-23,18.42,24667.7101,6664239.0
2015-04-24,18.34,24560.5756,4823711.0
2015-04-27,17.98,24078.4705,13442244.0
2015-04-28,17.75,23770.459,19394319.0
2015-04-29,17.59,23556.19,18931389.0
2015-04-30,17.82,23864.2016,23450505.0
2015-05-01,17.74,23757.0671,21817947.0
2015-05-04,17.88,23944.5525,9516849.0
2015-05-05,17.37,23261.5703,11369753.0
2015-05-06,17.3,23193.6931,9747563.0
2015-05-07,17.18,23032.812,7998806.0
2015-05-08,17.51,23475.2351,4921801.0
2015-05-11,17.47,23421.608,6128304.0
2015-05-12,17.27,23153.4729,7323202.0
2015-05-13,17.23,23099.8458,7501445.0
2015-05-14,17.91,24011.5054,11845989.0
2015-05-15,17.85,23931.0649,7508732.0
2015-05-18,18.06,24212.6068,7840556.0
2015-05-19,18.12,24293.0474,5825072.0
2015-05-20,17.98,24105.3527,6047380.0
2015-05-21,17.87,23957.8784,4508177.0
2015-05-22,17.83,23904.2514,3607077.0
2015-05-26,17.77,23823.8108,7217053.0
2015-05-27,17.99,24118.7595,6455027.0
2015-05-28,18.27,24494.1488,26959330.0
2015-05-29,18.27,24494.1488,33431740.0
2015-06-01,18.51,24815.911,10199461.0
2015-06-02,18.29,24520.9623,6791113.0
2015-06-03,18.23,24440.5217,5717612.0
2015-06-04,17.91,24011.5054,6965018.0
2015-06-05,17.85,23931.0649,5828118.0
2015-06-08,17.7,23729.9635,13034158.0
2015-06-09,17.39,23314.354,11875736.0
2015-06-10,17.74,23783.5905,11729691.0
2015-06-11,17.81,23877.4378,7874201.0
2015-06-12,17.56,23542.2689,5390726.0
2015-06-15,17.37,23287.5404,8346481.0
2015-06-16,17.58,23569.0824,7131384.0
2015-06-17,17.61,23609.3027,6413357.0
2015-06-18,18.02,24158.9798,9627548.0
2015-06-19,17.84,23917.6581,25850683.0
2015-06-22,17.89,23984.6919,6729521.0
2015-06-23,17.95,24065.1325,8247459.0
2015-06-24,17.94,24051.7257,7616906.0
2015-06-25,18.23,24440.5217,9633260.0
2015-06-26,18.09,24252.8271,10722756.0
2015-06-29,17.81,23877.4378,11824050.0
2015-06-30,17.7,23729.9635,13621663.0
2015-07-01,17.8,23864.0311,8344493.0
2015-07-02,17.57,23555.6756,7220514.0
2015-07-06,17.55,23528.8621,11220630.0
2015-07-07,17.79,23850.6243,9335293.0
2015-07-08,17.45,23394.7945,9052387.0
2015-07-09,17.45,23394.7945,6763335.0
2015-07-10,17.6,23595.8959,7325202.0
2015-07-13,17.67,23689.7432,8891660.0
2015-07-14,17.89,23984.6919,8237538.0
2015-07-15,17.73,23770.1838,4522981.0
2015-07-16,17.95,24065.1325,4126693.0
2015-07-17,17.94,24051.7257,5927482.0
2015-07-20,17.88,23971.2852,4136076.0
2015-07-21,17.76,23810.404,5299823.0
2015-07-22,18.02,24158.9798,11203542.0
2015-07-23,17.61,23609.3027,18670558.0
2015-07-24,17.36,23274.1337,8270737.0
2015-07-27,17.11,22938.9647,8748611.0
2015-07-28,17.51,23475.2351,10517576.0
2015-07-29,17.32,23220.5066,7823629.0
2015-07-30,17.25,23126.6593,5798704.0
2015-07-31,17.34,23247.3202,6842415.0
2015-08-03,17.11,22938.9647,8510030.0
2015-08-04,17.09,22912.1512,5973328.0
2015-08-05,17.67,23689.7432,11585062.0
2015-08-06,17.42,23411.723,8602642.0
2015-08-07,17.29,23237.0086,6834262.0
2015-08-10,17.33,23290.7669,5290426.0
2015-08-11,17.14,23035.4151,4035195.0
2015-08-12,17.31,23263.8878,9548226.0
2015-08-13,17.25,23183.2504,5679990.0
2015-08-14,17.43,23425.1625,7934431.0
2015-08-17,17.57,23613.3165,5539577.0
2015-08-18,17.56,23599.8769,6309360.0
2015-08-19,17.36,23331.0856,6310608.0
2015-08-20,16.87,22672.5469,8041305.0
2015-08-21,16.35,21973.6895,11847328.0
2015-08-24,15.85,21301.7112,11303797.0
2015-08-25,15.78,21207.6342,11695706.0
2015-08-26,16.37,22000.5686,11468955.0
2015-08-27,16.94,22766.6238,11910996.0
2015-08-28,17.07,22941.3382,8056219.0
2015-08-31,16.74,22497.8325,5975658.0
2015-09-01,16.09,21624.2608,10265268.0
2015-09-02,16.51,22188.7225,7200035.0
2015-09-03,16.53,22215.6017,6513862.0
2015-09-04,16.24,21825.8543,5427913.0
2015-09-08,16.95,22780.0634,10884377.0
2015-09-09,16.63,22349.9973,7073645.0
2015-09-10,16.78,22551.5908,7546483.0
2015-09-11,16.89,22699.426,5115664.0
2015-09-14,16.73,22484.393,4588434.0
2015-09-15,17.08,22954.7778,10292996.0
2015-09-16,17.11,22995.0965,5215704.0
2015-09-17,17.2,23116.0525,8475398.0
2015-09-18,16.75,22511.2721,11096926.0
2015-09-21,16.72,22470.9534,8365017.0
2015-09-22,16.55,22242.4808,5103611.0
2015-09-23,16.75,22511.2721,6698582.0
2015-09-24,16.79,22565.0304,8841033.0
2015-09-25,16.31,21919.9312,8928164.0
2015-09-28,15.88,21342.0299,12272464.0
2015-09-29,16.0,21503.3047,9296629.0
2015-09-30,16.41,22054.3269,14058382.0
2015-10-01,16.69,22430.6347,9983483.0
2015-10-02,16.92,22739.7447,12171025.0
2015-10-05,17.07,22941.3382,11321830.0
2015-10-06,16.57,22269.3599,14237686.0
2015-10-07,16.82,22605.3491,11451677.0
2015-10-08,16.79,22565.0304,8714640.0
2015-10-09,16.88,22685.9864,8346784.0
2015-10-12,16.94,22766.6238,8284247.0
2015-10-13,16.73,22484.393,6035917.0
2015-10-14,16.66,22390.316,7783764.0
2015-10-15,16.85,22645.6677,7456743.0
2015-10-16,17.07,22941.3382,5756471.0
2015-10-19,17.08,22954.7778,6424019.0
2015-10-20,17.19,23102.613,8056570.0
2015-10-21,17.19,23102.613,10816669.0
2015-10-22,16.42,22067.7664,16967782.0
2015-10-23,16.73,22484.393,8740318.0
2015-10-26,16.7,22444.0743,7442334.0
2015-10-27,16.82,22605.3491,9835778.0
2015-10-28,18.4,24728.8004,27839934.0
2015-10-29,18.18,24433.13,13897286.0
2015-10-30,18.28,24567.5256,10157270.0
2015-11-02,18.86,25347.0204,13118670.0
2015-11-03,18.67,25091.6687,7958516.0
2015-11-04,18.67,25114.7919,7518806.0
2015-11-05,18.94,25477.9946,9920505.0
2015-11-06,18.78,25262.7634,13546788.0
2015-11-09,18.59,25007.1763,8181648.0
2015-11-10,18.8,25289.6673,7812489.0
2015-11-11,18.01,24226.9632,21238269.0
2015-11-12,17.74,23863.7605,8626275.0
2015-11-13,17.51,23554.3656,8375203.0
2015-11-16,17.74,23863.7605,9255369.0
2015-11-17,17.58,23648.5293,8340050.0
2015-11-18,17.77,23904.1164,14926198.0
2015-11-19,17.62,23702.3371,6045524.0
2015-11-20,17.87,24038.6359,8357495.0
2015-11-23,18.1,24348.0307,11663666.0
2015-11-24,18.32,24643.9737,11863685.0
2015-11-25,18.38,24724.6854,5379069.0
2015-11-27,18.33,24657.4256,2057999.0
2015-11-30,18.28,24590.1658,6438392.0
2015-12-01,18.52,24913.0127,9490058.0
2015-12-02,18.41,24765.0412,6044573.0
2015-12-03,18.04,24267.319,7867020.0
2015-12-04,18.51,24899.5607,7113414.0
2015-12-07,18.57,24980.2724,8696487.0
2015-12-08,18.73,25195.5036,14709321.0
2015-12-09,18.48,24859.2049,11208883.0
2015-12-10,18.44,24805.3971,8081361.0
2015-12-11,18.1,24348.0307,8994891.0
2015-12-14,18.39,24738.1373,9432798.0
2015-12-15,18.66,25101.34,8590998.0
2015-12-16,18.88,25397.2829,8069320.0
2015-12-17,18.6,25020.6283,6507225.0
2015-12-18,18.19,24469.0983,14910934.0
2015-12-21,18.27,24576.7139,5201790.0
2015-12-22,18.49,24872.6568,7754967.0
2015-12-23,18.74,25208.9556,4657743.0
2015-12-24,18.72,25182.0517,1867144.0
2015-12-28,18.73,25195.5036,3304426.0
2015-12-29,18.74,25208.9556,5214813.0
2015-12-30,18.61,25034.0802,3735311.0
2015-12-31,18.44,24805.3971,5375397.0
2016-01-04,17.99,24200.0593,9750055.0
2016-01-05,18.18,24455.6463,6737900.0
2016-01-06,18.0,24213.5112,8014214.0
2016-01-07,17.64,23729.241,7777710.0
2016-01-08,17.43,23446.75,9210507.0
2016-01-11,17.13,23043.1915,12283554.0
2016-01-12,17.79,23931.0203,14960358.0
2016-01-13,17.55,23608.1734,21568970.0
2016-01-14,18.16,24428.7424,13215438.0
2016-01-15,17.87,24038.6359,13636966.0
2016-01-19,17.57,23635.0774,15022911.0
2016-01-20,17.54,23594.7215,12460691.0
2016-01-21,17.56,23621.6254,10288885.0
2016-01-22,17.85,24011.732,6231581.0
2016-01-25,17.53,23581.2695,9349387.0
2016-01-26,17.38,23379.4903,10804083.0
2016-01-27,17.22,23164.2591,9374926.0
2016-01-28,16.9,22733.7967,8088534.0
2016-01-29,17.53,23581.2695,11113872.0
2016-02-01,17.88,24052.0878,14901814.0
2016-02-02,17.84,23998.28,12802088.0
2016-02-03,17.73,23850.3086,14933094.0
2016-02-04,17.34,23325.6825,29665568.0
2016-02-05,16.62,22357.142,17077341.0
2016-02-08,16.07,21617.2847,16522505.0
2016-02-09,16.87,22693.4408,20135354.0
2016-02-10,16.92,22760.7006,9801850.0
2016-02-11,16.58,22303.3342,9735334.0
2016-02-12,16.64,22384.0459,6172821.0
2016-02-16,17.16,23083.5474,9293745.0
2016-02-17,17.57,23635.0774,9754793.0
2016-02-18,17.21,23150.8071,7226883.0
2016-02-19,17.16,23083.5474,6823394.0
2016-02-22,17.26,23218.0669,6139011.0
2016-02-23,17.24,23191.163,7220696.0
2016-02-24,17.33,23366.8416,8001626.0
2016-02-25,17.32,23353.3581,10619471.0
2016-02-26,17.21,23205.0401,11610829.0
2016-02-29,16.98,22894.9204,10901239.0
2016-03-01,17.22,23218.5235,8749186.0
2016-03-02,17.37,23420.7755,10883980.0
2016-03-03,17.41,23474.7093,6907369.0
2016-03-04,17.44,23515.1597,4921480.0
2016-03-07,17.33,23366.8416,5321945.0
2016-03-08,17.35,23393.8085,7146810.0
2016-03-09,17.42,23488.1928,8407439.0
2016-03-10,17.48,23569.0936,8740872.0
2016-03-11,18.05,24337.651,8380474.0
2016-03-14,18.14,24459.0021,7684129.0
2016-03-15,17.91,24148.8825,5605193.0
2016-03-16,17.89,24121.9155,4494351.0
2016-03-17,17.93,24175.8494,9702758.0
2016-03-18,18.12,24432.0352,10642534.0
2016-03-21,18.11,24418.5517,6189291.0
2016-03-22,18.29,24768.6498,9641655.0
2016-03-23,18.16,24592.6014,6895613.0
2016-03-24,17.93,24281.1312,4358521.0
2016-03-28,18.04,24430.0952,5242643.0
2016-03-29,18.55,25120.7465,10433468.0
2016-03-30,18.82,25486.3854,12500262.0
2016-03-31,18.81,25472.8432,8828715.0
2016-04-01,18.94,25648.8916,8322982.0
2016-04-04,19.47,26366.6272,12221396.0
2016-04-05,19.17,25960.3617,10290189.0
2016-04-06,19.56,26488.5068,11991459.0
2016-04-07,19.29,26122.8679,9557028.0
2016-04-08,19.31,26149.9523,4966287.0
2016-04-11,19.17,25960.3617,7006400.0
2016-04-12,19.31,26149.9523,4305582.0
2016-04-13,19.57,26502.049,6105333.0
2016-04-14,19.55,26474.9646,4830314.0
2016-04-15,19.46,26353.085,6451532.0
2016-04-18,19.47,26366.6272,8678079.0
2016-04-19,19.67,26637.4708,10021777.0
2016-04-20,19.65,26610.3864,8967134.0
2016-04-21,19.59,26529.1334,6336606.0
2016-04-22,19.76,26759.3504,8133955.0
2016-04-25,19.74,26732.2661,9731175.0
2016-04-26,19.69,26664.5552,12252157.0
2016-04-27,21.89,29643.8351,47126620.0
2016-04-28,21.83,29562.582,29459969.0
2016-04-29,21.92,29684.4616,11597509.0
2016-05-02,22.0,29792.7991,11017744.0
2016-05-03,21.78,29494.8711,8318853.0
2016-05-04,21.81,29593.2654,9235508.0
2016-05-05,21.8,29579.6967,8024798.0
2016-05-06,22.03,29891.7761,9715380.0
2016-05-09,22.14,30041.0314,8048380.0
2016-05-10,22.22,30149.5808,7628604.0
2016-05-11,22.06,29932.4821,5112940.0
2016-05-12,22.05,29918.9134,5715353.0
2016-05-13,22.35,30325.9735,16808385.0
2016-05-16,22.67,30760.1708,22901299.0
2016-05-17,22.31,30271.6988,11439354.0
2016-05-18,22.29,30244.5614,9845461.0
2016-05-19,22.17,30081.7374,7417586.0
2016-05-20,22.37,30353.1108,8533288.0
2016-05-23,22.36,30339.5421,6977676.0
2016-05-24,22.53,30570.2095,12423967.0
2016-05-25,22.39,30380.2481,8638193.0
2016-05-26,22.56,30610.9155,6915857.0
2016-05-27,22.58,30638.0528,5446527.0
2016-05-31,22.71,30814.4455,9148524.0
2016-06-01,22.71,30814.4455,7225774.0
2016-06-02,22.99,31194.3682,7137371.0
2016-06-03,22.8,30936.5635,13065059.0
2016-06-06,22.75,30868.7202,10643150.0
2016-06-07,22.63,30705.8962,16328613.0
2016-06-08,22.8,30936.5635,11576603.0
2016-06-09,23.32,31642.1343,19189304.0
2016-06-10,23.02,31235.0742,10149023.0
2016-06-13,22.95,31140.0935,8227969.0
2016-06-14,22.93,31112.9562,9526945.0
2016-06-15,22.8,30936.5635,6450821.0
2016-06-16,22.83,30977.2695,5474764.0
2016-06-17,22.49,30515.9348,40495410.0
2016-06-20,22.85,31004.4069,10088276.0
2016-06-21,22.76,30882.2889,9824932.0
2016-06-22,22.66,30746.6022,8446606.0
2016-06-23,22.97,31167.2309,11494915.0
2016-06-24,22.37,30353.1108,39356606.0
2016-06-27,21.98,29823.9327,14233126.0
2016-06-28,22.35,30325.9735,14216803.0
2016-06-29,23.03,31248.6429,12689583.0
2016-06-30,23.37,31709.9776,11094745.0
2016-07-01,23.41,31764.2523,8180220.0
2016-07-05,23.3,31614.9969,10843266.0
2016-07-06,23.67,32117.0377,12576748.0
2016-07-07,23.66,32103.469,7007514.0
2016-07-08,23.9,32429.117,6861125.0
2016-07-11,23.77,32252.7243,6401541.0
2016-07-12,23.64,32076.3317,11958919.0
2016-07-13,23.63,32062.763,7704495.0
2016-07-14,23.78,32266.293,7583495.0
2016-07-15,23.58,31994.9196,6094254.0
2016-07-18,23.58,31994.9196,5210764.0
2016-07-19,23.75,32225.587,7539526.0
2016-07-20,24.26,32917.5891,10868362.0
2016-07-21,23.92,32456.2544,7737643.0
2016-07-22,23.92,32456.2544,11054201.0
2016-07-25,23.7,32157.7437,7567593.0
2016-07-26,23.98,32537.6664,6308860.0
2016-07-27,23.66,32103.469,10732865.0
2016-07-28,24.34,33026.1384,24280806.0
2016-07-29,24.28,32944.7264,13047320.0
2016-08-01,24.43,33148.2564,7267376.0
2016-08-02,24.17,32795.4711,7115984.0
2016-08-03,23.84,32440.1199,6151457.0
2016-08-04,24.14,32848.3429,8460686.0
2016-08-05,24.14,32848.3429,5602208.0
2016-08-08,23.88,32494.5497,6959412.0
2016-08-09,24.15,32861.9504,7090881.0
2016-08-10,23.88,32494.5497,6047219.0
2016-08-11,23.86,32467.3348,6190066.0
2016-08-12,23.89,32508.1571,4258606.0
2016-08-15,23.97,32617.0166,5015963.0
2016-08-16,23.87,32480.9422,6466285.0
2016-08-17,23.9,32521.7645,6405207.0
2016-08-18,23.96,32603.4091,5172906.0
2016-08-19,24.17,32889.1652,4712158.0
2016-08-22,24.12,32821.1281,3185465.0
2016-08-23,24.11,32807.5206,4339079.0
2016-08-24,23.63,32154.3639,4882285.0
2016-08-25,23.77,32344.8679,7808986.0
2016-08-26,23.97,32617.0166,6744311.0
2016-08-29,24.3,33066.0619,6932297.0
2016-08-30,24.21,32943.595,3580397.0
2016-08-31,23.82,32412.9051,9533137.0
2016-09-01,24.33,33106.8842,9115567.0
2016-09-02,24.26,33011.6321,5511491.0
2016-09-06,24.33,33106.8842,4777366.0
2016-09-07,24.41,33215.7436,6155121.0
2016-09-08,24.48,33310.9956,5542631.0
2016-09-09,23.51,31991.0747,7695481.0
2016-09-12,23.75,32317.653,7481969.0
2016-09-13,23.26,31650.8888,11457659.0
2016-09-14,23.11,31446.7773,17898963.0
2016-09-15,23.62,32140.7564,13201247.0
2016-09-16,23.5,31977.4672,13251776.0
2016-09-19,23.51,31991.0747,7587833.0
2016-09-20,23.31,31718.926,12077323.0
2016-09-21,23.73,32290.4382,6858150.0
2016-09-22,23.73,32290.4382,9681389.0
2016-09-23,23.71,32263.2233,7409316.0
2016-09-26,23.73,32290.4382,8161993.0
2016-09-27,23.72,32276.8307,12317512.0
2016-09-28,23.75,32317.653,6611798.0
2016-09-29,23.3,31705.3186,7278915.0
2016-09-30,23.8,32385.6902,8829535.0
2016-10-03,23.5,31977.4672,4793062.0
2016-10-04,23.28,31678.1037,5918442.0
2016-10-05,23.43,31882.2152,5976084.0
2016-10-06,23.48,31950.2524,6142304.0
2016-10-07,23.48,31950.2524,5153714.0
2016-10-10,23.77,32344.8679,4034929.0
2016-10-11,23.16,31514.8145,9876325.0
2016-10-12,23.18,31542.0294,10648159.0
2016-10-13,23.15,31501.2071,10033357.0
2016-10-14,22.95,31229.0584,6897460.0
2016-10-17,22.82,31052.1618,5110817.0
2016-10-18,23.12,31460.3848,4979577.0
2016-10-19,22.87,31120.199,6632064.0
2016-10-20,23.01,31310.703,8655989.0
2016-10-21,22.82,31052.1618,7203589.0
2016-10-24,22.97,31256.2733,6670695.0
2016-10-25,22.44,30535.0793,12365421.0
2016-10-26,22.09,30058.8192,18703236.0
2016-10-27,21.49,29242.3732,16058823.0
2016-10-28,22.09,30058.8192,17382582.0
2016-10-31,22.0,29936.3523,10905040.0
2016-11-01,21.71,29541.7367,8187307.0
2016-11-02,21.6,29392.055,7536588.0
2016-11-03,21.54,29330.5226,8039955.0
2016-11-04,21.56,29357.7562,8685208.0
2016-11-07,22.04,30011.3611,8110012.0
2016-11-08,22.25,30297.3133,8933356.0
2016-11-09,21.84,29739.0257,17142957.0
2016-11-10,21.88,29793.4928,11747004.0
2016-11-11,21.5,29276.0555,6699281.0
2016-11-14,20.79,28309.2649,14741316.0
2016-11-15,21.14,28785.8518,9575964.0
2016-11-16,21.36,29085.4208,6337426.0
2016-11-17,21.61,29425.84,6227955.0
2016-11-18,21.34,29058.1872,5959456.0
2016-11-21,21.46,29221.5885,7209087.0
2016-11-22,20.84,28377.3487,16236801.0
2016-11-23,20.98,28567.9835,7279994.0
2016-11-25,21.15,28799.4686,3155127.0
2016-11-28,20.75,28254.7978,8356880.0
2016-11-29,20.77,28282.0313,6973346.0
2016-11-30,20.46,27859.9115,12496799.0
2016-12-01,20.09,27356.091,15734352.0
2016-12-02,20.35,27710.127,10982710.0
2016-12-05,20.71,28200.3307,12297076.0
2016-12-06,20.81,28336.4984,7757145.0
2016-12-07,20.61,28064.163,11443188.0
2016-12-08,20.61,28064.163,8719320.0
2016-12-09,20.81,28336.4984,6247211.0
2016-12-12,21.09,28717.768,7307013.0
2016-12-13,21.34,29058.1872,7992735.0
2016-12-14,21.21,28881.1692,7945126.0
2016-12-15,21.26,28949.2531,5105043.0
2016-12-16,21.4,29139.8878,10688624.0
2016-12-19,21.47,29235.2052,7862630.0
2016-12-20,21.53,29316.9059,7521167.0
2016-12-21,21.48,29248.822,5765079.0
2016-12-22,21.66,29493.9239,5825908.0
2016-12-23,21.81,29698.1754,4585686.0
2016-12-27,21.76,29630.0916,3371409.0
2016-12-28,21.62,29439.4568,3542176.0
2016-12-29,21.7,29548.3909,3768656.0
2016-12-30,21.63,29453.0736,4271477.0
2017-01-03,21.88,29793.4928,6822674.0
2017-01-04,22.08,30065.8282,6458620.0
2017-01-05,22.05,30024.9779,5990698.0
2017-01-06,22.15,30161.1456,7549373.0
2017-01-09,22.19,30215.6127,5602512.0
2017-01-10,23.61,32149.194,24138891.0
2017-01-11,23.31,31740.6909,12706178.0
2017-01-12,23.52,32026.6431,7409619.0
2017-01-13,23.82,32435.1462,9486079.0
2017-01-17,23.9,32544.0803,8601621.0
2017-01-18,23.92,32571.3139,5926885.0
2017-01-19,23.88,32516.8468,7677330.0
2017-01-20,23.9,32544.0803,8583138.0
2017-01-23,23.68,32244.5114,7032928.0
2017-01-24,23.54,32053.8766,6206548.0
2017-01-25,23.58,32108.3437,9117322.0
2017-01-26,23.42,31890.4754,4715984.0
2017-01-27,23.87,32503.23,6276036.0
2017-01-30,23.85,32475.9965,9373972.0
2017-01-31,24.06,32761.9487,6519103.0
2017-02-01,23.96,32625.781,13129606.0
2017-02-02,25.1,34178.0927,19394350.0
2017-02-03,25.22,34341.494,10992193.0
2017-02-06,25.14,34232.5598,8153852.0
2017-02-07,25.23,34355.1108,6873987.0
2017-02-08,25.24,34368.7275,7273230.0
2017-02-09,25.34,34504.8952,5370181.0
2017-02-10,25.2,34314.2604,6027410.0
2017-02-13,25.3,34450.4281,8187305.0
2017-02-14,25.18,34287.0269,8874360.0
2017-02-15,25.41,34600.2126,9378474.0
2017-02-16,25.36,34532.1288,6756856.0
2017-02-17,25.39,34572.9791,7363627.0
2017-02-21,25.28,34423.1946,7566482.0
2017-02-22,25.16,34259.7934,7959069.0
2017-02-23,24.48,33378.2021,41278716.0
2017-02-24,24.78,33787.2487,13499376.0
2017-02-27,24.81,33828.1533,8863892.0
2017-02-28,24.55,33473.6463,8463048.0
2017-03-01,24.96,34032.6766,9021058.0
2017-03-02,25.0,34087.2162,7144472.0
2017-03-03,24.98,34059.9464,6655813.0
2017-03-06,24.76,33759.9789,5732461.0
2017-03-07,24.48,33378.2021,8114265.0
2017-03-08,24.52,33432.7416,10503537.0
2017-03-09,24.69,33664.5347,5849759.0
2017-03-10,24.64,33596.3603,4288168.0
2017-03-13,24.74,33732.7091,4043496.0
2017-03-14,24.43,33310.0277,5892269.0
2017-03-15,24.65,33609.9952,5959328.0
2017-03-16,24.29,33119.1392,6779871.0
2017-03-17,24.43,33310.0277,6266722.0
2017-03-20,24.39,33255.4881,3707487.0
2017-03-21,24.14,32914.6159,4881757.0
2017-03-22,24.27,33091.8695,4850918.0
2017-03-23,24.25,33064.5997,4410127.0
2017-03-24,24.32,33160.0439,3852902.0
2017-03-27,24.58,33514.551,7623370.0
2017-03-28,24.7,33813.5945,5243865.0
2017-03-29,24.71,33827.2842,6998731.0
2017-03-30,24.45,33471.3516,8448299.0
2017-03-31,24.87,34046.3196,13222003.0
2017-04-03,24.92,34114.7682,9197652.0
2017-04-04,24.63,33717.7665,8681421.0
2017-04-05,24.42,33430.2825,7997553.0
2017-04-06,24.6,33676.6973,8790109.0
2017-04-07,24.65,33745.1459,5748818.0
2017-04-10,24.52,33567.1796,6596370.0
2017-04-11,24.57,33635.6282,3990838.0
2017-04-12,24.53,33580.8693,4647525.0
2017-04-13,24.44,33457.6619,3427064.0
2017-04-17,24.62,33704.0767,2589543.0
2017-04-18,24.47,33498.731,5355806.0
2017-04-19,24.81,33964.1813,8808308.0
2017-04-20,25.02,34251.6653,5639336.0
2017-04-21,24.86,34032.6299,4287405.0
2017-04-24,25.56,34990.9099,14799478.0
2017-04-25,25.74,35237.3248,10268045.0
2017-04-26,25.97,35552.1882,9479935.0
2017-04-27,26.18,35839.6722,12027348.0
2017-04-28,26.38,36113.4665,9033424.0
2017-05-01,26.4,36140.8459,8323174.0
2017-05-02,26.59,36400.9505,5664889.0
2017-05-03,26.46,36234.3699,3965713.0
2017-05-04,26.35,36083.7357,4621321.0
2017-05-05,26.51,36302.84,3621716.0
2017-05-08,26.39,36138.5117,4093031.0
2017-05-09,26.38,36124.8177,5434978.0
2017-05-10,26.46,36234.3699,4490466.0
2017-05-11,26.37,36111.1237,6196376.0
2017-05-12,26.23,35919.4075,6206288.0
2017-05-15,26.42,36179.5938,8793945.0
2017-05-16,26.48,36261.7579,10521210.0
2017-05-17,25.94,35522.281,7727029.0
2017-05-18,26.14,35796.1613,5673609.0
2017-05-19,26.41,36165.8998,7924635.0
2017-05-22,26.8,36699.9665,7684975.0
2017-05-23,26.67,36521.9442,4190900.0
2017-05-24,27.05,37042.3169,5641192.0
2017-05-25,27.26,37329.8913,4694753.0
2017-05-26,27.32,37412.0554,4828013.0
2017-05-30,27.36,37466.8314,4097128.0
2017-05-31,27.03,37014.9289,12841440.0
2017-06-01,27.61,37809.1819,13257678.0
2017-06-02,27.6,37795.4878,6431999.0
2017-06-05,27.51,37672.2417,4636246.0
2017-06-06,27.5,37658.5477,3772051.0
2017-06-07,27.84,38124.1443,4455452.0
2017-06-08,27.91,38220.0024,6655276.0
2017-06-09,27.82,38096.7562,6084180.0
2017-06-12,27.75,38000.8981,8737506.0
2017-06-13,27.92,38233.6964,5088132.0
2017-06-14,27.82,38096.7562,3727276.0
2017-06-15,27.75,38000.8981,4634895.0
2017-06-16,27.75,38000.8981,8520683.0
2017-06-19,28.25,38685.599,10570987.0
2017-06-20,28.01,38356.9425,4828910.0
2017-06-21,27.91,38220.0024,9109526.0
2017-06-22,27.86,38151.5323,6819306.0
2017-06-23,28.1,38480.1887,8175158.0
2017-06-26,27.72,37959.816,8288702.0
2017-06-27,27.81,38083.0622,10896719.0
2017-06-28,28.12,38507.5767,20242342.0
2017-06-29,27.82,38096.7562,7478145.0
2017-06-30,27.72,37959.816,5193651.0
2017-07-03,27.63,37836.5699,2402803.0
2017-07-05,27.63,37836.5699,7685475.0
2017-07-06,27.31,37398.3613,5296538.0
2017-07-07,27.59,37781.7938,4103261.0
2017-07-10,27.56,37740.7118,4123715.0
2017-07-11,27.53,37699.6297,6114740.0
2017-07-12,27.82,38096.7562,3573738.0
2017-07-13,27.59,37781.7938,4206554.0
2017-07-14,27.78,38041.9801,3449959.0
2017-07-17,27.69,37918.734,4078836.0
2017-07-18,27.79,38055.6742,3248990.0
2017-07-19,27.93,38247.3904,3121036.0
2017-07-20,27.73,37973.5101,6199767.0
2017-07-21,27.62,37822.8759,4648524.0
2017-07-24,27.62,37822.8759,5310518.0
2017-07-25,27.58,37768.0998,4478813.0
2017-07-26,27.42,37548.9955,4554391.0
2017-07-27,27.05,37042.3169,13914634.0
2017-07-28,27.01,37016.2476,5172041.0
2017-07-31,26.62,36481.7665,7377357.0
2017-08-01,26.48,36289.9014,5613994.0
2017-08-02,26.51,36331.0154,6325273.0
2017-08-03,26.74,36690.6772,5046593.0
2017-08-04,26.83,36814.1686,3568109.0
2017-08-07,26.76,36718.1197,3415622.0
2017-08-08,26.51,36375.0879,4581358.0
2017-08-09,26.57,36457.4156,3405143.0
2017-08-10,26.26,36032.0562,5854333.0
2017-08-11,26.41,36237.8752,3285998.0
2017-08-14,26.68,36608.3495,3835639.0
2017-08-15,26.47,36320.2029,5490216.0
2017-08-16,26.68,36608.3495,5930127.0
2017-08-17,26.64,36553.4645,5933926.0
2017-08-18,26.89,36896.4962,5850175.0
2017-08-21,26.89,36896.4962,4395652.0
2017-08-22,27.21,37335.5769,4223925.0
2017-08-23,26.84,36827.8899,3838696.0
2017-08-24,26.71,36649.5133,3998300.0
2017-08-25,26.72,36663.2346,3666381.0
2017-08-28,26.97,37006.2664,3326571.0
2017-08-29,27.05,37116.0365,3163075.0
2017-08-30,27.08,37157.2004,2767233.0
2017-08-31,27.55,37802.1001,6984100.0
2017-09-01,27.5,37733.4937,4527823.0
2017-09-05,27.57,37829.5426,4770123.0
2017-09-06,28.22,38721.4252,5904610.0
2017-09-07,28.54,39160.5058,5791431.0
2017-09-08,28.79,39503.5376,5336185.0
2017-09-11,28.95,39723.0779,5695829.0
2017-09-12,29.01,39805.4055,4497906.0
2017-09-13,29.08,39901.4544,5966605.0
2017-09-14,28.97,39750.5205,4785017.0
2017-09-15,28.93,39695.6354,7680402.0
2017-09-18,28.99,39777.963,5067330.0
2017-09-19,28.69,39366.3249,3247846.0
2017-09-20,28.84,39572.1439,3959948.0
2017-09-21,28.76,39462.3738,5167520.0
2017-09-22,28.85,39585.8652,3131553.0
2017-09-25,28.75,39448.6525,4361872.0
2017-09-26,28.68,39352.6036,3104299.0
2017-09-27,28.86,39599.5865,4173818.0
2017-09-28,28.74,39434.9312,3713019.0
2017-09-29,29.17,40024.9459,4984014.0
2017-10-02,29.47,40436.584,5908798.0
2017-10-03,29.02,39819.1268,3934154.0
2017-10-04,29.24,40120.9948,3681518.0
2017-10-05,29.43,40381.6989,3702266.0
2017-10-06,29.5,40477.7478,4980172.0
2017-10-09,29.33,40244.4862,4343509.0
2017-10-10,29.34,40258.2075,3214764.0
2017-10-11,29.27,40162.1586,2664677.0
2017-10-12,29.43,40381.6989,3575741.0
2017-10-13,29.44,40395.4202,3383917.0
2017-10-16,29.16,40011.2246,4441535.0
2017-10-17,29.4,40340.5351,4725951.0
2017-10-18,29.52,40505.1903,5313739.0
2017-10-19,29.57,40573.7967,2590834.0
2017-10-20,29.69,40738.4519,4708025.0
2017-10-23,29.61,40628.6818,4495603.0
2017-10-24,29.8,40889.3859,4468808.0
2017-10-25,29.61,40628.6818,7756919.0
2017-10-26,28.82,39562.2449,12223783.0
2017-10-27,28.5,39122.9694,10274637.0
2017-10-30,28.16,38656.2393,6885770.0
2017-10-31,28.14,38628.7845,8527816.0
2017-11-01,27.85,38230.6912,6185259.0
2017-11-02,27.44,37680.485,13217229.0
2017-11-03,27.86,38257.2271,7182897.0
2017-11-06,27.81,38188.5673,7662024.0
2017-11-07,27.96,38394.5467,4884141.0
2017-11-08,28.1,38586.794,7645584.0
2017-11-09,28.59,39259.6598,9620206.0
2017-11-10,28.36,38943.8249,6526094.0
2017-11-13,28.45,39067.4125,4722382.0
2017-11-14,28.32,38888.897,6892846.0
2017-11-15,28.01,38463.2064,5377481.0
2017-11-16,28.28,38833.9692,3846385.0
2017-11-17,28.26,38806.5053,5264063.0
2017-11-20,28.35,38930.0929,3410638.0
2017-11-21,28.8,39548.0309,5998650.0
2017-11-22,28.47,39094.8764,5265186.0
2017-11-24,28.66,39355.7835,1236835.0
2017-11-27,28.51,39149.8042,3255106.0
2017-11-28,26.39,36238.6297,34262589.0
2017-11-29,25.95,35634.4237,25930380.0
2017-11-30,26.28,36087.5782,18722438.0
2017-12-01,26.15,35909.0628,16183181.0
2017-12-04,24.9,34192.5684,20707949.0
2017-12-05,24.94,34247.4962,15065687.0
2017-12-06,25.24,34659.4548,12018646.0
2017-12-07,25.04,34384.8157,9674608.0
2017-12-08,25.77,35387.2485,14297555.0
2017-12-11,25.5,35016.4857,9054744.0
2017-12-12,25.61,35167.5372,11201624.0
2017-12-13,25.71,35304.8567,9586829.0
2017-12-14,25.62,35181.2691,10490127.0
2017-12-15,25.78,35400.9804,12186964.0
2017-12-18,25.78,35400.9804,8356758.0
2017-12-19,25.49,35002.7537,8793170.0
2017-12-20,25.37,34837.9703,8204406.0
2017-12-21,25.14,34522.1353,5700226.0
2017-12-22,25.1,34467.2075,5358253.0
2017-12-26,25.13,34508.4033,2988159.0
2017-12-27,25.2,34604.527,3796271.0
2017-12-28,25.19,34590.7951,6739975.0
2017-12-29,24.79,34041.5169,6146955.0
2018-01-02,25.28,34714.3827,9980547.0
2018-01-03,25.56,35098.8774,8543022.0
2018-01-04,25.32,34769.3105,7928638.0
2018-01-05,25.97,35661.8876,14260396.0
2018-01-08,25.81,35442.1763,10847127.0
2018-01-09,27.96,38394.5467,24987924.0
2018-01-10,27.52,37790.3406,13011025.0
2018-01-11,27.43,37666.753,8984307.0
2018-01-12,27.46,37707.9489,8746401.0
2018-01-16,26.98,37048.815,11087642.0
2018-01-17,27.25,37419.5778,5864654.0
2018-01-18,27.4,37625.5572,6942018.0
2018-01-19,27.65,37968.856,10024428.0
2018-01-22,27.71,38051.2478,7973936.0
2018-01-23,27.82,38202.2993,5609745.0
2018-01-24,27.91,38325.8869,4514224.0
2018-01-25,28.26,38806.5053,5563261.0
2018-01-26,28.42,39026.2166,9570059.0
2018-01-29,28.33,38902.629,6041612.0
2018-01-30,28.03,38490.6703,8690151.0
2018-01-31,27.96,38394.5467,10130067.0
2018-02-01,27.63,37941.3921,13699166.0
2018-02-02,27.39,37611.8252,9756177.0
2018-02-05,26.4,36252.3616,13077176.0
2018-02-06,26.72,36691.7842,14089492.0
2018-02-07,26.32,36142.506,8216683.0
2018-02-08,25.2,34604.527,12598201.0
2018-02-09,25.92,35593.2278,11066361.0
2018-02-12,26.18,35950.2586,8449844.0
2018-02-13,26.11,35854.1349,6249868.0
2018-02-14,26.81,36815.3718,8048659.0
2018-02-15,27.09,37199.8666,6340659.0
2018-02-16,27.2,37350.9181,6707715.0
2018-02-20,26.83,36888.8567,7059185.0
2018-02-21,26.77,36806.362,4939588.0
2018-02-22,26.48,36407.6379,6073968.0
2018-02-23,27.2,37397.5737,5748901.0
2018-02-26,27.62,37975.0362,6706166.0
2018-02-27,27.45,37741.3014,6329990.0
2018-02-28,27.26,37480.0683,5857407.0
2018-03-01,26.5,36435.1361,8827287.0
2018-03-02,26.77,36806.362,10191227.0
2018-03-05,27.41,37686.3049,5949318.0
2018-03-06,27.41,37686.3049,5067949.0
2018-03-07,27.59,37933.7889,4006731.0
2018-03-08,27.85,38291.2657,5694208.0
2018-03-09,28.54,39239.9541,7702189.0
2018-03-12,28.54,39239.9541,7963439.0
2018-03-13,28.43,39088.714,3804683.0
2018-03-14,28.01,38511.2514,8571669.0
2018-03-15,27.84,38277.5166,6244552.0
2018-03-16,27.93,38401.2586,7858888.0
2018-03-19,27.62,37975.0362,5204697.0
2018-03-20,27.67,38043.7818,3722704.0
2018-03-21,27.66,38030.0326,4499329.0
2018-03-22,26.94,37040.0969,6294487.0
2018-03-23,26.3,36160.154,7242832.0
2018-03-26,27.25,37466.3192,7456644.0
2018-03-27,27.03,37163.8388,8868762.0
2018-03-28,26.68,36804.9319,5372257.0
2018-03-29,27.32,37687.8088,11113754.0
2018-04-02,26.84,37025.6511,8562274.0
2018-04-03,27.46,37880.9381,9050553.0
2018-04-04,27.74,38267.1968,7775592.0
2018-04-05,28.09,38750.0201,5880832.0
2018-04-06,27.35,37729.1937,6451369.0
2018-04-09,27.51,37949.9129,4867510.0
2018-04-10,27.9,38487.916,5483704.0
2018-04-11,27.93,38529.3009,4429894.0
2018-04-12,28.23,38943.1494,11798694.0
2018-04-13,28.31,39053.5091,7787840.0
2018-04-16,28.83,39770.8466,9003754.0
2018-04-17,28.86,39812.2314,10078326.0
2018-04-18,28.94,39922.591,5352226.0
2018-04-19,28.89,39853.6163,5764900.0
2018-04-20,28.84,39784.6415,8660986.0
2018-04-23,28.82,39757.0516,5702761.0
2018-04-24,28.5,39315.6131,8332631.0
2018-04-25,29.42,40584.7487,15887144.0
2018-04-26,29.45,40626.1336,6884572.0
2018-04-27,29.23,40322.6446,7468757.0
2018-04-30,28.72,39619.1021,16530122.0
2018-05-01,29.48,40676.8136,9709196.0
2018-05-02,29.27,40387.0534,7367782.0
2018-05-03,29.43,40607.8231,7967709.0
2018-05-04,29.55,40773.4003,5138914.0
2018-05-07,29.94,41311.5264,5734905.0
2018-05-08,29.83,41159.7473,5647054.0
2018-05-09,29.83,41159.7473,4007900.0
2018-05-10,30.28,41780.662,4569723.0
2018-05-11,29.97,41352.9207,6404923.0
2018-05-14,29.86,41201.1416,8855673.0
2018-05-15,29.62,40869.9871,5272361.0
2018-05-16,29.97,41352.9207,7238206.0
2018-05-17,30.32,41835.8544,7304374.0
2018-05-18,30.45,42015.2298,3984414.0
2018-05-21,30.65,42291.1919,7187505.0
2018-05-22,30.27,41766.8639,7567221.0
2018-05-23,30.46,42029.0279,4660101.0
2018-05-24,30.4,41946.2393,3234413.0
2018-05-25,30.31,41822.0563,2685722.0
2018-05-29,30.2,41670.2772,3882545.0
2018-05-30,30.51,42098.0184,4794154.0
2018-05-31,30.39,41932.4412,7302081.0
2018-06-01,30.59,42208.4033,7102776.0
2018-06-04,30.6,42222.2014,4085178.0
2018-06-05,30.72,42387.7786,6452443.0
2018-06-06,30.8,42498.1635,6337604.0
2018-06-07,31.03,42815.5199,10856075.0
2018-06-08,31.95,44084.9455,14035809.0
2018-06-11,34.32,47355.0964,34449399.0
2018-06-12,33.84,46692.7874,21974322.0
2018-06-13,31.73,43781.3872,22257009.0
2018-06-14,32.51,44857.6394,12428830.0
2018-06-15,32.96,45478.5541,12738411.0
2018-06-18,32.29,44554.0811,6433028.0
2018-06-19,31.92,44043.5512,6482772.0
2018-06-20,32.23,44471.2925,6642475.0
2018-06-21,32.15,44360.9076,4500780.0
2018-06-22,32.62,45009.4186,9684104.0
2018-06-25,32.12,44319.5133,4098076.0
2018-06-26,32.0,44153.9361,5636438.0
2018-06-27,31.85,43946.9645,5918826.0
2018-06-28,32.5,44843.8413,5674082.0
2018-06-29,32.7,45119.8034,8656960.0
2018-07-02,32.83,45299.1788,4860858.0
2018-07-03,33.21,45823.5068,4172956.0
2018-07-05,33.22,45837.3049,6763279.0
2018-07-06,33.61,46375.431,4170725.0
2018-07-09,33.79,46623.7969,3770748.0
2018-07-10,33.56,46306.4404,6806983.0
2018-07-11,33.34,46002.8821,4038278.0
2018-07-12,33.34,46002.8821,4704227.0
2018-07-13,33.35,46016.6802,4994380.0
2018-07-16,33.15,45740.7181,7234801.0
2018-07-17,33.95,46844.5665,8800409.0
2018-07-18,33.74,46554.8063,6430940.0
2018-07-19,33.72,46527.2101,2756800.0
2018-07-20,33.77,46596.2007,5196792.0
2018-07-23,33.71,46513.412,5941352.0
2018-07-24,33.57,46320.2386,9193553.0
2018-07-25,34.32,47355.0964,12278337.0
2018-07-26,34.33,47368.8945,6327940.0
2018-07-27,33.77,46596.2007,5504254.0
2018-07-30,32.93,45437.1598,9844896.0
2018-07-31,33.61,46480.1018,9438065.0
2018-08-01,33.39,46175.8583,5737304.0
2018-08-02,33.38,46162.0291,6269155.0
2018-08-03,33.53,46369.4678,4425877.0
2018-08-06,33.15,45843.9564,5421800.0
2018-08-07,33.22,45940.7611,4189246.0
2018-08-08,34.29,47420.4906,9790849.0
2018-08-09,33.85,46812.0037,8309176.0
2018-08-10,33.55,46397.1263,4485999.0
2018-08-13,33.3,46051.3951,4552790.0
2018-08-14,33.7,46604.565,7462425.0
2018-08-15,34.89,48250.2455,16216544.0
2018-08-16,34.29,47420.4906,7195775.0
2018-08-17,34.41,47586.4416,5113876.0
2018-08-20,34.57,47807.7095,5244073.0
2018-08-21,34.49,47697.0756,6884060.0
2018-08-22,34.47,47669.4171,4153056.0
2018-08-23,34.35,47503.4661,3732440.0
2018-08-24,34.72,48015.1483,5511159.0
2018-08-27,34.94,48319.3917,4225402.0
2018-08-28,35.06,48485.3427,5539678.0
2018-08-29,35.54,49149.1466,6682756.0
2018-08-30,35.4,48955.5371,4220045.0
2018-08-31,35.56,49176.8051,5012796.0
2018-09-04,36.05,49854.4382,8512922.0
2018-09-05,35.75,49439.5608,5798674.0
2018-09-06,35.99,49771.4627,5033048.0
2018-09-07,35.85,49577.8533,4512502.0
2018-09-10,35.84,49564.024,3765192.0
2018-09-11,36.14,49978.9014,5396390.0
2018-09-12,36.44,50393.7789,5704357.0
2018-09-13,37.62,52025.6301,14332530.0
2018-09-14,37.39,51707.5574,8119467.0
2018-09-17,37.27,51541.6064,6155582.0
2018-09-18,37.62,52025.6301,5847795.0
2018-09-19,37.49,51845.8499,4633348.0
2018-09-20,37.82,52302.2151,4742099.0
2018-09-21,37.77,52233.0688,7887691.0
2018-09-24,38.4,53104.3114,6910391.0
2018-09-25,38.61,53394.7256,8731831.0
2018-09-26,38.63,53422.3841,8444160.0
2018-09-27,38.34,53021.336,5881162.0
2018-09-28,38.5,53242.6039,6482627.0
2018-10-01,38.98,53906.4078,8289743.0
2018-10-02,39.04,53989.3833,6064862.0
2018-10-03,38.61,53394.7256,5930173.0
2018-10-04,38.0,52551.1415,6461042.0
2018-10-05,37.85,52343.7028,5306140.0
2018-10-08,37.3,51583.0942,6896484.0
2018-10-09,37.41,51735.2159,6492149.0
2018-10-10,36.11,49937.4137,12220714.0
2018-10-11,36.0,49785.292,11330799.0
2018-10-12,36.99,51154.3875,8744278.0
2018-10-15,36.43,50379.9496,5792670.0
2018-10-16,38.11,52703.2633,9195355.0
2018-10-17,38.0,52551.1415,9311672.0
2018-10-18,37.53,51901.1669,7009047.0
2018-10-19,36.54,50532.0714,8448540.0
2018-10-22,36.62,50642.7053,6492768.0
2018-10-23,36.03,49826.7797,10958087.0
2018-10-24,35.68,49342.756,12603115.0
2018-10-25,36.39,50324.6326,8974908.0
2018-10-26,35.83,49550.1948,9468127.0
2018-10-29,35.38,48958.8716,11133727.0
2018-10-30,35.91,49692.286,8167260.0
2018-10-31,36.14,50010.5602,9220556.0
2018-11-01,36.99,51186.7909,9581174.0
2018-11-02,36.81,50937.7067,4560864.0
2018-11-05,36.36,50314.9964,4764871.0
2018-11-06,36.85,50993.0588,4151044.0
2018-11-07,37.95,52515.2396,6746038.0
2018-11-08,38.44,53193.302,5021314.0
2018-11-09,38.6,53414.7101,9208783.0
2018-11-12,36.93,51103.7628,6556669.0
2018-11-13,36.66,50730.1366,3622091.0
2018-11-14,36.21,50107.4263,5520814.0
2018-11-15,36.47,50467.2145,9055207.0
2018-11-16,37.21,51491.2271,7537552.0
2018-11-19,35.29,48834.3296,10485543.0
2018-11-20,34.05,47118.4166,19874368.0
2018-11-21,34.6,47879.507,6972071.0
2018-11-23,34.8,48156.2672,2313434.0
2018-11-26,35.01,48446.8653,6987574.0
2018-11-27,35.26,48792.8155,7796958.0
2018-11-28,36.65,50716.2986,8455156.0
2018-11-29,37.04,51255.9809,6152758.0
2018-11-30,37.67,52127.7754,9795135.0
2018-12-03,38.51,53290.1681,8315210.0
2018-12-04,36.52,50536.4045,8966181.0
2018-12-06,36.77,50882.3547,9679674.0
2018-12-07,35.48,49097.2517,7395838.0
2018-12-10,36.15,50024.3982,5738952.0
2018-12-11,36.56,50591.7566,5806524.0
2018-12-12,37.1,51339.009,6993726.0
2018-12-13,36.98,51172.9529,5070835.0
2018-12-14,35.8,49540.068,6822494.0
2018-12-17,34.05,47118.4166,9913194.0
2018-12-18,34.31,47478.2048,9258645.0
2018-12-19,33.98,47021.5505,7302858.0
2018-12-20,33.26,46025.214,9200748.0
2018-12-21,32.83,45430.1796,14305331.0
2018-12-24,31.73,43907.9988,4004958.0
2018-12-26,33.68,46606.4103,6578184.0
2018-12-27,34.48,47713.4509,7353562.0
2018-12-28,34.67,47976.3731,6442041.0
2018-12-31,35.34,48903.5196,4434571.0
2019-01-02,34.46,47685.7749,6336937.0
2019-01-03,32.91,45540.8837,10488852.0
2019-01-04,34.21,47339.8247,8072508.0
2019-01-07,34.42,47630.4229,6473938.0
2019-01-08,35.38,48958.8716,10263817.0
2019-01-09,35.88,49650.772,7518134.0
2019-01-10,35.95,49747.6381,5123602.0
2019-01-11,35.56,49207.9558,5494505.0
2019-01-14,35.31,48862.0056,3817444.0
2019-01-15,36.72,50813.1647,10873894.0
2019-01-16,36.62,50674.7846,5535844.0
2019-01-17,36.81,50937.7067,6405165.0
2019-01-18,37.69,52155.4514,9464760.0
2019-01-22,37.26,51560.4171,5865945.0
2019-01-23,37.19,51463.551,3862688.0
2019-01-24,37.23,51518.9031,5939762.0
2019-01-25,37.45,51823.3392,3919156.0
2019-01-28,36.85,50993.0588,5259010.0
2019-01-29,37.01,51214.4669,8032924.0
2019-01-30,37.42,51781.8252,13212457.0
2019-01-31,38.15,52791.9998,10807106.0
2019-02-01,37.93,52487.5636,6005151.0
2019-02-04,37.93,52487.5636,6793987.0
2019-02-05,37.75,52238.4795,11034201.0
2019-02-06,38.77,53649.9563,11376577.0
2019-02-07,38.85,53760.6603,9183551.0
2019-02-08,39.19,54231.1526,6419654.0
2019-02-11,39.31,54397.2087,5841954.0
2019-02-12,40.04,55407.3833,7507286.0
2019-02-13,39.6,54798.5109,6236764.0
2019-02-14,39.92,55241.3272,5203278.0
2019-02-15,40.01,55365.8692,10376243.0
2019-02-19,39.86,55244.4424,4050673.0
2019-02-20,40.11,55590.9329,7687455.0
2019-02-21,40.12,55604.7925,8418015.0
2019-02-22,40.52,56159.1772,9321450.0
2019-02-25,39.99,55424.6174,12139015.0
2019-02-26,39.86,55244.4424,4397267.0
2019-02-27,39.93,55341.4597,5260191.0
2019-02-28,40.12,55604.7925,5797311.0
2019-03-01,40.75,56477.9485,5828016.0
2019-03-04,40.3,55854.2656,7911599.0
2019-03-05,40.19,55701.8098,4268687.0
2019-03-06,39.78,55133.5654,3914281.0
2019-03-07,39.59,54870.2327,4793555.0
2019-03-08,39.51,54759.3557,4583118.0
2019-03-11,39.9,55299.8808,4580112.0
2019-03-12,40.26,55798.8271,3474191.0
2019-03-13,40.23,55757.2483,6060477.0
2019-03-14,40.05,55507.7751,6345712.0
2019-03-15,40.21,55729.529,9811743.0
2019-03-18,37.97,52624.9743,19132324.0
2019-03-19,38.17,52902.1667,10570113.0
2019-03-20,37.86,52472.5185,9626787.0
2019-03-21,38.15,52874.4475,8094259.0
2019-03-22,37.3,51696.3798,6679932.0
2019-03-25,37.64,52167.6069,8377955.0
2019-03-26,37.84,52444.7993,7302504.0
2019-03-27,37.49,52129.8391,4763625.0
2019-03-28,37.92,52727.754,4708811.0
2019-03-29,38.38,53367.3839,7767907.0
2019-04-01,38.66,53756.7239,11464908.0
2019-04-02,38.52,53562.0539,5725347.0
2019-04-03,38.33,53297.8589,6895781.0
2019-04-04,38.16,53061.474,4049865.0
2019-04-05,38.16,53061.474,4630187.0
2019-04-08,38.15,53047.569,4870844.0
2019-04-09,38.21,53130.999,4627534.0
2019-04-10,38.36,53339.5739,5896182.0
2019-04-11,37.92,52727.754,4887601.0
2019-04-12,37.73,52463.559,4800065.0
2019-04-15,37.81,52574.799,5124149.0
2019-04-16,36.17,50294.3793,32945471.0
2019-04-17,34.91,48542.3495,16029721.0
2019-04-18,35.11,48820.4495,10280978.0
2019-04-22,34.93,48570.1595,7824238.0
2019-04-23,35.89,49905.0393,13873959.0
2019-04-24,35.44,49279.3144,19865526.0
2019-04-25,36.93,51351.1592,13209911.0
2019-04-26,37.38,51976.8841,9621611.0
2019-04-29,36.73,51078.6665,6017952.0
2019-04-30,37.12,51621.021,7938896.0
2019-05-01,36.38,50591.9382,6080986.0
2019-05-02,36.89,51301.1709,10698571.0
2019-05-03,37.2,51732.2732,7869321.0
2019-05-06,37.37,51968.6841,7742255.0
2019-05-07,36.77,51134.2926,6402978.0
2019-05-08,36.7,51036.947,7128881.0
2019-05-09,37.07,51551.4884,8510493.0
2019-05-10,36.58,50870.0687,7458652.0
2019-05-13,35.97,50021.7706,5475964.0
2019-05-14,36.76,51120.3861,6567209.0
2019-05-15,37.07,51551.4884,8536891.0
2019-05-16,37.62,52316.3473,7498805.0
2019-05-17,37.32,51899.1515,5482060.0
2019-05-20,37.29,51857.4319,5053399.0
2019-05-21,37.7,52427.5995,7933020.0
2019-05-22,37.73,52469.3191,3714170.0
2019-05-23,37.79,52552.7582,6282454.0
2019-05-24,38.47,53498.4019,8232433.0
2019-05-28,38.45,53470.5889,14470380.0
2019-05-29,38.07,52942.1409,6052452.0
2019-05-30,38.44,53456.6823,6964456.0
2019-05-31,38.41,53414.9628,6825941.0
2019-06-03,38.29,53248.0845,5730807.0
2019-06-04,39.05,54304.9804,6982019.0
2019-06-05,40.01,55640.0068,11081602.0
2019-06-06,40.54,56377.0526,12114685.0
2019-06-07,41.28,57406.1354,17415488.0
2019-06-10,41.45,57642.5464,8012411.0
2019-06-11,41.17,57253.1637,8341713.0
2019-06-12,40.8,56738.6222,7019089.0
2019-06-13,40.66,56543.9309,7260904.0
2019-06-14,40.42,56210.1743,5410026.0
2019-06-17,40.68,56571.7439,3746010.0
2019-06-18,40.94,56933.3136,5983033.0
2019-06-19,41.66,57934.5834,6328720.0
2019-06-20,41.86,58212.7139,6131648.0
2019-06-21,41.69,57976.303,8605754.0
2019-06-24,42.01,58421.3118,5406961.0
2019-06-25,41.72,58018.0226,5624524.0
2019-06-26,41.39,57559.1072,6176854.0
2019-06-27,41.93,58310.0596,8356886.0
2019-06-28,42.98,59770.2447,12753860.0
2019-07-01,42.9,59658.9925,7523287.0
2019-07-02,42.69,59366.9555,7757278.0
2019-07-03,42.63,59283.5163,3683617.0
2019-07-05,42.62,59269.6098,4121651.0
2019-07-08,42.61,59255.7033,6206470.0
2019-07-09,43.06,59881.4969,5833922.0
2019-07-10,42.89,59645.086,6689522.0
2019-07-11,43.2,60076.1883,4745296.0
2019-07-12,42.25,58755.0684,8970563.0
2019-07-15,42.45,59033.1989,4466068.0
2019-07-16,41.86,58212.7139,4966362.0
2019-07-17,42.24,58741.1619,6087708.0
2019-07-18,42.64,59297.4229,6095906.0
2019-07-19,42.25,58755.0684,6840053.0
2019-07-22,42.5,59102.7315,5290999.0
2019-07-23,42.88,59631.1795,6836699.0
2019-07-24,42.87,59617.2729,8422148.0
2019-07-25,42.01,58421.3118,6209420.0
2019-07-26,42.08,58518.6575,4943200.0
2019-07-29,42.29,58810.6945,3951645.0
2019-07-30,42.86,59702.841,4635168.0
2019-07-31,42.46,59145.6517,6861531.0
2019-08-01,42.61,59354.5977,7800446.0
2019-08-02,42.75,59549.614,5341256.0
2019-08-05,41.36,57613.3809,7200056.0
2019-08-06,42.33,58964.5651,4301469.0
2019-08-07,42.18,58755.6191,5671917.0
2019-08-08,42.76,59563.5437,5057700.0
2019-08-09,43.2,60176.452,4827247.0
2019-08-12,42.33,58964.5651,3836215.0
2019-08-13,42.86,59702.841,3449020.0
2019-08-14,41.43,57710.889,5677036.0
2019-08-15,41.87,58323.7973,4467252.0
2019-08-16,42.15,58713.8299,3274945.0
2019-08-19,42.74,59535.6842,2755449.0
2019-08-20,42.5,59201.3706,4168875.0
2019-08-21,42.55,59271.0193,3742733.0
2019-08-22,42.69,59466.0356,3333786.0
2019-08-23,41.17,57348.7159,5308114.0
2019-08-26,41.85,58295.9379,3434774.0
2019-08-27,42.22,58811.338,5996740.0
2019-08-28,42.49,59187.4409,4208132.0
2019-08-29,42.84,59674.9816,5804908.0
2019-08-30,42.73,59521.7545,3234418.0
2019-09-03,41.67,58045.2027,4695509.0
2019-09-04,42.05,58574.5326,3490907.0
2019-09-05,42.61,59354.5977,4867007.0
2019-09-06,43.45,60524.6954,6349373.0
2019-09-09,41.74,58142.7108,6171451.0
2019-09-10,41.3,57529.8025,10912248.0
2019-09-11,42.3,58922.7759,6370370.0
2019-09-12,42.24,58839.1975,5676761.0
2019-09-13,41.81,58240.2189,4535393.0
2019-09-16,41.94,58421.3055,3097038.0
2019-09-17,42.32,58950.6354,3943535.0
2019-09-18,42.9,59758.56,3984372.0
2019-09-19,43.06,59981.4357,6475996.0
2019-09-20,43.29,60301.8196,8006073.0
2019-09-23,43.15,60106.8033,4314424.0
2019-09-24,42.33,58964.5651,6527504.0
2019-09-25,42.2,58783.4786,4454999.0
2019-09-26,42.35,58992.4246,5208332.0
2019-09-27,40.31,56150.7588,10846181.0
2019-09-30,40.69,56680.0887,8029296.0
2019-10-01,40.24,56053.2507,6123800.0
2019-10-02,39.15,54534.9096,8431489.0
2019-10-03,39.75,55370.6937,5536149.0
2019-10-04,40.53,56457.213,6235817.0
2019-10-07,40.35,56206.4777,3616638.0
2019-10-08,37.87,52751.9036,19613371.0
2019-10-09,38.61,53782.704,8652886.0
2019-10-10,37.98,52905.1307,17401253.0
2019-10-11,38.23,53253.3741,16058114.0
2019-10-14,37.97,52891.201,5517352.0
2019-10-15,38.46,53573.758,10241455.0
2019-10-16,38.18,53183.7254,14838164.0
2019-10-17,38.17,53169.7957,6337983.0
2019-10-18,38.47,53587.6877,10584809.0
2019-10-21,38.65,53838.4229,8770058.0
2019-10-22,38.18,53183.7254,9868865.0
2019-10-23,40.09,55844.3046,21369887.0
2019-10-24,40.54,56471.1427,10835350.0
2019-10-25,40.85,56902.9645,6548950.0
2019-10-28,41.57,57905.9053,6527825.0
2019-10-29,41.75,58156.6405,4831266.0
2019-10-30,42.01,58518.8136,4275049.0
2019-10-31,41.7,58086.9919,5321689.0
2019-11-01,41.51,57822.3269,7382379.0
2019-11-04,40.98,57084.051,6187154.0
2019-11-05,40.59,56575.2996,5801154.0
2019-11-06,40.72,56756.4967,4296049.0
2019-11-07,40.72,56756.4967,4586078.0
2019-11-08,40.51,56463.7937,3235631.0
2019-11-11,40.17,55989.8937,5199655.0
2019-11-12,41.22,57453.4085,7076912.0
2019-11-13,41.42,57732.1732,5149881.0
2019-11-14,41.57,57941.2467,4674451.0
2019-11-15,42.31,58972.6762,7514497.0
2019-11-18,42.29,58944.7997,11969782.0
2019-11-19,42.63,59418.6997,5389692.0
2019-11-20,42.61,59390.8233,5274366.0
2019-11-21,42.36,59042.3674,3935791.0
2019-11-22,41.85,58331.5173,5655492.0
2019-11-25,42.85,59725.3409,5029907.0
2019-11-26,42.83,59697.4644,5847856.0
2019-11-27,43.21,60227.1174,4736007.0
2019-11-29,43.25,60282.8704,2375455.0
2019-12-02,42.72,59544.1439,4920773.0
2019-12-03,42.61,59390.8233,3262065.0
2019-12-04,43.01,59948.3527,3657669.0
2019-12-05,43.26,60296.8086,5409225.0
2019-12-06,44.08,61439.7439,7951403.0
2019-12-09,43.71,60924.0292,9853398.0
2019-12-10,44.01,61342.1763,5704839.0
2019-12-11,43.82,61077.3498,5844163.0
2019-12-12,44.67,62262.0999,7023052.0
2019-12-13,45.09,62847.5058,7538964.0
2019-12-16,45.2,63000.8264,8569449.0
2019-12-17,44.75,62373.6057,9109463.0
2019-12-18,44.74,62359.6675,4932617.0
2019-12-19,44.83,62485.1116,6883102.0
2019-12-20,45.37,63237.7764,14231759.0
2019-12-23,45.22,63028.7028,5062114.0
2019-12-24,45.31,63154.147,1036798.0
2019-12-26,45.26,63084.4558,2009166.0
2019-12-27,45.22,63028.7028,2123408.0
2019-12-30,44.99,62708.1234,3868241.0
2019-12-31,45.22,63028.7028,3725817.0
2020-01-02,45.33,63182.0234,5761064.0
2020-01-03,44.98,62694.1852,4704213.0
2020-01-06,45.35,63209.8999,5768878.0
2020-01-07,45.4,63279.5911,4299106.0
2020-01-08,45.64,63614.1087,5071839.0
2020-01-09,45.71,63711.6764,7225830.0
2020-01-10,45.67,63655.9234,5492725.0
2020-01-13,45.47,63377.1587,4877623.0
2020-01-14,42.66,59460.5144,27589836.0
2020-01-15,42.57,59335.0703,12805566.0
2020-01-16,43.2,60213.1792,11654556.0
2020-01-17,44.28,61718.5087,15909751.0
2020-01-21,44.07,61425.8057,8589987.0
2020-01-22,44.05,61397.9292,6515217.0
2020-01-23,43.57,60728.8939,6366664.0
2020-01-24,43.21,60227.1174,4022279.0
2020-01-27,42.65,59446.5762,5672445.0
2020-01-28,43.45,60561.6351,7223118.0
2020-01-29,43.95,61258.5469,6629622.0
2020-01-30,43.41,60505.8821,8792451.0
2020-01-31,41.87,58359.3938,12425026.0
2020-02-03,42.23,58861.1703,8763371.0
2020-02-04,42.88,59767.1556,9126105.0
2020-02-05,42.62,59404.7615,13227113.0
2020-02-06,43.01,59948.3527,6994231.0
2020-02-07,42.19,58805.4173,8381663.0
2020-02-10,42.22,58847.2321,6151669.0
2020-02-11,42.57,59335.0703,4861097.0
2020-02-12,42.23,58861.1703,8374140.0
2020-02-13,42.18,58791.4791,6406653.0
2020-02-14,42.31,58972.6762,7289964.0
2020-02-18,42.16,58763.6026,8024501.0
2020-02-19,43.02,59962.2909,7412015.0
2020-02-20,42.5,59237.5027,6123492.0
2020-02-21,42.62,59404.7615,7282369.0
2020-02-24,41.08,57258.2732,6536660.0
2020-02-25,39.91,55722.1564,8745553.0
2020-02-26,39.39,54996.1348,10063275.0
2020-02-27,37.92,52943.7276,15338263.0
2020-02-28,37.39,52203.7441,19871242.0
2020-03-02,38.27,53432.396,14333746.0
2020-03-03,37.23,51980.3528,13875542.0
2020-03-04,38.75,54102.5698,10112532.0
2020-03-05,37.46,52301.4778,20434807.0
2020-03-06,37.6,52496.9451,17949132.0
2020-03-09,34.09,47596.2994,15378749.0
2020-03-10,35.18,49118.1524,13372160.0
2020-03-11,33.86,47275.1745,20113337.0
2020-03-12,31.0,43282.0558,23545595.0
2020-03-13,32.33,45138.9956,17420960.0
2020-03-16,27.55,38465.1819,17232094.0
2020-03-17,28.79,40196.4641,18097290.0
2020-03-18,27.24,38032.3613,18167777.0
2020-03-19,28.27,39470.4425,12088636.0
2020-03-20,27.24,38032.3613,11223216.0
2020-03-23,25.83,36063.7259,17190915.0
2020-03-24,28.22,39400.6327,16752770.0
2020-03-25,29.92,41864.0576,19681678.0
2020-03-26,31.42,43962.8573,13137524.0
2020-03-27,30.61,42829.5054,11232797.0
2020-03-30,31.64,44270.6812,12193031.0
2020-03-31,32.63,45655.889,14181014.0
2020-04-01,30.19,42241.8415,9990663.0
2020-04-02,31.05,43445.1534,12401927.0
2020-04-03,31.17,43613.0573,10895507.0
2020-04-06,32.88,46005.689,13647063.0
2020-04-07,33.69,47139.0408,21342429.0
2020-04-08,35.13,49153.8885,13608696.0
2020-04-09,36.83,51532.5281,19098850.0
2020-04-13,35.21,49265.8245,11990394.0
2020-04-14,35.92,50259.2563,12337161.0
2020-04-15,34.79,48678.1606,9994269.0
2020-04-16,35.45,49601.6324,8086402.0
2020-04-17,38.29,53575.3598,19998042.0
2020-04-20,37.25,52120.192,10392395.0
2020-04-21,35.05,49041.9525,11514937.0
2020-04-22,35.49,49657.6004,10398185.0
2020-04-23,36.4,50930.8722,8425173.0
2020-04-24,36.9,51630.4721,8100873.0
2020-04-27,37.0,51770.3921,10040408.0
2020-04-28,35.93,50273.2483,8984227.0
2020-04-29,37.43,52372.048,12659949.0
2020-04-30,37.48,52442.008,11143152.0
2020-05-01,35.99,50357.2003,7484876.0
2020-05-04,35.83,50133.3283,5631418.0
2020-05-05,36.81,51504.5441,7002236.0
2020-05-06,35.89,50222.6759,6826305.0
2020-05-07,37.0,51775.9545,8829250.0
2020-05-08,38.18,53427.1877,10191938.0
2020-05-11,37.78,52867.4476,7992349.0
2020-05-12,36.98,51747.9675,8027256.0
2020-05-13,35.77,50054.7539,8053475.0
2020-05-14,35.5,49676.9293,6564869.0
2020-05-15,34.83,48739.3647,10291659.0
2020-05-18,36.42,50964.3314,13687177.0
2020-05-19,35.43,49578.9748,11366804.0
2020-05-20,37.18,52027.8375,10708534.0
2020-05-21,34.79,48944.3157,24248281.0
2020-05-22,35.91,51437.4884,28426314.0
2020-05-26,36.19,51704.4168,12272250.0
2020-05-27,37.14,53061.6756,9472886.0
2020-05-28,37.47,53533.1444,8924318.0
2020-05-29,37.99,54276.065,10062952.0
2020-06-01,37.5,53576.0052,6174670.0
2020-06-02,37.54,53633.1529,10371243.0
2020-06-03,37.91,54161.7695,12472102.0
2020-06-04,37.42,53461.7097,6797036.0
2020-06-05,38.83,55476.1675,12623039.0
2020-06-08,39.11,55876.2017,8499750.0
2020-06-09,38.26,54661.8122,11969649.0
2020-06-10,37.49,53561.7183,10655133.0
2020-06-11,35.05,50075.7062,16345552.0
2020-06-12,35.35,50504.3142,13770777.0
2020-06-15,35.87,51247.2348,11279724.0
2020-06-16,36.7,52433.0504,11106063.0
2020-06-17,36.89,52704.5022,7938748.0
2020-06-18,36.68,52404.4766,6465492.0
2020-06-19,36.59,52275.8941,20382282.0
2020-06-22,35.97,51390.1042,9613285.0
2020-06-23,36.25,51790.1384,7283204.0
2020-06-24,33.85,48361.274,21114908.0
2020-06-25,33.89,48418.4218,12503333.0
2020-06-26,33.28,47546.9187,35516096.0
2020-06-29,34.65,49504.2288,13311015.0
2020-06-30,35.11,50161.4278,12027284.0
2020-07-01,35.28,50404.3057,7642651.0
2020-07-02,35.38,50547.175,4738385.0
2020-07-06,35.59,50847.2007,6481569.0
2020-07-07,34.64,49489.9419,9826355.0
2020-07-08,34.55,49361.3595,13840448.0
2020-07-09,34.5,49289.9248,12329302.0
2020-07-10,34.68,49547.0896,9757294.0
2020-07-13,34.44,49204.2032,10120924.0
2020-07-14,35.22,50318.5841,10133236.0
2020-07-15,36.7,52433.0504,9442598.0
2020-07-16,36.37,51961.5816,9383255.0
2020-07-17,37.71,53876.0308,8714208.0
2020-07-20,37.17,53104.5364,8015335.0
2020-07-21,37.48,53547.4313,5778440.0
2020-07-22,38.39,54847.5424,7846173.0
2020-07-23,38.43,54904.6901,6623857.0
2020-07-24,38.6,55147.568,6673635.0
2020-07-27,38.35,54790.3947,9552698.0
2020-07-28,38.27,54676.0992,8617621.0
2020-07-29,39.81,56876.2871,15966338.0
2020-07-30,38.94,55633.3238,7300795.0
2020-07-31,38.57,55104.7072,7060358.0
2020-08-03,38.0,54290.3519,6145807.0
2020-08-04,37.15,53075.9625,7749603.0
2020-08-05,37.73,53979.3552,6480622.0
2020-08-06,37.89,54208.2632,4367828.0
2020-08-07,38.97,55753.3918,8645594.0
2020-08-10,38.98,55767.6986,4329159.0
2020-08-11,39.31,56239.8212,7955080.0
2020-08-12,39.96,57169.7597,6500068.0
2020-08-13,39.75,56869.3181,4636596.0
2020-08-14,39.16,56025.22,5708891.0
2020-08-17,39.35,56297.0482,4785939.0
2020-08-18,39.33,56268.4347,5267281.0
2020-08-19,39.35,56297.0482,5697756.0
2020-08-20,38.86,55596.0176,4661197.0
2020-08-21,38.43,54980.8275,8239718.0
2020-08-24,38.94,55710.4716,7824942.0
2020-08-25,39.64,56711.9438,8218242.0
2020-08-26,39.35,56297.0482,4574157.0
2020-08-27,40.78,58342.913,8959687.0
2020-08-28,41.03,58700.5816,4542192.0
2020-08-31,41.02,58686.2749,7473602.0
2020-09-01,41.47,59330.0785,7997286.0
2020-09-02,42.23,60417.3912,9847296.0
2020-09-03,41.49,59358.692,9762953.0
2020-09-04,41.48,59344.3852,9232451.0
2020-09-08,40.92,58543.2074,7104888.0
2020-09-09,41.53,59415.919,5876943.0
2020-09-10,40.97,58614.7411,5182761.0
2020-09-11,40.29,57641.8824,7142897.0
2020-09-14,41.12,58829.3423,4797610.0
2020-09-15,41.02,58686.2749,3645144.0
2020-09-16,40.19,57498.8149,8529997.0
2020-09-17,39.67,56754.8641,10883966.0
2020-09-18,38.48,55052.3612,10720467.0
2020-09-21,38.55,55152.5085,10625602.0
2020-09-22,38.6,55224.0422,7024827.0
2020-09-23,37.72,53965.0485,7462105.0
2020-09-24,37.12,53106.6437,9270829.0
2020-09-25,37.34,53421.3921,7749143.0
2020-09-28,38.0,54365.6374,6436547.0
2020-09-29,37.76,54022.2755,5951336.0
2020-09-30,38.21,54666.0791,7711757.0
2020-10-01,38.42,54966.5207,6098403.0
2020-10-02,38.48,55052.3612,6271166.0
2020-10-05,39.24,56139.674,4448907.0
2020-10-06,39.33,56268.4347,7833522.0
2020-10-07,40.18,57484.5082,5785088.0
2020-10-08,40.49,57928.0173,4484008.0
2020-10-09,41.14,58857.9558,6020281.0
2020-10-12,41.97,60045.4158,7690268.0
2020-10-13,40.92,58543.2074,7399736.0
2020-10-14,40.62,58114.005,12537935.0
2020-10-15,39.0,55796.3121,15112226.0
2020-10-16,38.44,54995.1342,18559601.0
2020-10-19,37.77,54036.5822,11197193.0
2020-10-20,37.54,53707.527,8140363.0
2020-10-21,37.15,53149.5639,11643964.0
2020-10-22,36.86,52734.6683,15048324.0
2020-10-23,37.17,53178.1774,12412633.0
2020-10-26,36.86,52734.6683,9594496.0
2020-10-27,36.05,51575.8218,12082069.0
2020-10-28,34.07,48743.0859,17957567.0
2020-10-29,33.5,47927.6014,27743339.0
2020-10-30,34.27,49029.2209,20324844.0
2020-11-02,34.55,49429.8098,14351818.0
2020-11-03,35.15,50288.2146,9313489.0
2020-11-04,35.29,50488.509,14830869.0
2020-11-05,35.21,50417.9546,11132699.0
2020-11-06,35.7,51119.5961,11142837.0
2020-11-09,38.21,54713.7189,21385049.0
2020-11-10,38.2,54699.3997,10274657.0
2020-11-11,37.4,53553.8626,9713083.0
2020-11-12,36.74,52608.7944,15709513.0
2020-11-13,37.98,54384.377,18923603.0
2020-11-16,38.03,54455.9731,7849749.0
2020-11-17,35.03,50160.2087,34678265.0
2020-11-18,34.26,49057.6292,22512336.0
2020-11-19,34.21,48986.0331,14816271.0
2020-11-20,33.7,48255.7532,15402501.0
2020-11-23,33.33,47725.9422,18823425.0
2020-11-24,33.79,48384.6261,18849650.0
2020-11-25,33.55,48040.9649,9814059.0
2020-11-27,33.6,48112.561,6363646.0
2020-11-30,33.15,47468.1964,15588589.0
2020-12-01,33.65,48184.1571,14414632.0
2020-12-02,34.15,48900.1178,19584262.0
2020-12-03,33.81,48413.2645,21070882.0
2020-12-04,34.41,49272.4174,26383227.0
2020-12-07,34.25,49043.31,18398503.0
2020-12-08,33.97,48642.372,20816506.0
2020-12-09,34.13,48871.4794,14858410.0
2020-12-10,34.0,48685.3296,11028976.0
2020-12-11,33.6,48112.561,14827303.0
2020-12-14,33.45,47897.7728,8712937.0
2020-12-15,34.67,49644.717,16700678.0
2020-12-16,35.13,50303.4009,13985311.0
2020-12-17,35.39,50675.7004,10503038.0
2020-12-18,35.45,50761.6157,23166583.0
2020-12-21,34.82,49859.5052,10484826.0
2020-12-22,34.36,49200.8213,9425660.0
2020-12-23,34.37,49215.1405,7381419.0
2020-12-24,34.59,49530.1633,2608757.0
2020-12-28,34.92,50002.6973,4842128.0
2020-12-29,35.5,50833.2118,8787162.0
2020-12-30,35.55,50904.8079,6814040.0
2020-12-31,35.95,51477.5765,6214812.0
2021-01-04,35.27,50503.8699,14068966.0
2021-01-05,36.24,51892.8337,14812571.0
2021-01-06,36.76,52637.4328,13236492.0
2021-01-07,36.56,52351.0485,7267616.0
2021-01-08,36.75,52623.1136,7288865.0
2021-01-11,36.44,52179.218,7228421.0
2021-01-12,35.33,50589.7851,19636540.0
2021-01-13,36.06,51635.0878,9942223.0
2021-01-14,36.16,51778.28,10213169.0
2021-01-15,36.33,52021.7066,15109680.0
2021-01-19,36.27,51935.7913,8081343.0
2021-01-20,36.66,52494.2407,7617814.0
2021-01-21,37.52,53725.6931,12188194.0
2021-01-22,37.03,53024.0516,7405570.0
2021-01-25,36.78,52666.0713,6157878.0
2021-01-26,36.64,52465.6023,5869604.0
2021-01-27,35.82,51291.4267,15133831.0
2021-01-28,36.34,52036.0258,16495182.0
2021-01-29,35.44,50747.2965,18873502.0
2021-02-01,35.95,51477.5765,12285373.0
2021-02-02,36.64,52465.6023,12475850.0
2021-02-03,37.45,53625.4586,16681886.0
2021-02-04,38.76,55501.2758,16035396.0
2021-02-05,38.96,55787.66,19216657.0
2021-02-08,39.57,56661.1321,10354755.0
2021-02-09,39.25,56202.9173,11600446.0
2021-02-10,38.85,55630.1487,8847502.0
2021-02-11,38.87,55658.7871,5546573.0
2021-02-12,38.39,54971.4648,12443868.0
2021-02-16,37.93,54312.7809,8842821.0
2021-02-17,37.5,53697.0547,6122959.0
2021-02-18,37.52,53725.6931,6390210.0
2021-02-19,38.03,54455.9731,9407964.0
2021-02-22,39.2,56131.3212,10922144.0
2021-02-23,38.75,54915.1711,10173880.0
2021-02-24,39.53,56020.5604,9267051.0
2021-02-25,39.67,56218.9636,11652249.0
2021-02-26,38.78,54957.6861,13454713.0
2021-03-01,38.9,55127.746,7790741.0
2021-03-02,38.76,54929.3428,6064524.0
2021-03-03,38.82,55014.3727,6666902.0
2021-03-04,37.93,53753.0953,8514216.0
2021-03-05,39.54,56034.7321,12809414.0
2021-03-08,39.52,56006.3887,9616426.0
2021-03-09,39.55,56048.9037,13646708.0
2021-03-10,39.34,55751.2989,7696971.0
2021-03-11,38.65,54773.4546,6470724.0
2021-03-12,38.85,55056.8877,5276344.0
2021-03-15,39.4,55836.3289,7046169.0
2021-03-16,38.86,55071.0594,6172523.0
2021-03-17,38.88,55099.4027,6665617.0
2021-03-18,38.19,54121.5584,8349881.0
2021-03-19,38.17,54093.215,12334385.0
2021-03-22,38.23,54178.245,5845535.0
2021-03-23,37.24,52775.2509,6119593.0
2021-03-24,37.58,53383.0214,7334753.0
2021-03-25,37.92,53865.9971,5708623.0
2021-03-26,38.22,54292.1521,7624441.0
2021-03-29,38.59,54817.7434,6090996.0
2021-03-30,38.96,55343.3346,5900648.0
2021-03-31,38.65,54902.9744,5811171.0
2021-04-01,38.58,54803.5382,5615320.0
2021-04-05,39.04,55456.9759,4954706.0
2021-04-06,38.95,55329.1294,7676527.0
2021-04-07,38.85,55187.0777,4861625.0
2021-04-08,38.72,55002.4105,3992088.0
2021-04-09,39.32,55854.7206,5426070.0
2021-04-12,39.34,55883.131,4140699.0
2021-04-13,39.41,55982.5671,6582068.0
2021-04-14,39.67,56351.9015,4093929.0
2021-04-15,40.86,58042.3165,8608131.0
2021-04-16,40.91,58113.3423,7527774.0
2021-04-19,40.88,58070.7268,6539365.0
2021-04-20,41.13,58425.856,10522810.0
2021-04-21,42.31,60102.0659,14811371.0
2021-04-22,42.57,60471.4002,12019317.0
2021-04-23,42.73,60698.6829,9906018.0
2021-04-26,42.27,60045.2452,11175828.0
2021-04-27,42.41,60244.1175,8400876.0
2021-04-28,44.24,62843.6633,16088234.0
2021-04-29,44.1,62644.7909,8810742.0
2021-04-30,43.6,61934.5325,12645839.0
2021-05-03,43.63,61977.148,7610605.0
2021-05-04,43.33,61550.993,9076459.0
2021-05-05,43.09,61210.069,6829910.0
2021-05-06,43.04,61139.0431,8257468.0
2021-05-07,43.13,61283.8951,6089420.0
2021-05-10,43.25,61454.4044,6078422.0
2021-05-11,42.53,60431.3484,10858519.0
2021-05-12,41.35,58754.6734,9882777.0
2021-05-13,41.61,59124.1102,5005882.0
2021-05-14,41.55,59038.8556,4447561.0
2021-05-17,41.72,59280.4105,5552367.0
2021-05-18,41.77,59351.456,5212333.0
2021-05-19,41.43,58868.3463,5900636.0
2021-05-20,41.92,59564.5927,4427546.0
2021-05-21,42.11,59834.5658,5203747.0
2021-05-24,42.8,60814.9944,7751084.0
2021-05-25,43.03,61141.804,5891519.0
2021-05-26,41.83,59436.7107,10531840.0
2021-05-27,41.96,59621.4291,8004476.0
2021-05-28,42.55,60459.7667,5720760.0
2021-06-01,42.93,60999.7129,8166472.0
2021-06-02,41.61,59124.1102,11253654.0
2021-06-03,41.35,58754.6734,5658902.0
2021-06-04,42.03,59720.8929,5465346.0
2021-06-07,42.14,59877.1931,7467356.0
2021-06-08,42.02,59706.6838,4840199.0
2021-06-09,42.33,60147.1662,3863518.0
2021-06-10,42.84,60871.8309,3992009.0
2021-06-11,42.91,60971.2947,5352775.0
2021-06-14,42.54,60445.5576,5034096.0
2021-06-15,42.75,60743.9489,6396220.0
2021-06-16,42.78,60786.5762,4910602.0
2021-06-17,43.35,61596.4955,6578656.0
2021-06-18,43.02,61127.5949,8845311.0
2021-06-21,43.6,61951.7233,6705991.0
2021-06-22,43.83,62278.5329,5623322.0
2021-06-23,43.79,62221.6964,3760378.0
2021-06-24,43.71,62108.0235,6324874.0
2021-06-25,44.1,62662.1788,6884251.0
2021-06-28,43.33,61568.0773,6763013.0
2021-06-29,43.23,61425.9862,5370271.0
2021-06-30,42.76,60758.158,8902639.0
2021-07-01,43.36,61610.7046,5756424.0
2021-07-02,43.92,62406.4149,4997758.0
2021-07-06,43.62,61980.1415,6659727.0
2021-07-07,43.93,62420.624,5358311.0
2021-07-08,43.34,61582.2864,6035237.0
2021-07-09,43.59,61937.5142,4137138.0
2021-07-12,43.49,61795.4231,3772667.0
2021-07-13,43.06,61184.4313,4137070.0
2021-07-14,42.74,60729.7398,4174478.0
2021-07-15,42.16,59905.6113,6079752.0
2021-07-16,42.1,59820.3567,5539678.0
2021-07-19,41.23,58584.164,6268248.0
2021-07-20,42.79,60800.7853,8007672.0
2021-07-21,43.58,61923.3051,7571062.0
2021-07-22,43.55,61880.6778,4793715.0
2021-07-23,44.12,62690.5971,5204225.0
2021-07-26,43.97,62477.4604,5899489.0
2021-07-27,45.51,64665.6635,14100214.0
2021-07-28,45.43,64551.9906,8168066.0
2021-07-29,45.32,64395.6904,5214524.0
2021-07-30,45.6,64793.5455,9108233.0
2021-08-02,45.88,65191.4006,10041149.0
2021-08-03,45.54,64708.2908,7721539.0
2021-08-04,44.26,62889.5246,8099896.0
2021-08-05,44.65,63443.6799,6471048.0
2021-08-06,44.7,63646.2134,5607552.0
2021-08-09,43.81,62378.9845,5918454.0
2021-08-10,42.65,60727.3154,14862653.0
2021-08-11,43.63,62122.691,7582839.0
2021-08-12,44.07,62749.1862,5013788.0
2021-08-13,44.33,63119.3879,3137363.0
2021-08-16,44.66,63589.2593,5261929.0
2021-08-17,45.15,64286.9471,8536511.0
2021-08-18,44.09,62777.6633,10536653.0
2021-08-19,44.27,63033.9567,4606938.0
2021-08-20,44.44,63276.0117,5214889.0
2021-08-23,43.99,62635.278,10137968.0
2021-08-24,44.85,63859.7913,7916866.0
2021-08-25,44.81,63802.8372,4271365.0
2021-08-26,44.66,63589.2593,4011313.0
2021-08-27,44.8,63788.5986,4027465.0
2021-08-30,44.83,63831.3142,3659917.0
2021-08-31,45.15,64286.9471,6770035.0
2021-09-01,45.58,64899.2037,5408490.0
2021-09-02,45.06,64158.8003,7294906.0
2021-09-03,44.92,63959.4609,8244342.0
2021-09-07,45.1,64215.7544,3609979.0
2021-09-08,45.51,64799.534,5470387.0
2021-09-09,45.41,64657.1487,4944472.0
2021-09-10,44.46,63304.4887,5105726.0
2021-09-13,44.21,62948.5256,5816059.0
2021-09-14,44.85,63859.7913,4638132.0
2021-09-15,45.01,64087.6077,5266688.0
2021-09-16,44.9,63930.9839,5313532.0
2021-09-17,44.37,63176.342,8419640.0
2021-09-20,43.64,62136.9296,7566182.0
2021-09-21,43.36,61738.2508,6336410.0
2021-09-22,44.31,63090.9108,8946294.0
2021-09-23,45.0,64073.3692,8199614.0
2021-09-24,44.7,63646.2134,4332876.0
2021-09-27,44.46,63304.4887,4844915.0
2021-09-28,43.67,62179.6451,4867724.0
2021-09-29,43.89,62492.8927,5096885.0
2021-09-30,43.39,61780.9664,6738498.0
2021-10-01,43.8,62364.746,4782109.0
2021-10-04,42.41,60385.5908,8878242.0
2021-10-05,42.44,60428.3064,5396334.0
2021-10-06,42.86,61026.3245,5274473.0
2021-10-07,43.62,62108.4525,6783042.0
2021-10-08,43.16,61453.4803,4163627.0
2021-10-11,42.14,60001.1506,3752052.0
2021-10-12,42.09,59929.958,4114728.0
2021-10-13,41.79,59502.8022,5622445.0
2021-10-14,43.25,61581.627,6771623.0
2021-10-15,43.4,61795.2049,5503455.0
2021-10-18,42.8,60940.8933,4144315.0
2021-10-19,44.13,62834.6174,6097989.0
2021-10-20,44.47,63318.7273,7840314.0
2021-10-21,44.87,63888.2683,5942938.0
2021-10-22,44.84,63845.5527,3715138.0
2021-10-25,44.49,63347.2043,5238934.0
2021-10-26,44.32,63105.1494,5314707.0
2021-10-27,43.73,62265.0763,6993045.0
2021-10-28,43.24,61567.3885,5732285.0
2021-10-29,43.13,61410.7647,7157688.0
2021-11-01,42.8,60940.8933,8231273.0
2021-11-02,43.21,61524.6729,12976862.0
2021-11-03,42.91,61097.5171,10404688.0
2021-11-04,42.5,60562.1803,7241374.0
2021-11-05,43.16,61502.6753,14638399.0
2021-11-08,43.35,61773.4239,7059410.0
2021-11-09,42.79,60975.4281,4935639.0
2021-11-10,42.45,60490.9306,4812943.0
2021-11-11,41.96,59792.6843,9437758.0
2021-11-12,42.07,59949.4335,9924321.0
2021-11-15,41.34,58909.189,9649619.0
2021-11-16,41.42,59023.1884,9553769.0
2021-11-17,41.61,59293.937,6719341.0
2021-11-18,41.21,58723.94,7224559.0
2021-11-19,41.03,58467.4413,7955645.0
2021-11-22,40.7,57997.1938,6639276.0
2021-11-23,40.23,57327.4473,11577687.0
2021-11-24,40.7,57997.1938,7812226.0
2021-11-26,38.57,54961.9598,9260589.0
2021-11-29,38.59,54990.4597,9533542.0
2021-11-30,38.07,54249.4636,14717385.0
2021-12-01,38.14,54349.2131,10355936.0
2021-12-02,39.6,56429.7021,11094209.0
2021-12-03,39.46,56230.2031,8704034.0
2021-12-06,40.7,57997.1938,8951850.0
2021-12-07,41.4,58994.6885,10139236.0
2021-12-08,41.66,59365.1866,4619963.0
2021-12-09,41.28,58823.6895,5870468.0
2021-12-10,41.17,58666.9403,4602738.0
2021-12-13,41.43,59037.4383,5891249.0
2021-12-14,40.85,58210.9427,6571213.0
2021-12-15,40.24,57341.6973,14235227.0
2021-12-16,40.43,57612.4458,13248939.0
2021-12-17,40.86,58225.1926,11236111.0
2021-12-20,39.5,56287.2028,11673225.0
2021-12-21,41.11,58581.4407,9391699.0
2021-12-22,42.16,60077.6828,7722771.0
2021-12-23,42.72,60875.6786,6414886.0
2021-12-27,43.12,61445.6756,4106436.0
2021-12-28,43.24,61616.6747,5515023.0
2021-12-29,43.17,61516.9252,3398444.0
2021-12-30,42.99,61260.4266,3530538.0
2021-12-31,42.48,60533.6804,4174358.0
2022-01-03,43.12,61445.6756,5093518.0
2022-01-04,43.64,62186.6717,9134979.0
2022-01-05,43.05,61345.9261,6601215.0
2022-01-06,42.59,60690.4296,5510650.0
2022-01-07,42.11,60006.4332,5341314.0
2022-01-10,42.41,60433.9309,6454552.0
2022-01-11,43.4,61844.6735,6208579.0
2022-01-12,44.41,63283.9159,13543719.0
2022-01-13,44.57,63511.9147,11883575.0
2022-01-14,44.86,63925.1625,8674993.0
2022-01-18,44.22,63013.1673,10721496.0
2022-01-19,44.05,62770.9186,8721750.0
2022-01-20,43.45,61915.9231,9562486.0
2022-01-21,42.97,61231.9267,11278141.0
2022-01-24,42.66,60790.1791,8974595.0
2022-01-25,42.51,60576.4302,10837408.0
2022-01-26,43.04,61331.6762,16803559.0
2022-01-27,43.23,61602.4248,12172789.0
2022-01-28,42.74,60904.1785,12258171.0
2022-01-31,42.9,61132.1773,13622529.0
2022-02-01,43.5,61987.1727,10452019.0
2022-02-02,41.44,59051.6882,26586168.0
2022-02-03,42.61,60718.9294,16121832.0
2022-02-04,42.77,60946.9282,8924511.0
2022-02-07,42.91,61146.4272,7259545.0
2022-02-08,44.16,62927.6678,8019978.0
2022-02-09,44.75,63768.4133,9732078.0
2022-02-10,43.75,62343.4209,8719369.0
2022-02-11,43.11,61431.4257,6616116.0
2022-02-14,42.73,60889.9285,7963578.0
2022-02-15,44.01,62713.9189,8014998.0
2022-02-16,44.19,62970.4176,6510167.0
2022-02-17,42.83,61032.4278,7785450.0
2022-02-18,42.55,60633.4299,6878328.0
2022-02-22,42.98,61246.1767,7835967.0
2022-02-23,43.71,62362.1372,12624712.0
2022-02-24,43.95,62704.5511,8259159.0
2022-02-25,45.1,64345.2845,10716154.0
2022-02-28,44.17,63018.4305,10611068.0
2022-03-01,43.36,61862.7835,9789857.0
2022-03-02,43.9,62633.2149,11859577.0
2022-03-03,43.96,62718.8183,6980450.0
2022-03-04,43.96,62718.8183,7015738.0
2022-03-07,42.55,60707.1365,8479723.0
2022-03-08,40.9,58353.0407,11351230.0
2022-03-09,42.07,60022.3086,10484470.0
2022-03-10,41.74,59551.4895,9237456.0
2022-03-11,41.7,59494.4205,6175638.0
2022-03-14,41.9,59779.7654,8307525.0
2022-03-15,42.66,60864.0762,6925942.0
2022-03-16,43.84,62547.6114,7726660.0
2022-03-17,44.21,63075.4995,8114398.0
2022-03-18,44.22,63089.7668,10662295.0
2022-03-21,44.32,63232.4392,5302414.0
2022-03-22,43.74,62404.9389,6584340.0
2022-03-23,42.3,60465.6169,11794087.0
2022-03-24,42.87,61280.4018,5653405.0
2022-03-25,43.5,62180.9536,6033884.0
2022-03-28,44.27,63281.6279,4498434.0
2022-03-29,44.85,64110.7073,6133649.0
2022-03-30,44.7,63896.2902,6862600.0
2022-03-31,44.29,63310.2169,10142338.0
2022-04-01,44.99,64310.8299,5188861.0
2022-04-04,44.16,63124.3887,10642479.0
2022-04-05,44.35,63395.9837,11425872.0
2022-04-06,44.58,63724.7566,7256618.0
2022-04-07,44.96,64267.9465,5758744.0
2022-04-08,44.84,64096.4129,9615588.0
2022-04-11,44.22,63210.1556,6497875.0
2022-04-12,43.76,62552.6099,4156075.0
2022-04-13,44.43,63510.3395,4151778.0
2022-04-14,44.25,63253.039,5172331.0
2022-04-18,43.74,62524.0209,4082718.0
2022-04-19,45.72,65354.3264,9196715.0
2022-04-20,47.1,67326.9635,14255697.0
2022-04-21,46.31,66197.7002,8062385.0
2022-04-22,43.9,62752.7325,11485495.0
2022-04-25,44.59,63739.051,10329262.0
2022-04-26,42.6,60894.4511,14253448.0
2022-04-27,43.06,61551.9968,14686372.0
2022-04-28,42.73,61080.2792,8550060.0
2022-04-29,42.11,60194.022,15072896.0
2022-05-02,41.63,59507.8873,9896173.0
2022-05-03,41.77,59708.0099,7410051.0
2022-05-04,42.75,61108.8682,6111495.0
2022-05-05,42.03,60084.8775,9579476.0
2022-05-06,40.85,58397.9835,9138291.0
2022-05-09,38.29,54738.2812,13411790.0
2022-05-10,38.65,55252.9268,10993761.0
2022-05-11,38.74,55381.5882,11574651.0
2022-05-12,38.79,55453.0668,9925061.0
2022-05-13,39.66,56696.7938,7768202.0
2022-05-16,39.82,56925.5251,5833667.0
2022-05-17,41.32,59069.8819,9315300.0
2022-05-18,40.23,57511.6493,10495412.0
2022-05-19,39.49,56453.7666,9555980.0
2022-05-20,39.22,56067.7824,12397592.0
2022-05-23,39.89,57025.5951,6662630.0
2022-05-24,40.15,57397.2836,5959556.0
2022-05-25,40.09,57311.5094,7417429.0
2022-05-26,40.14,57382.9879,6171328.0
2022-05-27,41.2,58898.3334,6968699.0
2022-05-31,41.01,58626.7149,7925295.0
2022-06-01,39.92,57068.4823,6546354.0
2022-06-02,40.67,58140.6607,4443951.0
2022-06-03,39.91,57054.1866,5823399.0
2022-06-06,39.38,56296.5138,6548541.0
2022-06-07,39.58,56582.4281,6725423.0
2022-06-08,39.11,55910.5296,6378447.0
2022-06-09,37.97,54280.8184,5868766.0
2022-06-10,37.23,53222.9357,11071619.0
2022-06-13,36.41,52050.6874,15115242.0
2022-06-14,35.24,50378.0891,12615070.0
2022-06-15,36.03,51507.4503,13548222.0
2022-06-16,35.51,50764.0733,9199919.0
2022-06-17,36.01,51478.8589,17432860.0
2022-06-21,36.3,51893.4345,10277441.0
2022-06-22,37.03,52937.0215,9569082.0
2022-06-23,36.94,52808.3601,6656832.0
2022-06-24,38.02,54352.297,10453789.0
2022-06-27,37.82,54066.3827,4698965.0
2022-06-28,37.5,53608.92,9890645.0
2022-06-29,37.8,54037.7913,5749598.0
2022-06-30,37.27,53280.1186,8127123.0
2022-07-01,38.01,54338.0013,5870032.0
2022-07-05,37.76,53980.6085,5790949.0
2022-07-06,37.66,53837.6514,5502851.0
2022-07-07,37.85,54109.2699,6992078.0
2022-07-08,37.84,54094.9742,6189198.0
2022-07-11,37.51,53623.2157,4102006.0
2022-07-12,36.88,52722.5858,6163236.0
2022-07-13,36.77,52565.333,5890764.0
2022-07-14,36.71,52479.5587,5843477.0
2022-07-15,37.55,53680.3985,7124894.0
2022-07-18,37.17,53137.1615,5403703.0
2022-07-19,37.71,53909.1299,9995681.0
2022-07-20,37.28,53294.4143,10868059.0
2022-07-21,38.12,54495.2541,11814803.0
2022-07-22,38.12,54495.2541,4946826.0
2022-07-25,38.0,54323.7056,6280038.0
2022-07-26,37.96,54266.5227,10690098.0
2022-07-27,40.31,57626.015,18838609.0
2022-07-28,41.16,58841.1506,9068826.0
2022-07-29,41.05,58683.8977,8815967.0
2022-08-01,41.05,58683.8977,5186772.0
2022-08-02,41.46,59270.0219,6411383.0
2022-08-03,41.62,59498.7533,5676803.0
2022-08-04,41.23,59025.4581,6390481.0
2022-08-05,40.94,58610.29,5328859.0
2022-08-08,40.97,58653.2384,6010582.0
2022-08-09,41.03,58739.1353,5084549.0
2022-08-10,41.86,59927.3751,7066028.0
2022-08-11,41.76,59784.2137,3981254.0
2022-08-12,42.33,60600.2339,4019743.0
2022-08-15,42.15,60342.5433,2475417.0
2022-08-16,42.35,60628.8662,4230971.0
2022-08-17,42.43,60743.3953,6091611.0
2022-08-18,42.63,61029.7182,6058606.0
2022-08-19,42.02,60156.4334,5396832.0
2022-08-22,41.26,59068.4066,5436909.0
2022-08-23,40.86,58495.7608,6864900.0
2022-08-24,41.15,58910.929,4552891.0
2022-08-25,41.78,59812.846,8953004.0
2022-08-26,40.52,58009.012,3921555.0
2022-08-29,40.39,57822.9021,8609086.0
2022-08-30,40.04,57321.8371,5274724.0
2022-08-31,40.31,57708.373,6723860.0
2022-09-01,40.99,58681.8707,6870677.0
2022-09-02,40.49,57966.0635,5919641.0
2022-09-06,40.38,57808.586,5416102.0
2022-09-07,41.47,59369.0456,5012045.0
2022-09-08,42.71,61144.2473,9980924.0
2022-09-09,42.94,61473.5186,4423477.0
2022-09-12,43.46,62217.958,7514686.0
2022-09-13,42.18,60385.4917,6253310.0
2022-09-14,42.07,60228.0141,5768545.0
2022-09-15,42.2,60414.124,6684545.0
2022-09-16,41.7,59698.3169,10650758.0
2022-09-19,41.18,58953.8774,7854167.0
2022-09-20,40.43,57880.1667,6257106.0
2022-09-21,39.76,56920.9851,6253151.0
2022-09-22,39.3,56262.4425,4690720.0
2022-09-23,38.9,55689.7968,6221909.0
2022-09-26,38.36,54916.725,5123517.0
2022-09-27,38.14,54601.7699,6491864.0
2022-09-28,39.13,56019.0681,7736146.0
2022-09-29,39.34,56319.7071,7292062.0
2022-09-30,38.73,55446.4223,10030384.0
2022-10-03,39.88,57092.7788,6290712.0
2022-10-04,41.03,58739.1353,5953808.0
2022-10-05,41.3,59125.6711,4868466.0
2022-10-06,40.65,58195.1218,4657481.0
2022-10-07,39.76,56920.9851,9642935.0
2022-10-10,39.64,56749.1914,5682888.0
2022-10-11,39.56,56634.6622,6475891.0
2022-10-12,39.6,56691.9268,5625836.0
2022-10-13,40.35,57765.6375,9527500.0
2022-10-14,39.98,57235.9402,7765337.0
2022-10-17,40.86,58495.7608,6901243.0
2022-10-18,41.08,58810.716,7190011.0
2022-10-19,40.96,58638.9223,7064624.0
2022-10-20,40.23,57593.8438,4851822.0
2022-10-21,40.57,58080.5927,8690890.0
2022-10-24,40.98,58667.5545,12287172.0
2022-10-25,41.3,59125.6711,12578224.0
2022-10-26,41.79,59827.1621,22187996.0
2022-10-27,41.58,59526.5231,7599827.0
2022-10-28,43.16,61788.4737,11131115.0
2022-10-31,43.11,61716.893,8635786.0
2022-11-01,42.76,61215.828,7741840.0
2022-11-02,41.93,60027.5881,12423964.0
2022-11-03,41.53,59483.8875,5802424.0
2022-11-04,41.59,59569.8262,5918141.0
2022-11-07,41.96,60099.7814,6261468.0
2022-11-08,41.92,60042.4889,4950962.0
2022-11-09,42.06,60243.0125,6168698.0
2022-11-10,43.76,62677.9417,7615864.0
2022-11-11,42.52,60901.8757,10478700.0
2022-11-14,42.24,60500.8286,7574892.0
2022-11-15,42.42,60758.6446,4696537.0
2022-11-16,42.98,61560.7389,5250687.0
2022-11-17,42.2,60443.5361,3875682.0
2022-11-18,42.96,61532.0927,4943695.0
2022-11-21,42.94,61503.4464,4082219.0
2022-11-22,43.54,62362.8332,5299435.0
2022-11-23,43.89,62864.1422,3264315.0
2022-11-25,44.15,63236.5431,1313151.0
2022-11-28,43.79,62720.911,3661412.0
2022-11-29,44.5,63737.852,5548497.0
2022-11-30,45.27,64840.7317,9665345.0
2022-12-01,46.12,66058.1963,6278007.0
2022-12-02,46.6,66745.7057,7148116.0
2022-12-05,45.42,65055.5784,5236151.0
2022-12-06,45.16,64683.1775,4515436.0
2022-12-07,45.63,65356.3638,5077155.0
2022-12-08,46.32,66344.6586,5930267.0
2022-12-09,46.23,66215.7506,7863637.0
2022-12-12,47.13,67504.8307,6350530.0
2022-12-13,47.2,67605.0925,8670675.0
2022-12-14,47.18,67576.4463,7322082.0
2022-12-15,46.32,66344.6586,8374376.0
2022-12-16,45.81,65614.1798,12154722.0
2022-12-19,45.8,65599.8567,6134726.0
2022-12-20,45.84,65657.1492,4403184.0
2022-12-21,46.08,66000.9039,6220000.0
2022-12-22,46.15,66101.1657,4236795.0
2022-12-23,46.06,65972.2576,4026161.0
2022-12-27,46.24,66230.0737,2836542.0
2022-12-28,45.78,65571.2105,3662727.0
2022-12-29,46.35,66387.6279,3282401.0
2022-12-30,46.27,66273.043,3223814.0
2023-01-03,46.01,65900.6421,6282744.0
2023-01-04,46.5,66602.4746,6197601.0
2023-01-05,45.76,65542.5643,6346237.0
2023-01-06,46.33,66358.9817,8980864.0
2023-01-09,45.59,65299.0713,7688389.0
2023-01-10,46.06,65972.2576,5892271.0
2023-01-11,45.81,65614.1798,11767250.0
2023-01-12,46.71,66903.26,10165525.0
2023-01-13,46.53,66645.444,6060151.0
2023-01-17,46.04,65943.6114,6707467.0
2023-01-18,45.09,64582.9157,6572540.0
2023-01-19,45.46,65112.8709,7546084.0
2023-01-20,45.62,65342.0407,5414390.0
2023-01-23,45.85,65671.4723,5085154.0
2023-01-24,45.84,65657.1492,6100880.0
2023-01-25,46.12,66058.1963,5050280.0
2023-01-26,46.35,66387.6279,4858259.0
2023-01-27,45.91,65757.411,7336490.0
2023-01-30,45.81,65614.1798,7455775.0
2023-01-31,46.25,66244.3968,10902460.0
2023-02-01,47.54,68092.0783,15305040.0
2023-02-02,48.07,68851.2033,12435207.0
2023-02-03,48.5,69467.0972,13028754.0
2023-02-06,47.66,68263.9557,6015478.0
2023-02-07,48.09,68879.8496,5284060.0
2023-02-08,47.59,68163.6939,6169465.0
2023-02-09,47.06,67404.5689,4633104.0
2023-02-10,47.23,67648.0618,5400498.0
2023-02-13,47.69,68306.925,6177138.0
2023-02-14,47.28,67719.6774,5390043.0
2023-02-15,47.29,67734.0005,4057600.0
2023-02-16,46.48,66573.8284,6152224.0
2023-02-17,46.54,66659.7671,7973396.0
2023-02-21,46.23,66215.7506,8177309.0
2023-02-22,46.61,66760.0289,10653719.0
2023-02-23,47.18,67692.9253,7733972.0
2023-02-24,47.01,67449.0127,8910858.0
2023-02-27,46.82,67176.4045,7524551.0
2023-02-28,46.72,67032.9265,7207203.0
2023-03-01,46.82,67176.4045,7522624.0
2023-03-02,47.25,67793.3599,4591865.0
2023-03-03,47.82,68611.1846,8236845.0
2023-03-06,47.74,68496.4022,6288882.0
2023-03-07,47.02,67463.3605,7311539.0
2023-03-08,46.89,67276.8391,5738598.0
2023-03-09,47.06,67520.7517,6083591.0
2023-03-10,46.48,66688.5792,7840424.0
2023-03-13,47.6,68295.533,10575727.0
2023-03-14,48.31,69314.2268,10208346.0
2023-03-15,47.97,68826.4016,10654267.0
2023-03-16,48.3,69299.879,7845500.0
2023-03-17,47.95,68797.706,10689322.0
2023-03-20,48.83,70060.3125,9053930.0
2023-03-21,48.84,70074.6603,6580585.0
2023-03-22,48.07,69092.3581,10462003.0
2023-03-23,47.94,68905.5055,7203649.0
2023-03-24,48.22,69307.9573,10069269.0
2023-03-27,48.33,69466.0634,5754235.0
2023-03-28,48.6,69854.142,7820126.0
2023-03-29,49.08,70544.0594,9333250.0
2023-03-30,49.6,71291.47,8146421.0
2023-03-31,50.03,71909.521,11585749.0
2023-04-03,49.72,71463.9494,11373042.0
2023-04-04,50.07,71967.0142,9726853.0
2023-04-05,50.74,72930.0239,7175363.0
2023-04-06,50.08,71981.3874,9622888.0
2023-04-10,50.34,72355.0927,5185737.0
2023-04-11,50.73,72915.6507,5832841.0
2023-04-12,51.11,73461.8353,9666747.0
2023-04-13,51.5,74022.3932,6397661.0
2023-04-14,51.77,74410.4718,9464958.0
2023-04-17,51.74,74367.352,5930754.0
2023-04-18,51.61,74180.4993,7082812.0
2023-04-19,52.89,76020.2792,10602311.0
2023-04-20,52.62,75632.2006,11486843.0
2023-04-21,51.11,73461.8353,24525083.0
2023-04-24,51.34,73792.4208,11731706.0
2023-04-25,51.11,73461.8353,14788081.0
2023-04-26,51.1,73447.462,20199109.0
2023-04-27,52.03,74784.1771,9057276.0
2023-04-28,52.12,74913.5366,13505155.0
2023-05-01,52.8,75890.9197,7483554.0
2023-05-02,52.9,76034.6525,8739244.0
2023-05-03,52.69,75732.8136,7358701.0
2023-05-04,51.94,74674.0394,8878420.0
2023-05-05,51.54,74098.9601,9163108.0
2023-05-08,53.12,76370.5231,14045417.0
2023-05-09,53.09,76327.3922,11125195.0
2023-05-10,53.22,76514.2929,6123025.0
2023-05-11,53.39,76758.7016,9018361.0
2023-05-12,53.34,76686.8167,8251115.0
2023-05-15,53.68,77175.6341,11013718.0
2023-05-16,53.77,77305.0269,5515473.0
2023-05-17,53.41,76787.4556,7134403.0
2023-05-18,53.44,76830.5865,8038658.0
2023-05-19,53.64,77118.1261,8495921.0
2023-05-22,53.68,77175.6341,7007804.0
2023-05-23,51.5,74041.4522,12851257.0
2023-05-24,51.93,74659.6624,10569017.0
2023-05-25,51.54,74098.9601,8922771.0
2023-05-26,51.06,73408.865,8497676.0
2023-05-30,50.49,72589.3771,9862892.0
2023-05-31,51.48,74012.6982,15443853.0
2023-06-01,51.5,74041.4522,8584089.0
2023-06-02,51.82,74501.5156,5608177.0
2023-06-05,51.4,73897.6824,7686949.0
2023-06-06,50.67,72848.1628,12634074.0
2023-06-07,50.7,72891.2937,6631414.0
2023-06-08,51.07,73423.242,4288318.0
2023-06-09,51.28,73725.1586,5210575.0
2023-06-12,51.2,73610.1428,5694818.0
2023-06-13,51.16,73552.6348,5802075.0
2023-06-14,53.31,76643.6858,11002743.0
2023-06-15,53.98,77606.9435,7402995.0
2023-06-16,54.32,78095.7608,13022919.0
2023-06-20,54.04,77693.2054,7100947.0
2023-06-21,53.96,77578.1895,5770027.0
2023-06-22,54.64,78555.8242,4083613.0
2023-06-23,53.97,77592.5665,9538142.0
2023-06-26,53.5,76916.8484,6553068.0
2023-06-27,53.49,76902.4714,6084905.0
2023-06-28,53.45,76844.9635,5305955.0
2023-06-29,53.29,76614.9318,6896517.0
2023-06-30,54.09,77765.0903,7238826.0
2023-07-03,53.54,76974.3563,3017837.0
2023-07-05,53.25,76557.4239,9640359.0
2023-07-06,52.88,76025.4756,4461292.0
2023-07-07,52.29,75177.2337,6370297.0
2023-07-10,52.7,75766.6899,6054591.0
2023-07-11,52.45,75407.2654,5115876.0
2023-07-12,52.46,75421.6424,5522051.0
2023-07-13,52.79,75896.0828,5174175.0
2023-07-14,53.03,76241.1303,3515467.0
2023-07-17,52.61,75637.2971,4713860.0
2023-07-18,52.81,75924.8367,5491706.0
2023-07-19,52.34,75249.1186,7254025.0
2023-07-20,53.46,76859.3405,7127001.0
2023-07-21,53.16,76428.031,6207431.0
2023-07-24,52.17,75004.7099,9391509.0
2023-07-25,52.41,75349.7575,7327430.0
2023-07-26,52.4,75335.3805,8374757.0
2023-07-27,52.64,75680.428,11333828.0
2023-07-28,51.69,74314.6148,10509430.0
2023-07-31,51.85,74544.6465,6513695.0
2023-08-01,51.89,74602.1545,4859642.0
2023-08-02,50.62,72776.2779,8031733.0
2023-08-03,50.88,74499.6796,6174920.0
2023-08-04,50.72,74265.4039,6327421.0
2023-08-07,50.73,74280.0461,8710369.0
2023-08-08,50.58,74060.4126,10957077.0
2023-08-09,51.06,74763.2398,5878381.0
2023-08-10,50.86,74470.3952,4508141.0
2023-08-11,51.03,74719.3131,4816559.0
2023-08-14,51.33,75158.5801,4907521.0
2023-08-15,51.68,75671.0582,5613618.0
2023-08-16,51.46,75348.9291,5995963.0
2023-08-17,50.94,74587.533,7076298.0
2023-08-18,50.19,73489.3656,7174700.0
2023-08-21,50.42,73826.1369,6199769.0
2023-08-22,50.41,73811.4947,6010652.0
2023-08-23,50.35,73723.6413,7909145.0
2023-08-24,50.43,73840.7792,7946314.0
2023-08-25,50.76,74323.9728,6581706.0
2023-08-28,53.79,78760.5693,21042883.0
2023-08-29,54.68,80063.728,12856443.0
2023-08-30,54.27,79463.3965,9036957.0
2023-08-31,53.94,78980.2028,8083157.0
2023-09-01,53.62,78511.6514,6879849.0
2023-09-05,53.3,78043.0999,6330647.0
2023-09-06,53.86,78863.0649,7705042.0
2023-09-07,53.89,78906.9916,7994198.0
2023-09-08,53.87,78877.7072,4419340.0
2023-09-11,54.56,79888.0212,6415931.0
2023-09-12,53.42,78218.8067,5643940.0
2023-09-13,53.2,77896.6776,5710223.0
2023-09-14,52.92,77486.6951,5574932.0
2023-09-15,52.9,77457.4106,14535192.0
2023-09-18,53.0,77603.8329,8139689.0
2023-09-19,53.03,77647.7596,7549134.0
2023-09-20,54.1,79214.4785,15134161.0
2023-09-21,53.97,79024.1295,10507415.0
2023-09-22,53.6,78482.3669,9439902.0
2023-09-25,53.8,78775.2115,6747199.0
2023-09-26,52.83,77354.915,7656016.0
2023-09-27,52.1,76286.032,8483273.0
2023-09-28,53.37,78145.5955,6579614.0
2023-09-29,52.8,77310.9883,11501697.0
2023-10-02,52.81,77325.6305,5259833.0
2023-10-03,51.54,75466.067,8414792.0
2023-10-04,51.55,75480.7092,10035702.0
2023-10-05,51.68,75671.0582,5477081.0
2023-10-06,52.12,76315.3165,6319143.0
2023-10-09,52.4,76725.299,5006654.0
2023-10-10,53.8,78775.2115,10592685.0
2023-10-11,50.91,74543.6063,17763736.0
2023-10-12,48.64,71219.8195,19234735.0
2023-10-13,49.52,72508.336,11188403.0
2023-10-16,50.1,73357.5855,7146982.0
2023-10-17,50.46,73884.7059,7423868.0
2023-10-18,50.71,74250.7617,7164662.0
2023-10-19,50.55,74016.4859,8528333.0
2023-10-20,50.05,73284.3743,6090909.0
2023-10-23,50.13,73401.5122,5745312.0
2023-10-24,50.96,74616.8175,10162431.0
2023-10-25,49.99,73196.5209,9612339.0
2023-10-26,49.78,72889.034,12274231.0
2023-10-27,49.52,72508.336,7452165.0
2023-10-30,50.05,73284.3743,8448179.0
2023-10-31,51.19,74953.5888,10120637.0
2023-11-01,51.66,75681.0103,7156141.0
2023-11-02,52.52,76940.8954,9901422.0
2023-11-03,52.53,76955.5453,9440527.0
2023-11-06,52.81,77365.7405,6054746.0
2023-11-07,52.17,76428.1515,6559534.0
2023-11-08,52.11,76340.2525,6989884.0
2023-11-09,51.43,75344.0642,7135166.0
2023-11-10,51.56,75534.512,7496222.0
2023-11-13,53.71,78684.225,12619447.0
2023-11-14,54.02,79138.3696,6031360.0
2023-11-15,53.85,78889.3225,5759851.0
2023-11-16,54.67,80090.6084,10875995.0
2023-11-17,54.34,79607.1641,5200225.0
2023-11-20,54.46,79782.962,4708685.0
2023-11-21,55.32,81042.8472,7228661.0
2023-11-22,55.43,81203.9953,5601118.0
2023-11-24,55.63,81496.9919,2476836.0
2023-11-27,55.69,81584.8909,5313739.0
2023-11-28,54.93,80471.5039,6450749.0
2023-11-29,55.44,81218.6452,4780411.0
2023-11-30,55.89,81877.8874,8346178.0
2023-12-01,56.14,82244.1331,4730456.0
2023-12-04,54.77,80237.1067,9420893.0
2023-12-05,54.88,80398.2548,5393248.0
2023-12-06,54.82,80310.3558,4837545.0
2023-12-07,55.03,80618.0022,4027818.0
2023-12-08,54.95,80500.8036,4300356.0
2023-12-11,55.26,80954.9483,3653377.0
2023-12-12,55.95,81965.7864,4625547.0
2023-12-13,56.48,82742.2272,6764536.0
2023-12-14,56.18,82302.7324,8267793.0
2023-12-15,55.81,81760.6888,10461314.0
2023-12-18,55.51,81321.194,6317604.0
2023-12-19,55.82,81775.3386,5898163.0
2023-12-20,54.98,80544.7531,5843955.0
2023-12-21,55.65,81526.2915,5138564.0
2023-12-22,55.9,81892.5372,5404295.0
2023-12-26,55.99,82024.3857,2834287.0
2023-12-27,56.02,82068.3352,3186590.0
2023-12-28,56.28,82449.2307,3382432.0
2023-12-29,57.81,84690.6543,10667450.0
