,CMG US Equity,CMG US Equity,CMG US Equity
,PX_LAST,CUR_MKT_CAP,PX_VOLUME
2014-01-02,10.469,16197.2277,22824550.0
2014-01-03,10.626,16441.0696,20455850.0
2014-01-06,10.546,16317.6014,20754600.0
2014-01-07,10.661,16495.2223,15446500.0
2014-01-08,10.717,16581.5572,20564800.0
2014-01-09,10.821,16741.8492,26490400.0
2014-01-10,10.771,16665.7259,18961450.0
2014-01-13,10.596,16394.3435,25517950.0
2014-01-14,10.606,16409.1968,18658250.0
2014-01-15,10.645,16470.1573,12148400.0
2014-01-16,10.59,16385.3697,13019350.0
2014-01-17,10.552,16326.5753,20185600.0
2014-01-21,10.511,16263.4487,19327600.0
2014-01-22,10.319,15965.7636,31163700.0
2014-01-23,10.069,15578.9586,53142050.0
2014-01-24,9.85,15239.4985,44673600.0
2014-01-27,9.786,15141.4047,28162750.0
2014-01-28,9.837,15220.6224,19901350.0
2014-01-29,9.69,14992.5622,32888450.0
2014-01-30,9.879,15285.2962,64118100.0
2014-01-31,11.039,17080.0715,106763800.0
2014-02-03,10.864,16808.9985,53564050.0
2014-02-04,10.812,16728.2336,27842750.0
2014-02-05,10.849,16828.4395,24920500.0
2014-02-06,10.889,16891.7288,22473800.0
2014-02-07,10.986,17041.2652,24791100.0
2014-02-10,10.962,17004.0362,17216400.0
2014-02-11,10.897,16903.8282,20550250.0
2014-02-12,10.915,16931.1295,24262450.0
2014-02-13,11.153,17300.6273,26648400.0
2014-02-14,11.082,17190.8017,16498900.0
2014-02-18,11.057,17152.0215,15185000.0
2014-02-19,11.044,17130.9251,20875900.0
2014-02-20,11.006,17071.9792,15289750.0
2014-02-21,10.99,17047.4701,20421650.0
2014-02-24,11.088,17199.1783,13977550.0
2014-02-25,11.092,17206.6241,16830400.0
2014-02-26,11.102,17222.1361,27547000.0
2014-02-27,11.223,17408.9016,15289100.0
2014-02-28,11.304,17535.17,33828400.0
2014-03-03,11.092,17206.0036,26383950.0
2014-03-04,11.697,18143.8642,50207400.0
2014-03-05,11.625,18032.7977,27740450.0
2014-03-06,11.865,18405.7082,31801250.0
2014-03-07,11.868,18410.0515,15404900.0
2014-03-10,11.759,18240.9698,18107200.0
2014-03-11,11.685,18126.4906,15173000.0
2014-03-12,11.774,18263.9277,12244150.0
2014-03-13,11.59,17978.5054,15617100.0
2014-03-14,11.519,17868.6798,16700800.0
2014-03-17,11.525,17877.9871,13086550.0
2014-03-18,11.851,18383.0605,30126700.0
2014-03-19,11.93,18505.9162,22134750.0
2014-03-20,12.232,18973.7607,40336200.0
2014-03-21,12.222,18959.4896,38944750.0
2014-03-24,11.771,18258.9638,41016900.0
2014-03-25,11.414,17704.8722,48995550.0
2014-03-26,11.278,17493.9079,29137950.0
2014-03-27,11.184,17384.4509,27812800.0
2014-03-28,11.343,17632.8535,26922250.0
2014-03-31,11.361,17660.2119,22101900.0
2014-04-01,11.579,17999.7059,15676400.0
2014-04-02,11.524,17913.8997,14858150.0
2014-04-03,11.418,17748.5052,20551750.0
2014-04-04,11.103,17259.4723,34355900.0
2014-04-07,10.712,16651.057,40242550.0
2014-04-08,11.015,17121.7472,28993150.0
2014-04-09,11.128,17298.0229,20521400.0
2014-04-10,10.68,16601.9361,30034000.0
2014-04-11,10.697,16628.6728,49428300.0
2014-04-14,10.82,16818.6277,22100250.0
2014-04-15,10.811,16804.9484,24396250.0
2014-04-16,11.048,17173.6662,31739200.0
2014-04-17,10.392,16151.0437,194214500.0
2014-04-21,10.131,15744.7887,68727750.0
2014-04-22,10.253,15935.3276,45698700.0
2014-04-23,10.081,15667.392,24180550.0
2014-04-24,10.152,15777.7367,26536950.0
2014-04-25,10.046,15613.3076,20207100.0
2014-04-28,9.526,14804.2168,71799550.0
2014-04-29,9.831,15279.476,37348450.0
2014-04-30,9.97,15494.8813,33275650.0
2014-05-01,10.003,15546.1683,23139300.0
2014-05-02,10.035,15596.5227,23589000.0
2014-05-05,10.254,15935.6384,30923850.0
2014-05-06,10.038,15600.8744,21811000.0
2014-05-07,10.017,15567.3047,28592200.0
2014-05-08,10.007,15552.3849,18526850.0
2014-05-09,10.154,15780.2233,22343400.0
2014-05-12,10.204,15858.8634,21540150.0
2014-05-13,10.083,15670.8111,14623100.0
2014-05-14,10.086,15675.7844,24589850.0
2014-05-15,9.918,15414.6871,25274200.0
2014-05-16,10.01,15557.669,29518250.0
2014-05-19,10.026,15581.6029,13550050.0
2014-05-20,9.913,15406.2947,15797350.0
2014-05-21,10.084,15671.4328,22246050.0
2014-05-22,10.41,16178.0859,29754050.0
2014-05-23,10.446,16235.2786,15560450.0
2014-05-27,10.721,16661.7376,28304650.0
2014-05-28,10.765,16730.7418,27405450.0
2014-05-29,10.908,16953.2962,30895350.0
2014-05-30,10.942,17005.2048,22707050.0
2014-06-02,11.031,17144.1459,19975500.0
2014-06-03,11.012,17113.9954,17886500.0
2014-06-04,11.177,17370.4302,18836250.0
2014-06-05,11.221,17438.502,17286600.0
2014-06-06,11.383,17691.5177,19752600.0
2014-06-09,11.37,17670.6921,12342200.0
2014-06-10,11.295,17554.4416,14145650.0
2014-06-11,11.407,17727.8849,16279600.0
2014-06-12,11.637,18085.6503,45813750.0
2014-06-13,11.765,18284.8924,29349650.0
2014-06-16,11.88,18463.6197,22580450.0
2014-06-17,11.87,18448.3891,16114850.0
2014-06-18,11.898,18491.5944,16133700.0
2014-06-19,11.891,18480.0937,17961150.0
2014-06-20,11.849,18414.5086,20612150.0
2014-06-23,11.992,18637.0629,18526400.0
2014-06-24,11.912,18513.6634,18256650.0
2014-06-25,11.99,18634.2655,11235850.0
2014-06-26,12.006,18659.7535,11595950.0
2014-06-27,11.923,18529.8266,15719050.0
2014-06-30,11.85,18416.9952,15573000.0
2014-07-01,12.065,18751.1376,15611600.0
2014-07-02,11.986,18628.6705,12003650.0
2014-07-03,12.072,18761.7058,7031350.0
2014-07-07,11.877,18458.0248,14934150.0
2014-07-08,11.732,18232.9838,26045050.0
2014-07-09,12.083,18779.4231,29851300.0
2014-07-10,12.012,18668.7676,21288400.0
2014-07-11,11.97,18602.8716,11230100.0
2014-07-14,12.098,18802.7354,16275100.0
2014-07-15,11.949,18570.5453,27936450.0
2014-07-16,11.809,18353.5859,19358050.0
2014-07-17,11.633,18079.4337,20780000.0
2014-07-18,11.848,18414.1977,21630550.0
2014-07-21,11.799,18336.801,54981500.0
2014-07-22,13.195,20463.1764,113077250.0
2014-07-23,13.225,20509.6998,27741300.0
2014-07-24,13.204,20476.5131,18708800.0
2014-07-25,13.472,20891.5021,29798900.0
2014-07-28,13.56,21028.9013,23534600.0
2014-07-29,13.487,20915.6943,14125400.0
2014-07-30,13.637,21147.381,20217200.0
2014-07-31,13.45,20858.0052,23130750.0
2014-08-01,13.503,20939.8865,17084300.0
2014-08-04,13.66,21183.049,22302300.0
2014-08-05,13.494,20926.5498,16723900.0
2014-08-06,13.46,20873.5131,18739300.0
2014-08-07,13.437,20837.5349,14491700.0
2014-08-08,13.394,20771.1615,17709550.0
2014-08-11,13.611,21107.3708,17773250.0
2014-08-12,13.525,20973.6935,11295600.0
2014-08-13,13.674,21204.7599,19373850.0
2014-08-14,13.586,21068.6013,15200900.0
2014-08-15,13.564,21034.174,16589850.0
2014-08-18,13.697,21240.4279,10056900.0
2014-08-19,13.622,21124.1193,11584900.0
2014-08-20,13.568,21041.3076,15292700.0
2014-08-21,13.621,21123.8091,35806950.0
2014-08-22,13.539,20996.0248,18021100.0
2014-08-25,13.525,20974.0037,10691100.0
2014-08-26,13.678,21211.2732,14496500.0
2014-08-27,13.541,20998.506,12993100.0
2014-08-28,13.557,21023.6287,7649350.0
2014-08-29,13.573,21048.7513,9040300.0
2014-09-02,13.658,21180.5677,11644650.0
2014-09-03,13.602,21093.724,15346100.0
2014-09-04,13.611,21107.3708,13529850.0
2014-09-05,13.559,21027.0404,11997900.0
2014-09-08,13.567,21040.0669,10281500.0
2014-09-09,13.399,20778.9154,14138000.0
2014-09-10,13.427,20822.6474,18329850.0
2014-09-11,13.455,20865.1388,15872350.0
2014-09-12,13.296,20619.4951,15151550.0
2014-09-15,13.117,20341.5952,25950700.0
2014-09-16,13.084,20290.4194,24338950.0
2014-09-17,13.065,20260.6444,26512350.0
2014-09-18,13.286,20604.2975,16995050.0
2014-09-19,13.282,20597.1639,19761050.0
2014-09-22,13.122,20349.3491,14276400.0
2014-09-23,13.092,20302.2053,8226850.0
2014-09-24,13.294,20616.3936,13354000.0
2014-09-25,13.068,20265.2967,13846000.0
2014-09-26,13.215,20494.192,12676650.0
2014-09-29,13.259,20561.4959,12041150.0
2014-09-30,13.332,20674.7029,23026900.0
2014-10-01,13.245,20539.4748,19360850.0
2014-10-02,13.251,20550.0201,15321500.0
2014-10-03,13.49,20920.0365,20196600.0
2014-10-06,13.423,20815.5138,18972250.0
2014-10-07,13.256,20557.774,17415800.0
2014-10-08,13.442,20845.599,18103600.0
2014-10-09,13.212,20489.2295,19626700.0
2014-10-10,13.112,20333.2209,31298050.0
2014-10-13,12.791,19835.4202,24088500.0
2014-10-14,13.023,20196.442,26725700.0
2014-10-15,12.948,20078.8928,30726650.0
2014-10-16,12.92,20035.471,24936200.0
2014-10-17,12.834,19903.3444,34375200.0
2014-10-20,13.061,20254.1311,60802650.0
2014-10-21,12.151,18841.7433,112729550.0
2014-10-22,12.18,18886.4016,50120500.0
2014-10-23,12.2,18917.7244,30959950.0
2014-10-24,12.316,19096.9776,24679950.0
2014-10-27,12.602,19541.389,28307800.0
2014-10-28,12.917,20029.5283,30213200.0
2014-10-29,12.797,19843.7625,22097650.0
2014-10-30,12.794,19838.1802,13191300.0
2014-10-31,12.76,19786.0789,22073300.0
2014-11-03,12.771,19802.5156,15319050.0
2014-11-04,12.954,20086.2815,20399300.0
2014-11-05,12.852,19928.427,16411350.0
2014-11-06,12.942,20068.9144,11641750.0
2014-11-07,12.981,20128.1486,15041850.0
2014-11-10,12.977,20122.8764,13778500.0
2014-11-11,13.133,20364.4651,17803850.0
2014-11-12,13.285,20600.1613,20954750.0
2014-11-13,13.415,20801.7436,17444750.0
2014-11-14,13.396,20772.2816,13890850.0
2014-11-17,13.166,20416.2562,18360400.0
2014-11-18,13.162,20409.1233,12269500.0
2014-11-19,13.171,20423.6993,11709350.0
2014-11-20,13.257,20556.1233,10587050.0
2014-11-21,13.158,20402.6107,17447800.0
2014-11-24,13.191,20454.0917,22746850.0
2014-11-25,13.098,20310.1929,23020300.0
2014-11-26,13.204,20474.8702,8115400.0
2014-11-28,13.272,20580.6233,8639850.0
2014-12-01,13.218,20495.6486,13606200.0
2014-12-02,13.201,20469.598,14344850.0
2014-12-03,13.025,20197.617,19562050.0
2014-12-04,13.279,20591.4778,18897650.0
2014-12-05,13.211,20486.0347,8493650.0
2014-12-08,13.141,20376.2499,14502250.0
2014-12-09,13.142,20378.1107,20625300.0
2014-12-10,13.001,20159.4714,15384700.0
2014-12-11,13.088,20294.3765,13485300.0
2014-12-12,13.153,20396.098,14426100.0
2014-12-15,12.977,20121.9461,21740100.0
2014-12-16,12.67,19647.1422,20779250.0
2014-12-17,12.983,20131.8701,16927850.0
2014-12-18,13.112,20331.9018,16008100.0
2014-12-19,13.028,20202.2689,19762650.0
2014-12-22,13.353,20705.9145,19096350.0
2014-12-23,13.384,20753.9841,11307050.0
2014-12-24,13.456,20865.0095,6843500.0
2014-12-26,13.561,21028.4462,10600450.0
2014-12-29,13.854,21482.1615,25253750.0
2014-12-30,13.698,21240.8829,13444200.0
2014-12-31,13.69,21228.4779,15144800.0
2015-01-02,13.568,21038.9905,16250750.0
2015-01-05,13.354,20706.8449,18720700.0
2015-01-06,13.288,20604.193,30470200.0
2015-01-07,13.885,21530.8513,34277650.0
2015-01-08,14.4,22328.8072,58579200.0
2015-01-09,14.285,22151.4147,20217700.0
2015-01-12,14.234,22071.7122,13840650.0
2015-01-13,14.281,22144.9021,17409000.0
2015-01-14,14.195,22010.9274,15937150.0
2015-01-15,14.016,21733.0539,17246100.0
2015-01-16,14.222,22053.4147,15804700.0
2015-01-20,14.116,21888.1172,17046300.0
2015-01-21,14.078,21829.5033,15374700.0
2015-01-22,14.269,22125.6742,15094900.0
2015-01-23,14.274,22133.4274,16240200.0
2015-01-26,14.469,22435.4907,11399600.0
2015-01-27,14.427,22370.3641,13793450.0
2015-01-28,14.24,22080.7058,12237300.0
2015-01-29,14.291,22159.478,13684850.0
2015-01-30,14.197,22014.0286,19292150.0
2015-02-02,14.251,22098.0729,23436400.0
2015-02-03,14.533,22534.7312,68212300.0
2015-02-04,13.52,20971.0882,123736800.0
2015-02-05,13.418,20813.1846,41514000.0
2015-02-06,13.198,20472.2493,43509450.0
2015-02-09,12.96,20102.7734,32324350.0
2015-02-10,13.301,20630.7733,36724100.0
2015-02-11,13.393,20773.7862,26442100.0
2015-02-12,13.406,20793.9507,14434350.0
2015-02-13,13.498,20936.6534,18871800.0
2015-02-17,13.419,20813.805,14036750.0
2015-02-18,13.491,20926.7263,14852150.0
2015-02-19,13.466,20886.7075,14791500.0
2015-02-20,13.48,20909.0435,13314750.0
2015-02-23,13.423,20821.2504,10796250.0
2015-02-24,13.358,20720.1176,11792200.0
2015-02-25,13.51,20956.1975,18958550.0
2015-02-26,13.406,20793.9507,14109400.0
2015-02-27,13.299,20628.912,22055050.0
2015-03-02,13.417,20811.6335,19945150.0
2015-03-03,13.369,20736.2492,13221200.0
2015-03-04,13.283,20603.7839,15299700.0
2015-03-05,13.41,20800.1552,12490050.0
2015-03-06,13.174,20433.7816,19081400.0
2015-03-09,13.207,20485.2787,16091200.0
2015-03-10,13.095,20311.5537,12044750.0
2015-03-11,13.215,20498.6183,17553550.0
2015-03-12,13.408,20797.053,13859000.0
2015-03-13,13.49,20924.8649,17969000.0
2015-03-16,13.578,21060.4325,13751250.0
2015-03-17,13.44,20846.9989,15281750.0
2015-03-18,13.466,20886.7075,23844100.0
2015-03-19,13.613,21115.9624,19534900.0
2015-03-20,13.733,21301.4759,22864200.0
2015-03-23,13.747,21322.8813,13999900.0
2015-03-24,13.616,21120.3055,16598200.0
2015-03-25,13.319,20659.9343,18541950.0
2015-03-26,13.176,20455.6191,18521950.0
2015-03-27,13.254,20576.7097,14335250.0
2015-03-30,13.107,20348.19,20995950.0
2015-03-31,13.011,20198.5344,16610350.0
2015-04-01,13.051,20260.3217,20248800.0
2015-04-02,13.048,20255.9748,15402350.0
2015-04-06,13.2,20492.8778,14212150.0
2015-04-07,13.169,20444.4415,16187700.0
2015-04-08,13.091,20323.0404,27484850.0
2015-04-09,13.034,20235.1721,18770400.0
2015-04-10,13.66,21207.0019,59720650.0
2015-04-13,13.675,21229.0466,25720150.0
2015-04-14,13.557,21046.4792,21906300.0
2015-04-15,13.552,21038.717,18184750.0
2015-04-16,13.631,21161.36,17034400.0
2015-04-17,13.679,21235.8773,25980850.0
2015-04-20,13.739,21328.4029,21787950.0
2015-04-21,13.85,21501.9662,94165250.0
2015-04-22,12.825,19908.1693,188829750.0
2015-04-23,12.712,19733.3756,54716900.0
2015-04-24,12.75,19792.3646,39682750.0
2015-04-27,12.875,19986.4074,37990350.0
2015-04-28,12.792,19856.942,31735800.0
2015-04-29,12.601,19561.6865,39470750.0
2015-04-30,12.427,19290.6475,28172000.0
2015-05-01,12.68,19683.7006,26183500.0
2015-05-04,12.671,19670.3505,15931100.0
2015-05-05,12.513,19425.0804,21054000.0
2015-05-06,12.545,19473.5135,25943850.0
2015-05-07,12.576,19522.8779,15941750.0
2015-05-08,12.676,19678.1122,22175850.0
2015-05-11,12.713,19735.5488,20829950.0
2015-05-12,12.711,19731.8232,14528650.0
2015-05-13,12.706,19724.6824,16314250.0
2015-05-14,12.691,19700.1554,18040850.0
2015-05-15,12.647,19633.0943,21898400.0
2015-05-18,12.722,19748.899,20203650.0
2015-05-19,12.735,19769.0794,19003450.0
2015-05-20,12.565,19504.8708,26007500.0
2015-05-21,12.667,19663.8306,21938050.0
2015-05-22,12.529,19448.9865,27536250.0
2015-05-26,12.443,19316.1059,23873750.0
2015-05-27,12.25,19016.1934,37238650.0
2015-05-28,12.588,19541.5061,44696750.0
2015-05-29,12.31,19109.9549,39456250.0
2015-06-01,12.298,19090.7058,19810900.0
2015-06-02,12.211,18956.273,18583400.0
2015-06-03,12.218,18966.208,19766650.0
2015-06-04,12.231,18987.3198,25425850.0
2015-06-05,12.276,19056.5543,39650550.0
2015-06-08,12.162,18880.2082,21849450.0
2015-06-09,12.116,18807.8691,16983100.0
2015-06-10,12.173,18897.284,11238250.0
2015-06-11,12.117,18810.0424,12122700.0
2015-06-12,12.195,18931.1251,21586350.0
2015-06-15,12.083,18757.5732,22106100.0
2015-06-16,12.012,18647.3569,19247600.0
2015-06-17,12.137,18840.4683,22772850.0
2015-06-18,12.124,18820.5983,19289150.0
2015-06-19,12.306,19103.4351,34909500.0
2015-06-22,12.385,19225.7596,25376200.0
2015-06-23,12.308,19106.2293,19746800.0
2015-06-24,12.211,18955.0311,15258050.0
2015-06-25,12.148,18857.2336,12436800.0
2015-06-26,12.189,18921.811,12976250.0
2015-06-29,12.001,18629.6602,18649300.0
2015-06-30,12.1,18783.0316,18803100.0
2015-07-01,12.131,18832.0856,11881850.0
2015-07-02,12.191,18924.9157,17009500.0
2015-07-06,12.143,18850.7137,26788700.0
2015-07-07,12.411,19266.431,29652450.0
2015-07-08,12.257,19027.0598,26119200.0
2015-07-09,12.543,19471.3402,41060200.0
2015-07-10,12.788,19851.9745,39246250.0
2015-07-13,13.16,20428.8249,36276550.0
2015-07-14,13.109,20349.9659,29883800.0
2015-07-15,13.224,20527.8644,28463750.0
2015-07-16,13.169,20443.1065,38881400.0
2015-07-17,13.239,20551.46,28056600.0
2015-07-20,13.56,21049.7619,48646000.0
2015-07-21,13.461,20896.7009,84059850.0
2015-07-22,14.516,22603.3232,151694400.0
2015-07-23,14.519,22607.0602,52947850.0
2015-07-24,14.576,22695.8143,29550450.0
2015-07-27,14.629,22778.34,35636800.0
2015-07-28,14.616,22757.7864,21697350.0
2015-07-29,14.768,22995.7096,29771200.0
2015-07-30,14.883,23174.4634,22088500.0
2015-07-31,14.845,23114.3598,19332350.0
2015-08-03,14.861,23139.5846,22688500.0
2015-08-04,14.962,23296.8506,19976550.0
2015-08-05,15.155,23598.3029,26694400.0
2015-08-06,14.992,23343.8746,20284350.0
2015-08-07,14.982,23328.9266,19307500.0
2015-08-10,14.885,23176.9547,21742200.0
2015-08-11,14.913,23221.176,23056100.0
2015-08-12,14.92,23231.1414,22392800.0
2015-08-13,14.872,23157.024,11164900.0
2015-08-14,14.967,23304.636,12099650.0
2015-08-17,15.081,23481.8327,13614400.0
2015-08-18,14.918,23229.2729,20518150.0
2015-08-19,14.906,23209.3422,14041500.0
2015-08-20,14.703,22893.876,22506700.0
2015-08-21,14.4,22422.3895,35333300.0
2015-08-24,14.085,21931.5951,42138450.0
2015-08-25,13.908,21655.679,34826350.0
2015-08-26,14.153,22037.1658,36617400.0
2015-08-27,14.543,22645.3646,29192250.0
2015-08-28,14.424,22459.4482,11779200.0
2015-08-31,14.2,22110.9718,23236900.0
2015-09-01,14.134,22008.2039,20472600.0
2015-09-02,14.477,22542.5968,18713850.0
2015-09-03,14.5,22577.4756,14906900.0
2015-09-04,14.385,22398.0989,14694000.0
2015-09-08,14.643,22800.1392,12092450.0
2015-09-09,14.377,22385.6422,17016950.0
2015-09-10,14.464,22521.4204,11035150.0
2015-09-11,14.581,22704.2226,32211500.0
2015-09-14,14.536,22633.8422,13387300.0
2015-09-15,14.642,22798.2707,14806400.0
2015-09-16,14.6,22733.8073,15436700.0
2015-09-17,14.604,22739.7242,14255900.0
2015-09-18,14.59,22717.3021,26097650.0
2015-09-21,14.624,22770.5546,16269250.0
2015-09-22,14.539,22639.1363,17712150.0
2015-09-23,14.631,22782.3884,10650700.0
2015-09-24,14.623,22769.9317,20281450.0
2015-09-25,14.606,22742.2155,21005400.0
2015-09-28,14.161,22049.311,28316950.0
2015-09-29,14.171,22065.1934,24154900.0
2015-09-30,14.405,22429.8635,17770450.0
2015-10-01,14.489,22560.0362,15752550.0
2015-10-02,14.489,22560.659,25150550.0
2015-10-05,14.562,22673.7036,21323550.0
2015-10-06,14.265,22211.8711,18034700.0
2015-10-07,14.403,22427.0608,19367700.0
2015-10-08,14.695,22882.0421,24905000.0
2015-10-09,14.659,22824.7412,17779250.0
2015-10-12,14.956,23288.4423,21681800.0
2015-10-13,15.008,23369.4109,20938450.0
2015-10-14,14.371,22377.2339,48083500.0
2015-10-15,14.476,22540.7283,31430700.0
2015-10-16,14.454,22506.1609,17369650.0
2015-10-19,14.373,22379.7253,35743150.0
2015-10-20,14.113,21974.5708,109733650.0
2015-10-21,13.313,20760.5857,100545100.0
2015-10-22,13.012,20291.2137,40155550.0
2015-10-23,12.994,20263.145,34540900.0
2015-10-26,13.194,20574.0844,33599000.0
2015-10-27,13.131,20476.1556,19406650.0
2015-10-28,13.098,20424.3844,25358850.0
2015-10-29,12.964,20215.74,19086200.0
2015-10-30,12.805,19967.1756,32232000.0
2015-11-02,12.48,19461.0024,107008400.0
2015-11-03,12.463,19434.8049,46039700.0
2015-11-04,12.3,19179.6911,60856450.0
2015-11-05,12.345,19249.863,41755250.0
2015-11-06,12.248,19099.2273,79828300.0
2015-11-09,12.186,19002.2342,37707650.0
2015-11-10,12.578,19613.1974,54489400.0
2015-11-11,12.437,19393.6374,29821050.0
2015-11-12,12.294,19170.3348,29655100.0
2015-11-13,11.858,18490.7591,60782850.0
2015-11-16,11.775,18361.331,41939950.0
2015-11-17,11.672,18200.4035,29045000.0
2015-11-18,11.88,18525.3773,25890050.0
2015-11-19,12.23,19071.4705,56275250.0
2015-11-20,10.724,16722.4277,251180850.0
2015-11-23,11.186,17442.859,183127750.0
2015-11-24,11.556,18019.8278,66068100.0
2015-11-25,11.617,18114.6378,59036000.0
2015-11-27,11.532,17983.3384,15640150.0
2015-11-30,11.591,18074.7178,33057300.0
2015-12-01,11.615,18111.831,36931000.0
2015-12-02,11.493,17922.2109,34606800.0
2015-12-03,11.306,17630.6078,67600050.0
2015-12-04,11.224,17502.4271,135422700.0
2015-12-07,11.035,17207.7052,223288650.0
2015-12-08,10.845,16911.1121,202804050.0
2015-12-09,10.96,17091.064,105518350.0
2015-12-10,11.509,17946.2253,132284250.0
2015-12-11,11.3,17620.9397,76384550.0
2015-12-14,11.163,17407.6171,45239400.0
2015-12-15,11.097,17304.6984,45762600.0
2015-12-16,11.357,17709.2003,43602450.0
2015-12-17,11.098,17305.634,57237850.0
2015-12-18,10.822,16874.9346,75320100.0
2015-12-21,10.44,16280.1889,154899150.0
2015-12-22,9.892,15425.6513,228217500.0
2015-12-23,9.95,15515.1594,122863000.0
2015-12-24,9.902,15440.9331,44715350.0
2015-12-28,9.87,15391.6569,47855650.0
2015-12-29,9.799,15280.0056,43320150.0
2015-12-30,9.716,15150.5775,53040650.0
2015-12-31,9.597,14965.3237,59828400.0
2016-01-04,8.976,13997.2636,134515800.0
2016-01-05,8.981,14004.1248,108062750.0
2016-01-06,8.533,13306.7723,182344050.0
2016-01-07,8.32,12974.0016,94598900.0
2016-01-08,8.266,12889.4835,64859150.0
2016-01-11,8.222,12821.1828,73126750.0
2016-01-12,8.085,12607.8603,82921200.0
2016-01-13,8.566,13356.9841,177625000.0
2016-01-14,9.086,14168.483,188494150.0
2016-01-15,9.519,14843.3806,165384900.0
2016-01-19,9.389,14641.5974,112792200.0
2016-01-20,9.31,14517.783,89364900.0
2016-01-21,9.224,14383.6768,59943300.0
2016-01-22,9.015,14058.0792,71515500.0
2016-01-25,8.843,13790.1786,78721850.0
2016-01-26,8.963,13976.6798,38347850.0
2016-01-27,8.853,13804.8367,65856100.0
2016-01-28,9.062,14130.4342,50998050.0
2016-01-29,9.059,14127.0036,76732250.0
2016-02-01,9.453,14740.4618,116851100.0
2016-02-02,9.513,14834.9599,136260100.0
2016-02-03,9.235,14400.518,189935650.0
2016-02-04,9.418,14686.1955,74481500.0
2016-02-05,9.203,13824.5614,76397700.0
2016-02-08,8.9,13369.6915,71363600.0
2016-02-09,8.819,13247.4114,56950800.0
2016-02-10,8.976,13484.1601,49631200.0
2016-02-11,9.228,13862.1167,64164650.0
2016-02-12,9.611,14438.3655,87754350.0
2016-02-16,9.859,14810.0128,56559800.0
2016-02-17,10.28,15443.0452,81944200.0
2016-02-18,10.319,15500.7302,56448400.0
2016-02-19,10.232,15370.0377,70670900.0
2016-02-22,10.518,15800.2713,71451450.0
2016-02-23,10.501,15775.0342,72583400.0
2016-02-24,10.297,15468.5828,52013400.0
2016-02-25,10.107,15182.2611,59044950.0
2016-02-26,10.12,15202.6912,51506650.0
2016-02-29,10.183,15297.3306,71335000.0
2016-03-01,10.199,15321.6664,42754600.0
2016-03-02,10.514,15793.962,60399250.0
2016-03-03,10.486,15751.9001,54015850.0
2016-03-04,10.58,15893.4085,75596900.0
2016-03-07,10.674,16034.316,41245600.0
2016-03-08,10.494,15763.9178,55183750.0
2016-03-09,10.133,15221.3186,169963300.0
2016-03-10,10.074,15132.6881,65468900.0
2016-03-11,10.157,15257.9726,65743700.0
2016-03-14,10.315,15494.7213,57505400.0
2016-03-15,10.06,15112.258,60685000.0
2016-03-16,10.007,15032.6407,155982450.0
2016-03-17,9.432,14168.5681,114098200.0
2016-03-18,9.107,13681.2503,143925000.0
2016-03-21,9.25,13894.865,67384150.0
2016-03-22,9.435,14173.6756,51341650.0
2016-03-23,9.489,14254.7951,39911550.0
2016-03-24,9.427,13935.1256,50962400.0
2016-03-28,9.506,14051.6039,36947750.0
2016-03-29,9.2,13598.9939,77061600.0
2016-03-30,9.323,13780.8065,53430150.0
2016-03-31,9.419,13923.3004,40117700.0
2016-04-01,9.296,13741.1921,49427400.0
2016-04-04,9.3,13746.8091,33837800.0
2016-04-05,9.268,13700.0995,31488300.0
2016-04-06,9.105,13458.5695,49467700.0
2016-04-07,9.012,13321.1014,64415700.0
2016-04-08,9.025,13340.3174,41604700.0
2016-04-11,8.884,13132.1937,41255450.0
2016-04-12,8.892,13144.3145,53254050.0
2016-04-13,8.893,13145.497,53387250.0
2016-04-14,9.12,13481.0374,58511600.0
2016-04-15,9.386,13873.6345,63553100.0
2016-04-18,9.202,13602.5415,46311050.0
2016-04-19,9.104,13456.5001,32441250.0
2016-04-20,9.16,13539.8679,24155100.0
2016-04-21,8.963,13248.3764,37008350.0
2016-04-22,8.855,13088.4404,46087600.0
2016-04-25,8.862,13099.3787,48859050.0
2016-04-26,8.918,13182.7464,85957300.0
2016-04-27,8.344,12183.4132,194229800.0
2016-04-28,8.468,12363.8779,71455550.0
2016-04-29,8.419,12292.9185,48152550.0
2016-05-02,8.67,12658.8122,48273750.0
2016-05-03,8.759,12788.7585,64520400.0
2016-05-04,8.666,12652.9719,33737950.0
2016-05-05,8.7,12702.6143,30494000.0
2016-05-06,8.676,12667.8646,36727000.0
2016-05-09,9.063,13233.204,71046250.0
2016-05-10,9.112,13303.8714,39056600.0
2016-05-11,9.08,13257.4411,52297550.0
2016-05-12,9.14,13345.3374,54674150.0
2016-05-13,9.167,13384.4673,44970200.0
2016-05-16,8.891,12981.7798,74648100.0
2016-05-17,8.922,13026.166,36825350.0
2016-05-18,8.972,13100.0455,27448950.0
2016-05-19,9.013,13159.3244,30327550.0
2016-05-20,8.998,13138.2994,65711950.0
2016-05-23,9.129,13328.6926,52837700.0
2016-05-24,9.147,13354.6818,32580000.0
2016-05-25,9.161,13375.4148,34684650.0
2016-05-26,9.041,13199.9144,37198000.0
2016-05-27,8.908,13006.601,50653200.0
2016-05-31,8.839,12905.8561,49193250.0
2016-06-01,8.652,12632.2389,39629150.0
2016-06-02,8.87,12950.5343,50995200.0
2016-06-03,8.679,12671.6608,43737550.0
2016-06-06,8.905,13002.5128,40035800.0
2016-06-07,8.668,12655.6,47202750.0
2016-06-08,8.584,12533.2461,49509450.0
2016-06-09,8.316,12141.6552,59918150.0
2016-06-10,8.105,11834.1643,78135500.0
2016-06-13,7.88,11505.3564,92315850.0
2016-06-14,7.905,11542.4422,81686700.0
2016-06-15,7.806,11397.6032,60062700.0
2016-06-16,7.871,11492.2158,53617250.0
2016-06-17,7.945,11600.845,63753900.0
2016-06-20,7.939,11591.2086,46841000.0
2016-06-21,7.839,11445.7855,52501000.0
2016-06-22,7.86,11475.863,43249250.0
2016-06-23,8.178,11940.1654,78780500.0
2016-06-24,8.015,11701.8819,85052300.0
2016-06-27,7.776,11352.925,59837200.0
2016-06-28,7.833,11437.3171,36126750.0
2016-06-29,8.19,11957.6863,50827950.0
2016-06-30,8.055,11761.1608,53695650.0
2016-07-01,7.878,11502.7283,61171300.0
2016-07-05,7.928,11574.8558,44455700.0
2016-07-06,8.021,11711.2264,39307600.0
2016-07-07,7.816,11411.3279,87392150.0
2016-07-08,7.994,11672.0965,53543650.0
2016-07-11,8.064,11773.4254,50477300.0
2016-07-12,8.167,11924.1047,35479400.0
2016-07-13,8.333,12166.1844,71041350.0
2016-07-14,8.36,12205.6063,58286600.0
2016-07-15,8.097,11822.4837,78997450.0
2016-07-18,8.178,11940.4574,37536600.0
2016-07-19,8.306,12127.6385,45478600.0
2016-07-20,8.394,12255.2487,42345900.0
2016-07-21,8.361,12208.2344,107175000.0
2016-07-22,8.85,12883.152,208397250.0
2016-07-25,8.83,12855.2008,74070800.0
2016-07-26,8.617,12544.5354,55128950.0
2016-07-27,8.521,12405.0708,34812200.0
2016-07-28,8.611,12535.8007,42231400.0
2016-07-29,8.48,12344.8011,39186150.0
2016-08-01,8.282,12056.2637,50246150.0
2016-08-02,8.053,11723.1791,59776550.0
2016-08-03,8.051,11720.8499,39299700.0
2016-08-04,7.944,11564.7893,43660750.0
2016-08-05,8.023,11679.2143,40437850.0
2016-08-08,8.028,11687.0756,27352900.0
2016-08-09,7.902,11503.6461,32770400.0
2016-08-10,7.901,11502.7727,40710600.0
2016-08-11,7.964,11594.4874,33866200.0
2016-08-12,7.947,11568.5743,39659950.0
2016-08-15,7.95,11572.9417,35177000.0
2016-08-16,8.017,11671.3531,34925600.0
2016-08-17,7.984,11622.4385,39600750.0
2016-08-18,7.898,11498.1141,52239600.0
2016-08-19,7.77,11311.482,66188350.0
2016-08-22,7.921,11531.015,55244250.0
2016-08-23,7.94,11558.9661,39367100.0
2016-08-24,8.075,11755.4977,54277700.0
2016-08-25,8.267,12034.718,75198200.0
2016-08-26,8.375,12192.2344,51315000.0
2016-08-29,8.46,12316.5588,58978200.0
2016-08-30,8.303,12087.4176,61089650.0
2016-08-31,8.275,12046.0732,57053500.0
2016-09-01,8.294,12073.7332,39670250.0
2016-09-02,8.168,11891.1772,50349700.0
2016-09-06,8.281,12055.9726,54381700.0
2016-09-07,8.769,12765.8154,161154750.0
2016-09-08,8.726,12703.5076,61840750.0
2016-09-09,8.531,12419.3375,49624750.0
2016-09-12,8.578,12487.7596,38901250.0
2016-09-13,8.427,12268.2266,49788150.0
2016-09-14,8.298,12080.1387,43795600.0
2016-09-15,8.279,12052.7698,56590450.0
2016-09-16,8.186,11917.6726,60697100.0
2016-09-19,8.055,11726.673,56987850.0
2016-09-20,8.008,11658.5421,74536550.0
2016-09-21,7.995,11639.0345,46210600.0
2016-09-22,8.203,11942.1298,47971600.0
2016-09-23,8.276,12048.4024,52076450.0
2016-09-26,8.398,12225.1353,53542250.0
2016-09-27,8.379,12198.0576,32204550.0
2016-09-28,8.366,12179.4235,40965150.0
2016-09-29,8.415,12249.8837,45269400.0
2016-09-30,8.47,12330.5344,49825400.0
2016-10-03,8.617,12545.1177,44528650.0
2016-10-04,8.545,12440.3009,32777800.0
2016-10-05,8.557,12456.8969,31440950.0
2016-10-06,8.49,12359.359,28213750.0
2016-10-07,8.598,12517.1666,49023650.0
2016-10-10,8.758,12749.2194,64078350.0
2016-10-11,8.46,12316.5588,101562850.0
2016-10-12,8.37,12185.5378,35648950.0
2016-10-13,8.196,11931.9393,43493700.0
2016-10-14,8.083,11766.8528,48714050.0
2016-10-17,7.887,11481.8093,62227450.0
2016-10-18,7.879,11470.4541,59033500.0
2016-10-19,8.105,11799.1713,45843850.0
2016-10-20,8.102,11794.804,38258950.0
2016-10-21,8.239,11993.9559,51719750.0
2016-10-24,8.267,12035.0092,65445650.0
2016-10-25,8.113,11811.4,110925850.0
2016-10-26,7.36,10653.8704,314563800.0
2016-10-27,7.372,10670.3714,96805050.0
2016-10-28,7.402,10713.5057,59371600.0
2016-10-31,7.215,10443.6995,63224050.0
2016-11-01,7.198,10419.3822,70839050.0
2016-11-02,7.393,10700.4786,80041300.0
2016-11-03,7.494,10847.5403,67841500.0
2016-11-04,7.409,10723.6379,50774650.0
2016-11-07,7.65,11072.7648,74587500.0
2016-11-08,7.571,10958.4156,65923250.0
2016-11-09,7.39,10697.2942,100346750.0
2016-11-10,7.837,11343.15,109393850.0
2016-11-11,7.942,11495.1331,57319800.0
2016-11-14,8.284,11990.1637,93493000.0
2016-11-15,8.0,11579.6646,61505100.0
2016-11-16,8.058,11663.6172,49257700.0
2016-11-17,8.058,11663.6172,55934900.0
2016-11-18,8.236,11921.2647,75032700.0
2016-11-21,8.248,11938.0552,40755650.0
2016-11-22,8.12,11753.0701,43858350.0
2016-11-23,8.208,11881.0254,30860000.0
2016-11-25,8.206,11877.262,17782300.0
2016-11-28,7.988,11562.0056,41937800.0
2016-11-29,7.902,11438.1032,37900800.0
2016-11-30,7.927,11473.4212,45256800.0
2016-12-01,8.048,11648.5636,46330450.0
2016-12-02,8.001,11580.5331,41967300.0
2016-12-05,7.925,11471.6842,56445350.0
2016-12-06,7.327,10606.1043,246849300.0
2016-12-07,7.361,10655.0284,80013500.0
2016-12-08,7.381,10683.9776,67711700.0
2016-12-09,7.4,10711.1898,64333500.0
2016-12-12,7.65,11072.4753,105089450.0
2016-12-13,7.544,10920.2027,56364400.0
2016-12-14,7.514,10876.2,59940050.0
2016-12-15,7.647,11068.7119,55896450.0
2016-12-16,7.841,11350.0978,68797650.0
2016-12-19,7.79,11275.6984,33666450.0
2016-12-20,7.789,11274.8299,31216750.0
2016-12-21,7.87,11391.4951,40730650.0
2016-12-22,7.823,11323.754,41305800.0
2016-12-23,7.795,11283.5147,24159950.0
2016-12-27,7.775,11253.9865,27890600.0
2016-12-28,7.707,11156.1384,25243150.0
2016-12-29,7.532,10902.5437,44714900.0
2016-12-30,7.546,10923.0976,44523500.0
2017-01-03,7.495,10849.2167,43444800.0
2017-01-04,7.637,11054.4651,49223150.0
2017-01-05,7.838,11344.8236,65836350.0
2017-01-06,7.969,11534.4396,57482300.0
2017-01-09,7.901,11436.5919,39670250.0
2017-01-10,8.29,11998.7815,160706400.0
2017-01-11,8.279,11982.8596,63695850.0
2017-01-12,8.187,11850.2732,42521400.0
2017-01-13,8.215,11890.8018,28635700.0
2017-01-17,8.117,11749.5306,41689900.0
2017-01-18,8.195,11861.5633,41192300.0
2017-01-19,8.177,11836.3776,25151000.0
2017-01-20,8.104,11730.1348,29065550.0
2017-01-23,8.154,11803.0863,31618200.0
2017-01-24,8.358,12097.2081,34395550.0
2017-01-25,8.391,12145.2635,36603000.0
2017-01-26,8.375,12121.8148,23522850.0
2017-01-27,8.332,12060.1534,27672650.0
2017-01-30,8.359,12099.2346,29386600.0
2017-01-31,8.429,12200.2666,36893150.0
2017-02-01,8.405,12165.2383,37529600.0
2017-02-02,8.466,12254.1117,65809950.0
2017-02-03,8.082,11697.7119,178693350.0
2017-02-06,7.912,11451.9349,74942300.0
2017-02-07,7.973,11470.0687,63514550.0
2017-02-08,8.059,11593.7926,53782550.0
2017-02-09,8.306,11949.7146,64644350.0
2017-02-10,8.267,11893.6073,44000100.0
2017-02-13,8.283,11916.0502,29332450.0
2017-02-14,8.391,12071.4244,32002300.0
2017-02-15,8.467,12180.7618,41114650.0
2017-02-16,8.495,12221.6195,28018400.0
2017-02-17,8.552,12303.6225,27197200.0
2017-02-21,8.647,12440.2943,45576550.0
2017-02-22,8.552,12303.6225,33303550.0
2017-02-23,8.448,12153.1397,28681550.0
2017-02-24,8.418,12110.5557,47114700.0
2017-02-27,8.433,12132.7109,27255900.0
2017-02-28,8.375,12048.406,24833800.0
2017-03-01,8.383,12060.2029,35779900.0
2017-03-02,8.326,11977.9122,23731600.0
2017-03-03,8.322,11972.1576,26938450.0
2017-03-06,8.234,11845.2686,34992500.0
2017-03-07,8.098,11650.1877,46656200.0
2017-03-08,8.13,11696.2245,25394200.0
2017-03-09,8.21,11810.741,27161700.0
2017-03-10,8.155,11732.1908,30753450.0
2017-03-13,8.117,11678.0975,32104450.0
2017-03-14,8.062,11598.3963,36664250.0
2017-03-15,8.019,11536.8221,41732550.0
2017-03-16,8.019,11536.5344,28937600.0
2017-03-17,8.052,11583.4343,27796650.0
2017-03-20,7.927,11404.754,38686550.0
2017-03-21,8.15,11725.573,58023050.0
2017-03-22,8.326,11978.4876,48759000.0
2017-03-23,8.298,11937.3422,29531000.0
2017-03-24,8.28,11912.5975,23152550.0
2017-03-27,8.299,11939.6441,29202150.0
2017-03-28,8.525,12263.9158,47086350.0
2017-03-29,8.687,12497.2648,71971700.0
2017-03-30,8.878,12732.9574,85775600.0
2017-03-31,8.91,12778.8502,45721000.0
2017-04-03,9.055,12986.2283,67824250.0
2017-04-04,8.988,12890.427,48829300.0
2017-04-05,9.049,12977.3365,39681550.0
2017-04-06,9.006,12915.6681,24305750.0
2017-04-07,8.947,12831.0532,26614700.0
2017-04-10,9.086,13030.1132,34609500.0
2017-04-11,9.06,12993.399,41257250.0
2017-04-12,9.167,13146.8531,41579150.0
2017-04-13,9.272,13298.0125,48710300.0
2017-04-17,9.398,13477.8549,36786450.0
2017-04-18,9.37,13438.2723,24343150.0
2017-04-19,9.539,13680.6437,55092900.0
2017-04-20,9.568,13721.6604,31455000.0
2017-04-21,9.582,13741.7385,39935000.0
2017-04-24,9.376,13446.3036,57254550.0
2017-04-25,9.435,13531.4921,101268000.0
2017-04-26,9.66,13843.9424,195501100.0
2017-04-27,9.64,13815.566,49092200.0
2017-04-28,9.489,13599.7336,46884600.0
2017-05-01,9.552,13688.8755,49133650.0
2017-05-02,9.737,13954.8682,52158350.0
2017-05-03,9.599,13757.3801,47252200.0
2017-05-04,9.448,13540.4012,39158450.0
2017-05-05,9.506,13623.5239,48182900.0
2017-05-08,9.423,13504.5725,28446400.0
2017-05-09,9.583,13733.3032,40667400.0
2017-05-10,9.728,13942.2565,38936900.0
2017-05-11,9.77,14002.4488,34120450.0
2017-05-12,9.787,14025.6658,36579500.0
2017-05-15,9.906,14197.0705,35985050.0
2017-05-16,9.923,14220.8608,45753250.0
2017-05-17,9.597,13753.3673,40007100.0
2017-05-18,9.695,13894.1026,31580650.0
2017-05-19,9.7,13901.2684,29533050.0
2017-05-22,9.656,13838.2098,30876950.0
2017-05-23,9.5,13614.925,27300950.0
2017-05-24,9.576,13723.8444,20986050.0
2017-05-25,9.628,13798.0816,32725850.0
2017-05-26,9.603,13762.5395,23891800.0
2017-05-30,9.514,13634.9891,30364850.0
2017-05-31,9.547,13682.2831,32583000.0
2017-06-01,9.672,13861.4268,29284000.0
2017-06-02,9.561,13702.9204,30413500.0
2017-06-05,9.452,13546.1338,35219350.0
2017-06-06,9.41,13485.3682,37294100.0
2017-06-07,9.245,13248.8985,56175200.0
2017-06-08,9.194,13176.0945,36989300.0
2017-06-09,9.217,13209.3436,36816400.0
2017-06-12,9.231,13229.4077,38809200.0
2017-06-13,9.284,13305.9379,27179400.0
2017-06-14,9.194,13176.0945,20860850.0
2017-06-15,9.113,13060.8692,30024200.0
2017-06-16,9.022,12929.5927,45209250.0
2017-06-19,9.178,13153.7373,57370000.0
2017-06-20,8.512,12198.9728,165854450.0
2017-06-21,8.352,11969.6688,76877100.0
2017-06-22,8.418,12064.83,57704600.0
2017-06-23,8.306,11903.1706,55224100.0
2017-06-26,8.28,11866.1954,49981600.0
2017-06-27,8.28,11865.9087,56804100.0
2017-06-28,8.337,11948.7448,33551600.0
2017-06-29,8.384,12014.9563,38911800.0
2017-06-30,8.322,11926.6743,37005300.0
2017-07-03,8.347,11961.9298,21140700.0
2017-07-05,8.265,11844.9848,48475500.0
2017-07-06,8.255,11830.9399,56298000.0
2017-07-07,8.278,11863.3291,30928700.0
2017-07-10,8.151,11681.6057,40577500.0
2017-07-11,7.922,11352.841,71402850.0
2017-07-12,7.939,11377.7779,54638300.0
2017-07-13,8.001,11466.3465,46304950.0
2017-07-14,7.917,11345.6753,55256900.0
2017-07-17,7.84,11235.896,41489050.0
2017-07-18,7.5,10748.0517,381243050.0
2017-07-19,7.457,10686.4263,161676100.0
2017-07-20,7.121,10205.4612,222739550.0
2017-07-21,6.907,9898.4804,159914300.0
2017-07-24,6.8,9744.8467,127853400.0
2017-07-25,6.972,9965.3027,176356400.0
2017-07-26,6.812,9711.1872,181068850.0
2017-07-27,6.997,9974.6381,85055850.0
2017-07-28,7.01,9993.456,87052850.0
2017-07-31,6.875,9801.5702,61711900.0
2017-08-01,6.945,9900.5069,44875200.0
2017-08-02,7.021,10009.4227,49797300.0
2017-08-03,6.907,9846.9043,46130300.0
2017-08-04,6.891,9824.0947,41488600.0
2017-08-07,6.789,9678.3984,48061850.0
2017-08-08,6.673,9512.7437,53903300.0
2017-08-09,6.692,9540.4003,33373000.0
2017-08-10,6.453,9199.3968,61827050.0
2017-08-11,6.528,9306.6019,48409500.0
2017-08-14,6.448,9192.2688,40874550.0
2017-08-15,6.456,9203.1034,111750900.0
2017-08-16,6.403,9127.5466,51012400.0
2017-08-17,6.358,9064.535,54986550.0
2017-08-18,6.225,8874.0749,60816950.0
2017-08-21,6.172,8798.5181,65509350.0
2017-08-22,6.11,8710.7011,53520650.0
2017-08-23,5.942,8470.6301,87944450.0
2017-08-24,6.038,8608.343,101266950.0
2017-08-25,6.176,8804.2205,82705500.0
2017-08-28,6.24,8896.3142,88016950.0
2017-08-29,6.207,8849.2694,60106450.0
2017-08-30,6.303,8984.9866,56107900.0
2017-08-31,6.334,9030.0355,44976800.0
2017-09-01,6.399,9122.4144,50338850.0
2017-09-05,6.166,8790.8198,103489100.0
2017-09-06,6.358,9063.3946,62532300.0
2017-09-07,6.345,9045.432,48748150.0
2017-09-08,6.001,8554.4554,104555100.0
2017-09-11,6.103,8700.1517,66956200.0
2017-09-12,6.177,8805.361,41801000.0
2017-09-13,6.232,8884.3392,64305850.0
2017-09-14,6.212,8855.5421,34798250.0
2017-09-15,6.262,8926.8221,68889300.0
2017-09-18,6.037,8606.9174,74873500.0
2017-09-19,6.068,8650.8259,86676900.0
2017-09-20,6.248,8906.8637,84032700.0
2017-09-21,6.264,8930.5286,42526750.0
2017-09-22,6.286,8961.6067,46564000.0
2017-09-25,6.417,9147.505,61979450.0
2017-09-26,6.384,9101.3155,40395650.0
2017-09-27,6.277,8948.4912,64648000.0
2017-09-28,6.331,9024.9034,30598400.0
2017-09-29,6.157,8776.849,59817650.0
2017-10-02,6.036,8605.2067,84571500.0
2017-10-03,6.06,8638.8509,41679850.0
2017-10-04,6.136,8747.7667,46939750.0
2017-10-05,6.207,8848.6992,43447450.0
2017-10-06,6.153,8771.4317,52576350.0
2017-10-09,6.078,8665.367,34106450.0
2017-10-10,6.218,8863.8106,57618500.0
2017-10-11,6.23,8881.2029,49762200.0
2017-10-12,6.283,8957.615,38754950.0
2017-10-13,6.529,9307.7424,105948850.0
2017-10-16,6.408,9134.9597,87917050.0
2017-10-17,6.586,9389.0016,52784950.0
2017-10-18,6.365,9073.6589,76176400.0
2017-10-19,6.505,9274.0982,45950700.0
2017-10-20,6.495,9259.5571,48668200.0
2017-10-23,6.409,9136.6704,42119500.0
2017-10-24,6.486,9246.4416,148927550.0
2017-10-25,5.54,7820.8233,499556800.0
2017-10-26,5.63,7948.1542,166687150.0
2017-10-27,5.522,7795.696,81871200.0
2017-10-30,5.374,7586.2071,88451850.0
2017-10-31,5.438,7676.5527,65525150.0
2017-11-01,5.404,7628.5566,51776450.0
2017-11-02,5.589,7889.9942,97626450.0
2017-11-03,5.471,7722.5725,59446050.0
2017-11-06,5.515,7785.8144,41770850.0
2017-11-07,5.49,7749.9585,38271700.0
2017-11-08,5.478,7733.0187,29944350.0
2017-11-09,5.5,7764.075,41075450.0
2017-11-10,5.589,7889.7119,53041950.0
2017-11-13,5.55,7834.6575,91101900.0
2017-11-14,5.618,7930.6497,49221500.0
2017-11-15,5.709,8059.1099,52992600.0
2017-11-16,5.674,8009.7021,39835250.0
2017-11-17,5.797,8183.0527,63893650.0
2017-11-20,5.665,7996.9973,38048650.0
2017-11-21,5.59,7891.4058,38435250.0
2017-11-22,5.625,7941.0959,29928000.0
2017-11-24,5.586,7885.7592,16762000.0
2017-11-27,5.49,7750.5232,48343950.0
2017-11-28,5.717,8070.6854,66662100.0
2017-11-29,6.04,8526.0837,164688150.0
2017-11-30,6.088,8593.8429,74306550.0
2017-12-01,6.152,8684.1885,58916150.0
2017-12-04,6.312,8910.3348,134548950.0
2017-12-05,6.311,8909.2055,58250800.0
2017-12-06,6.213,8771.1461,40883350.0
2017-12-07,6.273,8855.2805,49366700.0
2017-12-08,6.318,8918.8047,93517350.0
2017-12-11,6.268,8847.9399,34433850.0
2017-12-12,6.368,8988.8225,34959150.0
2017-12-13,6.394,9026.0901,48097700.0
2017-12-14,6.28,8865.7267,35659450.0
2017-12-15,6.242,8812.084,55861700.0
2017-12-18,6.268,8848.7869,40710300.0
2017-12-19,6.263,8841.7286,39692200.0
2017-12-20,5.973,8432.3501,100957550.0
2017-12-21,5.848,8255.3292,76359950.0
2017-12-22,5.905,8335.2286,59880550.0
2017-12-26,5.91,8343.4162,27321500.0
2017-12-27,5.908,8340.5929,43198950.0
2017-12-28,5.896,8323.6531,25864250.0
2017-12-29,5.781,8160.184,55571250.0
2018-01-02,5.859,8270.8574,73199450.0
2018-01-03,6.18,8723.997,97872400.0
2018-01-04,6.142,8670.6366,35165150.0
2018-01-05,6.276,8859.2331,49910400.0
2018-01-08,6.369,8991.3635,54385150.0
2018-01-09,6.387,9016.7732,34097200.0
2018-01-10,6.436,9085.3794,57731000.0
2018-01-11,6.51,9189.8415,40678600.0
2018-01-12,6.547,9241.7902,33795400.0
2018-01-16,6.547,9242.6372,35327000.0
2018-01-17,6.693,9447.6088,48953050.0
2018-01-18,6.751,9529.4845,44452150.0
2018-01-19,6.877,9708.4817,57648900.0
2018-01-22,6.6,9316.89,71933700.0
2018-01-23,6.574,9280.4694,61260900.0
2018-01-24,6.591,9303.6205,39338400.0
2018-01-25,6.679,9428.975,28697000.0
2018-01-26,6.605,9323.3836,33280000.0
2018-01-29,6.647,9382.6729,38239500.0
2018-01-30,6.442,9093.2846,96462700.0
2018-01-31,6.495,9168.9491,36857800.0
2018-02-01,6.294,8885.4898,82315400.0
2018-02-02,6.233,8798.5321,47598750.0
2018-02-05,6.006,8478.3699,67465050.0
2018-02-06,6.087,8592.1489,104608300.0
2018-02-07,5.444,7628.9575,239030600.0
2018-02-08,5.32,7429.6593,94556100.0
2018-02-09,5.109,7134.9978,153230650.0
2018-02-12,5.089,7106.7885,97675400.0
2018-02-13,5.027,7019.6469,76016000.0
2018-02-14,5.798,8097.1863,269230450.0
2018-02-15,5.733,8006.1345,60449300.0
2018-02-16,6.113,8536.2459,137119650.0
2018-02-20,6.351,8869.7301,137029000.0
2018-02-21,6.419,8964.4128,95146350.0
2018-02-22,6.278,8767.5063,64374650.0
2018-02-23,6.316,8820.8526,47766900.0
2018-02-26,6.238,8711.0877,45552050.0
2018-02-27,6.383,8913.8595,87496200.0
2018-02-28,6.368,8893.1913,45631700.0
2018-03-01,6.265,8749.3518,54792250.0
2018-03-02,6.4,8937.3207,42165650.0
2018-03-05,6.403,8942.0688,39515550.0
2018-03-06,6.361,8882.8572,26766250.0
2018-03-07,6.399,8936.2035,19237000.0
2018-03-08,6.437,8989.5498,26864800.0
2018-03-09,6.443,8997.9288,28359450.0
2018-03-12,6.475,9042.6168,31430700.0
2018-03-13,6.536,9127.524,33164600.0
2018-03-14,6.393,8928.1038,38225200.0
2018-03-15,6.378,8907.1563,39337750.0
2018-03-16,6.404,8943.186,36337900.0
2018-03-19,6.336,8848.224,27560150.0
2018-03-20,6.403,8942.3481,27399500.0
2018-03-21,6.69,9343.1436,68926500.0
2018-03-22,6.734,9404.3103,77062600.0
2018-03-23,6.446,9001.839,52530000.0
2018-03-26,6.557,9157.1298,34518650.0
2018-03-27,6.459,9020.2728,29932650.0
2018-03-28,6.39,8923.9143,25797700.0
2018-03-29,6.462,9024.4623,26634500.0
2018-04-02,6.223,8661.4498,40967850.0
2018-04-03,6.333,8814.5478,29928900.0
2018-04-04,6.517,9070.0822,34536750.0
2018-04-05,6.554,9122.1356,29990650.0
2018-04-06,6.361,8853.7965,31680150.0
2018-04-09,6.342,8826.7956,25735650.0
2018-04-10,6.435,8956.7897,29768650.0
2018-04-11,6.435,8956.233,33403250.0
2018-04-12,6.502,9048.9269,30910500.0
2018-04-13,6.367,8861.869,31273800.0
2018-04-16,6.532,9091.2376,39147600.0
2018-04-17,6.692,9314.204,44723400.0
2018-04-18,6.787,9446.425,79852550.0
2018-04-19,6.769,9421.3726,35491200.0
2018-04-20,6.639,9240.1602,40137700.0
2018-04-23,6.614,9205.6436,49069550.0
2018-04-24,6.662,9272.1716,42500400.0
2018-04-25,6.79,9450.8787,68009600.0
2018-04-26,8.45,11742.5425,351729150.0
2018-04-27,8.547,11877.3385,157292700.0
2018-04-30,8.467,11765.6107,84078200.0
2018-05-01,8.52,11840.0959,48493250.0
2018-05-02,8.424,11706.9675,52416050.0
2018-05-03,8.388,11656.9401,40056150.0
2018-05-04,8.408,11684.4551,35206100.0
2018-05-07,8.392,11662.4987,29049700.0
2018-05-08,8.488,11795.9051,33727150.0
2018-05-09,8.494,11803.4092,28593000.0
2018-05-10,8.453,11747.2673,23272650.0
2018-05-11,8.498,11809.2457,27304250.0
2018-05-14,8.501,11813.6926,41199550.0
2018-05-15,8.531,11855.3821,36545600.0
2018-05-16,8.893,12358.7133,93036200.0
2018-05-17,8.772,12189.4539,57043900.0
2018-05-18,8.639,12005.1863,35498050.0
2018-05-21,8.677,12058.271,20625000.0
2018-05-22,8.669,12046.5979,20533700.0
2018-05-23,8.71,12104.1294,18488700.0
2018-05-24,8.669,12046.32,14900150.0
2018-05-25,8.579,11922.0853,22724650.0
2018-05-29,8.66,12034.6469,26401400.0
2018-05-30,8.732,12134.7017,19268450.0
2018-05-31,8.604,11955.9927,33294750.0
2018-06-01,8.772,12190.5657,32044600.0
2018-06-04,8.877,12335.3672,28539300.0
2018-06-05,9.067,12599.6786,35968600.0
2018-06-06,9.076,12613.0193,36232400.0
2018-06-07,8.966,12459.046,25478200.0
2018-06-08,9.068,12600.7903,69409350.0
2018-06-11,9.333,12969.3255,56423950.0
2018-06-12,9.326,12959.8759,35775100.0
2018-06-13,9.146,12709.7389,27482150.0
2018-06-14,9.209,12797.0089,24698350.0
2018-06-15,9.24,12840.6439,27246300.0
2018-06-18,9.369,13019.9088,27570600.0
2018-06-19,9.384,13041.0315,27706800.0
2018-06-20,9.31,12937.6415,18639350.0
2018-06-21,9.263,12872.6059,25355900.0
2018-06-22,9.399,13061.0424,33177700.0
2018-06-25,9.083,12622.7468,39707350.0
2018-06-26,9.234,12832.0281,45386500.0
2018-06-27,9.145,12708.0713,31428000.0
2018-06-28,8.567,11905.4095,112704750.0
2018-06-29,8.627,11989.0664,51377500.0
2018-07-02,8.856,12307.2963,35084600.0
2018-07-03,8.979,12477.6673,22853400.0
2018-07-05,8.96,12451.8199,23627300.0
2018-07-06,9.021,12535.7547,28674250.0
2018-07-09,9.278,12892.8948,36495450.0
2018-07-10,9.084,12623.8585,33562550.0
2018-07-11,9.144,12706.4037,29037400.0
2018-07-12,9.181,12758.3766,20262300.0
2018-07-13,9.144,12707.2375,17470350.0
2018-07-16,9.041,12564.1036,26596050.0
2018-07-17,9.051,12577.4442,26585550.0
2018-07-18,9.072,12606.3489,15423600.0
2018-07-19,9.097,12641.0902,14588950.0
2018-07-20,9.024,12539.9237,21510750.0
2018-07-23,9.132,12690.0059,22212850.0
2018-07-24,8.99,12492.3976,28872900.0
2018-07-25,9.033,12552.1526,22016950.0
2018-07-26,8.935,12416.8007,43769700.0
2018-07-27,9.446,13131.8292,109147750.0
2018-07-30,9.309,12941.9279,37271050.0
2018-07-31,8.673,12057.4826,227102850.0
2018-08-01,8.853,12306.8845,56569050.0
2018-08-02,9.208,12800.4055,61986250.0
2018-08-03,9.265,12880.7591,54164950.0
2018-08-06,9.505,13213.851,56499600.0
2018-08-07,9.56,13290.8681,27425400.0
2018-08-08,9.751,13556.3963,40318400.0
2018-08-09,9.754,13559.4547,29613050.0
2018-08-10,9.709,13498.0079,29928450.0
2018-08-13,9.693,13475.4866,19191350.0
2018-08-14,9.866,13716.2693,43834650.0
2018-08-15,10.518,14621.8456,95929550.0
2018-08-16,10.054,13977.0708,110575400.0
2018-08-17,10.209,14192.2738,36255200.0
2018-08-20,10.315,14339.913,29925300.0
2018-08-21,10.378,14427.4956,22545700.0
2018-08-22,10.472,14557.6183,22983700.0
2018-08-23,10.361,14403.5842,35283300.0
2018-08-24,10.414,14477.8208,22567550.0
2018-08-27,9.912,13779.6624,68680750.0
2018-08-28,9.882,13737.6784,25790100.0
2018-08-29,9.753,13558.6206,38560100.0
2018-08-30,9.68,13456.858,28060300.0
2018-08-31,9.504,13211.9047,40162500.0
2018-09-04,9.55,13276.132,29675700.0
2018-09-05,9.558,13286.9755,35527850.0
2018-09-06,9.621,13375.1647,39844050.0
2018-09-07,9.641,13402.4127,39013850.0
2018-09-10,9.782,13599.5438,39064050.0
2018-09-11,9.765,13574.7982,20318600.0
2018-09-12,9.895,13756.637,25676050.0
2018-09-13,9.919,13789.1678,21953050.0
2018-09-14,9.831,13667.3859,25319250.0
2018-09-17,9.766,13577.3006,31670650.0
2018-09-18,9.83,13665.4396,21939400.0
2018-09-19,9.812,13640.6939,19316350.0
2018-09-20,9.602,13348.7508,32701200.0
2018-09-21,9.347,12994.8046,49735150.0
2018-09-24,9.318,12953.6545,31012550.0
2018-09-25,9.312,12946.1474,17716700.0
2018-09-26,9.358,13009.8188,27396500.0
2018-09-27,9.308,12940.0305,22034750.0
2018-09-28,9.09,12637.5218,46647250.0
2018-10-01,8.939,12427.6008,47969050.0
2018-10-02,8.727,12132.8773,45831550.0
2018-10-03,8.729,12134.8236,35356950.0
2018-10-04,8.955,12449.8441,43025650.0
2018-10-05,8.987,12494.0526,47938550.0
2018-10-08,8.971,12471.8093,41964550.0
2018-10-09,8.942,12430.9373,24629700.0
2018-10-10,8.684,12072.8204,31921850.0
2018-10-11,8.679,12065.0353,33004650.0
2018-10-12,8.714,12114.5266,40961450.0
2018-10-15,8.635,12004.1443,25104600.0
2018-10-16,8.679,12065.5914,47081900.0
2018-10-17,8.597,11951.5945,36721050.0
2018-10-18,8.635,12003.8663,37367050.0
2018-10-19,8.571,11915.1712,25553350.0
2018-10-22,8.624,11988.852,28636800.0
2018-10-23,8.686,12075.0448,28642900.0
2018-10-24,8.26,11483.0954,42002750.0
2018-10-25,8.478,11780.473,63617850.0
2018-10-26,8.768,12181.3966,81603950.0
2018-10-29,8.817,12250.587,44063100.0
2018-10-30,9.235,12831.3415,49642750.0
2018-10-31,9.207,12791.3278,60541200.0
2018-11-01,9.452,13132.8337,39400450.0
2018-11-02,9.528,13237.5918,34713750.0
2018-11-05,9.393,13050.3054,35262900.0
2018-11-06,9.483,13175.3483,35019950.0
2018-11-07,9.55,13268.1579,23987150.0
2018-11-08,9.566,13290.6656,21353350.0
2018-11-09,9.815,13636.8953,44594100.0
2018-11-12,9.793,13606.6072,42451350.0
2018-11-13,9.696,13471.8388,25142750.0
2018-11-14,9.586,13319.0086,36633650.0
2018-11-15,9.446,13123.9418,32916550.0
2018-11-16,9.455,13136.7239,40423200.0
2018-11-19,9.317,12945.2695,33738800.0
2018-11-20,9.233,12827.4513,35311500.0
2018-11-21,9.425,13095.043,21587950.0
2018-11-23,9.428,13099.489,10825300.0
2018-11-26,9.32,12949.4375,24351900.0
2018-11-27,9.469,13155.8972,18039050.0
2018-11-28,9.81,13630.2264,33269000.0
2018-11-29,9.651,13409.0395,21333900.0
2018-11-30,9.464,13149.2282,47811200.0
2018-12-03,9.508,13209.5267,23811550.0
2018-12-04,9.367,13014.182,27661000.0
2018-12-06,9.399,13058.3638,32290950.0
2018-12-07,9.349,12988.6176,35477250.0
2018-12-10,9.503,13203.1356,32296550.0
2018-12-11,9.447,13125.3312,19799600.0
2018-12-12,9.426,13096.4324,20161950.0
2018-12-13,9.455,13135.8903,16925550.0
2018-12-14,9.157,12721.8596,34848800.0
2018-12-17,8.87,12323.6676,41102150.0
2018-12-18,8.876,12332.0037,32770400.0
2018-12-19,8.541,11866.5665,47147700.0
2018-12-20,8.015,11136.3162,68177350.0
2018-12-21,7.888,10959.8669,47475750.0
2018-12-24,7.717,10721.4518,21261900.0
2018-12-26,8.114,11273.8634,31667650.0
2018-12-27,8.291,11519.2252,28687400.0
2018-12-28,8.484,11787.0948,35685050.0
2018-12-31,8.636,11998.2783,25090750.0
2019-01-02,8.867,12319.7773,35312650.0
2019-01-03,8.789,12211.129,33730750.0
2019-01-04,9.1,12643.2215,44977500.0
2019-01-07,9.703,13481.0086,51916200.0
2019-01-08,9.947,13820.5694,44161700.0
2019-01-09,9.97,13851.4133,39644200.0
2019-01-10,10.192,14160.9638,41660500.0
2019-01-11,10.139,14086.7717,39408800.0
2019-01-14,10.04,13948.9467,41996600.0
2019-01-15,10.29,14296.288,35760850.0
2019-01-16,10.296,14305.4578,26204400.0
2019-01-17,10.353,14384.3737,37676700.0
2019-01-18,10.265,14261.5539,44014500.0
2019-01-22,10.402,14451.619,48409900.0
2019-01-23,10.427,14487.4646,52014000.0
2019-01-24,10.668,14821.4679,39160500.0
2019-01-25,10.867,15098.7852,33765200.0
2019-01-28,10.64,14782.8436,28930900.0
2019-01-29,10.601,14728.9362,27960950.0
2019-01-30,10.66,14810.0752,19863450.0
2019-01-31,10.592,14716.432,17443650.0
2019-02-01,10.544,14649.4646,32183000.0
2019-02-04,10.558,14669.4714,27493100.0
2019-02-05,10.533,14634.1815,19403900.0
2019-02-06,10.521,14570.2838,62950500.0
2019-02-07,11.716,16224.3487,218418650.0
2019-02-08,11.655,16118.9928,45976850.0
2019-02-11,12.067,16688.4971,75277000.0
2019-02-12,11.873,16420.2022,47058250.0
2019-02-13,11.992,16585.0515,25356300.0
2019-02-14,12.089,16718.0926,24500350.0
2019-02-15,12.118,16758.4751,29289050.0
2019-02-19,11.989,16580.626,24474850.0
2019-02-20,11.955,16533.052,19356700.0
2019-02-21,12.024,16628.4765,23391700.0
2019-02-22,12.004,16601.647,14017900.0
2019-02-25,11.933,16503.18,24076500.0
2019-02-26,11.99,16581.7324,20718900.0
2019-02-27,11.986,16575.6473,18689950.0
2019-02-28,12.151,16803.8363,36095600.0
2019-03-01,12.233,16917.2393,25100500.0
2019-03-04,12.377,17116.9392,36376900.0
2019-03-05,12.32,17038.3869,17063800.0
2019-03-06,12.268,16966.4728,13642900.0
2019-03-07,12.191,16859.1548,21736800.0
2019-03-08,12.329,17050.2804,30008600.0
2019-03-11,12.338,17062.4505,28540150.0
2019-03-12,12.62,17452.7228,40850650.0
2019-03-13,12.741,17620.8911,23116650.0
2019-03-14,12.848,17768.0385,21709200.0
2019-03-15,12.78,17674.2735,29680750.0
2019-03-18,13.116,18138.9493,41864400.0
2019-03-19,13.317,18417.2015,43490250.0
2019-03-20,13.316,18415.2654,16945650.0
2019-03-21,13.409,18544.1576,30302300.0
2019-03-22,13.429,18572.0934,30475800.0
2019-03-25,13.535,18718.9642,34116000.0
2019-03-26,13.776,19052.2584,35972250.0
2019-03-27,13.957,19302.5748,34689300.0
2019-03-28,14.05,19430.9138,24415750.0
2019-03-29,14.206,19693.6772,37811050.0
2019-04-01,14.115,19566.9718,34896150.0
2019-04-02,14.096,19540.9098,28262150.0
2019-04-03,14.113,19564.1992,21009500.0
2019-04-04,14.068,19501.5397,27058500.0
2019-04-05,14.167,19639.8898,39553700.0
2019-04-08,14.294,19814.8375,27898200.0
2019-04-09,14.213,19703.6583,25381400.0
2019-04-10,14.377,19930.4527,23026200.0
2019-04-11,14.151,19616.6004,39091850.0
2019-04-12,14.249,19752.7324,20863600.0
2019-04-15,14.245,19748.0191,13593600.0
2019-04-16,14.13,19587.4886,22221150.0
2019-04-17,13.764,19080.9443,43295150.0
2019-04-18,14.0,19407.8276,32211750.0
2019-04-22,14.033,19454.1291,23167700.0
2019-04-23,14.049,19476.0323,26308600.0
2019-04-24,14.195,19678.1509,59228400.0
2019-04-25,13.561,18791.7309,116818450.0
2019-04-26,13.536,18756.2576,38313300.0
2019-04-29,13.558,18787.0196,31754450.0
2019-04-30,13.761,19068.0351,29584600.0
2019-05-01,13.771,19082.4461,20531300.0
2019-05-02,14.157,19617.5949,31175200.0
2019-05-03,14.19,19663.3223,21817400.0
2019-05-06,14.333,19861.4742,25899000.0
2019-05-07,14.13,19580.1816,23153000.0
2019-05-08,14.191,19664.7079,23765700.0
2019-05-09,14.103,19541.6597,16115150.0
2019-05-10,14.109,19550.2509,26041050.0
2019-05-13,13.745,19046.6956,23503900.0
2019-05-14,14.064,19487.6183,25246000.0
2019-05-15,14.118,19562.722,15388700.0
2019-05-16,14.179,19646.9713,21122400.0
2019-05-17,14.318,19840.4119,26925350.0
2019-05-20,14.36,19898.3332,23686250.0
2019-05-21,14.3,19815.1925,22074950.0
2019-05-22,14.121,19566.8791,33867550.0
2019-05-23,13.342,18488.2675,74551500.0
2019-05-24,13.251,18361.8937,30283050.0
2019-05-28,13.601,18847.158,32260250.0
2019-05-29,13.359,18511.824,28560550.0
2019-05-30,13.56,18789.791,16958250.0
2019-05-31,13.199,18290.1156,31726000.0
2019-06-03,12.833,17782.6803,31230750.0
2019-06-04,13.244,18351.3625,42129600.0
2019-06-05,13.59,18830.807,33926250.0
2019-06-06,13.844,19182.7692,29597500.0
2019-06-07,14.197,19673.022,29796050.0
2019-06-10,14.41,19968.1714,27055250.0
2019-06-11,14.585,20209.8336,23841250.0
2019-06-12,14.755,20445.3988,22546650.0
2019-06-13,14.646,20294.3599,20895250.0
2019-06-14,14.812,20524.3824,19045950.0
2019-06-17,14.633,20276.6232,17917450.0
2019-06-18,14.651,20301.2883,19237950.0
2019-06-19,14.727,20406.877,15715400.0
2019-06-20,14.776,20474.7752,18332450.0
2019-06-21,14.537,20143.5982,18155150.0
2019-06-24,14.483,20068.2173,18928100.0
2019-06-25,14.664,20320.1335,23049350.0
2019-06-26,14.55,20161.3349,14409700.0
2019-06-27,14.482,20067.9402,20465100.0
2019-06-28,14.658,20310.7109,24366450.0
2019-07-01,14.508,20103.1364,19612500.0
2019-07-02,14.462,20039.1181,15193750.0
2019-07-03,14.62,20258.0552,11388200.0
2019-07-05,14.791,20495.2832,16432500.0
2019-07-08,14.976,20751.9107,26704000.0
2019-07-09,14.91,20660.1789,15780800.0
2019-07-10,14.86,20591.4492,14864500.0
2019-07-11,14.801,20509.6943,12002000.0
2019-07-12,15.017,20808.7235,28838300.0
2019-07-15,15.197,21058.6998,23206800.0
2019-07-16,15.237,21113.5726,20295350.0
2019-07-17,15.051,20856.1137,14611700.0
2019-07-18,15.281,21174.2653,24210800.0
2019-07-19,14.93,20688.7238,27008600.0
2019-07-22,14.85,20577.5925,22612150.0
2019-07-23,14.792,20948.4304,46563000.0
2019-07-24,15.559,21567.2388,78656600.0
2019-07-25,15.551,21555.318,29369800.0
2019-07-26,15.597,21619.9122,26084900.0
2019-07-29,16.181,22428.5866,48591950.0
2019-07-30,16.105,22323.7944,22318900.0
2019-07-31,15.911,22054.3286,26746900.0
2019-08-01,15.809,21912.9423,25556550.0
2019-08-02,15.844,21962.2889,20122350.0
2019-08-05,15.604,21629.6152,27916000.0
2019-08-06,15.812,21917.9324,24143550.0
2019-08-07,15.901,22041.0217,16417500.0
2019-08-08,16.281,22567.7551,28929400.0
2019-08-09,16.358,22674.4879,23642300.0
2019-08-12,16.256,22533.656,17359100.0
2019-08-13,16.339,22648.4285,17903800.0
2019-08-14,15.931,22083.1604,21935550.0
2019-08-15,16.198,22452.4282,23323450.0
2019-08-16,16.344,22655.082,16554950.0
2019-08-19,16.406,22741.2999,15907350.0
2019-08-20,16.403,22736.587,10081350.0
2019-08-21,16.55,22940.9042,12603450.0
2019-08-22,16.383,22709.1414,13766550.0
2019-08-23,16.109,22329.0617,21094350.0
2019-08-26,16.536,22921.221,19607150.0
2019-08-27,16.842,23345.6572,24637200.0
2019-08-28,16.787,23268.865,11795150.0
2019-08-29,16.873,23388.0731,12465800.0
2019-08-30,16.768,23243.36,14470900.0
2019-09-03,16.557,22950.8844,19613100.0
2019-09-04,16.766,23239.4788,16380900.0
2019-09-05,16.762,23234.766,16448850.0
2019-09-06,16.726,23185.1421,13751950.0
2019-09-09,16.793,23277.4591,29156550.0
2019-09-10,15.76,21845.0214,58846600.0
2019-09-11,15.984,22156.3486,30965150.0
2019-09-12,16.109,22329.3389,18549500.0
2019-09-13,15.757,21841.6947,23305150.0
2019-09-16,15.997,22174.6456,34173850.0
2019-09-17,16.515,22892.112,32193900.0
2019-09-18,16.699,23147.7163,30490500.0
2019-09-19,16.642,23067.8746,14378750.0
2019-09-20,16.693,23139.1223,28324600.0
2019-09-23,16.866,23378.3701,30208900.0
2019-09-24,16.49,22857.1813,26492950.0
2019-09-25,16.384,22711.082,22202500.0
2019-09-26,16.351,22665.3394,16421050.0
2019-09-27,16.377,22700.2701,22475800.0
2019-09-30,16.809,23300.1918,23384750.0
2019-10-01,16.577,22977.7755,25234700.0
2019-10-02,16.2,22454.9233,32017750.0
2019-10-03,16.306,22602.1314,26160700.0
2019-10-04,16.479,22841.6565,14292050.0
2019-10-07,16.283,22570.8046,16186250.0
2019-10-08,16.118,22341.2597,19254100.0
2019-10-09,16.546,22934.8051,22209750.0
2019-10-10,16.555,22947.5576,20201400.0
2019-10-11,16.607,23019.6369,22516800.0
2019-10-14,16.563,22958.0923,14756450.0
2019-10-15,16.535,22919.5576,14679550.0
2019-10-16,16.465,22822.805,15404050.0
2019-10-17,16.581,22984.1517,16924800.0
2019-10-18,16.83,23328.1918,41132300.0
2019-10-21,17.031,23607.0833,26540500.0
2019-10-22,16.621,23039.5974,65032250.0
2019-10-23,15.764,21907.9018,89430350.0
2019-10-24,15.967,22190.0232,38677550.0
2019-10-25,15.757,21899.0074,24896450.0
2019-10-28,15.652,21752.8046,46565000.0
2019-10-29,15.276,21230.5327,25121400.0
2019-10-30,15.51,21555.7366,23717350.0
2019-10-31,15.563,21629.1159,14692750.0
2019-11-01,15.373,21364.2277,19733450.0
2019-11-04,15.035,20895.6005,38132550.0
2019-11-05,14.815,20589.5753,41610250.0
2019-11-06,14.886,20688.2483,19180050.0
2019-11-07,14.747,20494.5157,23998450.0
2019-11-08,14.632,20335.5272,26744100.0
2019-11-11,14.867,20662.1208,29304950.0
2019-11-12,15.145,21048.4741,33407800.0
2019-11-13,15.066,20938.1272,23233550.0
2019-11-14,14.984,20824.1668,21399450.0
2019-11-15,15.093,20975.9287,17012300.0
2019-11-18,15.426,21438.7188,20059950.0
2019-11-19,15.336,21312.8065,17429850.0
2019-11-20,15.519,21567.4106,17387500.0
2019-11-21,15.469,21498.4785,15443250.0
2019-11-22,15.452,21474.8526,11031700.0
2019-11-25,15.73,21861.2059,17098250.0
2019-11-26,16.317,22676.4392,33899050.0
2019-11-27,16.335,22701.7329,17415950.0
2019-11-29,16.278,22623.0724,13567150.0
2019-12-02,16.276,22619.1811,22526250.0
2019-12-03,16.298,22650.5897,20968150.0
2019-12-04,16.188,22497.4381,23868200.0
2019-12-05,16.395,22784.5626,20470850.0
2019-12-06,16.45,22860.9994,19522850.0
2019-12-09,16.541,22987.4676,18763050.0
2019-12-10,16.355,22728.9722,17213550.0
2019-12-11,16.455,22868.2261,10355450.0
2019-12-12,16.224,22547.4695,18769200.0
2019-12-13,16.306,22661.9857,14958950.0
2019-12-16,16.456,22869.6159,13398700.0
2019-12-17,16.641,23126.9995,21372850.0
2019-12-18,16.538,22983.2983,21175450.0
2019-12-19,16.678,23178.9765,16812750.0
2019-12-20,16.691,23195.9316,18151050.0
2019-12-23,16.566,23022.4895,14718950.0
2019-12-24,16.578,23039.1666,4595500.0
2019-12-26,16.772,23309.0581,12769000.0
2019-12-27,16.736,23258.7488,10094450.0
2019-12-30,16.721,23238.7362,10570850.0
2019-12-31,16.742,23267.6432,14118300.0
2020-01-02,17.164,23853.5661,24364950.0
2020-01-03,17.303,24046.4648,21144500.0
2020-01-06,17.16,23848.8409,20266050.0
2020-01-07,17.202,23906.0991,12353750.0
2020-01-08,17.135,23812.9851,13148250.0
2020-01-09,17.253,23978.0886,22885500.0
2020-01-10,17.155,23841.8921,15101900.0
2020-01-13,17.26,23987.2611,15229000.0
2020-01-14,17.184,23882.1952,11968350.0
2020-01-15,17.302,24045.353,13905650.0
2020-01-16,17.405,24188.4983,12019100.0
2020-01-17,17.563,24408.3584,18059250.0
2020-01-21,17.415,24202.118,14957350.0
2020-01-22,17.584,24436.9875,12977500.0
2020-01-23,17.597,24455.3323,12103150.0
2020-01-24,17.394,24173.7669,16170900.0
2020-01-27,17.301,24043.6853,12963100.0
2020-01-28,17.556,24399.186,17537750.0
2020-01-29,17.586,24440.3229,9176250.0
2020-01-30,17.599,24458.3898,12561300.0
2020-01-31,17.335,24091.771,19290150.0
2020-02-03,17.347,24107.6143,22916300.0
2020-02-04,17.696,24593.7524,49110900.0
2020-02-05,17.08,23714.1198,51735600.0
2020-02-06,17.14,23797.146,34497200.0
2020-02-07,17.284,23997.6307,28684750.0
2020-02-10,17.81,24727.6505,25605900.0
2020-02-11,17.815,24734.3148,16739900.0
2020-02-12,18.007,25001.4426,19885050.0
2020-02-13,18.259,25350.7636,21143800.0
2020-02-14,18.439,25600.3977,18341100.0
2020-02-18,18.551,25756.4536,18484300.0
2020-02-19,18.677,25930.8364,15912000.0
2020-02-20,18.552,25757.2867,18137550.0
2020-02-21,18.403,25550.4153,15129500.0
2020-02-24,17.7,24574.649,33115800.0
2020-02-25,17.12,23769.6557,36806050.0
2020-02-26,16.946,23527.5191,28546350.0
2020-02-27,15.111,20980.086,67574450.0
2020-02-28,15.472,21480.7424,75293800.0
2020-03-02,15.376,21348.2892,43481750.0
2020-03-03,14.721,20439.166,38968500.0
2020-03-04,15.395,21374.6687,38643300.0
2020-03-05,14.551,20202.5829,42205500.0
2020-03-06,14.462,20078.4601,42048500.0
2020-03-09,13.157,18267.4335,51321250.0
2020-03-10,14.024,19471.1747,45482750.0
2020-03-11,12.928,17948.9349,49807000.0
2020-03-12,12.06,16744.0829,104022000.0
2020-03-13,12.607,17503.8144,54461550.0
2020-03-16,11.43,15869.6697,60477550.0
2020-03-17,10.488,14561.7985,75591450.0
2020-03-18,9.304,12917.935,75504400.0
2020-03-19,10.723,14887.7944,70729200.0
2020-03-20,11.32,15716.6682,87592700.0
2020-03-23,11.774,16347.2787,64346700.0
2020-03-24,13.281,18439.3172,58005250.0
2020-03-25,12.99,18034.7379,47162250.0
2020-03-26,13.222,18357.4017,39717050.0
2020-03-27,12.701,17633.4908,42867750.0
2020-03-30,12.799,17770.6646,26664650.0
2020-03-31,13.088,18171.3563,42390700.0
2020-04-01,12.387,17198.3668,41006600.0
2020-04-02,12.603,17498.2608,31695450.0
2020-04-03,12.22,16966.5043,42997900.0
2020-04-06,13.8,19159.6182,49202600.0
2020-04-07,14.086,19585.0638,49791150.0
2020-04-08,14.502,20164.0231,30659250.0
2020-04-09,15.42,21439.847,51331200.0
2020-04-13,14.882,20691.2598,34125650.0
2020-04-14,15.707,21838.3333,41891950.0
2020-04-15,15.402,21414.8199,28578850.0
2020-04-16,15.735,21877.8205,28143050.0
2020-04-17,16.405,22809.9394,32921450.0
2020-04-20,16.175,22489.0369,29401700.0
2020-04-21,15.734,21881.7824,48857950.0
2020-04-22,17.645,24540.0619,117974000.0
2020-04-23,17.34,24116.1613,66025050.0
2020-04-24,17.649,24545.9031,26638450.0
2020-04-27,17.661,24562.5921,25927150.0
2020-04-28,17.367,24153.4334,25836600.0
2020-04-29,17.647,24609.1164,25875100.0
2020-04-30,17.571,24503.4105,22469750.0
2020-05-01,17.498,24402.1671,21742700.0
2020-05-04,17.5,24404.3984,14065850.0
2020-05-05,17.405,24271.3595,15949300.0
2020-05-06,17.341,24182.3881,14564250.0
2020-05-07,17.95,25032.219,24664500.0
2020-05-08,18.517,25822.0847,36986000.0
2020-05-11,18.679,26047.9997,28533950.0
2020-05-12,18.597,25934.2055,34301150.0
2020-05-13,18.052,25173.9039,35880700.0
2020-05-14,18.644,25999.1909,28936700.0
2020-05-15,19.435,27102.8276,42619550.0
2020-05-18,19.972,27851.1361,38965900.0
2020-05-19,20.182,28143.9889,23060100.0
2020-05-20,20.599,28726.3476,20743550.0
2020-05-21,20.534,28635.7027,22766100.0
2020-05-22,21.114,29444.2553,22550250.0
2020-05-26,20.34,28364.8836,38812500.0
2020-05-27,19.8,27611.8336,40783800.0
2020-05-28,19.902,27753.7975,31584100.0
2020-05-29,20.078,27999.7938,33598850.0
2020-06-01,20.958,29226.1497,35722800.0
2020-06-02,21.178,29533.2267,21475550.0
2020-06-03,20.994,29277.1897,25827950.0
2020-06-04,20.831,29049.8802,17977450.0
2020-06-05,21.069,29381.78,18560200.0
2020-06-08,20.985,29263.8022,15805550.0
2020-06-09,20.789,28991.5885,13794950.0
2020-06-10,20.579,28698.4569,16106050.0
2020-06-11,20.015,27911.3801,23420400.0
2020-06-12,19.837,27662.8736,25439550.0
2020-06-15,20.465,28539.2007,18196200.0
2020-06-16,20.636,28777.6666,15685750.0
2020-06-17,20.458,28528.8812,12073350.0
2020-06-18,20.6,28727.4632,11528000.0
2020-06-19,20.217,28192.7977,21423350.0
2020-06-22,21.405,29850.0656,29540050.0
2020-06-23,20.783,28982.9424,21471200.0
2020-06-24,20.959,29228.102,19163300.0
2020-06-25,20.978,29254.5982,10891600.0
2020-06-26,20.663,28815.3191,24983600.0
2020-06-29,20.919,29172.3205,14854900.0
2020-06-30,21.047,29351.1002,19897550.0
2020-07-01,21.367,29797.3521,14195150.0
2020-07-02,21.129,29465.1733,13225950.0
2020-07-06,22.518,31402.7431,33331900.0
2020-07-07,22.182,30933.6208,21473850.0
2020-07-08,22.289,31082.2785,15923350.0
2020-07-09,22.312,31114.3528,14388900.0
2020-07-10,22.361,31182.9641,10945150.0
2020-07-13,21.778,30370.7857,18210500.0
2020-07-14,22.06,30764.0451,13364150.0
2020-07-15,22.673,31618.3385,16616600.0
2020-07-16,22.59,31502.8709,12085000.0
2020-07-17,22.724,31690.0177,13852550.0
2020-07-20,23.274,32457.0131,21013050.0
2020-07-21,23.262,32439.7209,14093950.0
2020-07-22,23.705,33144.8903,37471650.0
2020-07-23,22.421,31348.4829,48046300.0
2020-07-24,22.605,31606.5906,21070550.0
2020-07-27,22.859,31960.8945,17154450.0
2020-07-28,22.245,31102.3997,15801850.0
2020-07-29,23.061,32248.6294,14876850.0
2020-07-30,22.968,32118.0206,12232900.0
2020-07-31,23.103,32307.0817,15141450.0
2020-08-03,22.934,32070.7553,11841900.0
2020-08-04,23.291,32570.257,11107200.0
2020-08-05,23.405,32728.8335,10491050.0
2020-08-06,23.736,33191.9774,12408850.0
2020-08-07,23.612,33019.1374,11601850.0
2020-08-10,23.22,32470.4126,15239750.0
2020-08-11,22.943,32083.3407,11177300.0
2020-08-12,23.218,32468.1752,7845200.0
2020-08-13,23.899,33419.3541,13137950.0
2020-08-14,23.731,33184.4261,8068150.0
2020-08-17,24.324,34014.7849,9659150.0
2020-08-18,24.739,34593.9944,12772000.0
2020-08-19,24.387,34102.8829,9583050.0
2020-08-20,24.798,34676.7786,11281600.0
2020-08-21,25.065,35050.1464,11721000.0
2020-08-24,24.835,34728.7983,11931600.0
2020-08-25,25.393,35509.0951,12664450.0
2020-08-26,25.546,35722.4881,9813050.0
2020-08-27,25.593,35788.212,10519050.0
2020-08-28,26.03,36400.1436,12570450.0
2020-08-31,26.206,36645.4197,14541300.0
2020-09-01,27.444,38377.7344,16740800.0
2020-09-02,27.581,38568.1939,16599800.0
2020-09-03,26.575,37161.4224,23226400.0
2020-09-04,26.275,36741.908,20282400.0
2020-09-08,25.995,36350.9206,15939900.0
2020-09-09,26.421,36946.0717,15270950.0
2020-09-10,26.17,36595.3576,16498450.0
2020-09-11,25.949,36287.1544,15549950.0
2020-09-14,25.344,35440.2947,21889850.0
2020-09-15,25.547,35724.7255,16487800.0
2020-09-16,25.317,35403.3775,15243250.0
2020-09-17,24.507,34270.6886,22629200.0
2020-09-18,24.31,33994.0888,39167700.0
2020-09-21,24.13,33743.4989,15438650.0
2020-09-22,24.692,34528.2705,15138350.0
2020-09-23,24.968,34914.5034,26589900.0
2020-09-24,24.586,34380.0421,12026150.0
2020-09-25,24.89,34805.7093,11725300.0
2020-09-28,25.267,35332.899,9810750.0
2020-09-29,25.232,35284.2354,8943800.0
2020-09-30,24.874,34783.6149,14350500.0
2020-10-01,24.76,34624.4791,17448350.0
2020-10-02,25.096,35093.7759,14086400.0
2020-10-05,25.06,35043.7138,10014950.0
2020-10-06,25.128,35138.8037,23490500.0
2020-10-07,25.574,35761.6427,12085450.0
2020-10-08,25.635,35847.5033,12090500.0
2020-10-09,25.64,35854.2156,12203000.0
2020-10-12,25.579,35768.6346,10241250.0
2020-10-13,26.504,37063.256,20021300.0
2020-10-14,26.427,36955.5806,14246050.0
2020-10-15,26.865,37567.5123,13108150.0
2020-10-16,26.794,37467.6679,14878750.0
2020-10-19,26.712,37353.2803,16007600.0
2020-10-20,26.969,37713.5033,16532100.0
2020-10-21,27.333,38222.2344,39613200.0
2020-10-22,26.006,36380.8139,64928500.0
2020-10-23,26.782,37466.1193,38156100.0
2020-10-26,26.24,36707.8884,27205500.0
2020-10-27,26.203,36656.6869,14912100.0
2020-10-28,25.071,35074.4867,23971250.0
2020-10-29,24.856,34773.9777,14226850.0
2020-10-30,24.03,33617.8297,24571400.0
2020-11-02,23.771,33255.764,18440900.0
2020-11-03,24.191,33843.6311,16132950.0
2020-11-04,25.547,35741.2584,28072250.0
2020-11-05,26.206,36663.2109,14958500.0
2020-11-06,26.523,37106.6994,13450850.0
2020-11-09,25.563,35762.5235,25150450.0
2020-11-10,24.861,34780.9728,27634450.0
2020-11-11,26.079,36484.4165,17540400.0
2020-11-12,25.185,35234.8141,16141100.0
2020-11-13,25.029,35015.4481,12302000.0
2020-11-16,25.213,35273.9866,12148300.0
2020-11-17,25.37,35492.5131,8016000.0
2020-11-18,25.92,36262.5323,15144150.0
2020-11-19,26.209,36667.1282,12096650.0
2020-11-20,25.851,36166.5597,10142850.0
2020-11-23,25.62,35842.8271,13239850.0
2020-11-24,25.256,35334.1443,17661000.0
2020-11-25,25.534,35721.952,9478050.0
2020-11-27,25.955,36312.0575,7728300.0
2020-11-30,25.789,36078.7014,13403300.0
2020-12-01,26.421,36963.7198,16778200.0
2020-12-02,25.94,36290.5127,11028300.0
2020-12-03,26.175,36619.5616,10491600.0
2020-12-04,26.692,37343.1334,10781150.0
2020-12-07,26.942,37692.3281,12414700.0
2020-12-08,26.92,37661.5498,12909850.0
2020-12-09,26.28,36765.619,11554100.0
2020-12-10,26.345,36856.5551,8292400.0
2020-12-11,26.0,36374.4537,9111550.0
2020-12-14,26.19,36640.8266,11871250.0
2020-12-15,26.929,37674.4207,19738050.0
2020-12-16,28.012,39189.8364,34916250.0
2020-12-17,28.194,39443.3384,18835400.0
2020-12-18,28.371,39692.0837,21920300.0
2020-12-21,28.36,39675.8551,14990650.0
2020-12-22,28.526,39908.3718,16380950.0
2020-12-23,28.22,39479.9926,10001400.0
2020-12-24,28.251,39523.642,5065050.0
2020-12-28,28.03,39214.1793,8721350.0
2020-12-29,27.844,38954.5217,9126550.0
2020-12-30,27.483,38449.7562,9218350.0
2020-12-31,27.734,38800.6298,10884200.0
2021-01-04,26.382,36909.438,25708700.0
2021-01-05,27.102,37916.4507,14757400.0
2021-01-06,26.868,37589.0807,11708800.0
2021-01-07,27.363,38281.0347,11837800.0
2021-01-08,28.049,39240.7607,18448900.0
2021-01-11,28.052,39245.7971,11356950.0
2021-01-12,28.033,39218.3764,10564200.0
2021-01-13,27.9,39032.5869,9334350.0
2021-01-14,28.236,39502.6567,21330100.0
2021-01-15,28.115,39333.0958,10431300.0
2021-01-19,28.59,39997.3493,11137350.0
2021-01-20,29.612,41428.2643,14810400.0
2021-01-21,30.074,42073.4912,14917650.0
2021-01-22,29.884,41807.6779,11420850.0
2021-01-25,29.726,41587.7523,9912450.0
2021-01-26,29.785,41669.7347,6433900.0
2021-01-27,29.327,41029.2646,13849050.0
2021-01-28,29.611,41426.0259,11726900.0
2021-01-29,29.6,41410.9165,11576000.0
2021-02-01,30.18,42222.9062,12780650.0
2021-02-02,30.461,42615.4705,22425550.0
2021-02-03,30.0,42001.22,32443550.0
2021-02-04,29.591,41428.8796,17507650.0
2021-02-05,30.138,42194.1469,15697050.0
2021-02-08,30.08,42113.504,10440100.0
2021-02-09,31.01,43415.2705,19217350.0
2021-02-10,30.893,43473.0114,11446000.0
2021-02-11,30.862,43429.3881,8416950.0
2021-02-12,30.554,42995.6881,6965600.0
2021-02-16,29.68,41765.7925,15980050.0
2021-02-17,29.19,41076.2629,13277600.0
2021-02-18,29.126,40986.4833,8721550.0
2021-02-19,29.462,41458.7407,12204350.0
2021-02-22,28.611,40261.2107,14646400.0
2021-02-23,28.325,39858.7506,18820000.0
2021-02-24,28.981,40782.4388,13229550.0
2021-02-25,28.215,39703.9583,11807900.0
2021-02-26,28.84,40583.7417,22178850.0
2021-03-01,29.699,41792.5293,14068150.0
2021-03-02,29.511,41528.538,12900650.0
2021-03-03,28.164,39633.0352,15029300.0
2021-03-04,27.022,38026.0091,25360350.0
2021-03-05,26.646,37495.7749,26766850.0
2021-03-08,26.7,37572.3268,16681750.0
2021-03-09,28.552,40178.7486,26463000.0
2021-03-10,28.333,39870.8526,14492250.0
2021-03-11,29.241,41148.3117,16373950.0
2021-03-12,29.065,40900.081,10494850.0
2021-03-15,29.712,41811.1044,9956900.0
2021-03-16,29.654,41728.9237,10597950.0
2021-03-17,29.572,41613.8145,11038750.0
2021-03-18,28.587,40228.0007,12801800.0
2021-03-19,28.424,39998.3452,18045100.0
2021-03-22,28.887,40649.3174,11691400.0
2021-03-23,29.026,40845.2001,11918550.0
2021-03-24,28.459,40047.8787,10004500.0
2021-03-25,28.637,40297.5166,14128400.0
2021-03-26,28.91,40681.6831,13831800.0
2021-03-29,28.492,40094.3164,9254300.0
2021-03-30,28.127,39579.8429,10733000.0
2021-03-31,28.416,39987.6504,17883100.0
2021-04-01,28.769,40484.1117,10100600.0
2021-04-05,29.042,40923.4437,8563750.0
2021-04-06,29.75,41920.8203,12550400.0
2021-04-07,30.0,42274.2281,26179050.0
2021-04-08,30.481,42951.4523,11490450.0
2021-04-09,30.628,43159.1569,11242450.0
2021-04-12,30.79,43386.871,15096400.0
2021-04-13,30.755,43337.2699,11782150.0
2021-04-14,30.333,42743.184,11136600.0
2021-04-15,30.848,43468.3183,11587350.0
2021-04-16,30.701,43261.1773,9355750.0
2021-04-19,31.0,43683.0685,17049450.0
2021-04-20,30.642,43178.0391,11801250.0
2021-04-21,30.152,42488.4147,25492250.0
2021-04-22,29.6,41675.32,33552900.0
2021-04-23,29.371,41352.3363,18741550.0
2021-04-26,29.416,41415.9756,16781850.0
2021-04-27,29.377,41361.9103,11425200.0
2021-04-28,29.523,41567.1894,10572200.0
2021-04-29,29.682,41778.4074,10893850.0
2021-04-30,29.841,42001.3592,13159400.0
2021-05-03,29.421,41410.4806,10626700.0
2021-05-04,29.0,40818.1946,12484300.0
2021-05-05,28.53,40156.6583,9773100.0
2021-05-06,28.228,39731.8676,14375450.0
2021-05-07,28.521,40143.9906,9415450.0
2021-05-10,27.837,39180.9627,11785500.0
2021-05-11,27.865,39220.6549,17667500.0
2021-05-12,26.84,37778.5058,14308600.0
2021-05-13,26.454,37234.6386,12459100.0
2021-05-14,27.124,38177.9611,10577500.0
2021-05-17,26.632,37484.6148,11410800.0
2021-05-18,26.49,37285.5909,12367450.0
2021-05-19,26.144,36798.0246,13761600.0
2021-05-20,26.836,37771.7497,18320900.0
2021-05-21,26.6,37440.1371,12176050.0
2021-05-24,26.847,37788.077,12224150.0
2021-05-25,26.923,37894.2043,11677350.0
2021-05-26,26.916,37885.1961,14502100.0
2021-05-27,27.312,38442.2941,15359050.0
2021-05-28,27.44,38621.8942,12708100.0
2021-06-01,27.223,38316.4615,17493200.0
2021-06-02,27.248,38351.9311,18581600.0
2021-06-03,26.661,37525.7145,14870950.0
2021-06-04,26.527,37337.1063,14189050.0
2021-06-07,26.465,37250.4028,10002800.0
2021-06-08,26.733,37627.0563,20214600.0
2021-06-09,26.571,37399.8819,9625300.0
2021-06-10,26.894,37853.6676,10192250.0
2021-06-11,27.336,38476.0747,14389400.0
2021-06-14,27.827,39166.6059,21011250.0
2021-06-15,27.413,38584.1725,15856400.0
2021-06-16,27.668,38942.8096,13652300.0
2021-06-17,27.885,39248.2423,16598700.0
2021-06-18,27.993,39400.2549,17602550.0
2021-06-21,28.532,40159.4733,16398150.0
2021-06-22,28.953,40751.7594,13949850.0
2021-06-23,29.107,40969.3626,9447350.0
2021-06-24,29.784,41922.2563,16085650.0
2021-06-25,30.375,42753.54,26936050.0
2021-06-28,30.156,42445.5737,14045050.0
2021-06-29,30.686,43190.7169,13402450.0
2021-06-30,31.007,43642.8136,19143750.0
2021-07-01,30.765,43301.9113,16149350.0
2021-07-02,31.327,44094.0658,11289150.0
2021-07-06,31.328,44095.1918,11034050.0
2021-07-07,31.68,44590.0772,10916650.0
2021-07-08,31.521,44366.5624,15025250.0
2021-07-09,31.845,44822.6002,9828000.0
2021-07-12,32.311,45478.7879,13066750.0
2021-07-13,32.146,45245.9834,10346550.0
2021-07-14,32.4,45603.213,11403100.0
2021-07-15,31.637,44530.1167,12741600.0
2021-07-16,31.21,43928.541,11684150.0
2021-07-19,31.023,43665.897,12673800.0
2021-07-20,31.487,44236.0863,21552350.0
2021-07-21,35.12,49339.807,70072850.0
2021-07-22,35.968,50531.4432,28485750.0
2021-07-23,36.618,51439.4557,21327500.0
2021-07-26,36.137,50763.7741,15698250.0
2021-07-27,36.702,51557.4542,13016500.0
2021-07-28,36.325,51027.585,13088350.0
2021-07-29,36.923,51867.3406,10527450.0
2021-07-30,37.269,52353.1008,13086100.0
2021-08-02,37.288,52380.6338,10239350.0
2021-08-03,37.69,52944.4978,12174850.0
2021-08-04,37.977,53347.3782,13408600.0
2021-08-05,38.0,53379.6873,10782350.0
2021-08-06,37.743,53019.2301,6789600.0
2021-08-09,37.501,52679.8441,7958500.0
2021-08-10,37.336,52447.2186,10560450.0
2021-08-11,37.129,52156.9986,6894750.0
2021-08-12,37.547,52743.9004,6353000.0
2021-08-13,37.756,53037.7728,4648450.0
2021-08-16,37.547,52744.4623,7215300.0
2021-08-17,37.392,52526.4462,7546050.0
2021-08-18,37.03,52017.0862,5337500.0
2021-08-19,37.415,52558.1934,6481950.0
2021-08-20,37.831,53142.5666,6238600.0
2021-08-23,38.24,53717.3876,9644850.0
2021-08-24,38.41,53956.7559,6514300.0
2021-08-25,38.49,54068.5735,8285600.0
2021-08-26,38.131,53563.7087,8456250.0
2021-08-27,38.379,53912.6469,8940450.0
2021-08-30,38.321,53831.7337,8243850.0
2021-08-31,38.067,53473.8051,15718300.0
2021-09-01,37.967,53333.6117,9502500.0
2021-09-02,38.056,53458.9148,7288200.0
2021-09-03,38.4,53942.4275,7835800.0
2021-09-07,37.896,53234.7178,15702350.0
2021-09-08,38.114,53540.3899,13077900.0
2021-09-09,38.194,53652.7694,10948550.0
2021-09-10,38.021,53409.1869,10336750.0
2021-09-13,37.344,52458.4566,14643450.0
2021-09-14,37.196,52250.5546,10450800.0
2021-09-15,37.602,52820.5994,15084100.0
2021-09-16,38.358,53882.5854,17890650.0
2021-09-17,38.18,53633.6649,23513400.0
2021-09-20,37.687,52940.0026,19345800.0
2021-09-21,37.948,53307.7644,17025700.0
2021-09-22,38.701,54364.6934,11205000.0
2021-09-23,38.881,54617.8281,10254500.0
2021-09-24,38.744,54425.9402,6810350.0
2021-09-27,37.99,53366.2018,12445000.0
2021-09-28,36.788,51677.7002,14767950.0
2021-09-29,36.931,51878.2976,9134150.0
2021-09-30,36.35,51062.9845,13731050.0
2021-10-01,36.572,51374.2756,14913100.0
2021-10-04,36.095,50704.7749,14562150.0
2021-10-05,36.602,51416.9798,11973250.0
2021-10-06,36.678,51522.8975,6621150.0
2021-10-07,36.933,51881.9499,7135200.0
2021-10-08,36.352,51065.513,8024800.0
2021-10-11,35.677,50117.3112,12007800.0
2021-10-12,36.071,50671.0611,11277050.0
2021-10-13,36.211,50867.1633,7608700.0
2021-10-14,36.814,51713.9426,12724700.0
2021-10-15,36.619,51439.7367,8329400.0
2021-10-18,37.053,52050.5191,11070200.0
2021-10-19,36.823,51726.5853,7066700.0
2021-10-20,36.462,51219.4729,13158150.0
2021-10-21,36.877,51802.1605,19233350.0
2021-10-22,35.844,50351.9034,29555650.0
2021-10-25,35.5,49867.8288,14268250.0
2021-10-26,34.97,49123.3148,12720500.0
2021-10-27,35.321,49688.8151,11091150.0
2021-10-28,35.553,50014.3418,9561650.0
2021-10-29,35.581,50053.7313,8750350.0
2021-11-01,36.024,50677.2119,13705100.0
2021-11-02,35.993,50633.6021,9606650.0
2021-11-03,35.542,49999.7114,10163200.0
2021-11-04,36.163,50873.3157,11348900.0
2021-11-05,35.887,50484.7658,10559500.0
2021-11-08,35.998,50641.1986,8042300.0
2021-11-09,36.298,51062.9483,8602000.0
2021-11-10,36.24,50981.637,11492650.0
2021-11-11,36.32,51093.8973,9650900.0
2021-11-12,37.26,52416.2614,17324750.0
2021-11-15,36.788,51751.7031,11693200.0
2021-11-16,36.551,51418.5799,6793450.0
2021-11-17,36.12,50812.5432,9062400.0
2021-11-18,35.583,50057.6703,9557550.0
2021-11-19,35.098,49374.824,12504050.0
2021-11-22,34.428,48432.8506,12017350.0
2021-11-23,34.169,48068.4971,18722700.0
2021-11-24,34.159,48053.304,5448250.0
2021-11-26,33.738,47461.0537,7082850.0
2021-11-29,33.562,47214.0248,7076450.0
2021-11-30,32.868,46238.0076,13528700.0
2021-12-01,32.042,45075.1712,13318350.0
2021-12-02,32.229,45338.5186,15667800.0
2021-12-03,31.842,44794.3799,21285850.0
2021-12-06,32.469,45676.7062,12174100.0
2021-12-07,34.235,48160.4999,17713300.0
2021-12-08,34.784,48933.3795,10341850.0
2021-12-09,34.452,48466.0504,10894800.0
2021-12-10,34.428,48432.2879,9012600.0
2021-12-13,33.819,47575.0021,10134550.0
2021-12-14,33.544,47188.7029,7974050.0
2021-12-15,34.023,47863.1086,8931750.0
2021-12-16,33.579,47238.5026,8554900.0
2021-12-17,33.677,47375.522,19135300.0
2021-12-20,33.597,47262.9804,9631700.0
2021-12-21,34.478,48502.345,7345850.0
2021-12-22,34.893,49086.7174,8417150.0
2021-12-23,34.973,49199.5404,7480450.0
2021-12-27,35.325,49693.8795,7185850.0
2021-12-28,35.058,49318.8345,5736600.0
2021-12-29,34.972,49197.5709,5118050.0
2021-12-30,34.944,49158.7441,5926150.0
2021-12-31,34.965,49187.7235,5217400.0
2022-01-03,33.813,47567.6869,13634700.0
2022-01-04,32.946,46348.017,19117100.0
2022-01-05,31.891,44863.3116,15646400.0
2022-01-06,32.419,45606.6491,13159500.0
2022-01-07,31.956,44955.0331,14894100.0
2022-01-10,30.869,43425.8737,22692100.0
2022-01-11,31.632,44499.2395,14636300.0
2022-01-12,31.081,43724.3904,11874300.0
2022-01-13,30.149,42412.1551,15631450.0
2022-01-14,29.963,42150.4958,17151700.0
2022-01-18,29.555,41577.0962,21164150.0
2022-01-19,29.354,41293.7727,16597450.0
2022-01-20,28.409,39964.6561,17023100.0
2022-01-21,27.568,38781.8436,27533800.0
2022-01-24,28.331,39855.7721,39113250.0
2022-01-25,27.368,38500.4896,22484200.0
2022-01-26,27.169,38220.8236,15862750.0
2022-01-27,26.903,37846.06,13551600.0
2022-01-28,28.2,39671.4852,14956300.0
2022-01-31,29.712,41797.3964,23090750.0
2022-02-01,30.249,42553.3948,13235150.0
2022-02-02,29.691,41768.9797,17379800.0
2022-02-03,28.949,40724.3121,19132000.0
2022-02-04,29.669,41737.1867,17344300.0
2022-02-07,29.059,40879.0568,16618950.0
2022-02-08,29.207,41087.5402,40081450.0
2022-02-09,32.175,45262.553,54106450.0
2022-02-10,31.56,44397.6707,18352350.0
2022-02-11,31.23,43771.3262,15382850.0
2022-02-14,31.279,43840.5651,15704950.0
2022-02-15,31.34,43925.7822,11139950.0
2022-02-16,31.509,44162.3718,13432600.0
2022-02-17,30.197,42324.317,19188700.0
2022-02-18,30.466,42701.627,12262950.0
2022-02-22,29.601,41488.965,18827200.0
2022-02-23,28.578,40054.5702,14141750.0
2022-02-24,29.692,41616.5103,19671650.0
2022-02-25,29.94,41963.8262,10579650.0
2022-02-28,30.467,42702.468,13349900.0
2022-03-01,29.759,41710.137,14120450.0
2022-03-02,29.932,41952.0527,10285100.0
2022-03-03,29.243,40987.4734,10427450.0
2022-03-04,28.846,40429.918,9536950.0
2022-03-07,26.479,37113.1779,22956650.0
2022-03-08,26.272,36822.7669,19748800.0
2022-03-09,28.413,39823.0263,19367200.0
2022-03-10,29.381,41179.7726,20207650.0
2022-03-11,29.508,41358.6164,29590200.0
2022-03-14,29.439,41262.1865,17875600.0
2022-03-15,29.873,41869.9191,15674800.0
2022-03-16,31.095,43582.3908,14406800.0
2022-03-17,31.271,43829.3523,9798500.0
2022-03-18,31.755,44507.1648,15676350.0
2022-03-21,30.804,43175.0866,12470850.0
2022-03-22,31.167,43683.3058,7368850.0
2022-03-23,30.833,43216.0133,14558500.0
2022-03-24,31.319,43896.3487,8781550.0
2022-03-25,31.127,43628.0829,6891050.0
2022-03-28,31.502,44153.4016,7154250.0
2022-03-29,31.807,44580.0479,9836700.0
2022-03-30,31.482,44124.809,10132650.0
2022-03-31,31.641,44347.3827,10498100.0
2022-04-01,31.881,44684.0464,7463450.0
2022-04-04,32.215,45132.3162,7310750.0
2022-04-05,32.094,44962.5184,10069850.0
2022-04-06,31.017,43453.9516,10135650.0
2022-04-07,30.884,43267.3421,10793300.0
2022-04-08,30.88,43261.7383,7171300.0
2022-04-11,30.229,42350.546,9375950.0
2022-04-12,30.652,42942.877,9079350.0
2022-04-13,31.8,44550.9128,8901600.0
2022-04-14,32.063,44919.9288,9952950.0
2022-04-18,31.795,44544.1881,8272650.0
2022-04-19,32.641,45728.5699,11533450.0
2022-04-20,32.252,45183.5918,7459300.0
2022-04-21,30.422,42620.6534,15258950.0
2022-04-22,29.617,41492.5907,11750750.0
2022-04-25,30.32,42477.4741,13521300.0
2022-04-26,28.764,40297.8417,22215300.0
2022-04-27,29.513,41294.0299,26955050.0
2022-04-28,30.016,41966.6012,15014150.0
2022-04-29,29.112,40702.4189,13123700.0
2022-05-02,29.223,40857.6105,11688900.0
2022-05-03,28.951,40476.762,11161800.0
2022-05-04,28.691,40112.9705,20928200.0
2022-05-05,27.397,38304.639,24846050.0
2022-05-06,27.091,37875.9747,14947000.0
2022-05-09,25.531,35696.0222,19911950.0
2022-05-10,26.422,36940.6308,19819600.0
2022-05-11,25.634,35839.19,15614550.0
2022-05-12,25.622,35823.2514,17149750.0
2022-05-13,26.366,36862.3359,11024200.0
2022-05-16,25.981,36325.1773,8710100.0
2022-05-17,26.441,36968.034,8534250.0
2022-05-18,25.058,35033.8715,15410500.0
2022-05-19,25.45,35581.9355,11687150.0
2022-05-20,25.882,36186.4836,17404600.0
2022-05-23,25.796,36065.6858,16841100.0
2022-05-24,25.333,35418.3551,18523550.0
2022-05-25,25.775,36037.1641,12638900.0
2022-05-26,26.818,37495.1261,11273500.0
2022-05-27,28.048,39215.0963,12685350.0
2022-05-31,28.051,39218.7314,12858700.0
2022-06-01,27.494,38440.5365,10669550.0
2022-06-02,27.94,39063.2602,10801250.0
2022-06-03,27.501,38450.0437,5697550.0
2022-06-06,27.536,38498.6984,7296250.0
2022-06-07,27.809,38880.1062,8761900.0
2022-06-08,27.467,38402.228,9746350.0
2022-06-09,27.392,38297.0892,8769200.0
2022-06-10,26.341,36827.6625,15624100.0
2022-06-13,24.654,34468.7504,18369800.0
2022-06-14,24.08,33667.067,11425400.0
2022-06-15,25.323,35404.9332,15646600.0
2022-06-16,24.291,33962.0708,15426400.0
2022-06-17,24.912,34830.0252,19630750.0
2022-06-21,25.225,35267.3579,8918750.0
2022-06-22,25.08,35064.9098,8785700.0
2022-06-23,25.79,36058.1359,9588750.0
2022-06-24,26.58,37162.6526,11575800.0
2022-06-27,26.634,37237.8716,9981150.0
2022-06-28,25.777,36039.9604,9017550.0
2022-06-29,25.764,36021.2255,8079850.0
2022-06-30,26.145,36554.1898,13047300.0
2022-07-01,26.136,36541.327,8884400.0
2022-07-05,27.254,38104.7075,14417850.0
2022-07-06,26.847,37534.8328,8343600.0
2022-07-07,27.025,37783.9782,7700200.0
2022-07-08,26.786,37449.5474,7711550.0
2022-07-11,25.802,36074.0745,10098900.0
2022-07-12,25.229,35273.5097,10157400.0
2022-07-13,25.511,35668.0598,11688450.0
2022-07-14,25.317,35395.9852,7919650.0
2022-07-15,26.0,36350.9028,10385750.0
2022-07-18,26.383,36886.9429,12734100.0
2022-07-19,26.851,37540.4253,8100350.0
2022-07-20,27.498,38445.0105,12661350.0
2022-07-21,27.361,38253.7474,15890150.0
2022-07-22,26.947,37674.6451,9691000.0
2022-07-25,26.577,37158.4583,16493650.0
2022-07-26,26.329,36810.6054,25150150.0
2022-07-27,30.2,41924.617,71628850.0
2022-07-28,30.778,42726.46,20738050.0
2022-07-29,31.284,43430.0161,15490850.0
2022-08-01,31.148,43240.1059,10653550.0
2022-08-02,30.997,43031.0382,6854600.0
2022-08-03,31.701,44007.7984,10736050.0
2022-08-04,31.687,43988.3632,10153000.0
2022-08-05,32.016,44445.0916,9051350.0
2022-08-08,32.436,45028.9822,9058650.0
2022-08-09,32.782,45508.7553,13296300.0
2022-08-10,33.166,46041.8365,14202100.0
2022-08-11,32.622,45286.6381,16509750.0
2022-08-12,33.274,46192.0432,10148300.0
2022-08-15,33.841,46978.6157,9194350.0
2022-08-16,34.294,47607.4849,11615850.0
2022-08-17,34.11,47352.3278,8180950.0
2022-08-18,34.215,47497.8146,6220750.0
2022-08-19,33.445,46429.7086,12416400.0
2022-08-22,32.789,45518.1952,9800650.0
2022-08-23,32.603,45260.5393,6528200.0
2022-08-24,32.863,45620.9244,5718200.0
2022-08-25,33.265,46179.2715,6185900.0
2022-08-26,32.557,45196.9583,8026150.0
2022-08-29,32.782,45508.4776,9668800.0
2022-08-30,32.25,44770.4933,10179600.0
2022-08-31,31.936,44334.5883,9466100.0
2022-09-01,32.263,44788.5403,12079900.0
2022-09-02,32.33,44882.1072,9243100.0
2022-09-06,32.692,45383.5367,11623850.0
2022-09-07,33.615,46665.7081,12835400.0
2022-09-08,34.14,47394.5301,12694600.0
2022-09-09,34.466,47847.3715,12861850.0
2022-09-12,34.959,48530.9371,8587350.0
2022-09-13,34.021,47229.3304,11165400.0
2022-09-14,34.43,47796.5622,12686250.0
2022-09-15,34.213,47495.5934,6954700.0
2022-09-16,33.871,47021.3732,16308100.0
2022-09-19,34.103,47343.4431,13560450.0
2022-09-20,33.993,47189.627,13255750.0
2022-09-21,33.306,46235.9114,13025850.0
2022-09-22,31.77,44103.5865,22291700.0
2022-09-23,31.15,43243.993,20790050.0
2022-09-26,30.64,42535.1616,12470200.0
2022-09-27,30.78,42729.7917,11202250.0
2022-09-28,31.332,43496.096,13058000.0
2022-09-29,30.867,42850.5679,11995850.0
2022-09-30,30.055,41723.6009,14189800.0
2022-10-03,30.094,41777.4643,16564750.0
2022-10-04,30.723,42650.6625,12508550.0
2022-10-05,30.396,42196.1552,11876000.0
2022-10-06,30.14,41841.0454,12362650.0
2022-10-07,29.575,41056.9718,13977050.0
2022-10-10,29.517,40975.899,13868950.0
2022-10-11,29.821,41398.7546,21867250.0
2022-10-12,30.451,42272.7856,17819750.0
2022-10-13,31.165,43263.9835,21863550.0
2022-10-14,30.168,41880.4712,18468100.0
2022-10-17,30.84,42812.5304,14476350.0
2022-10-18,30.88,42868.3373,15130400.0
2022-10-19,30.544,42402.4465,12574200.0
2022-10-20,30.724,42652.0507,11914400.0
2022-10-21,30.996,43030.2052,18228200.0
2022-10-24,30.917,42919.7019,19366650.0
2022-10-25,31.68,43979.7561,33440250.0
2022-10-26,29.521,40917.1929,51123650.0
2022-10-27,29.339,40665.208,26703750.0
2022-10-28,30.1,41720.2736,19246400.0
2022-10-31,29.967,41535.3737,14879650.0
2022-11-01,29.554,40964.0416,14308450.0
2022-11-02,28.16,39030.7713,26482450.0
2022-11-03,27.837,38584.1842,19276500.0
2022-11-04,27.951,38742.1945,12814650.0
2022-11-07,27.927,38708.9292,12360350.0
2022-11-08,27.793,38522.3661,14097800.0
2022-11-09,27.516,38139.2603,11808550.0
2022-11-10,29.418,40775.5381,20041950.0
2022-11-11,30.127,41757.6971,22186050.0
2022-11-14,30.262,41945.369,13220700.0
2022-11-15,30.469,42232.2825,14197100.0
2022-11-16,30.531,42317.6635,9894200.0
2022-11-17,29.877,41410.6287,11270800.0
2022-11-18,30.05,41650.4164,10058850.0
2022-11-21,29.888,41426.1526,9530350.0
2022-11-22,30.118,41745.2226,9864850.0
2022-11-23,30.177,41826.4454,7282400.0
2022-11-25,30.304,42003.0289,4374950.0
2022-11-28,30.551,42345.6618,8057450.0
2022-11-29,31.054,43043.125,13010350.0
2022-11-30,32.539,45101.1404,22950900.0
2022-12-01,32.517,45069.8155,14822350.0
2022-12-02,32.098,44489.0582,14415750.0
2022-12-05,31.412,43539.0557,12123400.0
2022-12-06,30.168,41814.5253,23047200.0
2022-12-07,30.189,41843.9097,14311250.0
2022-12-08,30.62,42441.0225,10102450.0
2022-12-09,30.525,42309.6244,8623750.0
2022-12-12,31.224,43278.2001,13063450.0
2022-12-13,30.966,42921.1521,11986100.0
2022-12-14,30.766,42643.1094,11162000.0
2022-12-15,29.751,41235.9857,14474500.0
2022-12-16,29.242,40531.3151,20021400.0
2022-12-19,28.3,39224.8191,15122350.0
2022-12-20,28.568,39596.282,14534300.0
2022-12-21,28.504,39507.8516,11118650.0
2022-12-22,28.156,39025.7815,12082600.0
2022-12-23,28.247,39152.1897,10498400.0
2022-12-27,27.96,38754.1146,8404750.0
2022-12-28,27.566,38207.4542,9685150.0
2022-12-29,28.099,38946.7763,12821450.0
2022-12-30,27.75,38462.7657,11256050.0
2023-01-03,27.423,38009.2483,16066300.0
2023-01-04,27.521,38145.6362,13510000.0
2023-01-05,27.283,37816.0321,12921950.0
2023-01-06,28.041,38866.6623,14244000.0
2023-01-09,28.935,40105.2416,18096200.0
2023-01-10,29.029,40235.2536,10167850.0
2023-01-11,29.584,41005.3461,12343750.0
2023-01-12,30.249,41927.3503,13940350.0
2023-01-13,30.491,42262.7757,14508550.0
2023-01-17,31.031,43010.4141,16720400.0
2023-01-18,30.241,41915.4302,11478900.0
2023-01-19,30.083,41696.4334,8313400.0
2023-01-20,31.104,43111.5962,14547750.0
2023-01-23,31.947,44280.3183,16689350.0
2023-01-24,31.902,44217.6685,11478850.0
2023-01-25,31.28,43355.2647,17998150.0
2023-01-26,32.126,44528.145,15574150.0
2023-01-27,32.276,44735.7761,12576750.0
2023-01-30,32.197,44627.1094,13851450.0
2023-01-31,32.928,45639.4844,13734750.0
2023-02-01,33.051,45810.8008,13933050.0
2023-02-02,33.793,46839.5313,16147950.0
2023-02-03,33.859,46931.011,15287250.0
2023-02-06,34.006,47133.6523,15273400.0
2023-02-07,34.457,47597.4532,32496550.0
2023-02-08,32.748,45236.7261,35262050.0
2023-02-09,32.138,44385.8222,21622350.0
2023-02-10,31.678,43749.9672,18265000.0
2023-02-13,32.286,44590.2238,16742200.0
2023-02-14,32.89,45424.6798,13563400.0
2023-02-15,33.131,45756.6944,12214600.0
2023-02-16,32.425,44781.6432,11279750.0
2023-02-17,32.353,44683.0332,11434000.0
2023-02-21,31.385,43345.8596,13613000.0
2023-02-22,31.048,42879.6028,12534400.0
2023-02-23,30.45,42053.9858,15615150.0
2023-02-24,29.535,40790.0101,19174600.0
2023-02-27,29.895,41287.7558,13876300.0
2023-02-28,29.822,41186.3836,11721850.0
2023-03-01,29.695,41012.0898,8269650.0
2023-03-02,29.905,41302.1192,8659000.0
2023-03-03,30.2,41708.989,11963700.0
2023-03-06,30.103,41574.4706,12042850.0
2023-03-07,30.194,41700.15,9363300.0
2023-03-08,30.661,42345.9488,13884250.0
2023-03-09,31.022,42844.2469,18133800.0
2023-03-10,31.014,42833.4744,17465950.0
2023-03-13,31.327,43265.2038,13319050.0
2023-03-14,31.815,43939.7293,13903300.0
2023-03-15,31.817,43942.7677,12432900.0
2023-03-16,32.503,44889.3684,17480450.0
2023-03-17,32.177,44439.1323,16484150.0
2023-03-20,32.205,44477.5267,12974500.0
2023-03-21,32.559,44967.262,10488250.0
2023-03-22,32.449,44815.6181,11532450.0
2023-03-23,32.651,45093.4939,10030950.0
2023-03-24,32.485,44864.785,11420650.0
2023-03-27,32.956,45515.8319,12031350.0
2023-03-28,33.058,45656.1509,8110450.0
2023-03-29,33.134,45761.6664,8860150.0
2023-03-30,33.443,46188.4239,10762050.0
2023-03-31,34.166,47186.125,14319100.0
2023-04-03,34.355,47446.8752,12294000.0
2023-04-04,34.697,47919.485,14744900.0
2023-04-05,33.948,46885.8755,11951750.0
2023-04-06,33.704,46548.6128,10888500.0
2023-04-10,33.831,46724.0115,12448750.0
2023-04-11,34.281,47345.5031,11379900.0
2023-04-12,33.915,46840.2995,9947650.0
2023-04-13,34.358,47451.2947,10815000.0
2023-04-14,34.766,48015.0566,11100900.0
2023-04-17,35.5,49028.7784,16563400.0
2023-04-18,35.569,49124.35,14526750.0
2023-04-19,36.1,49857.4338,13836250.0
2023-04-20,35.968,49675.1296,14357450.0
2023-04-21,36.0,49719.3246,15242350.0
2023-04-24,35.939,49635.6304,13073200.0
2023-04-25,35.6,49166.8877,22729600.0
2023-04-26,40.197,55473.8698,81507050.0
2023-04-27,40.725,56180.0876,24138000.0
2023-04-28,41.352,57045.305,20550900.0
2023-05-01,40.786,56263.4089,25157250.0
2023-05-02,41.079,56668.4278,14736800.0
2023-05-03,41.162,56783.2015,13991950.0
2023-05-04,40.67,56104.2155,11441350.0
2023-05-05,40.564,55957.9894,16062300.0
2023-05-08,40.657,56085.7303,17142600.0
2023-05-09,40.653,56080.7642,6867100.0
2023-05-10,41.097,56692.7068,9991750.0
2023-05-11,41.17,56793.6856,10814350.0
2023-05-12,40.913,56438.6044,10929450.0
2023-05-15,40.942,56479.7133,9091900.0
2023-05-16,41.004,56565.2418,11424950.0
2023-05-17,41.24,56890.526,13198900.0
2023-05-18,41.917,57824.718,15284600.0
2023-05-19,42.124,58110.2728,14298750.0
2023-05-22,42.039,57992.1883,15608600.0
2023-05-23,40.94,56476.6784,17610400.0
2023-05-24,41.061,56643.8728,10806000.0
2023-05-25,41.158,56777.1317,12417300.0
2023-05-26,41.42,57139.1104,13469000.0
2023-05-30,41.426,57146.2838,16749250.0
2023-05-31,41.53,57290.0269,29017250.0
2023-06-01,41.647,57451.1515,9379200.0
2023-06-02,41.245,56896.5957,12277000.0
2023-06-05,41.488,57231.8123,12265700.0
2023-06-06,41.162,56783.2015,8881800.0
2023-06-07,40.458,55811.4873,15277700.0
2023-06-08,40.465,55820.592,9721600.0
2023-06-09,40.811,56298.448,8946050.0
2023-06-12,41.273,56936.3251,11437750.0
2023-06-13,41.315,56993.1602,9083050.0
2023-06-14,41.223,56867.3505,7037150.0
2023-06-15,41.033,56604.9711,10050650.0
2023-06-16,40.658,56087.9375,17198100.0
2023-06-20,40.996,56553.654,12333550.0
2023-06-21,41.49,57234.5713,16839350.0
2023-06-22,41.01,56573.5187,12943300.0
2023-06-23,40.874,56384.8042,36062650.0
2023-06-26,40.646,56071.1077,12440400.0
2023-06-27,41.335,57020.75,11170500.0
2023-06-28,42.03,57979.7729,12304300.0
2023-06-29,42.212,58231.1163,10983850.0
2023-06-30,42.78,59014.6678,13656750.0
2023-07-03,42.471,58588.1288,7779800.0
2023-07-05,42.414,58510.0496,7537200.0
2023-07-06,41.867,57755.7434,8441250.0
2023-07-07,41.549,57316.789,11450950.0
2023-07-10,41.862,57748.0182,8449500.0
2023-07-11,41.066,56649.6667,12801400.0
2023-07-12,41.52,57276.5078,8239900.0
2023-07-13,40.977,56527.7196,11254500.0
2023-07-14,41.12,56724.1592,12940300.0
2023-07-17,42.55,58697.6605,17116750.0
2023-07-18,43.064,59406.4435,14669900.0
2023-07-19,42.783,59018.2544,11769250.0
2023-07-20,41.894,57792.7137,14637500.0
2023-07-21,41.977,57907.4875,14238200.0
2023-07-24,41.66,57469.3608,15668700.0
2023-07-25,41.847,57727.3258,10763850.0
2023-07-26,41.757,57616.5846,23939750.0
2023-07-27,37.66,51962.7161,68460300.0
2023-07-28,38.25,52761.8616,34380250.0
2023-07-31,39.246,54134.6212,24463150.0
2023-08-01,39.1,53933.7834,15445250.0
2023-08-02,38.737,53433.3441,14779400.0
2023-08-03,38.458,53048.7728,13786950.0
2023-08-04,37.812,52157.417,18010600.0
2023-08-07,37.8,52140.5886,10043000.0
2023-08-08,37.227,51350.2035,12348600.0
2023-08-09,37.011,51052.809,10641800.0
2023-08-10,36.914,50918.7332,9585200.0
2023-08-11,36.931,50941.9068,10459700.0
2023-08-14,37.002,51039.2911,10607850.0
2023-08-15,36.963,50986.3228,9332850.0
2023-08-16,37.338,51503.0388,16133650.0
2023-08-17,36.971,50996.8061,16141800.0
2023-08-18,36.984,51015.014,9729750.0
2023-08-21,37.323,51482.0722,13189850.0
2023-08-22,37.441,51645.115,7557250.0
2023-08-23,37.898,52276.0437,8783950.0
2023-08-24,37.446,51652.8396,9425950.0
2023-08-25,37.536,51775.8803,8204850.0
2023-08-28,37.985,52396.3257,8725350.0
2023-08-29,38.062,52501.4345,7068500.0
2023-08-30,38.771,53480.5189,11673300.0
2023-08-31,38.533,53151.3987,9932800.0
2023-09-01,38.772,53481.6224,8687750.0
2023-09-05,39.03,53836.9509,13584650.0
2023-09-06,39.082,53909.5063,16213250.0
2023-09-07,39.337,54260.4208,12126350.0
2023-09-08,38.902,53660.666,11483600.0
2023-09-11,38.977,53764.1196,9619150.0
2023-09-12,38.66,53327.1318,10531900.0
2023-09-13,38.661,53327.9594,6010200.0
2023-09-14,38.722,53412.9293,8979450.0
2023-09-15,38.25,52761.3099,12363400.0
2023-09-18,38.767,53474.7255,10510850.0
2023-09-19,38.493,53097.0511,8068450.0
2023-09-20,38.41,52981.459,6513150.0
2023-09-21,37.32,51478.7617,12107550.0
2023-09-22,37.512,51742.7752,10060600.0
2023-09-25,37.194,51304.408,10259050.0
2023-09-26,36.952,50971.4255,10178950.0
2023-09-27,36.122,49825.4361,16675450.0
2023-09-28,36.775,50726.1717,14777350.0
2023-09-29,36.637,50535.8171,12347600.0
2023-10-02,37.343,51509.6599,9873300.0
2023-10-03,36.744,50683.6867,9803700.0
2023-10-04,37.16,51257.5091,8094300.0
2023-10-05,37.232,51356.5486,10036250.0
2023-10-06,36.445,50272.0795,19192250.0
2023-10-09,36.66,50568.3705,12291000.0
2023-10-10,36.642,50543.8175,9660550.0
2023-10-11,36.47,50305.4606,14124950.0
2023-10-12,35.874,49483.3497,12578850.0
2023-10-13,35.63,49146.7808,11073850.0
2023-10-16,36.209,49945.994,12312300.0
2023-10-17,36.59,50471.8139,10744150.0
2023-10-18,36.815,50781.3469,11912150.0
2023-10-19,36.953,50971.7014,10466950.0
2023-10-20,36.625,50519.8163,9492350.0
2023-10-23,36.393,50200.0759,11306150.0
2023-10-24,37.102,51177.505,12223100.0
2023-10-25,36.837,50812.7968,9897800.0
2023-10-26,36.129,49836.1953,22770700.0
2023-10-27,37.752,51804.2658,45290050.0
2023-10-30,38.186,52400.0893,15429800.0
2023-10-31,38.844,53303.0187,19693200.0
2023-11-01,39.733,54522.6593,16942100.0
2023-11-02,40.707,55860.0376,17965400.0
2023-11-03,40.811,56001.6521,12067000.0
2023-11-06,41.381,56784.3738,10777400.0
2023-11-07,41.296,56667.1851,9529450.0
2023-11-08,41.68,57194.6714,9065250.0
2023-11-09,41.902,57499.5816,10192550.0
2023-11-10,42.412,58198.5971,10756500.0
2023-11-13,43.009,59017.8202,12782500.0
2023-11-14,43.32,59445.6825,11476450.0
2023-11-15,43.116,59165.4725,9949300.0
2023-11-16,43.462,59639.9906,12813900.0
2023-11-17,43.244,59341.3927,6977750.0
2023-11-20,43.734,60012.9636,10134200.0
2023-11-21,43.953,60313.4826,9121450.0
2023-11-22,44.379,60897.7794,8895650.0
2023-11-24,44.393,60918.0885,3372350.0
2023-11-27,44.184,60630.4684,10391400.0
2023-11-28,44.133,60561.3079,7206850.0
2023-11-29,43.782,60079.3797,8958800.0
2023-11-30,44.045,60440.0025,12955300.0
2023-12-01,44.677,61306.7048,10797300.0
2023-12-04,44.384,60905.1895,8603950.0
2023-12-05,44.525,61098.6743,5746200.0
2023-12-06,44.201,60654.0708,8333000.0
2023-12-07,44.525,61098.6743,6381700.0
2023-12-08,44.859,61557.0001,8172250.0
2023-12-11,45.91,62998.6681,12630700.0
2023-12-12,46.408,63682.3146,7143000.0
2023-12-13,46.8,64220.5044,9147250.0
2023-12-14,45.514,62455.8128,13383150.0
2023-12-15,45.429,62339.7219,12834800.0
2023-12-18,45.941,63041.2074,10067450.0
2023-12-19,46.541,63864.5472,8580050.0
2023-12-20,46.277,63503.3754,7405650.0
2023-12-21,46.142,63317.5751,6517900.0
2023-12-22,46.087,63242.1023,5231100.0
2023-12-26,46.39,63658.4378,5337400.0
2023-12-27,46.149,63326.9063,7292700.0
2023-12-28,45.568,62529.3645,7513250.0
2023-12-29,45.739,62764.8396,9245250.0
