,DVN US Equity,DVN US Equity,DVN US Equity
,PX_LAST,CUR_MKT_CAP,PX_VOLUME
2014-01-02,61.16,24830.96,2061600.0
2014-01-03,61.03,24778.18,1735556.0
2014-01-06,60.25,24461.5,2566422.0
2014-01-07,61.48,24960.88,3499660.0
2014-01-08,61.31,24891.86,3503762.0
2014-01-09,60.78,24676.68,2831453.0
2014-01-10,60.53,24575.18,2296904.0
2014-01-13,59.18,24027.08,3198772.0
2014-01-14,59.78,24270.68,2414382.0
2014-01-15,59.21,24039.26,3032792.0
2014-01-16,59.37,24104.22,3042150.0
2014-01-17,59.01,23958.06,3311997.0
2014-01-21,59.68,24230.08,2750908.0
2014-01-22,60.41,24526.46,3092742.0
2014-01-23,60.12,24408.72,2484479.0
2014-01-24,59.52,24165.12,3823785.0
2014-01-27,58.67,23820.02,3576159.0
2014-01-28,59.29,24071.74,2483435.0
2014-01-29,59.01,23958.06,3097642.0
2014-01-30,59.67,24226.02,4712022.0
2014-01-31,59.22,24043.32,3442144.0
2014-02-03,57.85,23487.1,4388693.0
2014-02-04,59.32,24083.92,4608803.0
2014-02-05,59.08,23986.48,3927610.0
2014-02-06,60.45,24542.7,3738308.0
2014-02-07,61.02,24774.12,3020933.0
2014-02-10,60.8,24684.8,2284646.0
2014-02-11,61.54,24985.24,2033453.0
2014-02-12,61.18,24839.08,2341868.0
2014-02-13,62.27,25281.62,3316279.0
2014-02-14,62.05,25192.3,2318562.0
2014-02-18,62.91,25541.46,5137014.0
2014-02-19,64.25,26085.5,9710989.0
2014-02-20,64.56,26211.36,3788188.0
2014-02-21,63.67,25850.02,4596629.0
2014-02-24,64.37,26134.22,3368476.0
2014-02-25,63.91,25947.46,3765449.0
2014-02-26,63.73,25874.38,3244520.0
2014-02-27,64.31,26109.86,3066489.0
2014-02-28,64.42,26154.52,2457261.0
2014-03-03,63.78,25983.9716,3815535.0
2014-03-04,64.64,26334.3356,3990299.0
2014-03-05,64.47,26265.0776,2749667.0
2014-03-06,64.52,26285.4476,1684744.0
2014-03-07,65.13,26533.9616,2935738.0
2014-03-10,64.53,26289.5216,3192162.0
2014-03-11,63.55,25890.2696,2331425.0
2014-03-12,63.08,25698.7916,2251875.0
2014-03-13,62.59,25499.1656,2182942.0
2014-03-14,62.74,25560.2756,3086092.0
2014-03-17,62.8,25584.7196,2178930.0
2014-03-18,63.49,25865.8256,2154779.0
2014-03-19,63.46,25853.6036,2667865.0
2014-03-20,63.29,25784.3456,2870351.0
2014-03-21,64.09,26110.2656,3314000.0
2014-03-24,63.91,26036.9336,1560247.0
2014-03-25,63.96,26057.3036,2780263.0
2014-03-26,64.0,26073.5996,3440884.0
2014-03-27,64.69,26354.7056,3939558.0
2014-03-28,65.79,26802.8456,5840502.0
2014-03-31,66.93,27267.2816,5353409.0
2014-04-01,67.68,27572.8316,4251660.0
2014-04-02,67.89,27658.3856,3481003.0
2014-04-03,68.51,27910.9736,4800670.0
2014-04-04,68.01,27707.2736,3033368.0
2014-04-07,67.55,27519.8696,2344849.0
2014-04-08,67.85,27642.0896,3109015.0
2014-04-09,68.38,27858.0116,4998450.0
2014-04-10,68.61,27951.7136,5158542.0
2014-04-11,67.55,27519.8696,3824591.0
2014-04-14,67.79,27617.6456,4506316.0
2014-04-15,68.68,27980.2316,3481288.0
2014-04-16,69.86,28460.9636,3777898.0
2014-04-17,70.7,28803.1796,4003523.0
2014-04-21,70.5,28721.6996,3156826.0
2014-04-22,70.63,28799.5916,2246650.0
2014-04-23,71.31,29076.8636,2540210.0
2014-04-24,71.91,29321.5154,3872625.0
2014-04-25,70.4,28705.8084,4243664.0
2014-04-28,70.28,28656.878,2843717.0
2014-04-29,70.48,28738.4286,2153660.0
2014-04-30,70.0,28542.7072,4350614.0
2014-05-01,69.89,28497.8544,3104819.0
2014-05-02,70.28,28656.878,4054867.0
2014-05-05,70.35,28685.4208,2054182.0
2014-05-06,70.19,28620.1803,2746995.0
2014-05-07,73.06,29790.4313,8860707.0
2014-05-08,70.99,28946.3826,5886559.0
2014-05-09,70.73,28840.3669,3053719.0
2014-05-12,71.04,28977.2156,2026406.0
2014-05-13,72.43,29544.1966,4720872.0
2014-05-14,71.75,29266.8246,2694825.0
2014-05-15,70.74,28854.8456,4221501.0
2014-05-16,70.67,28826.2926,2497860.0
2014-05-19,71.28,29075.1116,2452582.0
2014-05-20,72.55,29593.1446,5440674.0
2014-05-21,73.54,29996.9656,3382846.0
2014-05-22,72.71,29658.4086,2571328.0
2014-05-23,72.65,29633.9346,2157342.0
2014-05-27,73.13,29829.7266,2698457.0
2014-05-28,73.44,29956.1756,3439231.0
2014-05-29,73.89,30139.7305,2233671.0
2014-05-30,73.9,30143.8095,2119220.0
2014-06-02,73.69,30058.1506,2125725.0
2014-06-03,74.7,30470.1295,3320149.0
2014-06-04,74.87,30539.4725,2139624.0
2014-06-05,74.79,30506.8405,2026918.0
2014-06-06,74.67,30457.8925,2091107.0
2014-06-09,74.45,30368.1545,2253564.0
2014-06-10,74.94,30568.0255,3388670.0
2014-06-11,76.42,31171.7175,5787386.0
2014-06-12,77.0,31408.2995,3781626.0
2014-06-13,78.04,31832.5155,3314847.0
2014-06-16,78.23,31910.0165,4048033.0
2014-06-17,78.12,31865.1475,2043375.0
2014-06-18,78.12,31865.1475,2798559.0
2014-06-19,78.49,32016.0705,2055276.0
2014-06-20,78.95,32203.7045,3133630.0
2014-06-23,78.87,32171.0725,2518322.0
2014-06-24,77.57,31640.8025,3652913.0
2014-06-25,79.46,32411.7335,2627824.0
2014-06-26,78.6,32060.9395,1943698.0
2014-06-27,79.5,32428.0495,1972694.0
2014-06-30,79.4,32387.2595,2669349.0
2014-07-01,79.08,32256.7315,2157143.0
2014-07-02,78.58,32052.7815,3311337.0
2014-07-03,79.21,32309.7585,1413704.0
2014-07-07,78.28,31930.4115,3289059.0
2014-07-08,78.14,31873.3055,3641038.0
2014-07-09,79.4,32387.2595,2215096.0
2014-07-10,78.1,31856.9895,3014217.0
2014-07-11,77.13,31461.3265,2920235.0
2014-07-14,77.81,31738.6985,2107623.0
2014-07-15,76.5,31204.3495,3398131.0
2014-07-16,77.89,31771.3305,2340138.0
2014-07-17,75.74,30894.3455,3876940.0
2014-07-18,77.01,31412.3785,2548510.0
2014-07-21,77.12,31457.2475,1915725.0
2014-07-22,78.15,31877.3845,3234607.0
2014-07-23,78.5,32020.1495,2044378.0
2014-07-24,79.03,32236.3365,2921698.0
2014-07-25,78.34,31954.8855,1194493.0
2014-07-28,77.82,31742.7775,1588946.0
2014-07-29,77.4,31571.4595,2180185.0
2014-07-30,77.31,31534.7485,2356256.0
2014-07-31,75.5,30796.4495,2800958.0
2014-08-01,75.09,30629.2105,2913848.0
2014-08-04,76.81,31330.7985,3236255.0
2014-08-05,74.59,30425.2605,3892630.0
2014-08-06,74.38,30428.8585,4806262.0
2014-08-07,73.47,30056.5774,2505740.0
2014-08-08,74.38,30428.8585,2153528.0
2014-08-11,74.2,30355.2205,1624660.0
2014-08-12,73.01,29868.3914,3239236.0
2014-08-13,72.63,29712.9334,2978904.0
2014-08-14,72.66,29725.2064,2744129.0
2014-08-15,73.34,30003.3944,2793189.0
2014-08-18,73.54,30085.2144,1883724.0
2014-08-19,74.28,30387.9485,1733705.0
2014-08-20,73.85,30212.0355,2637426.0
2014-08-21,74.9,30641.5905,1788377.0
2014-08-22,74.15,30334.7655,1487019.0
2014-08-25,74.7,30559.7705,1880779.0
2014-08-26,74.56,30502.4965,1937346.0
2014-08-27,74.28,30387.9485,1676594.0
2014-08-28,74.63,30531.1335,1314046.0
2014-08-29,75.42,30854.3225,1624161.0
2014-09-02,74.08,30306.1285,1947861.0
2014-09-03,74.18,30347.0385,1582699.0
2014-09-04,72.31,29582.0214,3207500.0
2014-09-05,72.74,29757.9344,2509547.0
2014-09-08,71.22,29136.1024,3205135.0
2014-09-09,70.75,28943.8254,3135054.0
2014-09-10,70.67,28911.0974,3478997.0
2014-09-11,70.63,28894.7334,2234759.0
2014-09-12,69.95,28616.5454,3610639.0
2014-09-15,70.27,28747.4574,2136822.0
2014-09-16,71.85,29393.8354,4246660.0
2014-09-17,71.57,29279.2874,2300490.0
2014-09-18,71.56,29275.1964,4937488.0
2014-09-19,70.97,29033.8274,4105446.0
2014-09-22,69.98,28628.8184,3970831.0
2014-09-23,69.91,28600.1814,2449045.0
2014-09-24,70.08,28669.7284,3788737.0
2014-09-25,68.7,28105.1704,2555784.0
2014-09-26,69.28,28342.4484,2407586.0
2014-09-29,69.58,28465.1784,2519916.0
2014-09-30,68.18,27892.4384,4124076.0
2014-10-01,67.07,27438.3374,3039608.0
2014-10-02,66.56,27229.6964,3325538.0
2014-10-03,65.44,26771.5044,3619994.0
2014-10-06,64.82,26517.8624,3878866.0
2014-10-07,63.61,26022.8514,3245926.0
2014-10-08,63.95,26161.9454,4571794.0
2014-10-09,61.3,25077.8304,5182510.0
2014-10-10,59.42,24308.7224,6457055.0
2014-10-13,56.56,23138.6963,5774372.0
2014-10-14,55.25,22602.7753,7618203.0
2014-10-15,55.14,22557.7743,8333264.0
2014-10-16,56.54,23130.5143,7999396.0
2014-10-17,58.17,23797.3474,8139501.0
2014-10-20,57.98,23719.6184,3820519.0
2014-10-21,60.06,24570.5464,5052705.0
2014-10-22,58.64,23989.6244,6715697.0
2014-10-23,60.01,24550.0914,3964771.0
2014-10-24,59.91,24509.1814,3196542.0
2014-10-27,57.33,23453.7033,4785904.0
2014-10-28,59.58,24374.1784,3230408.0
2014-10-29,59.73,24435.5434,3248745.0
2014-10-30,58.3,23850.5304,3562386.0
2014-10-31,60.0,24546.0004,4012109.0
2014-11-03,58.54,23948.7144,4689913.0
2014-11-04,56.02,22917.7823,6075728.0
2014-11-05,61.62,25208.7424,8913810.0
2014-11-06,62.56,25593.2964,5122889.0
2014-11-07,65.03,26603.7734,6779337.0
2014-11-10,64.21,26268.3114,6151411.0
2014-11-11,64.56,26411.4964,2718254.0
2014-11-12,64.07,26211.0374,3733740.0
2014-11-13,63.28,25887.8484,4072333.0
2014-11-14,64.18,26256.0384,2703419.0
2014-11-17,63.85,26121.0354,2843249.0
2014-11-18,64.49,26382.8594,3649541.0
2014-11-19,64.83,26521.9534,2778826.0
2014-11-20,66.76,27311.5164,3741944.0
2014-11-21,67.2,27491.5204,4342990.0
2014-11-24,66.29,27119.2394,3394684.0
2014-11-25,64.78,26501.4984,4136211.0
2014-11-26,64.02,26190.5824,2699642.0
2014-11-28,58.97,24124.6274,5443883.0
2014-12-01,59.94,24521.4544,7586887.0
2014-12-02,59.89,24500.9994,4325535.0
2014-12-03,60.92,24922.3724,3800473.0
2014-12-04,59.52,24349.6324,3995592.0
2014-12-05,59.9,24505.0904,4474206.0
2014-12-08,56.6,23155.0603,6298135.0
2014-12-09,57.2,23400.5203,6007448.0
2014-12-10,54.47,22283.6773,6895963.0
2014-12-11,53.84,22025.9443,4907950.0
2014-12-12,53.01,21686.3913,5612414.0
2014-12-15,52.66,21543.2063,5007324.0
2014-12-16,54.1,22132.3103,7297098.0
2014-12-17,58.47,23920.0774,7364029.0
2014-12-18,60.29,24664.6394,6041360.0
2014-12-19,61.31,25081.9214,7956574.0
2014-12-22,60.19,24623.7294,4689849.0
2014-12-23,61.47,25147.3774,3510624.0
2014-12-24,60.21,24631.9114,2185905.0
2014-12-26,60.83,24885.5534,2270405.0
2014-12-29,61.15,25016.4654,2503464.0
2014-12-30,61.06,24979.6464,3254999.0
2014-12-31,61.21,25041.0114,3720317.0
2015-01-02,60.96,24938.7364,3019780.0
2015-01-05,58.7,24014.1704,3867318.0
2015-01-06,57.5,23523.2504,4685851.0
2015-01-07,57.77,23633.7074,4208724.0
2015-01-08,59.82,24472.3624,4551836.0
2015-01-09,60.41,24713.7314,3556300.0
2015-01-12,59.13,24190.0834,4333086.0
2015-01-13,58.89,24091.8994,4911764.0
2015-01-14,58.5,23932.3504,5974009.0
2015-01-15,57.86,23670.5264,3758886.0
2015-01-16,60.7,24832.3704,5251960.0
2015-01-20,59.64,24398.7244,4769510.0
2015-01-21,61.6,25200.5604,4001528.0
2015-01-22,61.25,25057.3754,3888384.0
2015-01-23,60.16,24611.4564,3998287.0
2015-01-26,61.72,25249.6524,3336860.0
2015-01-27,62.1,25405.1104,2737509.0
2015-01-28,58.43,23903.7134,4752952.0
2015-01-29,58.72,24022.3524,3087218.0
2015-01-30,60.27,24656.4574,3792560.0
2015-02-02,62.84,25707.8444,4579567.0
2015-02-03,64.07,26211.0374,6447402.0
2015-02-04,64.0,26182.4004,5257023.0
2015-02-05,65.0,26591.5004,5249550.0
2015-02-06,65.27,26701.9574,4855212.0
2015-02-09,64.73,26481.0434,3941210.0
2015-02-10,64.18,26256.0384,4257443.0
2015-02-11,64.6,26427.8604,3883738.0
2015-02-12,65.78,26910.5984,4933463.0
2015-02-13,66.47,27192.8774,4872369.0
2015-02-17,66.65,27266.5154,4582023.0
2015-02-18,63.95,26161.9454,6840157.0
2015-02-19,64.41,26350.1314,4240556.0
2015-02-20,63.82,26236.4024,2771038.0
2015-02-23,63.95,26289.8454,2263478.0
2015-02-24,64.84,26655.7244,2992973.0
2015-02-25,65.45,26906.4954,3355778.0
2015-02-26,62.55,25714.3054,3561739.0
2015-02-27,61.59,25319.6494,3278286.0
2015-03-02,60.86,25019.5464,4529143.0
2015-03-03,61.25,25179.8754,3615455.0
2015-03-04,61.86,25430.6464,3745003.0
2015-03-05,60.83,25007.2134,2499598.0
2015-03-06,59.18,24328.8984,4572738.0
2015-03-09,58.04,23860.2444,2790027.0
2015-03-10,56.99,23428.5893,2809686.0
2015-03-11,57.84,23778.0244,7497025.0
2015-03-12,57.17,23502.5873,3328260.0
2015-03-13,57.7,23720.4704,3691933.0
2015-03-16,58.75,24152.1254,3568344.0
2015-03-17,58.05,23864.3554,2518528.0
2015-03-18,60.24,24764.6644,3533880.0
2015-03-19,58.26,23950.6864,2238246.0
2015-03-20,58.66,24115.1264,4336665.0
2015-03-23,57.97,23831.4674,2834887.0
2015-03-24,57.84,23778.0244,2868925.0
2015-03-25,59.64,24518.0044,6182096.0
2015-03-26,60.06,24690.6664,3811185.0
2015-03-27,59.15,24316.5654,2277434.0
2015-03-30,60.71,24957.8814,3248408.0
2015-03-31,60.31,24793.4414,3135490.0
2015-04-01,61.58,25315.5384,3582084.0
2015-04-02,62.55,25714.3054,4740544.0
2015-04-06,63.41,26067.8514,3923060.0
2015-04-07,63.33,26034.9634,3389159.0
2015-04-08,63.04,25915.7444,2821397.0
2015-04-09,64.94,26696.8344,3854839.0
2015-04-10,64.86,26663.9464,2341089.0
2015-04-13,64.58,26548.8384,2054682.0
2015-04-14,66.16,27198.3764,3168142.0
2015-04-15,66.95,27523.1454,4583190.0
2015-04-16,66.59,27375.1494,3463459.0
2015-04-17,65.92,27099.7124,2354381.0
2015-04-20,66.67,27408.0374,2240053.0
2015-04-21,65.28,26832.7993,2600099.0
2015-04-22,65.83,27058.8722,3298413.0
2015-04-23,66.3,27252.0618,2764404.0
2015-04-24,66.5,27334.2702,3820449.0
2015-04-27,66.56,27358.9327,3083070.0
2015-04-28,67.48,27737.091,2873179.0
2015-04-29,68.95,28341.3222,4664589.0
2015-04-30,68.21,28037.1514,3388739.0
2015-05-01,68.61,28201.5681,5235184.0
2015-05-04,69.03,28374.2055,2817668.0
2015-05-05,66.65,27395.9264,5707484.0
2015-05-06,67.48,27741.0284,5887327.0
2015-05-07,66.47,27325.8174,4426595.0
2015-05-08,67.89,27909.5794,3639030.0
2015-05-11,66.46,27321.7064,3657859.0
2015-05-12,67.57,27778.0274,2659298.0
2015-05-13,65.95,27112.0454,3437377.0
2015-05-14,65.68,27001.0484,2020494.0
2015-05-15,65.86,27075.0464,2443043.0
2015-05-18,66.24,27231.2644,2007915.0
2015-05-19,64.78,26631.0584,2795399.0
2015-05-20,65.82,27058.6024,2945595.0
2015-05-21,67.51,27753.3614,2922325.0
2015-05-22,67.47,27736.9174,2312128.0
2015-05-26,66.29,27251.8194,2577789.0
2015-05-27,66.05,27153.1554,1970482.0
2015-05-28,65.38,26877.7184,2167640.0
2015-05-29,65.22,26811.9424,2596449.0
2015-06-01,64.47,26503.6174,3266044.0
2015-06-02,64.83,26651.6134,2395580.0
2015-06-03,63.91,26273.4014,2378599.0
2015-06-04,63.08,25932.1884,3106934.0
2015-06-05,63.8,26228.1804,2740514.0
2015-06-08,62.5,25693.7504,3319925.0
2015-06-09,62.12,25537.5324,3569410.0
2015-06-10,63.81,26232.2914,4079356.0
2015-06-11,62.94,25874.6344,3200515.0
2015-06-12,61.87,25434.7574,3120345.0
2015-06-15,61.63,25336.0934,2137900.0
2015-06-16,62.46,25677.3064,2184449.0
2015-06-17,61.64,25340.2044,2355149.0
2015-06-18,61.44,25257.9844,1988593.0
2015-06-19,60.97,25064.7674,2928318.0
2015-06-22,61.35,25220.9854,1901264.0
2015-06-23,61.43,25253.8734,1780442.0
2015-06-24,61.09,25114.0994,1545000.0
2015-06-25,60.38,24822.2184,2552868.0
2015-06-26,60.46,24855.1064,2538958.0
2015-06-29,58.82,24180.9024,2931155.0
2015-06-30,59.49,24456.3394,3291832.0
2015-07-01,57.73,23732.8034,3556684.0
2015-07-02,57.87,23790.3574,2826236.0
2015-07-06,56.68,23301.1483,3255677.0
2015-07-07,57.32,23564.2523,3506195.0
2015-07-08,55.55,22836.6053,3024937.0
2015-07-09,55.94,22996.9343,2548132.0
2015-07-10,55.85,22959.9353,2757432.0
2015-07-13,55.4,22774.9403,3272705.0
2015-07-14,56.14,23079.1543,3200343.0
2015-07-15,54.84,22544.7243,3564590.0
2015-07-16,54.37,22351.5073,2904957.0
2015-07-17,53.64,22051.4043,2783050.0
2015-07-20,51.83,21307.3133,4678796.0
2015-07-21,52.08,21410.0883,4347537.0
2015-07-22,51.14,21023.6543,3855370.0
2015-07-23,51.16,21031.8763,3548659.0
2015-07-24,49.4,20308.3403,5020958.0
2015-07-27,48.83,20074.0133,5668912.0
2015-07-28,49.99,20550.8893,4905783.0
2015-07-29,51.18,21040.0983,4438469.0
2015-07-30,50.61,20805.7713,3516347.0
2015-07-31,49.42,20316.5623,3978083.0
2015-08-03,48.36,19880.7963,4218650.0
2015-08-04,48.74,20037.0143,4692229.0
2015-08-05,46.95,19296.45,7958095.0
2015-08-06,48.3,19851.3,5896851.0
2015-08-07,46.41,19074.51,4363082.0
2015-08-10,47.88,19678.68,6412611.0
2015-08-11,47.3,19440.3,5708444.0
2015-08-12,47.88,19678.68,5426927.0
2015-08-13,46.01,18910.11,5170484.0
2015-08-14,46.06,18930.66,5960245.0
2015-08-17,46.41,19074.51,3443780.0
2015-08-18,46.22,18996.42,3961760.0
2015-08-19,44.66,18355.26,4362905.0
2015-08-20,42.81,17594.91,5362209.0
2015-08-21,41.09,16887.99,5713385.0
2015-08-24,38.08,15650.88,10777702.0
2015-08-25,36.63,15054.93,7888125.0
2015-08-26,38.45,15802.95,7326198.0
2015-08-27,40.78,16760.58,9059072.0
2015-08-28,42.2,17344.2,8502752.0
2015-08-31,42.66,17533.26,7125409.0
2015-09-01,40.33,16575.63,6676825.0
2015-09-02,40.72,16735.92,5348719.0
2015-09-03,40.83,16781.13,5354993.0
2015-09-04,40.14,16497.54,3856633.0
2015-09-08,40.5,16645.5,4629547.0
2015-09-09,39.69,16312.59,7706443.0
2015-09-10,39.99,16435.89,5857514.0
2015-09-11,38.84,15963.24,4692250.0
2015-09-14,38.91,15992.01,4433471.0
2015-09-15,39.17,16098.87,3161354.0
2015-09-16,41.05,16871.55,4303404.0
2015-09-17,40.81,16772.91,5200373.0
2015-09-18,39.78,16349.58,5718954.0
2015-09-21,40.33,16575.63,3387105.0
2015-09-22,39.5,16234.5,5051130.0
2015-09-23,38.15,15679.65,4003288.0
2015-09-24,38.6,15864.6,4799257.0
2015-09-25,38.47,15811.17,4253946.0
2015-09-28,36.75,15104.25,5788731.0
2015-09-29,36.43,14972.73,5113712.0
2015-09-30,37.09,15243.99,6573617.0
2015-10-01,37.75,15515.25,5624703.0
2015-10-02,40.72,16735.92,6483089.0
2015-10-05,42.92,17640.12,7163860.0
2015-10-06,43.75,17981.25,6607049.0
2015-10-07,43.86,18026.46,6413650.0
2015-10-08,44.67,18359.37,4656396.0
2015-10-09,45.24,18593.64,5791879.0
2015-10-12,43.99,18079.89,4031002.0
2015-10-13,43.72,17968.92,3101013.0
2015-10-14,44.65,18351.15,3540994.0
2015-10-15,45.67,18770.37,3732622.0
2015-10-16,46.43,19082.73,5131022.0
2015-10-19,45.28,18610.08,4345200.0
2015-10-20,45.69,18778.59,2997187.0
2015-10-21,43.9,18042.9,6878871.0
2015-10-22,44.75,18392.25,4389186.0
2015-10-23,44.96,18478.56,3300348.0
2015-10-26,42.79,17586.69,3984463.0
2015-10-27,41.2,16933.2,5464034.0
2015-10-28,41.56,17081.16,6544690.0
2015-10-29,41.04,16867.44,5636427.0
2015-10-30,41.93,17233.23,5756528.0
2015-11-02,43.13,17726.43,5429977.0
2015-11-03,45.22,18585.42,6572522.0
2015-11-04,46.49,19107.39,9572484.0
2015-11-05,47.51,19526.61,6390839.0
2015-11-06,46.87,19263.57,5704332.0
2015-11-09,46.98,19308.78,5301087.0
2015-11-10,47.76,19629.36,5134432.0
2015-11-11,45.62,18749.82,4244233.0
2015-11-12,45.06,18519.66,6082563.0
2015-11-13,45.05,18515.55,5084908.0
2015-11-16,46.5,19111.5,3911687.0
2015-11-17,45.91,18869.01,3767093.0
2015-11-18,47.07,19345.77,3163423.0
2015-11-19,45.98,18897.78,3658242.0
2015-11-20,45.25,18597.75,3969481.0
2015-11-23,44.93,18466.23,3055213.0
2015-11-24,46.55,19132.05,3128041.0
2015-11-25,45.91,18869.01,2294449.0
2015-11-27,44.87,18441.57,1170211.0
2015-11-30,46.01,18910.11,4405726.0
2015-12-01,46.49,19107.39,3805240.0
2015-12-02,43.53,17890.83,4783966.0
2015-12-03,41.1,16892.1,9820844.0
2015-12-04,40.53,16657.83,5912416.0
2015-12-07,36.44,14976.84,11420245.0
2015-12-08,35.19,14463.09,13144216.0
2015-12-09,35.32,14516.52,7916082.0
2015-12-10,35.51,14594.61,6799667.0
2015-12-11,33.55,13789.05,5925446.0
2015-12-14,31.54,12962.94,11006438.0
2015-12-15,31.87,13098.57,7808522.0
2015-12-16,30.57,12564.27,8350471.0
2015-12-17,28.98,11910.78,15841423.0
2015-12-18,28.67,11783.37,9366535.0
2015-12-21,28.83,11849.13,7462727.0
2015-12-22,29.83,12260.13,8734092.0
2015-12-23,33.2,13645.2,10280847.0
2015-12-24,32.7,13439.7,3816944.0
2015-12-28,31.69,13024.59,4816591.0
2015-12-29,32.24,13250.64,5476447.0
2015-12-30,31.0,12741.0,5265479.0
2015-12-31,32.0,13152.0,4454100.0
2016-01-04,32.32,13283.52,6770342.0
2016-01-05,32.83,13493.13,6258084.0
2016-01-06,30.21,12416.31,7777746.0
2016-01-07,28.06,11532.66,11164910.0
2016-01-08,28.5,11713.5,8160518.0
2016-01-11,26.97,11084.67,10330365.0
2016-01-12,25.72,10570.92,14152143.0
2016-01-13,24.8,10192.8,11457092.0
2016-01-14,25.96,10669.56,8580943.0
2016-01-15,24.49,10065.39,9673407.0
2016-01-19,23.48,9650.28,9417709.0
2016-01-20,21.59,8873.49,18600867.0
2016-01-21,24.18,9937.98,10875632.0
2016-01-22,25.63,10533.93,14612283.0
2016-01-25,22.77,9358.47,10370040.0
2016-01-26,24.56,10094.16,7529777.0
2016-01-27,24.49,10065.39,10952651.0
2016-01-28,26.79,11010.69,11272776.0
2016-01-29,27.9,11466.9,11270925.0
2016-02-01,26.06,10710.66,8311337.0
2016-02-02,24.69,10147.59,7786124.0
2016-02-03,26.59,10928.49,12323131.0
2016-02-04,26.56,10916.16,11744072.0
2016-02-05,24.85,10213.35,9510076.0
2016-02-08,23.68,9732.48,9304927.0
2016-02-09,22.66,9313.26,8871119.0
2016-02-10,21.63,8889.93,9868589.0
2016-02-11,21.25,8733.75,15209027.0
2016-02-12,21.69,8914.59,19887053.0
2016-02-16,21.26,9381.9125,13772514.0
2016-02-17,20.33,8971.509,30662929.0
2016-02-18,19.7,10052.7937,97177511.0
2016-02-19,18.65,9516.9849,33916489.0
2016-02-22,20.3,10358.9702,24330163.0
2016-02-23,18.91,9649.6614,19387704.0
2016-02-24,19.41,9904.8084,17820873.0
2016-02-25,19.56,9981.3526,16421587.0
2016-02-26,20.29,10353.8672,24943109.0
2016-02-29,19.68,10042.5878,17878026.0
2016-03-01,19.22,9807.8526,22698742.0
2016-03-02,21.52,10981.529,20265939.0
2016-03-03,22.0,11226.4702,17474425.0
2016-03-04,23.31,11894.9554,21258921.0
2016-03-07,24.19,12344.0142,21885024.0
2016-03-08,21.47,10956.0143,16059680.0
2016-03-09,22.93,11701.0437,14397786.0
2016-03-10,22.48,11471.4113,18353867.0
2016-03-11,24.78,12645.0877,19564354.0
2016-03-14,24.79,12650.1907,12254815.0
2016-03-15,24.09,12620.5384,12384572.0
2016-03-16,26.22,13736.4266,15701951.0
2016-03-17,27.4,14354.6182,17461774.0
2016-03-18,27.54,14427.9629,26829432.0
2016-03-21,28.02,14679.4307,13667559.0
2016-03-22,28.01,14674.1918,10769136.0
2016-03-23,25.76,13495.4367,14814614.0
2016-03-24,26.47,13867.3994,12753423.0
2016-03-28,25.84,13537.3479,9698945.0
2016-03-29,26.09,13668.3207,12579999.0
2016-03-30,26.2,13725.9488,10610475.0
2016-03-31,27.44,14375.5738,11418925.0
2016-04-01,26.61,13940.7441,15199912.0
2016-04-04,26.05,13647.3651,8820332.0
2016-04-05,26.39,13825.4881,10035392.0
2016-04-06,27.56,14438.4408,12189250.0
2016-04-07,27.6,14459.3964,10606875.0
2016-04-08,28.77,15072.3491,9888070.0
2016-04-11,29.05,15219.0386,8342427.0
2016-04-12,30.96,16219.6708,16470229.0
2016-04-13,30.96,16219.6708,13266220.0
2016-04-14,31.35,16423.9883,10436512.0
2016-04-15,31.4,16450.1829,10890934.0
2016-04-18,32.0,16764.5176,10880077.0
2016-04-19,33.62,17613.2213,11769053.0
2016-04-20,34.75,18205.2183,12902421.0
2016-04-21,33.93,17775.6275,14104475.0
2016-04-22,35.2,18440.9693,11294688.0
2016-04-25,33.95,17786.1054,11134718.0
2016-04-26,34.62,18137.1125,10971366.0
2016-04-27,36.91,19337.4856,14921660.0
2016-04-28,36.11,18918.3583,12081367.0
2016-04-29,34.68,18169.1682,17331988.0
2016-05-02,34.56,18106.2991,9928138.0
2016-05-03,32.75,17158.0236,12722893.0
2016-05-04,31.31,16406.44,18024332.0
2016-05-05,31.2,16348.8,11039806.0
2016-05-06,31.4,16453.6,10079241.0
2016-05-09,30.04,15740.96,9751521.0
2016-05-10,31.54,16526.96,7598747.0
2016-05-11,32.54,17050.96,10725543.0
2016-05-12,32.71,17140.04,9704249.0
2016-05-13,32.52,17040.48,6731758.0
2016-05-16,33.79,17705.96,8587993.0
2016-05-17,34.63,18146.12,9807560.0
2016-05-18,34.12,17878.88,9759674.0
2016-05-19,33.9,17763.6,8081030.0
2016-05-20,34.25,17947.0,7720329.0
2016-05-23,34.54,18098.96,6494606.0
2016-05-24,34.49,18072.76,7883750.0
2016-05-25,36.44,19094.56,9777981.0
2016-05-26,35.9,18811.6,7546138.0
2016-05-27,35.9,18811.6,5385454.0
2016-05-31,36.09,18911.16,6883067.0
2016-06-01,36.15,18942.6,8027504.0
2016-06-02,36.81,19288.44,6622896.0
2016-06-03,35.92,18822.08,6990280.0
2016-06-06,37.56,19681.44,7977248.0
2016-06-07,38.76,20310.24,9766370.0
2016-06-08,37.58,19691.92,9518089.0
2016-06-09,37.45,19623.8,5823549.0
2016-06-10,35.12,18402.88,8044269.0
2016-06-13,35.78,18748.72,8008937.0
2016-06-14,35.55,18628.2,7375766.0
2016-06-15,35.09,18387.16,7003895.0
2016-06-16,34.8,18235.2,17231444.0
2016-06-17,35.98,18853.52,13328541.0
2016-06-20,37.32,19555.68,9509719.0
2016-06-21,38.19,20011.56,7597405.0
2016-06-22,37.94,19880.56,6678319.0
2016-06-23,38.8,20331.2,5841248.0
2016-06-24,35.85,18785.4,18759463.0
2016-06-27,33.75,17685.0,15072041.0
2016-06-28,35.99,18858.76,8328686.0
2016-06-29,36.69,19225.56,6788544.0
2016-06-30,36.25,18995.0,6254051.0
2016-07-01,37.45,19623.8,7255958.0
2016-07-05,36.15,18942.6,6408596.0
2016-07-06,36.98,19377.52,6966460.0
2016-07-07,36.81,19288.44,7558863.0
2016-07-08,37.58,19691.92,5699765.0
2016-07-11,37.67,19739.08,5611870.0
2016-07-12,40.01,20965.24,8801304.0
2016-07-13,39.0,20436.0,6592917.0
2016-07-14,38.39,20116.36,6364064.0
2016-07-15,38.29,20063.96,5250864.0
2016-07-18,38.11,19969.64,5426032.0
2016-07-19,37.75,19781.0,5817194.0
2016-07-20,37.96,19891.04,6062031.0
2016-07-21,37.33,19560.92,5857973.0
2016-07-22,37.75,19781.0,4792544.0
2016-07-25,36.08,18905.92,6405143.0
2016-07-26,37.46,19629.04,11555513.0
2016-07-27,36.13,18932.12,11405263.0
2016-07-28,36.13,18932.12,6028512.0
2016-07-29,38.28,20058.72,10235349.0
2016-08-01,35.91,18816.84,8791863.0
2016-08-02,36.12,18926.88,9254105.0
2016-08-03,38.0,19896.7991,11775449.0
2016-08-04,38.61,20216.1951,9601069.0
2016-08-05,39.51,20687.435,6639501.0
2016-08-08,40.2,21048.719,9180293.0
2016-08-09,39.9,20891.639,4907989.0
2016-08-10,39.57,20718.851,4835252.0
2016-08-11,41.31,21629.915,7406998.0
2016-08-12,41.67,21818.411,4589841.0
2016-08-15,41.96,21970.255,3928831.0
2016-08-16,42.47,22237.291,7562322.0
2016-08-17,43.31,22677.1149,7074361.0
2016-08-18,44.76,23436.3349,6775394.0
2016-08-19,44.33,23211.1869,4460593.0
2016-08-22,44.1,23090.7589,4682792.0
2016-08-23,45.23,23682.4269,5730883.0
2016-08-24,44.51,23305.4349,4770177.0
2016-08-25,44.38,23237.3669,4122716.0
2016-08-26,44.43,23263.5469,4760459.0
2016-08-29,45.01,23567.2349,5571338.0
2016-08-30,44.44,23268.7829,5286700.0
2016-08-31,43.33,22687.5869,6948615.0
2016-09-01,43.7,22881.3189,6026770.0
2016-09-02,44.27,23179.7709,5105870.0
2016-09-06,44.21,23148.3549,5178824.0
2016-09-07,44.2,23143.1189,4112753.0
2016-09-08,45.28,23708.6069,6448901.0
2016-09-09,43.36,22703.2949,6411616.0
2016-09-12,43.19,22614.2829,5414707.0
2016-09-13,41.14,21540.903,7034867.0
2016-09-14,40.18,21038.247,6536056.0
2016-09-15,40.9,21415.239,4484611.0
2016-09-16,40.99,21462.363,5589633.0
2016-09-19,40.85,21389.059,3869178.0
2016-09-20,40.66,21289.575,3887544.0
2016-09-21,42.17,22080.211,4746622.0
2016-09-22,41.88,21928.367,4600155.0
2016-09-23,39.54,20703.143,8050143.0
2016-09-26,39.64,20755.503,6357391.0
2016-09-27,38.38,20095.7671,8866374.0
2016-09-28,41.58,21771.287,10634760.0
2016-09-29,43.04,22535.7429,9428261.0
2016-09-30,44.11,23095.9949,5969774.0
2016-10-03,44.2,23143.1189,4248537.0
2016-10-04,43.28,22661.4069,3923742.0
2016-10-05,44.18,23132.6469,6381711.0
2016-10-06,43.48,22766.1269,5452310.0
2016-10-07,42.81,22415.315,4907368.0
2016-10-10,44.39,23242.6029,4893540.0
2016-10-11,44.14,23111.7029,4444714.0
2016-10-12,44.56,23331.6149,6757935.0
2016-10-13,43.9,22986.0389,4636294.0
2016-10-14,43.08,22556.6869,3257574.0
2016-10-17,41.77,21870.771,6840124.0
2016-10-18,41.9,21938.839,5126712.0
2016-10-19,42.96,22493.855,5655801.0
2016-10-20,42.94,22483.383,4258113.0
2016-10-21,42.69,22352.483,3173744.0
2016-10-24,41.72,21844.591,4414650.0
2016-10-25,40.67,21294.811,3670813.0
2016-10-26,40.2,21048.719,6910631.0
2016-10-27,40.46,21184.855,4303943.0
2016-10-28,39.18,20514.647,5872896.0
2016-10-31,37.89,19839.2031,6902386.0
2016-11-01,37.69,19734.4831,6471219.0
2016-11-02,39.55,20708.379,12156414.0
2016-11-03,40.51,21211.035,7930334.0
2016-11-04,40.19,21043.483,5988283.0
2016-11-07,41.82,21896.951,5336949.0
2016-11-08,41.98,21980.727,4293301.0
2016-11-09,43.62,22839.4309,6196267.0
2016-11-10,43.14,22588.1029,5621644.0
2016-11-11,41.85,21912.659,5287922.0
2016-11-14,42.81,22415.315,4828093.0
2016-11-15,45.0,23561.9989,6640727.0
2016-11-16,43.98,23027.9269,5611309.0
2016-11-17,42.87,22446.731,6041631.0
2016-11-18,43.82,22944.1509,4769862.0
2016-11-21,44.9,23509.6389,4861870.0
2016-11-22,44.48,23289.7269,4356375.0
2016-11-23,45.04,23582.9429,2926253.0
2016-11-25,44.23,23158.8269,1962350.0
2016-11-28,42.65,22331.539,5810255.0
2016-11-29,42.16,22074.975,7671851.0
2016-11-30,48.33,25305.5868,17514187.0
2016-12-01,47.85,25054.2588,7154963.0
2016-12-02,47.85,25054.2588,4454214.0
2016-12-05,47.74,24996.6628,4282096.0
2016-12-06,47.31,24771.5148,5334791.0
2016-12-07,47.55,24897.1788,4936673.0
2016-12-08,47.74,24996.6628,4987316.0
2016-12-09,48.07,25169.4508,3675213.0
2016-12-12,48.12,25195.6308,7603128.0
2016-12-13,48.19,25232.2828,4485184.0
2016-12-14,47.02,24619.6709,5678949.0
2016-12-15,47.53,24886.7068,4983973.0
2016-12-16,47.38,24808.1668,4847625.0
2016-12-19,47.04,24630.1429,3657455.0
2016-12-20,46.66,24431.1749,3371386.0
2016-12-21,46.57,24384.0509,2788916.0
2016-12-22,46.9,24556.8389,4874544.0
2016-12-23,46.54,24368.3429,2727109.0
2016-12-27,46.84,24525.4229,1792118.0
2016-12-28,46.24,24211.2629,2392331.0
2016-12-29,45.95,24059.4189,2111792.0
2016-12-30,45.67,23912.8109,2871759.0
2017-01-03,47.08,24651.0869,5828555.0
2017-01-04,47.5,24870.9988,3706228.0
2017-01-05,49.01,25661.6348,7512979.0
2017-01-06,48.67,25483.6108,3193903.0
2017-01-09,46.58,24389.2869,5736103.0
2017-01-10,46.7,24452.1189,4642677.0
2017-01-11,47.4,24818.6388,3997619.0
2017-01-12,46.46,24326.4549,4433621.0
2017-01-13,46.41,24300.2749,3081844.0
2017-01-17,46.48,24336.9269,3376768.0
2017-01-18,46.36,24274.0949,3653543.0
2017-01-19,46.09,24132.7229,2602720.0
2017-01-20,46.26,24221.7349,3571340.0
2017-01-23,45.63,23891.8669,4985253.0
2017-01-24,46.59,24394.5229,3185571.0
2017-01-25,46.46,24326.4549,4992554.0
2017-01-26,47.15,24687.7388,3017961.0
2017-01-27,46.64,24420.7029,2726426.0
2017-01-30,45.07,23598.6509,4125969.0
2017-01-31,45.54,23844.7429,3493620.0
2017-02-01,45.54,23844.7429,3566555.0
2017-02-02,45.65,23902.3389,3269899.0
2017-02-03,46.79,24499.2429,3824691.0
2017-02-06,45.27,23703.3709,3629407.0
2017-02-07,44.14,23111.7029,3854630.0
2017-02-08,44.06,23069.8149,4356073.0
2017-02-09,44.75,23431.0989,2914951.0
2017-02-10,45.41,23776.6749,3445005.0
2017-02-13,45.26,23698.1349,3261704.0
2017-02-14,45.94,24054.1829,3360550.0
2017-02-15,44.23,23203.0569,9506757.0
2017-02-16,44.11,23140.1049,6199396.0
2017-02-17,44.17,23171.5809,3362893.0
2017-02-21,45.06,23638.4749,4971900.0
2017-02-22,43.76,22956.4949,4805784.0
2017-02-23,43.99,23077.1529,4982412.0
2017-02-24,42.81,22458.125,4574380.0
2017-02-27,43.06,22589.2749,7623556.0
2017-02-28,43.36,22746.6549,5194195.0
2017-03-01,44.63,23412.8969,4669445.0
2017-03-02,43.47,22804.3609,4393009.0
2017-03-03,43.35,22741.4089,2677623.0
2017-03-06,43.94,23050.9229,5376722.0
2017-03-07,43.56,22851.5749,2843129.0
2017-03-08,40.72,21361.711,7773213.0
2017-03-09,40.77,21387.941,8696982.0
2017-03-10,40.26,21120.395,5036025.0
2017-03-13,40.96,21487.615,4366698.0
2017-03-14,40.02,20994.491,5860391.0
2017-03-15,41.12,21571.551,3497659.0
2017-03-16,40.72,21361.711,2900196.0
2017-03-17,40.54,21267.283,5180935.0
2017-03-20,40.54,21267.283,3295870.0
2017-03-21,39.8,20879.079,3960505.0
2017-03-22,39.34,20637.763,4561786.0
2017-03-23,39.09,20506.613,4051939.0
2017-03-24,38.8,20354.4791,4148607.0
2017-03-27,38.88,20396.4471,4047995.0
2017-03-28,39.62,20784.651,4889628.0
2017-03-29,41.22,21624.011,5821393.0
2017-03-30,41.45,21744.669,6667205.0
2017-03-31,41.72,21886.311,4806903.0
2017-04-03,42.03,22048.937,4297991.0
2017-04-04,42.49,22290.253,3850646.0
2017-04-05,41.52,21781.391,5680845.0
2017-04-06,42.88,22494.847,6989775.0
2017-04-07,42.54,22316.483,3710126.0
2017-04-10,43.06,22589.2749,3184454.0
2017-04-11,42.52,22305.991,7316616.0
2017-04-12,41.87,21965.001,3899882.0
2017-04-13,40.65,21324.989,4507497.0
2017-04-17,41.01,21513.845,4373761.0
2017-04-18,40.53,21262.037,4158743.0
2017-04-19,39.25,20590.549,4839913.0
2017-04-20,39.7,20826.619,3502155.0
2017-04-21,39.73,20842.357,4301268.0
2017-04-24,39.82,20889.571,3609460.0
2017-04-25,40.59,21293.513,3726799.0
2017-04-26,40.59,21336.7018,4127063.0
2017-04-27,39.35,20684.8785,5109809.0
2017-04-28,39.49,20758.4714,3662145.0
2017-05-01,39.31,20663.8519,2950636.0
2017-05-02,38.85,20422.0465,5262868.0
2017-05-03,38.17,20065.9695,7651042.0
2017-05-04,36.98,19440.3865,7536131.0
2017-05-05,38.02,19987.1145,4873972.0
2017-05-08,38.16,20060.7125,4135667.0
2017-05-09,37.89,19918.7735,3550374.0
2017-05-10,38.54,20260.4785,5631504.0
2017-05-11,37.95,19950.3155,3640933.0
2017-05-12,37.86,19903.0025,3000855.0
2017-05-15,38.16,20060.7125,4222843.0
2017-05-16,37.92,19934.5445,3761510.0
2017-05-17,37.35,19634.8955,4631300.0
2017-05-18,36.9,19398.3305,5053665.0
2017-05-19,38.39,20181.6235,4251544.0
2017-05-22,38.08,20018.6565,3904797.0
2017-05-23,37.82,19881.9745,3212429.0
2017-05-24,37.13,19519.2415,5061729.0
2017-05-25,35.73,18783.2614,5323253.0
2017-05-26,35.82,18830.5744,3719634.0
2017-05-30,34.49,18131.3934,5530200.0
2017-05-31,33.98,17863.2864,9029691.0
2017-06-01,34.27,18015.7394,4212991.0
2017-06-02,33.13,17416.4414,6472800.0
2017-06-05,33.05,17374.3854,5085441.0
2017-06-06,33.9,17821.2304,7250765.0
2017-06-07,31.92,16780.3444,8373929.0
2017-06-08,31.49,16554.2934,6004580.0
2017-06-09,32.58,17127.3064,6913584.0
2017-06-12,32.72,17200.9044,5624858.0
2017-06-13,33.49,17605.6934,4477991.0
2017-06-14,32.19,16922.283,7083702.0
2017-06-15,31.49,16554.293,5194344.0
2017-06-16,31.76,16696.232,6384828.0
2017-06-19,31.32,16464.924,4684823.0
2017-06-20,31.16,16380.812,5585084.0
2017-06-21,30.15,15849.855,6774546.0
2017-06-22,30.01,15776.257,5805395.0
2017-06-23,30.48,16023.336,4161286.0
2017-06-26,30.72,16149.504,5088605.0
2017-06-27,30.35,15954.995,9618965.0
2017-06-28,30.55,16060.135,7398080.0
2017-06-29,31.81,16722.517,7410102.0
2017-06-30,31.97,16806.629,6659746.0
2017-07-03,32.78,17232.446,2652058.0
2017-07-05,31.1,16349.27,7234884.0
2017-07-06,30.18,15865.626,7081444.0
2017-07-07,29.54,15529.178,7366474.0
2017-07-10,29.73,15629.061,7655018.0
2017-07-11,30.53,16049.621,7450885.0
2017-07-12,30.81,16196.817,5668720.0
2017-07-13,31.2,16401.84,4550362.0
2017-07-14,31.65,16638.405,4846076.0
2017-07-17,31.35,16480.695,5803459.0
2017-07-18,31.36,16485.952,4574909.0
2017-07-19,32.5,17085.25,5498505.0
2017-07-20,31.99,16817.143,4954582.0
2017-07-21,31.96,16801.372,3774947.0
2017-07-24,31.74,16685.718,4171214.0
2017-07-25,32.98,17337.586,5465251.0
2017-07-26,32.99,17342.843,6258280.0
2017-07-27,33.47,17595.179,3591205.0
2017-07-28,33.21,17458.497,4323609.0
2017-07-31,33.31,17511.067,3790707.0
2017-08-01,32.98,17337.586,4659272.0
2017-08-02,33.4,17555.04,5605456.0
2017-08-03,32.27,16961.112,6413860.0
2017-08-04,33.66,17691.696,7148390.0
2017-08-07,32.4,17029.44,4379761.0
2017-08-08,32.14,16892.784,6161430.0
2017-08-09,32.08,16861.248,4297889.0
2017-08-10,31.76,16693.056,4010006.0
2017-08-11,31.61,16614.216,3588192.0
2017-08-14,31.07,16330.392,3093466.0
2017-08-15,30.92,16251.552,4004871.0
2017-08-16,30.66,16114.896,3842982.0
2017-08-17,30.18,15862.608,3800931.0
2017-08-18,30.4,15978.24,4204173.0
2017-08-21,30.34,15946.704,2922873.0
2017-08-22,30.4,15978.24,3930958.0
2017-08-23,30.98,16283.088,3320022.0
2017-08-24,31.12,16356.672,3820859.0
2017-08-25,31.16,16377.696,3246941.0
2017-08-28,30.93,16256.808,2966973.0
2017-08-29,30.99,16288.344,3438410.0
2017-08-30,30.96,16272.576,3214434.0
2017-08-31,31.4,16503.84,5333134.0
2017-09-01,32.11,16877.016,3820963.0
2017-09-05,32.13,16887.528,3842710.0
2017-09-06,32.68,17176.608,3810708.0
2017-09-07,32.39,17024.184,2903299.0
2017-09-08,31.47,16540.632,4439919.0
2017-09-11,31.81,16719.336,3862738.0
2017-09-12,32.17,16908.552,3619474.0
2017-09-13,33.51,17612.856,6000432.0
2017-09-14,33.9,17814.9612,5576969.0
2017-09-15,33.65,17683.5825,4709395.0
2017-09-18,33.97,17851.7473,4305798.0
2017-09-19,33.77,17746.6443,3604989.0
2017-09-20,34.89,18335.2212,5017238.0
2017-09-21,35.35,18576.9581,4761141.0
2017-09-22,35.78,18802.9296,4734876.0
2017-09-25,36.67,19270.638,4337315.0
2017-09-26,36.93,19407.2719,4578774.0
2017-09-27,37.17,19533.3956,4638822.0
2017-09-28,36.59,19228.5968,5216452.0
2017-09-29,36.71,19291.6586,5507908.0
2017-10-02,36.6,19233.852,4673237.0
2017-10-03,36.53,19197.0659,3003098.0
2017-10-04,35.86,18844.9708,4379324.0
2017-10-05,36.35,19102.4732,3353968.0
2017-10-06,35.78,18802.9296,3174065.0
2017-10-09,35.89,18860.7363,3068679.0
2017-10-10,36.0,18918.5429,4089163.0
2017-10-11,36.08,18960.5841,3415047.0
2017-10-12,35.61,18713.592,3233541.0
2017-10-13,35.87,18850.226,2461688.0
2017-10-16,35.85,18839.7157,3568358.0
2017-10-17,35.73,18776.6538,3160791.0
2017-10-18,35.22,18508.6412,3553673.0
2017-10-19,34.95,18366.7521,2892551.0
2017-10-20,34.93,18356.2418,2923074.0
2017-10-23,34.65,18209.0976,3352947.0
2017-10-24,34.84,18308.9454,4247854.0
2017-10-25,34.35,18051.443,3647611.0
2017-10-26,34.91,18345.7315,5216556.0
2017-10-27,35.88,18855.4811,4530057.0
2017-10-30,36.0,18918.5429,8143341.0
2017-10-31,36.9,19391.5065,6139046.0
2017-11-01,39.08,20536.54,9302987.0
2017-11-02,38.83,20405.165,9585719.0
2017-11-03,39.27,20636.385,6359236.0
2017-11-06,40.86,21471.93,9214555.0
2017-11-07,41.26,21682.13,10660588.0
2017-11-08,40.26,21156.63,6517099.0
2017-11-09,40.81,21445.655,6213406.0
2017-11-10,40.41,21235.455,4439530.0
2017-11-13,39.65,20836.075,4681297.0
2017-11-14,38.23,20089.865,4205871.0
2017-11-15,37.91,19921.705,4694584.0
2017-11-16,38.16,20053.08,4645647.0
2017-11-17,38.68,20326.34,3254081.0
2017-11-20,37.41,19658.955,5144512.0
2017-11-21,37.55,19732.525,3585396.0
2017-11-22,37.99,19963.745,2562778.0
2017-11-24,38.03,19984.765,1526067.0
2017-11-27,36.79,19333.145,4591204.0
2017-11-28,37.17,19532.835,2845580.0
2017-11-29,37.1,19496.05,5562085.0
2017-11-30,38.53,20247.515,8006085.0
2017-12-01,38.84,20410.42,5809796.0
2017-12-04,38.64,20305.32,5415698.0
2017-12-05,38.38,20168.69,4002308.0
2017-12-06,36.88,19380.44,3670201.0
2017-12-07,37.15,19522.325,2854565.0
2017-12-08,38.05,19995.275,7562174.0
2017-12-11,38.49,20226.495,2961429.0
2017-12-12,38.41,20184.455,3686541.0
2017-12-13,38.12,20032.06,3056662.0
2017-12-14,38.0,19969.0,3799936.0
2017-12-15,37.68,19800.84,8030490.0
2017-12-18,38.06,20000.53,5318412.0
2017-12-19,38.7,20336.85,5487603.0
2017-12-20,39.84,20935.92,5830394.0
2017-12-21,40.92,21503.46,5680677.0
2017-12-22,41.57,21845.035,4245160.0
2017-12-26,42.58,22375.79,3776545.0
2017-12-27,41.84,21986.92,2826128.0
2017-12-28,41.76,21944.88,2224648.0
2017-12-29,41.4,21755.7,2763949.0
2018-01-02,42.23,22191.865,4782523.0
2018-01-03,42.72,22449.36,3908743.0
2018-01-04,43.23,22717.365,4243507.0
2018-01-05,43.11,22654.305,3722210.0
2018-01-08,43.25,22727.875,3595988.0
2018-01-09,42.54,22354.77,5826136.0
2018-01-10,42.18,22165.59,3457092.0
2018-01-11,43.07,22633.285,6856908.0
2018-01-12,44.04,23143.02,7671384.0
2018-01-16,43.26,22733.13,5634854.0
2018-01-17,43.44,22827.72,4341487.0
2018-01-18,43.2,22701.6,2714666.0
2018-01-19,42.85,22517.675,5604301.0
2018-01-22,44.81,23547.655,4840643.0
2018-01-23,44.52,23395.26,4173473.0
2018-01-24,44.52,23395.26,5302090.0
2018-01-25,43.91,23074.705,3634123.0
2018-01-26,43.86,23048.43,2734485.0
2018-01-29,43.33,22769.915,3401046.0
2018-01-30,41.52,21818.76,6403935.0
2018-01-31,41.37,21739.935,4526866.0
2018-02-01,42.22,22186.61,7342188.0
2018-02-02,40.03,21035.765,6009878.0
2018-02-05,38.65,20310.575,8425349.0
2018-02-06,38.38,20168.69,8520392.0
2018-02-07,36.76,19317.38,8469519.0
2018-02-08,34.94,18360.97,7717826.0
2018-02-09,34.68,18224.34,11522676.0
2018-02-12,35.78,18802.39,6551611.0
2018-02-13,34.57,18166.535,4889999.0
2018-02-14,35.56,18686.78,6463497.0
2018-02-15,34.74,18255.87,6839574.0
2018-02-16,34.11,17924.805,6752850.0
2018-02-20,34.65,18208.575,6373401.0
2018-02-21,30.57,16082.877,31052282.0
2018-02-22,30.41,15998.701,18625437.0
2018-02-23,31.43,16535.323,11877786.0
2018-02-26,31.61,16630.021,11189356.0
2018-02-27,31.86,16761.546,10584866.0
2018-02-28,30.67,16135.487,12820759.0
2018-03-01,30.54,16067.094,8932285.0
2018-03-02,31.36,16498.496,9107619.0
2018-03-05,32.0,16835.2,9848927.0
2018-03-06,31.33,16482.713,6937107.0
2018-03-07,30.95,16282.795,6492362.0
2018-03-08,32.39,17040.379,12183865.0
2018-03-09,32.72,17213.992,9139491.0
2018-03-12,32.82,17266.602,7303005.0
2018-03-13,32.79,17250.819,9880371.0
2018-03-14,32.62,17161.382,9723509.0
2018-03-15,31.71,16682.631,9724857.0
2018-03-16,31.96,16814.156,10675513.0
2018-03-19,31.16,16393.276,9728449.0
2018-03-20,31.55,16598.455,8607851.0
2018-03-21,32.92,17319.212,10172353.0
2018-03-22,32.29,16987.769,8580818.0
2018-03-23,32.23,16956.203,8514905.0
2018-03-26,32.47,17082.467,6366009.0
2018-03-27,31.71,16682.631,6045092.0
2018-03-28,31.2,16414.32,7075739.0
2018-03-29,31.79,16724.719,6290353.0
2018-04-02,30.35,15967.135,8078322.0
2018-04-03,31.37,16503.757,7195043.0
2018-04-04,31.32,16477.452,6405453.0
2018-04-05,32.29,16987.769,5654945.0
2018-04-06,31.45,16545.845,6514139.0
2018-04-09,31.47,16556.367,6724632.0
2018-04-10,33.6,17676.96,8734252.0
2018-04-11,33.74,17750.614,6238693.0
2018-04-12,32.83,17271.863,9887035.0
2018-04-13,33.6,17676.96,7749755.0
2018-04-16,33.62,17687.482,4698630.0
2018-04-17,33.69,17724.309,5516442.0
2018-04-18,36.1,18992.21,15106860.0
2018-04-19,35.69,18776.509,12064792.0
2018-04-20,35.4,18623.94,8332467.0
2018-04-23,35.43,18639.723,5048880.0
2018-04-24,34.48,18139.928,9014469.0
2018-04-25,35.2,18467.6274,7969081.0
2018-04-26,35.78,18771.9236,6409405.0
2018-04-27,35.75,18756.1841,6937346.0
2018-04-30,36.33,19060.4803,6304613.0
2018-05-01,36.2,18992.276,5657342.0
2018-05-02,38.23,20009.582,17385608.0
2018-05-03,37.2,19470.48,8730939.0
2018-05-04,37.87,19821.158,6466586.0
2018-05-07,37.89,19831.626,10541000.0
2018-05-08,39.02,20423.068,12191441.0
2018-05-09,40.22,21051.148,13498685.0
2018-05-10,40.89,21401.826,8170183.0
2018-05-11,40.95,21433.23,10409458.0
2018-05-14,41.32,21626.888,6328862.0
2018-05-15,41.28,21605.952,7387108.0
2018-05-16,41.4,21668.76,4742538.0
2018-05-17,42.36,22171.224,6624236.0
2018-05-18,41.96,21961.864,4232603.0
2018-05-21,42.33,22155.522,4461639.0
2018-05-22,41.8,21878.12,6311616.0
2018-05-23,42.19,22082.246,6366455.0
2018-05-24,41.69,21820.546,6046265.0
2018-05-25,40.58,21239.572,6948699.0
2018-05-29,40.89,21401.826,5295371.0
2018-05-30,41.93,21946.162,6169997.0
2018-05-31,41.57,21757.738,5413283.0
2018-06-01,41.4,21668.76,4966879.0
2018-06-04,40.09,20983.106,7568935.0
2018-06-05,39.32,20580.088,10997696.0
2018-06-06,41.51,21726.334,11933489.0
2018-06-07,41.95,21956.63,6088937.0
2018-06-08,42.16,22066.544,5371933.0
2018-06-11,42.27,22124.118,6910385.0
2018-06-12,41.93,21946.162,7041475.0
2018-06-13,42.59,22291.606,6242659.0
2018-06-14,41.71,21831.014,5515704.0
2018-06-15,40.25,21066.85,9282740.0
2018-06-18,41.1,21511.74,5914815.0
2018-06-19,41.61,21778.674,5951856.0
2018-06-20,42.61,22302.074,7271293.0
2018-06-21,41.15,21537.91,6101608.0
2018-06-22,43.28,22652.752,8104612.0
2018-06-25,41.89,21925.226,5697713.0
2018-06-26,42.59,22291.606,5055763.0
2018-06-27,43.47,22752.198,8072180.0
2018-06-28,43.58,22809.772,6250269.0
2018-06-29,43.96,23008.664,6191638.0
2018-07-02,43.53,22783.602,4360380.0
2018-07-03,44.0,23029.6,4132928.0
2018-07-05,43.99,23024.366,5456293.0
2018-07-06,44.51,23296.534,4270212.0
2018-07-09,45.3,23710.02,4718446.0
2018-07-10,45.61,23872.274,7678587.0
2018-07-11,44.12,23092.408,5113858.0
2018-07-12,43.93,22992.962,4959529.0
2018-07-13,44.72,23406.448,6549255.0
2018-07-16,44.21,23139.514,5571272.0
2018-07-17,44.08,23071.472,4823926.0
2018-07-18,43.75,22898.75,8152036.0
2018-07-19,44.14,23102.876,5095370.0
2018-07-20,44.14,23102.876,5088836.0
2018-07-23,44.21,23139.514,3823745.0
2018-07-24,44.56,23322.704,4269144.0
2018-07-25,45.27,23694.318,4529011.0
2018-07-26,45.15,23631.51,4958232.0
2018-07-27,44.55,23317.47,4346366.0
2018-07-30,45.06,23584.404,5591004.0
2018-07-31,45.01,23180.15,5588041.0
2018-08-01,43.47,22117.536,16603355.0
2018-08-02,43.94,22356.672,6503091.0
2018-08-03,43.05,21903.84,6560096.0
2018-08-06,43.65,22209.12,6769572.0
2018-08-07,43.45,22107.36,5816275.0
2018-08-08,42.67,21710.496,7014094.0
2018-08-09,42.07,21405.216,5755635.0
2018-08-10,42.84,21796.992,5844224.0
2018-08-13,42.07,21405.216,5861508.0
2018-08-14,42.41,21578.208,4867541.0
2018-08-15,40.48,20596.224,8335971.0
2018-08-16,40.68,20697.984,5371393.0
2018-08-17,40.6,20657.28,4529650.0
2018-08-20,41.04,20881.152,4174233.0
2018-08-21,41.85,21293.28,4872323.0
2018-08-22,42.71,21730.848,5292769.0
2018-08-23,42.52,21634.176,4245040.0
2018-08-24,42.66,21705.408,3545573.0
2018-08-27,42.88,21817.344,3873020.0
2018-08-28,42.51,21629.088,4761779.0
2018-08-29,42.96,21858.048,4551079.0
2018-08-30,43.13,21944.544,4207420.0
2018-08-31,42.93,21842.784,3776759.0
2018-09-04,42.35,21547.68,4973047.0
2018-09-05,41.71,21222.048,7087662.0
2018-09-06,40.63,20672.544,9195488.0
2018-09-07,40.47,20591.136,7669580.0
2018-09-10,40.51,20611.488,5692394.0
2018-09-11,41.49,21110.112,7605990.0
2018-09-12,41.95,21344.16,8555777.0
2018-09-13,40.88,20799.744,7547868.0
2018-09-14,39.67,20184.096,11391378.0
2018-09-17,38.81,19746.528,10602047.0
2018-09-18,39.33,20011.104,6920352.0
2018-09-19,39.87,20285.856,5806135.0
2018-09-20,40.11,20407.968,5157835.0
2018-09-21,40.55,20631.84,9825030.0
2018-09-24,41.55,21140.64,6367116.0
2018-09-25,41.41,21069.408,6252453.0
2018-09-26,39.68,20189.184,8234354.0
2018-09-27,39.38,20036.544,5706379.0
2018-09-28,39.94,20321.472,7239439.0
2018-10-01,40.2,20453.76,5903976.0
2018-10-02,39.86,20280.768,6768602.0
2018-10-03,40.65,20682.72,6084565.0
2018-10-04,40.14,20423.232,4255434.0
2018-10-05,40.04,20372.352,5085523.0
2018-10-08,38.78,19731.264,8175186.0
2018-10-09,39.51,20102.688,7421148.0
2018-10-10,37.3,18978.24,8290584.0
2018-10-11,36.04,18337.152,9628092.0
2018-10-12,36.63,18637.344,7670191.0
2018-10-15,36.11,18372.768,6328582.0
2018-10-16,37.08,18866.304,7495453.0
2018-10-17,36.0,18316.8,8328876.0
2018-10-18,35.1,17858.88,7779659.0
2018-10-19,34.94,17777.472,4493937.0
2018-10-22,34.87,17741.856,4949430.0
2018-10-23,33.73,17161.824,7186002.0
2018-10-24,32.13,16347.744,7418756.0
2018-10-25,32.85,16714.08,6423760.0
2018-10-26,32.38,16474.944,7365850.0
2018-10-29,30.98,15762.624,7084147.0
2018-10-30,32.32,16444.416,7518775.0
2018-10-31,32.4,16485.12,8033238.0
2018-11-01,32.86,16719.168,9823506.0
2018-11-02,32.28,16424.064,6304987.0
2018-11-05,33.1,16841.28,6019188.0
2018-11-06,32.93,16754.784,7910677.0
2018-11-07,33.86,15853.252,11394507.0
2018-11-08,32.72,15319.504,6708157.0
2018-11-09,33.01,15455.282,7897231.0
2018-11-12,31.55,14771.71,6717710.0
2018-11-13,30.9,14467.38,7976362.0
2018-11-14,30.54,14298.828,7793522.0
2018-11-15,30.62,14336.284,10229761.0
2018-11-16,29.56,13839.992,17938242.0
2018-11-19,29.62,13868.084,7777954.0
2018-11-20,27.44,12847.408,11635083.0
2018-11-21,28.53,13357.746,6299105.0
2018-11-23,26.91,12599.262,5545639.0
2018-11-26,27.13,12702.266,7705037.0
2018-11-27,26.61,12458.802,6088559.0
2018-11-28,26.87,12580.534,6246929.0
2018-11-29,26.91,12599.262,8024708.0
2018-11-30,27.03,12655.446,10152854.0
2018-12-03,28.77,13470.114,11739232.0
2018-12-04,28.17,13189.194,9765490.0
2018-12-06,27.75,12992.55,9912106.0
2018-12-07,27.2,12735.04,8442523.0
2018-12-10,26.27,12299.614,7803691.0
2018-12-11,26.75,12524.35,9868417.0
2018-12-12,27.28,12772.496,8237040.0
2018-12-13,26.87,12580.534,7975973.0
2018-12-14,25.84,12098.288,6420686.0
2018-12-17,25.51,11943.782,8951187.0
2018-12-18,24.41,11428.762,10057584.0
2018-12-19,23.85,11166.57,10649288.0
2018-12-20,22.51,10539.182,13613829.0
2018-12-21,21.91,10258.262,16282841.0
2018-12-24,20.98,9822.836,5332157.0
2018-12-26,22.71,10632.822,9944268.0
2018-12-27,22.9,10721.78,8395897.0
2018-12-28,22.46,10515.772,7783455.0
2018-12-31,22.54,10553.228,9196626.0
2019-01-02,23.21,10866.922,6789028.0
2019-01-03,23.52,11012.064,7699658.0
2019-01-04,24.57,11503.674,9714495.0
2019-01-07,25.35,11868.87,7237595.0
2019-01-08,25.55,11962.51,7185071.0
2019-01-09,25.83,12093.606,12577743.0
2019-01-10,26.29,12308.978,8847476.0
2019-01-11,26.36,12341.752,7810979.0
2019-01-14,26.17,12252.794,5823329.0
2019-01-15,26.4,12360.48,6300967.0
2019-01-16,25.89,12121.698,10838150.0
2019-01-17,26.39,12355.798,8678507.0
2019-01-18,27.14,12706.948,10159980.0
2019-01-22,26.63,12468.166,9361627.0
2019-01-23,26.32,12323.024,8882647.0
2019-01-24,26.6,12454.12,6737418.0
2019-01-25,27.25,12758.45,7222808.0
2019-01-28,26.5,12407.3,5541205.0
2019-01-29,26.85,12571.17,4338249.0
2019-01-30,27.67,12955.094,5284418.0
2019-01-31,26.65,12477.53,6890287.0
2019-02-01,27.01,12646.082,6224045.0
2019-02-04,27.16,12716.312,5654013.0
2019-02-05,26.86,12575.852,8934209.0
2019-02-06,26.78,12538.396,4790035.0
2019-02-07,25.3,11845.46,6542420.0
2019-02-08,24.92,11667.544,7077961.0
2019-02-11,25.44,11911.008,5106002.0
2019-02-12,25.96,12154.472,7033389.0
2019-02-13,26.91,12599.262,8143320.0
2019-02-14,27.33,12795.906,5740419.0
2019-02-15,28.42,13306.244,7114403.0
2019-02-19,28.31,13254.742,8169081.0
2019-02-20,30.27,13267.341,34746618.0
2019-02-21,29.85,13083.255,19449089.0
2019-02-22,29.65,12995.595,11957462.0
2019-02-25,29.49,12925.467,9952538.0
2019-02-26,29.59,12969.297,7921063.0
2019-02-27,29.88,13096.404,6652699.0
2019-02-28,29.51,12934.233,9008721.0
2019-03-01,30.15,13214.745,13398980.0
2019-03-04,29.44,12903.552,11404980.0
2019-03-05,29.27,12829.041,7440389.0
2019-03-06,28.72,12587.976,6347209.0
2019-03-07,28.06,12298.698,8760893.0
2019-03-08,26.71,11706.993,10808609.0
2019-03-11,27.8,12184.74,8110755.0
2019-03-12,28.76,12605.508,7048859.0
2019-03-13,29.33,12855.339,9233693.0
2019-03-14,29.5,12929.85,6571672.0
2019-03-15,29.64,12991.212,8012651.0
2019-03-18,30.51,13372.533,6771407.0
2019-03-19,30.24,13254.192,6193034.0
2019-03-20,31.25,13696.875,10054152.0
2019-03-21,31.65,13872.195,6863930.0
2019-03-22,30.34,13298.022,7403963.0
2019-03-25,30.82,13508.406,5355142.0
2019-03-26,31.6,13850.28,5790924.0
2019-03-27,31.33,13731.939,5433029.0
2019-03-28,31.88,13973.004,5973010.0
2019-03-29,31.56,13832.748,6528663.0
2019-04-01,31.54,13823.982,5252133.0
2019-04-02,31.21,13679.343,4385288.0
2019-04-03,30.71,13460.193,4312592.0
2019-04-04,31.01,13591.683,5131526.0
2019-04-05,32.2,14113.26,7171426.0
2019-04-08,32.03,14038.749,5413737.0
2019-04-09,31.06,13613.598,4981554.0
2019-04-10,31.4,13762.62,4927945.0
2019-04-11,31.18,13666.194,3416468.0
2019-04-12,33.48,14674.284,13576016.0
2019-04-15,32.57,14275.431,6383939.0
2019-04-16,32.83,14389.389,5129236.0
2019-04-17,33.21,14555.943,5092021.0
2019-04-18,33.55,14704.965,7864627.0
2019-04-22,35.16,15410.628,10513057.0
2019-04-23,34.6,15165.18,6277966.0
2019-04-24,34.49,14322.0876,7331915.0
2019-04-25,33.54,13927.5969,6210049.0
2019-04-26,32.69,13574.6316,4967914.0
2019-04-29,32.72,13587.0892,4900171.0
2019-04-30,32.14,13346.2423,7090490.0
2019-05-01,31.84,13221.6663,13692457.0
2019-05-02,30.92,12837.984,9268813.0
2019-05-03,31.26,12979.152,9279039.0
2019-05-06,31.49,13074.648,5712610.0
2019-05-07,31.05,12891.96,6314664.0
2019-05-08,31.53,13091.256,5218308.0
2019-05-09,31.25,12975.0,5201423.0
2019-05-10,31.31,12999.912,4950537.0
2019-05-13,29.92,12422.784,5947571.0
2019-05-14,30.76,12771.552,4346201.0
2019-05-15,30.93,12842.136,4552361.0
2019-05-16,31.3,12995.76,4146557.0
2019-05-17,30.61,12709.272,3156269.0
2019-05-20,30.03,12468.456,5404780.0
2019-05-21,31.12,12921.024,5308226.0
2019-05-22,29.31,12169.512,4706773.0
2019-05-23,27.17,11280.984,6956636.0
2019-05-24,26.99,11206.248,5184948.0
2019-05-28,26.6,11044.32,6361773.0
2019-05-29,26.85,11148.12,11386454.0
2019-05-30,25.78,10703.856,8207500.0
2019-05-31,25.16,10446.432,6536179.0
2019-06-03,25.51,10591.752,5506889.0
2019-06-04,25.99,10791.048,7348756.0
2019-06-05,25.48,10579.296,6671839.0
2019-06-06,25.63,10641.576,5634997.0
2019-06-07,25.69,10666.488,5364271.0
2019-06-10,26.12,10845.024,5234844.0
2019-06-11,26.1,10836.72,5756654.0
2019-06-12,25.48,10579.296,5327482.0
2019-06-13,26.12,10845.024,5809600.0
2019-06-14,25.77,10699.704,5075608.0
2019-06-17,26.4,10961.28,5624022.0
2019-06-18,26.9,11168.88,5800938.0
2019-06-19,26.91,11173.032,7121957.0
2019-06-20,28.07,11654.664,7345939.0
2019-06-21,28.24,11725.248,6676736.0
2019-06-24,27.92,11592.384,5202147.0
2019-06-25,27.92,11592.384,4782320.0
2019-06-26,28.73,11928.696,6219422.0
2019-06-27,28.3,11750.16,4934168.0
2019-06-28,28.52,11841.504,8134836.0
2019-07-01,28.9,11999.28,4991368.0
2019-07-02,27.54,11434.608,9228062.0
2019-07-03,27.52,11426.304,4011043.0
2019-07-05,27.9,11584.08,4754246.0
2019-07-08,27.94,11600.688,7030321.0
2019-07-09,28.08,11658.816,4639859.0
2019-07-10,28.84,11974.368,5116847.0
2019-07-11,28.66,11899.632,4207288.0
2019-07-12,28.65,11895.48,4853535.0
2019-07-15,27.65,11480.28,5786094.0
2019-07-16,26.8,11127.36,7598194.0
2019-07-17,25.93,10766.136,5634578.0
2019-07-18,25.7,10670.64,6052447.0
2019-07-19,26.34,10936.368,6905352.0
2019-07-22,26.41,10965.432,4518060.0
2019-07-23,26.21,10882.392,7234646.0
2019-07-24,26.51,11006.952,6577192.0
2019-07-25,25.57,10616.664,5530223.0
2019-07-26,25.54,10604.208,4823590.0
2019-07-29,25.52,10595.904,5301736.0
2019-07-30,26.88,11160.576,6911309.0
2019-07-31,27.0,11210.4,5991318.0
2019-08-01,25.16,10446.432,9688639.0
2019-08-02,25.03,10392.456,7951165.0
2019-08-05,24.06,9989.712,8057749.0
2019-08-06,24.22,10056.144,12237643.0
2019-08-07,24.16,10031.232,13310162.0
2019-08-08,24.44,9878.648,10249047.0
2019-08-09,24.05,9721.01,7074497.0
2019-08-12,23.51,9502.742,6449285.0
2019-08-13,23.62,9547.204,8937549.0
2019-08-14,22.03,8904.526,6910303.0
2019-08-15,21.62,8738.804,7225485.0
2019-08-16,22.54,9110.668,7791899.0
2019-08-19,23.27,9405.734,5236329.0
2019-08-20,23.36,9442.112,6936692.0
2019-08-21,23.38,9450.196,5745444.0
2019-08-22,23.03,9308.726,5894800.0
2019-08-23,21.68,8763.056,9247499.0
2019-08-26,21.57,8718.594,9276267.0
2019-08-27,21.34,8625.628,6668355.0
2019-08-28,21.92,8860.064,5824837.0
2019-08-29,22.54,9110.668,6215084.0
2019-08-30,21.99,8888.358,6616209.0
2019-09-03,22.09,8928.778,6614721.0
2019-09-04,22.84,9231.928,5609681.0
2019-09-05,23.5,9498.7,7530968.0
2019-09-06,23.35,9438.07,5874129.0
2019-09-09,24.63,9955.446,7254707.0
2019-09-10,24.56,9927.152,9206755.0
2019-09-11,24.97,10092.874,7092452.0
2019-09-12,24.56,9927.152,7706134.0
2019-09-13,25.07,10133.294,5773758.0
2019-09-16,28.12,11366.104,13742399.0
2019-09-17,26.68,10784.056,9998600.0
2019-09-18,26.5,10711.3,8546658.0
2019-09-19,25.96,10493.032,6858305.0
2019-09-20,26.11,10553.662,7962277.0
2019-09-23,25.83,10440.486,4133208.0
2019-09-24,24.72,9991.824,5790380.0
2019-09-25,24.71,9987.782,4364322.0
2019-09-26,24.41,9866.522,3679779.0
2019-09-27,24.25,9801.85,4461986.0
2019-09-30,24.06,9725.052,3950859.0
2019-10-01,23.14,9353.188,4563482.0
2019-10-02,22.03,8904.526,7617252.0
2019-10-03,22.67,9163.214,7272543.0
2019-10-04,22.6,9134.92,3653917.0
2019-10-07,21.89,8847.938,7246554.0
2019-10-08,20.91,8451.822,8544082.0
2019-10-09,21.07,8516.494,7685438.0
2019-10-10,20.83,8419.486,6086827.0
2019-10-11,21.26,8593.292,8732061.0
2019-10-14,20.95,8467.99,9676149.0
2019-10-15,20.97,8476.074,6541791.0
2019-10-16,20.65,8346.73,6559655.0
2019-10-17,20.38,8237.596,5717983.0
2019-10-18,19.8,8003.16,5892979.0
2019-10-21,20.24,8181.008,5064434.0
2019-10-22,20.67,8354.814,6522043.0
2019-10-23,21.3,8609.46,10329138.0
2019-10-24,21.46,8674.132,8339751.0
2019-10-25,21.47,8678.174,9456280.0
2019-10-28,21.05,8508.41,8878477.0
2019-10-29,21.4,8649.88,8305083.0
2019-10-30,20.25,8185.05,6303313.0
2019-10-31,20.28,8197.176,5711190.0
2019-11-01,21.17,8556.914,6601306.0
2019-11-04,22.57,9122.794,12374336.0
2019-11-05,22.98,9288.516,11001180.0
2019-11-06,22.08,8480.928,10316389.0
2019-11-07,22.68,8711.388,8545871.0
2019-11-08,22.91,8799.731,5696837.0
2019-11-11,22.53,8653.773,5730277.0
2019-11-12,22.37,8592.317,7759888.0
2019-11-13,21.62,8304.242,6365415.0
2019-11-14,21.84,8388.744,5818338.0
2019-11-15,22.56,8665.296,6862238.0
2019-11-18,21.96,8434.836,7661971.0
2019-11-19,21.49,8254.309,6166551.0
2019-11-20,21.95,8430.995,6380899.0
2019-11-21,22.77,8745.957,7108016.0
2019-11-22,22.77,8745.957,4324347.0
2019-11-25,22.74,8734.434,7193243.0
2019-11-26,22.26,8550.066,6717619.0
2019-11-27,22.51,8646.091,3221593.0
2019-11-29,21.89,8407.949,2392052.0
2019-12-02,21.83,8384.903,4867539.0
2019-12-03,21.41,8223.581,4501014.0
2019-12-04,22.39,8599.999,6375537.0
2019-12-05,22.07,8477.087,5175046.0
2019-12-06,23.14,8888.074,5310234.0
2019-12-09,23.15,8891.915,4561286.0
2019-12-10,23.42,8995.622,5089099.0
2019-12-11,23.42,8995.622,3583927.0
2019-12-12,23.99,9214.559,5832992.0
2019-12-13,23.48,9018.668,4573657.0
2019-12-16,23.85,9160.785,11448524.0
2019-12-17,24.17,9283.697,5364017.0
2019-12-18,24.7,9487.27,9021709.0
2019-12-19,25.11,9644.751,7107424.0
2019-12-20,25.47,9783.027,14639338.0
2019-12-23,26.23,10074.943,6294122.0
2019-12-24,26.54,10194.014,2779996.0
2019-12-26,26.36,10124.876,3175581.0
2019-12-27,25.73,9882.893,3950917.0
2019-12-30,25.53,9806.073,3549698.0
2019-12-31,25.97,9975.077,3392020.0
2020-01-02,25.79,9905.939,5047066.0
2020-01-03,26.1,10025.01,6984169.0
2020-01-06,26.41,10144.081,4389707.0
2020-01-07,26.49,10174.809,6462429.0
2020-01-08,25.55,9813.755,8227487.0
2020-01-09,25.85,9928.985,7500190.0
2020-01-10,25.1,9640.91,5205875.0
2020-01-13,25.36,9740.776,4745173.0
2020-01-14,26.23,10074.943,6388516.0
2020-01-15,26.24,10078.784,5669161.0
2020-01-16,26.44,10155.604,6293543.0
2020-01-17,25.85,9928.985,5842579.0
2020-01-21,24.99,9598.659,5810070.0
2020-01-22,24.3,9333.63,8146489.0
2020-01-23,24.4,9372.04,5921408.0
2020-01-24,23.95,9199.195,5564879.0
2020-01-27,22.62,8688.342,6349022.0
2020-01-28,22.72,8726.752,5050190.0
2020-01-29,22.19,8523.179,5954024.0
2020-01-30,22.49,8638.409,5609178.0
2020-01-31,21.72,8342.652,7340524.0
2020-02-03,21.18,8135.238,5867440.0
2020-02-04,21.86,8396.426,6171026.0
2020-02-05,23.41,8991.781,6787524.0
2020-02-06,23.13,8884.233,5152786.0
2020-02-07,22.97,8822.777,3338514.0
2020-02-10,22.54,8657.614,3741446.0
2020-02-11,22.7,8719.07,3700773.0
2020-02-12,23.26,8934.166,4484131.0
2020-02-13,23.3,8949.53,5176490.0
2020-02-14,22.82,8765.162,7211001.0
2020-02-18,22.16,8511.656,9685350.0
2020-02-19,22.72,8699.488,10966686.0
2020-02-20,22.15,8481.235,7706528.0
2020-02-21,20.97,8029.413,9273967.0
2020-02-24,19.18,7344.022,10968812.0
2020-02-25,17.78,6807.962,10388934.0
2020-02-26,16.72,6402.088,10340357.0
2020-02-27,15.67,6000.043,13203419.0
2020-02-28,16.24,6218.296,13850497.0
2020-03-02,16.31,6245.099,11011963.0
2020-03-03,15.79,6045.991,11433168.0
2020-03-04,16.26,6225.954,8787214.0
2020-03-05,15.95,6107.255,9800306.0
2020-03-06,13.37,5119.373,13648390.0
2020-03-09,8.37,3204.873,24783079.0
2020-03-10,9.01,3449.929,20127665.0
2020-03-11,8.41,3220.189,15483944.0
2020-03-12,7.27,2783.683,14551025.0
2020-03-13,8.7,3331.23,18626639.0
2020-03-16,7.57,2898.553,14135811.0
2020-03-17,6.46,2473.534,13441316.0
2020-03-18,5.41,2071.489,14374573.0
2020-03-19,6.55,2507.995,14057907.0
2020-03-20,6.08,2328.032,18814854.0
2020-03-23,6.18,2366.322,13426513.0
2020-03-24,7.41,2837.289,14859806.0
2020-03-25,7.16,2741.564,12033096.0
2020-03-26,7.36,2818.144,13401283.0
2020-03-27,6.29,2408.441,13563137.0
2020-03-30,6.35,2431.415,19194775.0
2020-03-31,6.91,2645.839,14607579.0
2020-04-01,6.79,2599.891,16931549.0
2020-04-02,7.79,2982.791,24076444.0
2020-04-03,8.38,3208.702,17941902.0
2020-04-06,8.8,3369.52,13542083.0
2020-04-07,8.71,3335.059,14770885.0
2020-04-08,9.41,3603.089,11611266.0
2020-04-09,9.67,3702.643,24421246.0
2020-04-13,9.71,3717.959,11422381.0
2020-04-14,9.11,3488.219,11435582.0
2020-04-15,8.67,3319.743,10246919.0
2020-04-16,8.09,3097.661,6949219.0
2020-04-17,9.22,3530.338,12742929.0
2020-04-20,9.16,3507.364,12798875.0
2020-04-21,9.05,3465.245,14497626.0
2020-04-22,9.74,3727.9191,7396721.0
2020-04-23,10.57,4045.596,12396426.0
2020-04-24,10.52,4026.4588,16018609.0
2020-04-27,10.76,4118.3172,7466844.0
2020-04-28,10.97,4198.6932,8856029.0
2020-04-29,12.63,4834.047,11865381.0
2020-04-30,12.47,4772.8081,10380981.0
2020-05-01,11.15,4267.587,7152088.0
2020-05-04,11.42,4370.9277,6554265.0
2020-05-05,11.18,4279.0693,8942299.0
2020-05-06,11.49,4397.223,10874267.0
2020-05-07,12.01,4596.227,8928829.0
2020-05-08,12.7,4860.29,7419138.0
2020-05-11,12.46,4768.442,8113498.0
2020-05-12,12.4,4745.48,8833999.0
2020-05-13,11.53,4412.531,9738795.0
2020-05-14,11.66,4462.282,7713914.0
2020-05-15,11.95,4573.265,8335831.0
2020-05-18,13.12,5021.024,10694598.0
2020-05-19,12.31,4711.037,9861117.0
2020-05-20,12.42,4753.134,10717339.0
2020-05-21,12.29,4703.383,8138896.0
2020-05-22,12.14,4645.978,8327756.0
2020-05-26,12.31,4711.037,9076912.0
2020-05-27,12.43,4756.961,9418862.0
2020-05-28,11.66,4462.282,11209815.0
2020-05-29,10.81,4136.987,43105622.0
2020-06-01,11.7,4477.59,12175335.0
2020-06-02,12.16,4653.632,8460765.0
2020-06-03,12.52,4791.404,8261420.0
2020-06-04,12.72,4867.944,10409225.0
2020-06-05,14.6,5587.42,15550339.0
2020-06-08,15.76,6031.352,13064247.0
2020-06-09,14.55,5568.285,10895947.0
2020-06-10,13.67,5231.509,12575589.0
2020-06-11,12.2,4668.94,9180422.0
2020-06-12,12.8,4898.56,8107056.0
2020-06-15,12.89,4933.003,7488220.0
2020-06-16,13.3,5089.91,10075498.0
2020-06-17,12.63,4833.501,7580321.0
2020-06-18,12.95,4955.965,6610960.0
2020-06-19,12.94,4952.138,15559675.0
2020-06-22,12.7,4860.29,6084872.0
2020-06-23,12.38,4737.826,9560764.0
2020-06-24,11.25,4305.375,11073137.0
2020-06-25,11.7,4477.59,8708348.0
2020-06-26,10.94,4186.738,9114517.0
2020-06-29,11.12,4255.624,8125954.0
2020-06-30,11.34,4339.818,8480676.0
2020-07-01,11.1,4247.97,9292622.0
2020-07-02,11.24,4301.548,8120855.0
2020-07-06,11.16,4270.932,8733491.0
2020-07-07,10.35,3960.945,10357084.0
2020-07-08,10.36,3964.772,9995387.0
2020-07-09,9.8,3750.46,8992407.0
2020-07-10,10.19,3899.713,8822343.0
2020-07-13,9.96,3811.692,8218629.0
2020-07-14,10.43,3991.561,8370748.0
2020-07-15,10.74,4110.198,7685489.0
2020-07-16,10.67,4083.409,6045705.0
2020-07-17,10.29,3937.983,6261769.0
2020-07-20,10.27,3930.329,7695065.0
2020-07-21,11.35,4343.645,14806934.0
2020-07-22,11.07,4236.489,9684398.0
2020-07-23,10.88,4163.776,9172957.0
2020-07-24,10.7,4094.89,5428010.0
2020-07-27,10.43,3991.561,7119603.0
2020-07-28,10.34,3957.118,5853441.0
2020-07-29,10.84,4148.468,7501132.0
2020-07-30,10.34,3957.118,7693253.0
2020-07-31,10.49,4014.523,7554313.0
2020-08-03,10.6,4056.62,6596775.0
2020-08-04,11.09,4244.143,11389173.0
2020-08-05,12.04,4608.912,14173266.0
2020-08-06,11.77,4505.556,9407312.0
2020-08-07,12.11,4635.708,9433928.0
2020-08-10,12.64,4838.592,10311323.0
2020-08-11,12.36,4731.408,8952613.0
2020-08-12,12.51,4788.828,6984044.0
2020-08-13,11.84,4532.352,7692518.0
2020-08-14,12.12,4639.536,4218075.0
2020-08-17,11.74,4494.072,6813187.0
2020-08-18,11.34,4340.952,6895150.0
2020-08-19,11.09,4245.252,6724876.0
2020-08-20,10.69,4092.132,5064611.0
2020-08-21,10.44,3996.432,4932329.0
2020-08-24,10.78,4126.584,5947059.0
2020-08-25,10.98,4203.144,5796308.0
2020-08-26,10.7,4095.96,5244404.0
2020-08-27,10.76,4118.928,5458367.0
2020-08-28,11.1,4249.08,5612540.0
2020-08-31,10.87,4161.036,5002643.0
2020-09-01,10.91,4176.348,5748459.0
2020-09-02,10.66,4080.648,8443800.0
2020-09-03,10.47,4007.916,8122473.0
2020-09-04,10.55,4038.54,5498361.0
2020-09-08,9.62,3682.536,11081020.0
2020-09-09,9.58,3667.224,7062138.0
2020-09-10,8.87,3395.436,12149746.0
2020-09-11,8.97,3433.716,10429338.0
2020-09-14,9.12,3491.136,6228140.0
2020-09-15,9.23,3533.244,8890372.0
2020-09-16,9.76,3736.128,7847853.0
2020-09-17,9.95,3808.86,6791052.0
2020-09-18,9.78,3743.784,12580981.0
2020-09-21,9.27,3548.556,5664180.0
2020-09-22,9.2,3521.76,5359403.0
2020-09-23,8.68,3322.704,6896849.0
2020-09-24,8.96,3429.888,9167459.0
2020-09-25,8.82,3376.296,6859718.0
2020-09-28,9.8,3751.44,39400852.0
2020-09-29,9.57,3663.396,25320682.0
2020-09-30,9.46,3621.288,12237471.0
2020-10-01,9.1,3483.48,12066542.0
2020-10-02,9.6,3674.88,14637608.0
2020-10-05,10.15,3885.42,12036782.0
2020-10-06,9.73,3724.644,11454029.0
2020-10-07,9.87,3778.236,9363485.0
2020-10-08,10.32,3950.496,8721951.0
2020-10-09,10.07,3854.796,8986308.0
2020-10-12,9.86,3774.408,6470931.0
2020-10-13,9.5,3636.6,8267614.0
2020-10-14,9.32,3567.696,11721172.0
2020-10-15,9.42,3605.976,10028962.0
2020-10-16,8.95,3426.06,9139273.0
2020-10-19,8.86,3391.608,8942918.0
2020-10-20,8.97,3433.716,10046678.0
2020-10-21,8.63,3303.564,13997334.0
2020-10-22,9.34,3575.352,10618312.0
2020-10-23,9.36,3583.008,8760413.0
2020-10-26,8.81,3372.468,9174089.0
2020-10-27,8.69,3326.532,8523717.0
2020-10-28,8.1,3100.68,10995637.0
2020-10-29,8.45,3234.66,12843604.0
2020-10-30,8.93,3415.725,15696179.0
2020-11-02,9.43,3606.975,9494794.0
2020-11-03,9.64,3687.3,9359954.0
2020-11-04,9.81,3752.325,16189974.0
2020-11-05,10.05,3844.125,14737750.0
2020-11-06,9.77,3737.025,13372664.0
2020-11-09,11.33,4333.725,17784167.0
2020-11-10,11.76,4498.2,12157075.0
2020-11-11,11.66,4459.95,9467041.0
2020-11-12,11.22,4291.65,7157197.0
2020-11-13,11.78,4505.85,6256369.0
2020-11-16,12.53,4792.725,9010514.0
2020-11-17,13.11,5014.575,10544272.0
2020-11-18,12.76,4880.7,13030712.0
2020-11-19,13.56,5186.7,13796560.0
2020-11-20,13.16,5033.7,9144347.0
2020-11-23,14.48,5538.6,13055839.0
2020-11-24,15.3,5852.25,15286513.0
2020-11-25,15.12,5783.8231,8835462.0
2020-11-27,14.78,5653.7636,4805764.0
2020-11-30,13.99,5351.5665,11358955.0
2020-12-01,14.0,5355.3917,6990261.0
2020-12-02,14.8,5661.4141,11248507.0
2020-12-03,15.31,5856.5034,10305582.0
2020-12-04,16.72,6395.8678,13820332.0
2020-12-07,15.95,6101.3213,10100846.0
2020-12-08,15.97,6108.9719,10695904.0
2020-12-09,15.71,6009.5146,11767545.0
2020-12-10,16.57,6338.4886,9436689.0
2020-12-11,16.16,6181.6522,6840744.0
2020-12-14,15.37,5879.4551,8244669.0
2020-12-15,15.79,6040.1168,6705566.0
2020-12-16,15.91,6086.0202,11101610.0
2020-12-17,16.1,6158.7005,10290028.0
2020-12-18,15.63,5978.9123,18161883.0
2020-12-21,15.3,5852.6781,10013572.0
2020-12-22,14.83,5672.89,5472657.0
2020-12-23,15.66,5990.3882,6573905.0
2020-12-24,15.33,5864.1539,2793211.0
2020-12-28,15.35,5871.8045,5395615.0
2020-12-29,15.31,5856.5034,5649791.0
2020-12-30,16.14,6174.0016,8885654.0
2020-12-31,15.81,6047.7674,8597447.0
2021-01-04,16.13,6170.1763,10303755.0
2021-01-05,17.36,6640.6858,17603643.0
2021-01-06,18.32,7007.9126,89656114.0
2021-01-07,18.57,12484.7121,21497575.0
2021-01-08,18.11,12175.4516,13952038.0
2021-01-11,18.33,12323.3588,10891056.0
2021-01-12,19.71,13251.1403,17082408.0
2021-01-13,19.13,12861.2031,10870304.0
2021-01-14,20.28,13634.3544,12994706.0
2021-01-15,19.57,13157.0175,12581056.0
2021-01-19,20.0,13446.1089,10915447.0
2021-01-20,19.97,13425.9397,10245737.0
2021-01-21,18.39,12363.6971,21217986.0
2021-01-22,17.8,11981.3087,16633705.0
2021-01-25,17.37,11691.8726,15034543.0
2021-01-26,16.85,11341.8568,11023129.0
2021-01-27,17.21,11584.1754,15504055.0
2021-01-28,17.2,11577.4444,12285760.0
2021-01-29,16.46,11079.345,11201202.0
2021-02-01,16.76,11281.2772,9160487.0
2021-02-02,16.96,11415.8986,10544521.0
2021-02-03,18.2,12250.5516,10508844.0
2021-02-04,18.15,12216.8962,7402602.0
2021-02-05,17.9,12048.6194,9425314.0
2021-02-08,18.75,12620.7606,10309206.0
2021-02-09,18.87,12701.5334,8260972.0
2021-02-10,19.73,13280.4057,11604806.0
2021-02-11,19.3,12990.9696,7221140.0
2021-02-12,19.98,13448.6825,9125651.0
2021-02-16,20.87,14047.7479,14500260.0
2021-02-17,21.73,14626.463,13267033.0
2021-02-18,20.54,13825.474,10719848.0
2021-02-19,20.83,14020.673,9343799.0
2021-02-22,21.25,14303.375,19651010.0
2021-02-23,21.59,14532.229,17987015.0
2021-02-24,22.27,14989.937,15609181.0
2021-02-25,21.35,14370.685,17195291.0
2021-02-26,21.54,14498.574,16250070.0
2021-03-01,22.4,15077.44,11830955.0
2021-03-02,22.48,15131.288,10516975.0
2021-03-03,22.69,15272.639,13706139.0
2021-03-04,23.62,15898.622,19432590.0
2021-03-05,25.61,17238.091,25108239.0
2021-03-08,24.57,16538.067,22490319.0
2021-03-09,23.83,16039.973,11746010.0
2021-03-10,23.9,16087.09,16969663.0
2021-03-11,24.64,16585.184,13936636.0
2021-03-12,24.25,16322.675,9798672.0
2021-03-15,24.61,16564.991,10402729.0
2021-03-16,23.51,15824.581,9902649.0
2021-03-17,23.68,15939.008,11863688.0
2021-03-18,22.36,15050.516,17018564.0
2021-03-19,22.7,15279.37,18103687.0
2021-03-22,22.33,15030.323,11954238.0
2021-03-23,21.74,14633.194,13197930.0
2021-03-24,22.34,15037.054,11052333.0
2021-03-25,22.35,15043.785,9282934.0
2021-03-26,22.74,15306.294,11916266.0
2021-03-29,21.85,14707.235,10882129.0
2021-03-30,22.0,14808.2,8036157.0
2021-03-31,21.85,14707.235,9276051.0
2021-04-01,23.5,15817.85,14127471.0
2021-04-05,22.46,15117.826,11309052.0
2021-04-06,22.78,15333.218,12527813.0
2021-04-07,22.52,15158.212,7821358.0
2021-04-08,22.34,15037.054,7749200.0
2021-04-09,22.04,14835.124,6826615.0
2021-04-12,21.88,14727.428,7475509.0
2021-04-13,21.69,14599.539,7356633.0
2021-04-14,22.49,15138.019,11993182.0
2021-04-15,22.37,15057.247,6988419.0
2021-04-16,21.88,14727.428,6568509.0
2021-04-19,22.03,14828.393,8624901.0
2021-04-20,20.97,14114.907,13799116.0
2021-04-21,21.17,14249.527,7001206.0
2021-04-22,21.0,14135.1,6503717.0
2021-04-23,21.44,14512.4124,5023260.0
2021-04-26,21.87,14803.4729,7863367.0
2021-04-27,22.14,14986.2319,7321456.0
2021-04-28,24.03,16265.5443,15830714.0
2021-04-29,24.07,16292.6197,11527990.0
2021-04-30,23.38,15825.5691,8597715.0
2021-05-03,23.62,15988.0215,10247472.0
2021-05-04,23.45,15872.9511,10921306.0
2021-05-05,25.23,17078.187,22502595.0
2021-05-06,25.27,17105.263,11220893.0
2021-05-07,26.22,17748.318,13226768.0
2021-05-10,26.01,17606.169,13095305.0
2021-05-11,25.74,17423.406,10516829.0
2021-05-12,25.58,17315.102,14191001.0
2021-05-13,24.75,16753.275,10783509.0
2021-05-14,26.38,17856.622,10102372.0
2021-05-17,27.19,18404.911,12044409.0
2021-05-18,26.24,17761.856,13291291.0
2021-05-19,25.28,17112.032,13867323.0
2021-05-20,25.26,17098.494,7717509.0
2021-05-21,25.35,17159.415,8636067.0
2021-05-24,25.95,17565.555,9454722.0
2021-05-25,25.8,17464.02,13301396.0
2021-05-26,26.41,17876.929,8220125.0
2021-05-27,26.65,18039.385,14805102.0
2021-05-28,26.56,17978.464,6135409.0
2021-06-01,30.2,20442.38,37271812.0
2021-06-02,30.8,20848.52,16381902.0
2021-06-03,31.17,21098.973,10345029.0
2021-06-04,31.66,21430.654,9923301.0
2021-06-07,30.92,20929.748,9893697.0
2021-06-08,30.85,20882.365,9744860.0
2021-06-09,29.93,20259.617,9713081.0
2021-06-10,29.39,19894.091,11263722.0
2021-06-11,29.29,19826.401,6377142.0
2021-06-14,28.98,19616.562,7983167.0
2021-06-15,29.6,20036.24,7208944.0
2021-06-16,29.06,19670.714,9412515.0
2021-06-17,27.59,18675.671,14957231.0
2021-06-18,26.75,18107.075,16743639.0
2021-06-21,28.6,19359.34,10531187.0
2021-06-22,28.54,19318.726,7999336.0
2021-06-23,29.1,19697.79,9484607.0
2021-06-24,29.74,20131.006,9092922.0
2021-06-25,29.76,20144.544,10966757.0
2021-06-28,28.41,19230.729,12320626.0
2021-06-29,28.02,18966.738,8817825.0
2021-06-30,29.19,19758.711,10819442.0
2021-07-01,29.96,20279.924,11461046.0
2021-07-02,29.23,19785.787,9168764.0
2021-07-06,27.84,18844.896,15099750.0
2021-07-07,27.53,18635.057,13731970.0
2021-07-08,27.76,18790.744,10291025.0
2021-07-09,28.65,19393.185,8812193.0
2021-07-12,28.7,19427.03,8413402.0
2021-07-13,28.97,19609.793,9897442.0
2021-07-14,27.3,18479.37,16498197.0
2021-07-15,26.65,18039.385,13428852.0
2021-07-16,25.78,17450.482,13530958.0
2021-07-19,24.93,16875.117,16836915.0
2021-07-20,25.33,17145.877,13312349.0
2021-07-21,26.34,17829.546,9063805.0
2021-07-22,25.99,17592.631,6993189.0
2021-07-23,25.62,17342.178,7984507.0
2021-07-26,26.65,18039.385,8333013.0
2021-07-27,25.94,17558.786,8499652.0
2021-07-28,26.46,17910.774,6879269.0
2021-07-29,26.63,18025.847,6009792.0
2021-07-30,25.84,17491.096,9261991.0
2021-08-02,25.49,17254.181,8739178.0
2021-08-03,26.21,17741.549,10435596.0
2021-08-04,25.29,17121.33,12758755.0
2021-08-05,26.63,18028.51,10407648.0
2021-08-06,27.01,18285.77,7952535.0
2021-08-09,26.64,18035.28,7787349.0
2021-08-10,27.65,18719.05,8156392.0
2021-08-11,28.0,18956.0,6996196.0
2021-08-12,28.47,19274.19,7315477.0
2021-08-13,28.01,18962.77,5643515.0
2021-08-16,27.17,18394.09,8977455.0
2021-08-17,26.91,18218.07,8292499.0
2021-08-18,26.14,17696.78,7773713.0
2021-08-19,25.34,17155.18,15530429.0
2021-08-20,25.7,17398.9,8944399.0
2021-08-23,27.26,18455.02,7807098.0
2021-08-24,28.53,19314.81,10505502.0
2021-08-25,29.24,19795.48,10566960.0
2021-08-26,29.09,19693.93,11960295.0
2021-08-27,30.36,20553.72,13653801.0
2021-08-30,29.78,20161.06,7964381.0
2021-08-31,29.55,20005.35,11534773.0
2021-09-01,28.24,19118.48,20558964.0
2021-09-02,29.32,19849.64,11714663.0
2021-09-03,29.17,19748.09,7306165.0
2021-09-07,29.06,19673.62,5940408.0
2021-09-08,28.23,19111.71,8874027.0
2021-09-09,28.45,19260.65,9205681.0
2021-09-10,28.07,19003.39,6582658.0
2021-09-13,28.92,19578.84,9789221.0
2021-09-14,28.27,19138.79,9044128.0
2021-09-15,30.33,20533.41,20487859.0
2021-09-16,30.31,20519.87,10065441.0
2021-09-17,29.79,20167.83,24722901.0
2021-09-20,28.18,19077.86,14190300.0
2021-09-21,28.49,19287.73,11105200.0
2021-09-22,30.44,20607.88,15922237.0
2021-09-23,32.8,22205.6,15590381.0
2021-09-24,33.09,22401.93,10329366.0
2021-09-27,35.0,23695.0,17222081.0
2021-09-28,35.13,23783.01,15516927.0
2021-09-29,35.75,24202.75,13299069.0
2021-09-30,35.51,24040.27,15489453.0
2021-10-01,36.81,24920.37,14253510.0
2021-10-04,38.76,26240.52,19176257.0
2021-10-05,40.08,27134.16,19210482.0
2021-10-06,38.68,26186.36,16983627.0
2021-10-07,38.4,25996.8,14063235.0
2021-10-08,39.86,26985.22,10952775.0
2021-10-11,39.45,26707.65,10102066.0
2021-10-12,39.25,26572.25,9319268.0
2021-10-13,38.99,26396.23,7696779.0
2021-10-14,39.78,26931.06,7630875.0
2021-10-15,40.1,27147.7,7737475.0
2021-10-18,40.52,27432.04,11777256.0
2021-10-19,40.3,27283.1,16074348.0
2021-10-20,40.91,27696.07,10565069.0
2021-10-21,39.7,26876.9,9937790.0
2021-10-22,40.44,27377.88,7334534.0
2021-10-25,40.66,27526.82,8639460.0
2021-10-26,41.51,28102.27,6662953.0
2021-10-27,39.61,26815.97,9047139.0
2021-10-28,40.5,27418.5,5849198.0
2021-10-29,40.08,27134.16,7957489.0
2021-11-01,41.99,28427.23,13381663.0
2021-11-02,41.98,28420.46,9657229.0
2021-11-03,41.97,28413.69,15035578.0
2021-11-04,42.36,28677.72,11428016.0
2021-11-05,43.58,29503.66,8681719.0
2021-11-08,44.12,29869.24,8016444.0
2021-11-09,43.99,29781.23,7071022.0
2021-11-10,42.33,28657.41,9206535.0
2021-11-11,42.72,28921.44,6521094.0
2021-11-12,42.58,28826.66,5994783.0
2021-11-15,43.18,29232.86,8705803.0
2021-11-16,43.43,29402.11,5649065.0
2021-11-17,42.29,28630.33,7821659.0
2021-11-18,43.32,29327.64,8315432.0
2021-11-19,40.6,27486.2,14553027.0
2021-11-22,41.14,27851.78,10700534.0
2021-11-23,43.44,29408.88,11163991.0
2021-11-24,45.09,30525.93,12219092.0
2021-11-26,42.7,28907.9,15887505.0
2021-11-29,43.92,29733.84,10617091.0
2021-11-30,42.06,28474.62,18070042.0
2021-12-01,40.84,27648.68,12628032.0
2021-12-02,41.59,28156.43,13679347.0
2021-12-03,41.77,28278.29,9960229.0
2021-12-06,42.36,28677.72,8408001.0
2021-12-07,45.12,30546.24,13003803.0
2021-12-08,44.91,30404.07,8233282.0
2021-12-09,42.32,28650.64,10979606.0
2021-12-10,43.42,29395.34,8017455.0
2021-12-13,41.06,27797.62,9522815.0
2021-12-14,40.34,27310.18,11249699.0
2021-12-15,39.98,27066.46,14637145.0
2021-12-16,40.36,27323.72,10233974.0
2021-12-17,39.2,26538.4,20555924.0
2021-12-20,38.26,25902.02,20487429.0
2021-12-21,41.31,27966.87,15177943.0
2021-12-22,42.29,28630.33,7569792.0
2021-12-23,42.05,28467.85,5399872.0
2021-12-27,44.61,30200.97,8188050.0
2021-12-28,44.5,30126.5,6375649.0
2021-12-29,44.2,29923.4,7497772.0
2021-12-30,43.67,29564.59,4919215.0
2021-12-31,44.05,29821.85,4895663.0
2022-01-03,45.57,30850.89,10256738.0
2022-01-04,47.66,32265.82,15536402.0
2022-01-05,46.61,31554.97,13786766.0
2022-01-06,48.37,32746.49,14529453.0
2022-01-07,48.89,33098.53,15611863.0
2022-01-10,48.5,32834.5,9846154.0
2022-01-11,49.8,33714.6,13170303.0
2022-01-12,49.9,33782.3,13828012.0
2022-01-13,49.64,33606.28,10745851.0
2022-01-14,50.39,34114.03,12865163.0
2022-01-18,50.36,34093.72,11589278.0
2022-01-19,48.93,33125.61,12232004.0
2022-01-20,48.63,32922.51,13374448.0
2022-01-21,46.12,31223.24,17268118.0
2022-01-24,48.33,32719.41,25447179.0
2022-01-25,51.26,34703.02,18435576.0
2022-01-26,51.79,35061.83,16714553.0
2022-01-27,51.74,35027.98,13647553.0
2022-01-28,51.55,34899.35,9723671.0
2022-01-31,50.57,34235.89,11896453.0
2022-02-01,52.56,35583.12,11710149.0
2022-02-02,53.24,36043.48,9387486.0
2022-02-03,53.01,35887.77,9253212.0
2022-02-04,52.87,35792.99,12759310.0
2022-02-07,52.59,35603.43,10298232.0
2022-02-08,51.19,34655.63,9751884.0
2022-02-09,52.12,35285.24,7304601.0
2022-02-10,52.22,35352.94,9753239.0
2022-02-11,54.11,36632.47,11954913.0
2022-02-14,52.26,35380.02,11934443.0
2022-02-15,51.42,34091.46,11284067.0
2022-02-16,53.85,35767.17,20745198.0
2022-02-17,55.25,36697.05,17642677.0
2022-02-18,54.78,36384.876,11707632.0
2022-02-22,52.67,34983.414,23309377.0
2022-02-23,53.55,35567.91,12372076.0
2022-02-24,52.75,35036.55,21102490.0
2022-02-25,55.2,36663.84,12605621.0
2022-02-28,59.55,39553.11,22585049.0
2022-03-01,59.25,39353.85,19146462.0
2022-03-02,58.65,38955.33,17556053.0
2022-03-03,58.85,39088.17,11719043.0
2022-03-04,59.57,39566.394,18228863.0
2022-03-07,59.89,39778.938,21979569.0
2022-03-08,59.48,39506.616,24167791.0
2022-03-09,58.94,39147.948,17694675.0
2022-03-10,60.57,40230.594,18048607.0
2022-03-11,58.64,38948.688,10834414.0
2022-03-14,52.69,34996.698,21911617.0
2022-03-15,53.01,35209.242,17372891.0
2022-03-16,52.46,34843.932,13099660.0
2022-03-17,57.52,38204.784,14621248.0
2022-03-18,58.27,38702.934,19656025.0
2022-03-21,61.44,40808.448,17038056.0
2022-03-22,60.63,40270.446,9708341.0
2022-03-23,61.67,40961.214,11290699.0
2022-03-24,61.54,40874.868,7501498.0
2022-03-25,62.5,41512.5,8553748.0
2022-03-28,60.45,40150.89,8959562.0
2022-03-29,60.51,40190.742,10398526.0
2022-03-30,60.56,40223.952,7610588.0
2022-03-31,59.13,39274.146,11344391.0
2022-04-01,60.35,40084.47,6292535.0
2022-04-04,60.85,40416.57,8393077.0
2022-04-05,58.47,38835.774,8667420.0
2022-04-06,58.34,38749.428,9135994.0
2022-04-07,60.23,40004.766,7952647.0
2022-04-08,62.37,41426.154,10115120.0
2022-04-11,60.03,39871.926,9011263.0
2022-04-12,62.26,41353.092,9418949.0
2022-04-13,63.75,42342.75,9955663.0
2022-04-14,62.56,41552.352,8616796.0
2022-04-18,63.54,42203.268,9422320.0
2022-04-19,63.0,41844.6,8155951.0
2022-04-20,64.61,42913.962,7121187.0
2022-04-21,61.15,40615.83,10699211.0
2022-04-22,58.07,38351.0618,9734634.0
2022-04-25,56.18,37102.8526,13608369.0
2022-04-26,56.4,37248.1468,9636517.0
2022-04-27,58.07,38351.0618,8167964.0
2022-04-28,59.89,39553.041,7939950.0
2022-04-29,58.17,38417.1046,7834580.0
2022-05-02,58.35,38535.9817,11320270.0
2022-05-03,64.28,42424.8,22056318.0
2022-05-04,67.74,44708.4,15072008.0
2022-05-05,67.15,44319.0,13010386.0
2022-05-06,69.69,45995.4,14629749.0
2022-05-09,62.02,40933.2,18682423.0
2022-05-10,63.76,42081.6,12783537.0
2022-05-11,64.68,42688.8,12610034.0
2022-05-12,64.61,42642.6,10767102.0
2022-05-13,68.7,45342.0,13287737.0
2022-05-16,70.99,46853.4,12633202.0
2022-05-17,72.58,47902.8,10782315.0
2022-05-18,69.92,46147.2,13801816.0
2022-05-19,69.51,45876.6,10460689.0
2022-05-20,69.92,46147.2,12971566.0
2022-05-23,71.06,46899.6,9610286.0
2022-05-24,70.39,46457.4,7960599.0
2022-05-25,71.94,47480.4,8740538.0
2022-05-26,73.81,48714.6,12960201.0
2022-05-27,75.8,50028.0,9335511.0
2022-05-31,74.9,49434.0,22040701.0
2022-06-01,76.48,50476.8,9911799.0
2022-06-02,76.31,50364.6,7514297.0
2022-06-03,77.02,50833.2,7106799.0
2022-06-06,77.05,50853.0,7709844.0
2022-06-07,78.04,51506.4,10469455.0
2022-06-08,77.93,51433.8,9974113.0
2022-06-09,77.85,51381.0,13728037.0
2022-06-10,74.06,48879.6,14768714.0
2022-06-13,69.24,45698.4,15218684.0
2022-06-14,70.59,46589.4,11041505.0
2022-06-15,68.46,45183.6,11457160.0
2022-06-16,63.27,41758.2,17448415.0
2022-06-17,58.02,38293.2,32304365.0
2022-06-21,60.56,39969.6,14929451.0
2022-06-22,57.55,37983.0,13933489.0
2022-06-23,54.74,36128.4,18060837.0
2022-06-24,53.77,35488.2,34714066.0
2022-06-27,57.79,38141.4,17746090.0
2022-06-28,59.46,39243.6,18570178.0
2022-06-29,55.82,36841.2,12722035.0
2022-06-30,55.11,36372.6,11854983.0
2022-07-01,55.11,36372.6,9604331.0
2022-07-05,51.89,34247.4,14855216.0
2022-07-06,51.0,33660.0,16175279.0
2022-07-07,53.67,35422.2,12692926.0
2022-07-08,54.48,35956.8,10976729.0
2022-07-11,53.32,35191.2,8952603.0
2022-07-12,51.93,34273.8,9733040.0
2022-07-13,52.59,34709.4,8522683.0
2022-07-14,51.42,33937.2,10458534.0
2022-07-15,52.71,34788.6,8048541.0
2022-07-18,54.62,36049.2,11090450.0
2022-07-19,57.21,37758.6,10525583.0
2022-07-20,57.68,38068.8,8032040.0
2022-07-21,56.2,37092.0,8150354.0
2022-07-22,55.19,36425.4,6315832.0
2022-07-25,57.97,38260.2,8473165.0
2022-07-26,56.76,37461.6,9777696.0
2022-07-27,59.58,39322.8,9145942.0
2022-07-28,60.37,39844.2,7631335.0
2022-07-29,62.85,41481.0,11209360.0
2022-08-01,61.57,40636.2,16319229.0
2022-08-02,60.63,39700.524,15073719.0
2022-08-03,56.7,37127.16,19943218.0
2022-08-04,54.49,35680.052,15371434.0
2022-08-05,56.65,37094.42,11507474.0
2022-08-08,57.52,37664.096,8482918.0
2022-08-09,59.04,38659.392,10416813.0
2022-08-10,60.05,39320.74,8669179.0
2022-08-11,64.46,42208.408,14134946.0
2022-08-12,65.55,42922.14,8712036.0
2022-08-15,63.57,41625.636,11134229.0
2022-08-16,63.58,41632.184,9355764.0
2022-08-17,64.14,41998.872,8144506.0
2022-08-18,67.92,44474.016,12516345.0
2022-08-19,68.51,44860.348,13972788.0
2022-08-22,68.42,44801.416,12662221.0
2022-08-23,70.88,46412.224,15997349.0
2022-08-24,72.45,47440.26,12851703.0
2022-08-25,73.72,48271.856,11149693.0
2022-08-26,72.77,47649.796,10589330.0
2022-08-29,74.14,48546.872,11901961.0
2022-08-30,71.08,46543.184,11606429.0
2022-08-31,70.62,46241.976,11430547.0
2022-09-01,68.16,44631.168,13493927.0
2022-09-02,70.34,46058.632,10099959.0
2022-09-06,69.54,45534.792,12544954.0
2022-09-07,68.36,44762.128,10785179.0
2022-09-08,68.91,45122.268,11289106.0
2022-09-09,68.51,44860.348,9030004.0
2022-09-12,71.19,46615.212,11044588.0
2022-09-13,69.07,45227.036,11480392.0
2022-09-14,72.17,47256.916,12215592.0
2022-09-15,69.48,45495.504,11230278.0
2022-09-16,66.82,43753.736,30970288.0
2022-09-19,65.9,43151.32,10530225.0
2022-09-20,65.12,42640.576,7976772.0
2022-09-21,64.48,42221.504,9389337.0
2022-09-22,63.12,41330.976,8909820.0
2022-09-23,57.69,37775.412,17563220.0
2022-09-26,55.18,36131.864,13363806.0
2022-09-27,56.17,36780.116,10695510.0
2022-09-28,60.05,39320.74,11734476.0
2022-09-29,60.97,39923.156,12286885.0
2022-09-30,60.13,39373.124,9686646.0
2022-10-03,65.33,42778.084,13020192.0
2022-10-04,69.07,45227.036,14620667.0
2022-10-05,70.88,46412.224,15689536.0
2022-10-06,72.24,47302.752,11199516.0
2022-10-07,72.04,47171.792,12020896.0
2022-10-10,70.35,46065.18,9829717.0
2022-10-11,68.57,44899.636,11718890.0
2022-10-12,69.4,45443.12,7419819.0
2022-10-13,72.25,47309.3,10697104.0
2022-10-14,68.02,44539.496,9102897.0
2022-10-17,69.8,45705.04,7969404.0
2022-10-18,69.77,45685.396,7943293.0
2022-10-19,71.94,47106.312,8977728.0
2022-10-20,71.68,46936.064,7703954.0
2022-10-21,74.29,48645.092,11214812.0
2022-10-24,75.24,49267.152,8530879.0
2022-10-25,75.51,49443.948,6541039.0
2022-10-26,76.92,50367.216,7815217.0
2022-10-27,76.56,50131.488,7410869.0
2022-10-28,76.01,49771.348,7861234.0
2022-10-31,77.35,50648.78,8429591.0
2022-11-01,77.3,50616.04,10730332.0
2022-11-02,67.44,44085.528,36589414.0
2022-11-03,70.73,46236.201,18048619.0
2022-11-04,71.48,46726.476,14218449.0
2022-11-07,72.04,47092.548,9347048.0
2022-11-08,71.99,47059.863,8450293.0
2022-11-09,66.76,43641.012,9463380.0
2022-11-10,68.98,45092.226,8089841.0
2022-11-11,71.8,46935.66,9500397.0
2022-11-14,71.5,46739.55,6600634.0
2022-11-15,73.62,48125.394,8500591.0
2022-11-16,71.34,46634.958,8881375.0
2022-11-17,70.99,46406.163,8337754.0
2022-11-18,69.62,45510.594,10216627.0
2022-11-21,67.19,43922.103,15267252.0
2022-11-22,68.57,44824.209,14037137.0
2022-11-23,67.8,44320.86,9888760.0
2022-11-25,68.35,44680.395,3520469.0
2022-11-28,66.53,43490.661,9720541.0
2022-11-29,67.5,44124.75,10032116.0
2022-11-30,68.52,44791.524,13844819.0
2022-12-01,68.28,44634.636,7640276.0
2022-12-02,68.46,44752.302,8250505.0
2022-12-05,66.55,43503.735,11218086.0
2022-12-06,64.13,41921.781,10278478.0
2022-12-07,64.25,42000.225,10523239.0
2022-12-08,63.5,41509.95,13385436.0
2022-12-09,59.62,38973.594,13152809.0
2022-12-12,61.08,39927.996,10636045.0
2022-12-13,61.98,40516.326,10915122.0
2022-12-14,61.92,40477.104,9062700.0
2022-12-15,61.58,40254.846,7981148.0
2022-12-16,60.08,39274.296,14377247.0
2022-12-19,59.26,38738.262,7011733.0
2022-12-20,59.36,38803.632,7606352.0
2022-12-21,61.76,40372.512,7992842.0
2022-12-22,60.11,39293.907,8071990.0
2022-12-23,62.51,40862.787,6099589.0
2022-12-27,63.24,41339.988,6771927.0
2022-12-28,60.89,39803.793,6524419.0
2022-12-29,61.04,39901.848,6355936.0
2022-12-30,61.51,40209.087,6690935.0
2023-01-03,58.12,37993.044,10613235.0
2023-01-04,58.9,38502.93,9690884.0
2023-01-05,60.17,39333.129,8812137.0
2023-01-06,61.23,40026.051,7332509.0
2023-01-09,62.2,40660.14,7567909.0
2023-01-10,63.13,41268.081,5909275.0
2023-01-11,62.85,41085.045,7557065.0
2023-01-12,64.03,41856.411,7232049.0
2023-01-13,63.59,41568.783,5474122.0
2023-01-17,63.49,41503.413,5383876.0
2023-01-18,62.62,40934.694,8349637.0
2023-01-19,64.08,41889.096,7312935.0
2023-01-20,64.75,42327.075,7093792.0
2023-01-23,65.76,42987.312,6246101.0
2023-01-24,63.97,41817.189,7043504.0
2023-01-25,64.17,41947.929,5834717.0
2023-01-26,65.72,42961.164,6346714.0
2023-01-27,65.27,42666.999,7210246.0
2023-01-30,62.34,40751.658,8003892.0
2023-01-31,63.24,41339.988,7472273.0
2023-02-01,61.89,40457.493,9653361.0
2023-02-02,60.95,39843.015,8770255.0
2023-02-03,60.85,39777.645,6564084.0
2023-02-06,60.14,39313.518,7394882.0
2023-02-07,62.21,40666.677,8170789.0
2023-02-08,61.33,40091.421,7848736.0
2023-02-09,60.3,39418.11,5685323.0
2023-02-10,63.54,41536.098,8727505.0
2023-02-13,63.56,41549.172,7606834.0
2023-02-14,63.94,41797.578,8775617.0
2023-02-15,57.23,37428.42,52451715.0
2023-02-16,55.72,36440.88,17678661.0
2023-02-17,53.33,34877.82,25514589.0
2023-02-21,53.73,35139.42,11378827.0
2023-02-22,53.59,35047.86,13144356.0
2023-02-23,55.0,35970.0,11919438.0
2023-02-24,55.0,35970.0,10030081.0
2023-02-27,54.52,35656.08,9624194.0
2023-02-28,53.92,35263.68,10887290.0
2023-03-01,54.74,35799.96,9308078.0
2023-03-02,55.7,36427.8,8666721.0
2023-03-03,56.67,37062.18,10997779.0
2023-03-06,56.49,36944.46,8926267.0
2023-03-07,55.03,35989.62,9492546.0
2023-03-08,54.5,35643.0,8379129.0
2023-03-09,52.98,34648.92,9275201.0
2023-03-10,51.76,33851.04,12351121.0
2023-03-13,49.98,32686.92,15449727.0
2023-03-14,49.22,32189.88,12442470.0
2023-03-15,45.12,29508.48,23274164.0
2023-03-16,46.27,30260.58,14265567.0
2023-03-17,46.15,30182.1,28300456.0
2023-03-20,47.0,30738.0,8906614.0
2023-03-21,49.06,32085.24,11184699.0
2023-03-22,47.76,31235.04,8633194.0
2023-03-23,46.72,30554.88,8905813.0
2023-03-24,46.57,30456.78,8731451.0
2023-03-27,48.08,31444.32,7759554.0
2023-03-28,48.57,31764.78,7671145.0
2023-03-29,49.79,32562.66,8150408.0
2023-03-30,49.85,32601.9,6603029.0
2023-03-31,50.61,33098.94,7652511.0
2023-04-03,53.31,34864.74,18907016.0
2023-04-04,52.74,34491.96,10252656.0
2023-04-05,53.53,35008.62,8297227.0
2023-04-06,52.91,34603.14,6239534.0
2023-04-10,53.39,34917.06,6996916.0
2023-04-11,54.3,35512.2,6427267.0
2023-04-12,54.54,35669.16,7277163.0
2023-04-13,55.22,36113.88,6567524.0
2023-04-14,55.7,36427.8,5969343.0
2023-04-17,55.3,36166.2,6132122.0
2023-04-18,55.22,36113.88,5329726.0
2023-04-19,54.85,35871.9,5112343.0
2023-04-20,54.02,35329.08,6705658.0
2023-04-21,53.63,35074.02,5510398.0
2023-04-24,54.47,35623.38,5473355.0
2023-04-25,53.21,34799.34,6242652.0
2023-04-26,52.2,34138.8,6955878.0
2023-04-27,52.25,34171.5,6360449.0
2023-04-28,53.43,34400.5665,7666415.0
2023-05-01,53.24,34278.2362,5921734.0
2023-05-02,50.71,32649.3117,9588113.0
2023-05-03,49.01,31554.7775,9470833.0
2023-05-04,48.24,31059.0179,7220125.0
2023-05-05,50.36,32423.9665,8325285.0
2023-05-08,51.0,32836.0264,8842450.0
2023-05-09,49.17,31552.389,13774433.0
2023-05-10,48.11,30872.187,12036129.0
2023-05-11,47.26,30326.742,7922497.0
2023-05-12,47.52,30493.584,5950692.0
2023-05-15,47.71,30615.507,7186988.0
2023-05-16,46.13,29601.621,8037375.0
2023-05-17,47.71,30615.507,7930878.0
2023-05-18,48.28,30981.276,6115882.0
2023-05-19,49.2,31571.64,8291107.0
2023-05-22,49.32,31648.644,5510670.0
2023-05-23,49.11,31513.887,7381040.0
2023-05-24,49.67,31873.239,6902974.0
2023-05-25,47.87,30718.179,11289770.0
2023-05-26,48.07,30846.519,6377076.0
2023-05-30,46.96,30134.232,11242775.0
2023-05-31,46.1,29582.37,11537795.0
2023-06-01,46.78,30018.726,7568042.0
2023-06-02,48.53,31141.701,8829438.0
2023-06-05,48.37,31039.029,8647706.0
2023-06-06,48.95,31411.215,5952518.0
2023-06-07,50.05,32117.085,7190013.0
2023-06-08,50.02,32097.834,7169588.0
2023-06-09,49.87,32001.579,6109208.0
2023-06-12,49.4,31699.98,8625330.0
2023-06-13,50.39,32335.263,13214223.0
2023-06-14,48.95,31411.215,10790675.0
2023-06-15,49.6,31828.32,8670030.0
2023-06-16,49.8,31956.66,16259047.0
2023-06-20,48.27,30974.859,10546487.0
2023-06-21,48.94,31404.798,6950786.0
2023-06-22,47.69,30602.673,7248967.0
2023-06-23,47.15,30256.155,13663567.0
2023-06-26,47.74,30634.758,6833748.0
2023-06-27,47.32,30365.244,7871695.0
2023-06-28,47.69,30602.673,8819708.0
2023-06-29,48.4,31058.28,6745828.0
2023-06-30,48.34,31019.778,8876820.0
2023-07-03,48.83,31334.211,4385712.0
2023-07-05,48.5,31122.45,7530596.0
2023-07-06,47.55,30512.835,9507120.0
2023-07-07,48.85,31347.045,9701802.0
2023-07-10,49.19,31565.223,5793477.0
2023-07-11,50.56,32444.352,8670825.0
2023-07-12,51.09,32784.453,7640915.0
2023-07-13,51.11,32797.287,7168505.0
2023-07-14,48.9,31379.13,9704500.0
2023-07-17,48.92,31391.964,6490990.0
2023-07-18,50.51,32412.267,9096968.0
2023-07-19,50.62,32482.854,8251241.0
2023-07-20,51.4,32983.38,8133559.0
2023-07-21,52.26,33535.242,9921947.0
2023-07-24,53.09,34067.853,9023986.0
2023-07-25,53.4,34266.78,5546957.0
2023-07-26,53.15,34106.355,5078825.0
2023-07-27,52.22,33509.574,7478552.0
2023-07-28,53.0,34010.1,5559352.0
2023-07-31,54.0,34651.8,6933533.0
2023-08-01,53.68,34446.456,7391694.0
2023-08-02,49.74,31868.418,21330903.0
2023-08-03,50.83,32566.781,12958613.0
2023-08-04,50.8,32547.56,11888769.0
2023-08-07,50.81,32553.967,6614011.0
2023-08-08,50.77,32528.339,6899389.0
2023-08-09,51.19,32797.433,7379739.0
2023-08-10,50.76,32521.932,6296851.0
2023-08-11,50.41,32297.687,9473108.0
2023-08-14,50.29,32220.803,6192204.0
2023-08-15,49.19,31516.033,7083540.0
2023-08-16,48.52,31086.764,6439913.0
2023-08-17,49.06,31432.742,5942984.0
2023-08-18,49.99,32028.593,6305580.0
2023-08-21,50.17,32143.919,6526716.0
2023-08-22,49.74,31868.418,4688021.0
2023-08-23,49.34,31612.138,5748509.0
2023-08-24,48.84,31291.788,5261835.0
2023-08-25,50.43,32310.501,10108453.0
2023-08-28,50.57,32400.199,4757708.0
2023-08-29,50.73,32502.711,4677775.0
2023-08-30,50.66,32457.862,4350308.0
2023-08-31,51.09,32733.363,6783918.0
2023-09-01,52.92,33905.844,9339773.0
2023-09-05,53.5,34277.45,8350709.0
2023-09-06,53.49,34271.043,5102705.0
2023-09-07,52.5,33636.75,7234404.0
2023-09-08,52.66,33739.262,5129154.0
2023-09-11,50.78,32534.746,12427605.0
2023-09-12,51.39,32925.573,8137240.0
2023-09-13,50.65,32451.455,7766915.0
2023-09-14,50.93,32630.851,9638965.0
2023-09-15,49.68,31829.976,26184989.0
2023-09-18,49.5,31714.65,9265494.0
2023-09-19,48.99,31387.893,9549358.0
2023-09-20,47.88,30676.716,10362295.0
2023-09-21,46.41,29734.887,13751305.0
2023-09-22,46.59,29850.213,8360347.0
2023-09-25,47.51,30439.657,10594936.0
2023-09-26,46.95,30080.865,8722344.0
2023-09-27,48.84,31291.788,12027891.0
2023-09-28,48.81,31272.567,6520617.0
2023-09-29,47.7,30561.39,8856843.0
2023-10-02,45.65,29247.955,10400287.0
2023-10-03,45.75,29312.025,8624316.0
2023-10-04,43.35,27774.345,14901403.0
2023-10-05,42.85,27453.995,10595056.0
2023-10-06,43.7,27998.59,11578451.0
2023-10-09,46.1,29536.27,10939238.0
2023-10-10,46.07,29517.049,7999862.0
2023-10-11,46.75,29952.725,8053304.0
2023-10-12,46.69,29914.283,8040666.0
2023-10-13,48.39,31003.473,10191091.0
2023-10-16,49.4,31650.58,9632886.0
2023-10-17,49.93,31990.151,9484492.0
2023-10-18,50.08,32086.256,10883399.0
2023-10-19,49.25,31554.475,12615894.0
2023-10-20,48.32,30958.624,7909770.0
2023-10-23,47.71,30567.797,8084353.0
2023-10-24,47.47,30414.029,5672642.0
2023-10-25,47.85,30657.495,6337442.0
2023-10-26,47.17,30221.819,5500621.0
2023-10-27,46.77,29965.539,8089462.0
2023-10-30,46.17,29581.119,6815178.0
2023-10-31,46.57,29837.399,5896171.0
2023-11-01,46.21,29606.747,7565006.0
2023-11-02,47.27,30285.889,6014926.0
2023-11-03,47.34,30330.738,7016486.0
2023-11-06,46.72,29933.504,7873953.0
2023-11-07,45.29,29017.303,11263484.0
2023-11-08,44.18,28306.126,14232152.0
2023-11-09,44.14,28280.498,9925719.0
2023-11-10,45.62,29228.734,11182139.0
2023-11-13,45.42,29100.594,8175909.0
2023-11-14,45.74,29305.618,6846961.0
2023-11-15,45.52,29164.664,7318637.0
2023-11-16,44.29,28376.603,12410930.0
2023-11-17,45.36,29062.152,9350216.0
2023-11-20,45.65,29247.955,7588343.0
2023-11-21,45.25,28991.675,5039961.0
2023-11-22,45.16,28934.012,6977235.0
2023-11-24,45.35,29055.745,4050566.0
2023-11-27,44.93,28786.651,8319941.0
2023-11-28,44.82,28716.174,5942185.0
2023-11-29,44.88,28754.616,6470344.0
2023-11-30,44.97,28812.279,12904398.0
2023-12-01,45.17,28940.419,6386249.0
2023-12-04,44.68,28626.476,6670337.0
2023-12-05,43.78,28049.846,8282143.0
2023-12-06,43.25,27710.275,10636537.0
2023-12-07,43.46,27844.822,10954936.0
2023-12-08,44.09,28248.463,7454733.0
2023-12-11,44.41,28453.487,8093579.0
2023-12-12,43.34,27767.938,11439003.0
2023-12-13,44.22,28331.754,13256411.0
2023-12-14,44.99,28825.093,13683647.0
2023-12-15,44.87,28748.209,24624235.0
2023-12-18,45.24,28985.268,12127159.0
2023-12-19,45.68,29267.176,9074601.0
2023-12-20,45.24,28985.268,8494538.0
2023-12-21,45.85,29376.095,8104096.0
2023-12-22,45.81,29350.467,6324030.0
2023-12-26,46.66,29895.062,8224798.0
2023-12-27,46.4,29728.48,7982564.0
2023-12-28,45.76,29318.432,7843036.0
2023-12-29,45.3,29023.71,9450429.0
