,LOW US Equity,LOW US Equity,LOW US Equity
,PX_LAST,CUR_MKT_CAP,PX_VOLUME
2014-01-02,49.44,51705.7858,5458567.0
2014-01-03,48.95,51193.3296,4257787.0
2014-01-06,48.26,50471.7075,4923053.0
2014-01-07,48.38,50597.207,5541919.0
2014-01-08,48.55,50774.998,4875815.0
2014-01-09,48.75,50984.1638,4941436.0
2014-01-10,49.68,51956.7847,5736433.0
2014-01-13,48.66,50890.0391,6403816.0
2014-01-14,48.9,51141.0381,5498908.0
2014-01-15,48.29,50503.0824,6224623.0
2014-01-16,48.18,50388.0412,4146722.0
2014-01-17,47.61,49791.9187,5764093.0
2014-01-21,47.82,50011.5428,7430557.0
2014-01-22,47.75,49938.3347,7917556.0
2014-01-23,48.15,50356.6664,6939255.0
2014-01-24,47.83,50022.0011,9089843.0
2014-01-27,48.0,50199.792,8050640.0
2014-01-28,46.96,49112.1298,13365355.0
2014-01-29,45.97,48076.7591,9922021.0
2014-01-30,46.5,48631.0485,5773231.0
2014-01-31,46.29,48411.4244,6771509.0
2014-02-03,45.6,47689.8024,7755040.0
2014-02-04,44.9,46957.7221,8399291.0
2014-02-05,45.53,47616.5944,8036048.0
2014-02-06,46.58,48714.7148,6486415.0
2014-02-07,46.07,48181.342,9677370.0
2014-02-10,46.12,48233.6335,7342887.0
2014-02-11,46.76,48902.964,6922050.0
2014-02-12,46.68,48819.2977,6788184.0
2014-02-13,46.64,48777.4646,5051560.0
2014-02-14,47.28,49446.7951,3460049.0
2014-02-18,46.93,49080.755,5454547.0
2014-02-19,46.54,48672.8817,5460619.0
2014-02-20,46.66,48798.3811,7724244.0
2014-02-21,47.06,49216.7127,7675229.0
2014-02-24,47.22,49384.0454,7786661.0
2014-02-25,48.11,50314.8332,10105727.0
2014-02-26,50.72,53044.4469,18638320.0
2014-02-27,50.82,53149.0298,7249260.0
2014-02-28,50.03,52322.8249,9573614.0
2014-03-03,50.19,52490.1575,7203402.0
2014-03-04,50.63,52950.3223,6390337.0
2014-03-05,50.35,52657.4902,5217180.0
2014-03-06,50.09,52385.5746,4380847.0
2014-03-07,50.42,52730.6982,4340533.0
2014-03-10,49.99,52280.9917,5132115.0
2014-03-11,49.46,51726.7023,4553004.0
2014-03-12,49.38,51643.036,4435855.0
2014-03-13,48.71,50942.3306,5587265.0
2014-03-14,49.09,51339.7456,5299313.0
2014-03-17,49.48,51747.6189,4965197.0
2014-03-18,49.83,52113.6591,3910559.0
2014-03-19,49.58,51852.2018,4315530.0
2014-03-20,49.55,51820.8269,4145457.0
2014-03-21,49.25,51507.0783,7777483.0
2014-03-24,49.18,51433.8702,5388413.0
2014-03-25,48.36,50576.2904,5955620.0
2014-03-26,48.53,50754.0814,7082329.0
2014-03-27,48.54,50764.5397,5308720.0
2014-03-28,48.92,51161.9547,4016250.0
2014-03-31,48.9,51141.0381,6694111.0
2014-04-01,49.43,50358.0977,3570963.0
2014-04-02,49.52,50449.7875,4845956.0
2014-04-03,49.05,49970.9628,4765631.0
2014-04-04,48.44,49349.5094,5951890.0
2014-04-07,46.77,47648.1535,8818203.0
2014-04-08,46.73,47607.4025,6887625.0
2014-04-09,47.54,48432.611,6023039.0
2014-04-10,46.79,47668.529,6205077.0
2014-04-11,46.31,47179.5166,4931512.0
2014-04-14,46.64,47515.7126,4698251.0
2014-04-15,46.71,47587.027,5437911.0
2014-04-16,46.73,47607.4025,4270878.0
2014-04-17,46.8,47678.7168,4280989.0
2014-04-21,46.68,47556.4637,3140924.0
2014-04-22,47.54,48432.611,4687246.0
2014-04-23,46.22,47087.8267,7862466.0
2014-04-24,47.16,48045.4762,4674759.0
2014-04-25,46.38,47250.8309,4589154.0
2014-04-28,46.38,47250.8309,7024056.0
2014-04-29,46.43,47301.7697,3888807.0
2014-04-30,45.91,46772.0062,6618794.0
2014-05-01,46.37,47240.6431,4367068.0
2014-05-02,46.98,47862.0965,4732265.0
2014-05-05,46.29,47159.141,3984703.0
2014-05-06,45.39,46242.2426,4587009.0
2014-05-07,45.11,45956.9854,5148528.0
2014-05-08,45.02,45865.2955,3718240.0
2014-05-09,45.71,46568.251,4023693.0
2014-05-12,46.28,47148.9533,2820546.0
2014-05-13,45.76,46619.1898,3962426.0
2014-05-14,45.17,46018.1119,5480321.0
2014-05-15,44.63,45467.9729,7721711.0
2014-05-16,45.36,46211.6794,5727092.0
2014-05-19,45.55,46405.2468,4567746.0
2014-05-20,45.52,46374.6835,8857693.0
2014-05-21,45.41,46262.6182,8572158.0
2014-05-22,46.89,47770.4066,8780816.0
2014-05-23,47.06,47943.5986,5096362.0
2014-05-27,47.78,48677.1173,5534362.0
2014-05-28,46.71,47587.027,6889936.0
2014-05-29,47.01,47892.6598,3947831.0
2014-05-30,47.08,47963.9741,4288583.0
2014-06-02,47.01,47892.6598,4070791.0
2014-06-03,47.22,47093.2615,3560566.0
2014-06-04,47.17,47043.3957,4501927.0
2014-06-05,47.4,47272.7784,4300060.0
2014-06-06,47.77,47641.7853,3860498.0
2014-06-09,47.61,47482.2148,3700168.0
2014-06-10,47.59,47462.2684,3588050.0
2014-06-11,46.91,46784.0936,4244899.0
2014-06-12,45.55,45427.7438,11319012.0
2014-06-13,45.45,45328.0122,6139509.0
2014-06-16,45.42,45298.0927,6713459.0
2014-06-17,45.84,45716.9654,8366958.0
2014-06-18,45.84,45716.9654,10408444.0
2014-06-19,45.9,45776.8044,4751217.0
2014-06-20,46.02,45896.4823,13871064.0
2014-06-23,46.08,45956.3213,6532810.0
2014-06-24,46.51,46385.1672,11137660.0
2014-06-25,46.7,46574.6572,5059487.0
2014-06-26,47.2,47073.3152,5272039.0
2014-06-27,47.42,47292.7247,5216885.0
2014-06-30,47.99,47861.1948,7388783.0
2014-07-01,48.13,48000.8191,5843846.0
2014-07-02,48.12,47990.8459,3097921.0
2014-07-03,48.23,48100.5507,2132374.0
2014-07-07,48.21,48080.6044,4538038.0
2014-07-08,47.82,47691.6511,5011380.0
2014-07-09,47.86,47731.5438,5833422.0
2014-07-10,47.2,47073.3152,8008680.0
2014-07-11,47.44,47312.671,4430792.0
2014-07-14,47.22,47093.2615,4358850.0
2014-07-15,47.51,47382.4832,5921708.0
2014-07-16,47.66,47532.0806,5318121.0
2014-07-17,47.3,47173.0468,5010101.0
2014-07-18,47.81,47681.678,5211250.0
2014-07-21,47.58,47452.2953,3117933.0
2014-07-22,47.79,47661.7316,3222378.0
2014-07-23,47.91,47781.4096,3917926.0
2014-07-24,48.0,47871.168,3934798.0
2014-07-25,47.7,47571.9732,4531111.0
2014-07-28,47.69,47562.0,3192891.0
2014-07-29,48.04,47911.0606,4181429.0
2014-07-30,48.47,48339.9065,4380564.0
2014-07-31,47.85,47721.5706,4741301.0
2014-08-01,47.59,47462.2684,5231215.0
2014-08-04,47.91,47781.4096,3528092.0
2014-08-05,47.64,47512.1342,4879427.0
2014-08-06,48.1,47970.8996,3968528.0
2014-08-07,47.92,47791.3827,3175690.0
2014-08-08,49.72,49586.5515,7386371.0
2014-08-11,49.86,49726.1758,4070534.0
2014-08-12,49.83,49696.2563,3287292.0
2014-08-13,49.85,49716.2026,4397796.0
2014-08-14,50.41,50274.6996,3605174.0
2014-08-15,50.0,49865.8,6642190.0
2014-08-18,50.45,50314.5922,4817942.0
2014-08-19,51.52,51381.7203,9344782.0
2014-08-20,52.33,52189.5463,18413816.0
2014-08-21,52.67,52528.6337,7154116.0
2014-08-22,52.53,52389.0095,5062238.0
2014-08-25,52.7,52558.5532,3779307.0
2014-08-26,52.58,52438.8753,4816075.0
2014-08-27,52.52,52379.0363,4927883.0
2014-08-28,52.54,52398.9826,4357484.0
2014-08-29,52.51,52369.0632,3510869.0
2014-09-02,52.61,51931.8571,5144258.0
2014-09-03,52.91,52227.9901,5820098.0
2014-09-04,53.61,52918.9671,6665096.0
2014-09-05,54.11,53412.5221,5073287.0
2014-09-08,53.54,52849.8694,4024557.0
2014-09-09,53.03,52346.4433,3342100.0
2014-09-10,53.39,52701.8029,3265147.0
2014-09-11,53.08,52395.7988,6348511.0
2014-09-12,52.97,52287.2167,5443512.0
2014-09-15,53.13,52445.1543,4418159.0
2014-09-16,53.7,53007.807,5177599.0
2014-09-17,53.86,53165.7446,5878891.0
2014-09-18,54.15,53452.0065,4199904.0
2014-09-19,54.09,53392.7799,7181433.0
2014-09-22,53.46,52770.9006,3885203.0
2014-09-23,53.12,52435.2832,3488522.0
2014-09-24,53.63,52938.7093,4567051.0
2014-09-25,53.07,52385.9277,4223169.0
2014-09-26,53.18,52494.5098,4428689.0
2014-09-29,53.35,52662.3185,4371253.0
2014-09-30,52.92,52237.8612,5349841.0
2014-10-01,52.6,51921.986,5502894.0
2014-10-02,53.03,52346.4433,4471817.0
2014-10-03,53.59,52899.2249,4172727.0
2014-10-06,53.6,52909.096,3237135.0
2014-10-07,53.18,52494.5098,4886761.0
2014-10-08,54.34,53639.5574,5806921.0
2014-10-09,53.91,53215.1001,6799473.0
2014-10-10,53.7,53007.807,7372014.0
2014-10-13,52.47,51793.6617,8235885.0
2014-10-14,52.01,51339.5911,11281865.0
2014-10-15,51.21,50549.9031,10547510.0
2014-10-16,51.41,50747.3251,5330655.0
2014-10-17,52.51,51833.1461,7948064.0
2014-10-20,53.49,52800.5139,5876152.0
2014-10-21,54.59,53886.3349,4316717.0
2014-10-22,53.94,53244.7134,5097917.0
2014-10-23,54.96,54251.5656,8477123.0
2014-10-24,55.33,54616.7963,4586218.0
2014-10-27,55.47,54754.9917,3365380.0
2014-10-28,56.06,55337.3866,4646399.0
2014-10-29,55.81,55090.6091,3540223.0
2014-10-30,56.27,55544.6797,5001860.0
2014-10-31,57.2,56462.692,7772484.0
2014-11-03,57.45,56709.4695,5337193.0
2014-11-04,57.26,56521.9186,4333056.0
2014-11-05,56.94,56206.0434,4889586.0
2014-11-06,57.57,56827.9227,4127761.0
2014-11-07,57.69,56946.3759,3907313.0
2014-11-10,57.83,57084.5713,3271920.0
2014-11-11,58.0,57252.38,3128803.0
2014-11-12,58.22,57469.5442,5107525.0
2014-11-13,58.61,57854.5171,3830676.0
2014-11-14,58.58,57824.9038,3748738.0
2014-11-17,58.89,58130.9079,4721901.0
2014-11-18,58.53,57775.5483,6583341.0
2014-11-19,62.26,61457.4686,11704926.0
2014-11-20,62.43,61625.2773,6089274.0
2014-11-21,63.26,62444.5786,7490792.0
2014-11-24,63.64,62819.6804,4630041.0
2014-11-25,62.95,62138.5745,6361428.0
2014-11-26,62.86,62049.7346,5406636.0
2014-11-28,63.83,63007.2313,2945303.0
2014-12-01,63.16,62345.8676,4908211.0
2014-12-02,63.97,62236.9887,5063786.0
2014-12-03,64.3,62558.0487,4216778.0
2014-12-04,64.55,62801.276,4948761.0
2014-12-05,64.86,63102.8777,4711046.0
2014-12-08,66.09,64299.5558,6447926.0
2014-12-09,65.84,64056.3286,5377647.0
2014-12-10,65.13,63365.5632,5632602.0
2014-12-11,65.76,63978.4958,7175091.0
2014-12-12,64.87,63112.6068,5567051.0
2014-12-15,65.32,63550.4159,5555885.0
2014-12-16,64.22,62480.216,7127258.0
2014-12-17,65.95,64163.3486,4808624.0
2014-12-18,66.62,64815.1976,6990367.0
2014-12-19,66.9,65087.6121,10180278.0
2014-12-22,67.84,66002.1466,4343813.0
2014-12-23,67.94,66099.4375,3898839.0
2014-12-24,67.51,65681.0866,1607437.0
2014-12-26,67.5,65671.3575,2969495.0
2014-12-29,68.57,66712.3701,2937716.0
2014-12-30,68.55,66692.912,2879373.0
2014-12-31,68.8,66936.1392,4352049.0
2015-01-02,67.7,65865.9393,4213210.0
2015-01-05,66.08,64289.8267,7337721.0
2015-01-06,66.23,64435.7631,5247443.0
2015-01-07,68.2,66352.3938,4719628.0
2015-01-08,69.64,67753.3828,5541596.0
2015-01-09,68.33,66478.872,5643963.0
2015-01-12,67.85,66011.8756,4604788.0
2015-01-13,67.86,66021.6047,6034530.0
2015-01-14,67.39,65564.3375,4810860.0
2015-01-15,66.35,64552.5122,5288250.0
2015-01-16,67.99,66148.0829,4817245.0
2015-01-20,66.52,64717.9067,5926282.0
2015-01-21,67.32,65496.2339,5182047.0
2015-01-22,69.55,67665.8209,7069206.0
2015-01-23,69.71,67821.4864,4865336.0
2015-01-26,70.44,68531.71,5064043.0
2015-01-27,69.85,67957.6937,5846646.0
2015-01-28,69.22,67344.761,5372657.0
2015-01-29,69.93,68035.5264,6409410.0
2015-01-30,67.76,65924.3138,8963677.0
2015-02-02,68.41,66556.7047,5695299.0
2015-02-03,69.63,67743.6537,5101402.0
2015-02-04,70.67,68755.479,6143680.0
2015-02-05,71.47,69533.8062,4924508.0
2015-02-06,71.9,69952.1571,4836284.0
2015-02-09,70.95,69027.8936,2800884.0
2015-02-10,71.76,69815.9498,4090539.0
2015-02-11,71.43,69494.8899,3049567.0
2015-02-12,72.19,70234.3007,3437045.0
2015-02-13,72.05,70098.0935,2560275.0
2015-02-17,72.47,70506.7152,3690815.0
2015-02-18,72.52,70555.3607,3765331.0
2015-02-19,72.29,70331.5916,3023034.0
2015-02-20,73.56,71567.186,4289902.0
2015-02-23,73.73,71732.5806,4902878.0
2015-02-24,74.65,72627.6569,9780192.0
2015-02-25,74.43,72413.6169,9318144.0
2015-02-26,74.1,72092.5569,7552310.0
2015-02-27,74.09,72082.8278,4913688.0
2015-03-02,75.09,73055.7368,5187167.0
2015-03-03,75.01,72977.9041,3591054.0
2015-03-04,74.02,72014.7242,4988549.0
2015-03-05,74.56,72540.095,3516830.0
2015-03-06,73.51,71518.5406,5833155.0
2015-03-09,74.26,72248.2223,3292103.0
2015-03-10,73.06,71080.7315,3844623.0
2015-03-11,73.07,71090.4606,3526726.0
2015-03-12,74.94,72909.8005,3572738.0
2015-03-13,74.16,72150.9314,4138213.0
2015-03-16,75.44,73396.255,4163316.0
2015-03-17,74.57,72549.8241,3902832.0
2015-03-18,74.52,72501.1787,7011470.0
2015-03-19,74.56,72540.095,3786170.0
2015-03-20,75.23,73191.9441,8080533.0
2015-03-23,75.37,73328.1513,5934566.0
2015-03-24,75.61,73561.6495,4899932.0
2015-03-25,74.26,72248.2223,4142909.0
2015-03-26,72.86,70886.1497,7672926.0
2015-03-27,73.67,71674.206,3651736.0
2015-03-30,74.8,72773.5932,3959651.0
2015-03-31,74.39,70797.335,4518310.0
2015-04-01,74.39,70797.335,5902486.0
2015-04-02,74.84,71225.6022,3379164.0
2015-04-06,75.06,71434.9773,4714957.0
2015-04-07,74.11,70530.8576,3125465.0
2015-04-08,74.81,71197.0511,3439159.0
2015-04-09,74.25,70664.0963,4473070.0
2015-04-10,74.9,71282.7045,3140434.0
2015-04-13,73.81,70245.3461,3448935.0
2015-04-14,73.98,70407.1359,3679520.0
2015-04-15,73.41,69864.6641,3088343.0
2015-04-16,74.08,70502.3064,3846109.0
2015-04-17,72.55,69046.1978,5547417.0
2015-04-20,72.63,69122.3342,3610914.0
2015-04-21,73.24,69702.8742,4046466.0
2015-04-22,73.07,69541.0843,3152495.0
2015-04-23,73.37,69826.5959,4170762.0
2015-04-24,73.16,69626.7378,2400993.0
2015-04-27,71.84,68370.4872,5629062.0
2015-04-28,71.74,68275.3167,4181007.0
2015-04-29,70.44,67038.1002,4526691.0
2015-04-30,68.86,65534.4063,10950737.0
2015-05-01,70.7,67285.5435,9932040.0
2015-05-04,71.25,67808.9813,4889699.0
2015-05-05,70.43,67028.5832,4017450.0
2015-05-06,70.77,67352.1628,4356300.0
2015-05-07,72.29,68798.7545,5523399.0
2015-05-08,73.26,69721.9083,4171205.0
2015-05-11,73.22,69683.8401,3940413.0
2015-05-12,73.67,70112.1074,3849976.0
2015-05-13,73.11,69579.1526,3292398.0
2015-05-14,72.26,68770.2033,5764067.0
2015-05-15,73.09,69560.1185,4784816.0
2015-05-18,73.06,69531.5673,4982877.0
2015-05-19,71.83,68360.9702,8728252.0
2015-05-20,68.5,65191.7925,16012465.0
2015-05-21,68.72,65401.1676,8765450.0
2015-05-22,69.54,66181.5657,4862548.0
2015-05-26,69.58,66219.6339,6815967.0
2015-05-27,70.72,67304.5776,5265529.0
2015-05-28,70.45,67047.6173,2814456.0
2015-05-29,69.98,66600.3159,4131280.0
2015-06-01,70.14,66752.5887,4165401.0
2015-06-02,70.15,65427.9229,4807688.0
2015-06-03,70.65,65894.2659,3433479.0
2015-06-04,70.14,65418.596,4554565.0
2015-06-05,69.79,65092.1559,4291481.0
2015-06-08,68.68,64056.8745,4432966.0
2015-06-09,68.53,63916.9716,5228594.0
2015-06-10,69.17,64513.8906,4768734.0
2015-06-11,69.04,64392.6414,3605644.0
2015-06-12,69.03,64383.3146,4350898.0
2015-06-15,69.11,64457.9295,4988984.0
2015-06-16,69.4,64728.4084,3425978.0
2015-06-17,69.67,64980.2336,3380615.0
2015-06-18,70.15,65427.9229,4462413.0
2015-06-19,69.99,65278.6931,11947443.0
2015-06-22,70.29,65558.4989,4052755.0
2015-06-23,70.6,65847.6316,3634251.0
2015-06-24,70.08,65362.6349,3543932.0
2015-06-25,69.66,64970.9068,3399297.0
2015-06-26,68.61,63991.5865,9297480.0
2015-06-29,67.53,62984.2856,5311192.0
2015-06-30,66.97,62461.9814,10151052.0
2015-07-01,67.24,62713.8066,5783947.0
2015-07-02,66.7,62210.1562,6064949.0
2015-07-06,66.25,61790.4475,10279923.0
2015-07-07,67.37,62835.0558,8437868.0
2015-07-08,66.53,62051.5996,4941558.0
2015-07-09,67.02,62508.6157,3767944.0
2015-07-10,67.85,63282.7451,4158093.0
2015-07-13,68.3,63702.4538,4158345.0
2015-07-14,68.39,63786.3955,4981890.0
2015-07-15,68.27,63674.4732,3532819.0
2015-07-16,68.23,63637.1658,5654552.0
2015-07-17,67.53,62984.2856,6601177.0
2015-07-20,66.7,62210.1562,5333004.0
2015-07-21,66.39,61921.0235,5375148.0
2015-07-22,67.44,62900.3438,4920950.0
2015-07-23,67.7,63142.8422,4169253.0
2015-07-24,67.18,62657.8455,3628971.0
2015-07-27,67.04,62527.2694,3422463.0
2015-07-28,67.8,63236.1108,4397959.0
2015-07-29,68.74,64112.8356,5205899.0
2015-07-30,68.86,64224.758,3566940.0
2015-07-31,69.36,64691.101,4316435.0
2015-08-03,68.91,64271.3923,5576824.0
2015-08-04,69.36,64691.101,3132509.0
2015-08-05,69.94,65232.0588,3914939.0
2015-08-06,69.31,64644.4667,4841924.0
2015-08-07,69.53,64849.6576,3310684.0
2015-08-10,69.57,64886.965,5759443.0
2015-08-11,69.42,64747.0621,5485950.0
2015-08-12,68.97,64327.3534,5046576.0
2015-08-13,71.21,66416.5701,8551485.0
2015-08-14,72.11,67255.9875,5864623.0
2015-08-17,72.48,67601.0813,5238469.0
2015-08-18,73.02,68104.7317,10796077.0
2015-08-19,74.37,69363.8578,11734101.0
2015-08-20,73.18,68253.9615,7023198.0
2015-08-21,71.11,66323.3015,8210582.0
2015-08-24,68.31,63711.7807,10961159.0
2015-08-25,66.99,62480.6351,7464129.0
2015-08-26,68.75,64122.1625,6497075.0
2015-08-27,69.06,64411.2952,6607851.0
2015-08-28,68.45,63842.3567,6283377.0
2015-08-31,69.17,64513.8906,6775069.0
2015-09-01,67.75,62684.5358,7115221.0
2015-09-02,69.04,63878.0863,4452586.0
2015-09-03,69.1,63933.6003,3419496.0
2015-09-04,67.8,62730.7974,3235651.0
2015-09-08,69.31,64127.8992,4102999.0
2015-09-09,68.11,63017.6196,4096823.0
2015-09-10,67.93,62851.0777,4538149.0
2015-09-11,68.63,63498.7408,3415165.0
2015-09-14,68.15,63054.629,2645120.0
2015-09-15,69.44,64248.1795,5798850.0
2015-09-16,70.07,64831.0763,3765480.0
2015-09-17,70.48,65210.4218,4367354.0
2015-09-18,68.19,63091.6383,8800871.0
2015-09-21,69.6,64396.2168,5276066.0
2015-09-22,68.67,63535.7501,3926192.0
2015-09-23,68.73,63591.2641,2391121.0
2015-09-24,68.48,63359.9558,4179990.0
2015-09-25,68.69,63554.2548,3628609.0
2015-09-28,67.15,62129.396,5607487.0
2015-09-29,66.77,61777.8074,4355277.0
2015-09-30,68.92,63767.0584,4936020.0
2015-10-01,69.79,64572.0111,5185167.0
2015-10-02,70.23,64979.1136,4389925.0
2015-10-05,71.77,66403.9724,4491974.0
2015-10-06,71.19,65867.3373,5256769.0
2015-10-07,71.79,66422.4771,4716583.0
2015-10-08,73.17,67699.2986,3966027.0
2015-10-09,73.33,67847.3359,3403467.0
2015-10-12,73.81,68291.4477,2789399.0
2015-10-13,72.97,67514.252,4102028.0
2015-10-14,72.04,66653.7853,3758215.0
2015-10-15,72.65,67218.1775,3016310.0
2015-10-16,72.78,67338.4577,4149498.0
2015-10-19,73.43,67939.8592,3765576.0
2015-10-20,72.84,67393.9717,3632143.0
2015-10-21,72.72,67282.9438,2982723.0
2015-10-22,73.42,67930.6069,3810199.0
2015-10-23,73.55,68050.8872,3344876.0
2015-10-26,74.16,68615.2793,4114415.0
2015-10-27,73.55,68050.8872,3387766.0
2015-10-28,74.02,68485.7467,3769973.0
2015-10-29,73.87,68346.9617,2941962.0
2015-10-30,73.83,68309.9524,4418884.0
2015-11-02,73.77,68254.4384,3880225.0
2015-11-03,73.95,68420.9804,3174209.0
2015-11-04,73.1,67634.5323,5475939.0
2015-11-05,73.58,68078.6441,3334413.0
2015-11-06,73.14,67671.5416,4223340.0
2015-11-09,72.02,66635.2807,5622003.0
2015-11-10,73.34,67856.5882,3789343.0
2015-11-11,72.12,66727.804,3219624.0
2015-11-12,72.71,67273.6914,5641297.0
2015-11-13,70.09,64849.581,6960914.0
2015-11-16,71.64,66283.6921,5583607.0
2015-11-17,72.85,67403.224,10214046.0
2015-11-18,73.48,67986.1208,9541404.0
2015-11-19,73.39,67902.8499,7321792.0
2015-11-20,75.77,70104.9044,6589723.0
2015-11-23,76.67,70937.6141,5280889.0
2015-11-24,77.39,71603.7819,5431728.0
2015-11-25,77.61,71807.3331,5264977.0
2015-11-27,77.34,71557.5202,2255258.0
2015-11-30,76.6,70872.8478,6815006.0
2015-12-01,77.13,71363.2213,3477319.0
2015-12-02,76.3,69822.5115,7085377.0
2015-12-03,75.12,68742.6876,5191704.0
2015-12-04,76.76,70243.4598,4374844.0
2015-12-07,76.45,69959.7773,3277939.0
2015-12-08,77.17,70618.6529,4019555.0
2015-12-09,76.12,69657.7926,3040205.0
2015-12-10,76.17,69703.5479,2942671.0
2015-12-11,75.01,68642.0261,3686501.0
2015-12-14,75.65,69227.6933,4430895.0
2015-12-15,74.9,68541.3645,4646262.0
2015-12-16,76.13,69666.9437,5063209.0
2015-12-17,74.9,68541.3645,4419358.0
2015-12-18,73.89,67617.1085,6948357.0
2015-12-21,74.89,68532.2135,3418518.0
2015-12-22,75.16,68779.2918,3428328.0
2015-12-23,76.16,69694.3968,3258174.0
2015-12-24,76.28,69804.2094,1758900.0
2015-12-28,76.44,69950.6262,2860347.0
2015-12-29,77.13,70582.0487,2661126.0
2015-12-30,76.86,70334.9703,2209384.0
2015-12-31,76.04,69584.5842,2388158.0
2016-01-04,75.28,68889.1044,6534574.0
2016-01-05,75.44,69035.5212,5198874.0
2016-01-06,73.94,67662.8637,5326477.0
2016-01-07,72.07,65951.6174,6401595.0
2016-01-08,70.88,64862.6424,5325901.0
2016-01-11,72.68,66509.8314,5443251.0
2016-01-12,73.27,67049.7434,4649509.0
2016-01-13,69.9,63965.8395,7755289.0
2016-01-14,69.91,63974.9906,8323847.0
2016-01-15,68.99,63133.094,7995135.0
2016-01-19,69.46,63563.1933,6643011.0
2016-01-20,68.07,62291.1974,9844082.0
2016-01-21,69.32,63435.0786,7615656.0
2016-01-22,70.5,64514.9025,5722243.0
2016-01-25,69.9,63965.8395,5640063.0
2016-01-26,70.0,64057.35,4638670.0
2016-01-27,69.55,63645.5528,5342101.0
2016-01-28,69.23,63352.7192,5036227.0
2016-01-29,71.66,65576.4243,6143629.0
2016-02-01,72.66,66491.5293,5384994.0
2016-02-02,71.87,65768.5964,5250848.0
2016-02-03,67.42,61696.3791,17607546.0
2016-02-04,67.96,62190.5358,8986929.0
2016-02-05,65.84,60250.5132,7501778.0
2016-02-08,63.55,58154.9228,8311018.0
2016-02-09,64.15,58703.9858,6025594.0
2016-02-10,64.06,58621.6263,4219637.0
2016-02-11,63.4,58017.657,4746324.0
2016-02-12,64.87,59362.8614,4259956.0
2016-02-16,67.43,61705.5302,7764910.0
2016-02-17,68.0,62227.14,6145296.0
2016-02-18,67.72,61970.9106,5887628.0
2016-02-19,68.52,62702.9946,4967899.0
2016-02-22,69.47,63572.3444,6246583.0
2016-02-23,67.9,62135.6295,10980436.0
2016-02-24,68.62,62794.5051,12532486.0
2016-02-25,68.7,62867.7135,5839927.0
2016-02-26,69.1,63233.7555,5288053.0
2016-02-29,67.53,61797.0407,6373117.0
2016-03-01,69.04,63178.8492,5590404.0
2016-03-02,69.09,63224.6045,4286221.0
2016-03-03,69.93,63993.2927,4530911.0
2016-03-04,70.39,64414.241,5022559.0
2016-03-07,70.77,64761.9809,4778973.0
2016-03-08,70.99,64963.304,5702393.0
2016-03-09,70.85,64835.1893,3358307.0
2016-03-10,70.7,64697.9235,3966222.0
2016-03-11,72.12,65997.3726,3912321.0
2016-03-14,72.75,66573.8888,4127386.0
2016-03-15,73.1,66894.1755,5604625.0
2016-03-16,73.78,67516.4469,5099471.0
2016-03-17,74.02,67736.0721,4150014.0
2016-03-18,74.93,68568.8177,6499902.0
2016-03-21,75.22,68834.1981,5383380.0
2016-03-22,75.25,68861.6513,5431265.0
2016-03-23,74.78,68431.5519,3777972.0
2016-03-24,74.77,68422.4008,3677351.0
2016-03-28,74.99,68623.724,2925925.0
2016-03-29,75.67,67909.2091,4421408.0
2016-03-30,76.02,68223.3128,3170203.0
2016-03-31,75.75,67981.0043,3681644.0
2016-04-01,76.5,68654.0835,3548288.0
2016-04-04,76.18,68366.903,3847321.0
2016-04-05,75.87,68088.6969,4080468.0
2016-04-06,76.09,68286.1335,4577782.0
2016-04-07,75.35,67622.0286,4450745.0
2016-04-08,75.03,67334.8482,3758679.0
2016-04-11,75.15,67442.5409,3852092.0
2016-04-12,75.73,67963.0555,3864138.0
2016-04-13,76.66,68797.6737,4192854.0
2016-04-14,76.5,68654.0835,3670517.0
2016-04-15,77.31,69381.0091,4967240.0
2016-04-18,77.36,69425.881,3613434.0
2016-04-19,76.41,68573.314,4821969.0
2016-04-20,76.34,68510.4933,4043945.0
2016-04-21,75.83,68052.7994,4000600.0
2016-04-22,76.05,68250.2359,2754751.0
2016-04-25,76.19,68375.8774,3258295.0
2016-04-26,76.32,68492.5445,3480875.0
2016-04-27,76.94,69048.9567,3245778.0
2016-04-28,75.39,67657.9262,3188931.0
2016-04-29,76.02,68223.3128,6631886.0
2016-05-02,76.14,68331.0055,4256369.0
2016-05-03,75.71,67945.1067,3020500.0
2016-05-04,75.83,68052.7994,2764712.0
2016-05-05,75.14,67433.5665,4079108.0
2016-05-06,75.54,67792.5421,3420827.0
2016-05-09,75.84,68061.7738,3153830.0
2016-05-10,76.99,69093.8286,4664900.0
2016-05-11,75.13,67424.5921,4770170.0
2016-05-12,75.4,67666.9006,3898099.0
2016-05-13,75.01,67316.8994,5646883.0
2016-05-16,77.0,69102.803,6820810.0
2016-05-17,76.07,68268.1847,9063087.0
2016-05-18,78.6,70538.7054,13765660.0
2016-05-19,79.86,71669.4785,7037506.0
2016-05-20,79.82,71633.581,4900564.0
2016-05-23,78.87,70781.0139,5122039.0
2016-05-24,79.6,71436.1444,5556003.0
2016-05-25,79.94,71741.2737,4137522.0
2016-05-26,80.16,71938.7102,3805123.0
2016-05-27,80.35,72109.2236,2683950.0
2016-05-31,80.13,71003.5937,5581125.0
2016-06-01,80.27,71127.6484,4205841.0
2016-06-02,80.76,71561.8398,4693907.0
2016-06-03,80.01,70897.2611,3685315.0
2016-06-06,78.45,69514.9373,6643199.0
2016-06-07,79.54,70480.7917,5259717.0
2016-06-08,78.88,69895.9624,4251141.0
2016-06-09,78.67,69709.8804,3366989.0
2016-06-10,78.31,69390.8826,3883376.0
2016-06-13,77.5,68673.1375,4729576.0
2016-06-14,76.08,67414.8684,8076722.0
2016-06-15,77.04,68265.5292,6237019.0
2016-06-16,78.17,69266.8279,5775050.0
2016-06-17,78.42,69488.3541,7968576.0
2016-06-20,78.59,69638.992,4146570.0
2016-06-21,78.33,69408.6046,3764963.0
2016-06-22,78.35,69426.3267,3573160.0
2016-06-23,78.57,69621.2699,3701856.0
2016-06-24,77.06,68283.2513,5995253.0
2016-06-27,76.32,67627.5336,5792486.0
2016-06-28,78.03,69142.7732,4651994.0
2016-06-29,77.76,68903.5248,5958774.0
2016-06-30,79.17,70152.9329,7606592.0
2016-07-01,79.6,70533.958,4136597.0
2016-07-05,79.42,70374.4591,4100786.0
2016-07-06,80.09,70968.1495,4372814.0
2016-07-07,80.48,71313.7304,3838118.0
2016-07-08,82.34,72961.8857,5307188.0
2016-07-11,82.8,73369.494,3479377.0
2016-07-12,82.94,73493.5487,5347170.0
2016-07-13,81.65,72350.4733,5405703.0
2016-07-14,82.13,72775.8037,3332115.0
2016-07-15,81.67,72368.1954,5409081.0
2016-07-18,81.92,72589.7216,3727951.0
2016-07-19,81.42,72146.6691,5296091.0
2016-07-20,81.21,71960.5871,6853518.0
2016-07-21,80.15,71021.3158,6045435.0
2016-07-22,80.65,71464.3683,3385357.0
2016-07-25,80.99,71765.644,2865518.0
2016-07-26,81.06,71827.6713,2889172.0
2016-07-27,80.76,71561.8398,2946557.0
2016-07-28,82.27,72899.8584,4343483.0
2016-07-29,82.28,72908.7194,3471414.0
2016-08-01,82.31,72935.3026,2912814.0
2016-08-02,81.97,72634.0269,3768194.0
2016-08-03,82.02,72678.3321,3398601.0
2016-08-04,80.94,71721.3387,4027705.0
2016-08-05,81.72,72412.5006,3706032.0
2016-08-08,81.62,72323.8901,2410768.0
2016-08-09,81.34,72075.7807,3172257.0
2016-08-10,80.98,71756.7829,3785173.0
2016-08-11,81.61,72315.0291,4117746.0
2016-08-12,81.72,72412.5006,4095516.0
2016-08-15,81.54,72253.0017,5315403.0
2016-08-16,81.48,72199.8354,6050191.0
2016-08-17,76.88,68123.7524,19108686.0
2016-08-18,76.43,67725.0052,7807043.0
2016-08-19,77.82,68956.6911,6491184.0
2016-08-22,77.29,68487.0555,4502677.0
2016-08-23,77.3,68495.9165,3252557.0
2016-08-24,76.96,68194.6408,5404264.0
2016-08-25,77.47,68646.5544,4935490.0
2016-08-26,76.9,68141.4745,3827380.0
2016-08-29,77.18,68389.5839,4544191.0
2016-08-30,76.56,67840.1988,3026141.0
2016-08-31,76.56,67840.1988,4638598.0
2016-09-01,76.44,67733.8662,3852233.0
2016-09-02,76.96,67313.7566,3314874.0
2016-09-06,76.01,66482.8306,4779724.0
2016-09-07,75.44,65984.275,5481079.0
2016-09-08,74.13,64838.4717,7495407.0
2016-09-09,71.77,62774.2764,7632804.0
2016-09-12,72.5,63412.7775,6165832.0
2016-09-13,71.08,62170.7617,5405739.0
2016-09-14,71.12,62205.7481,5596392.0
2016-09-15,71.31,62371.9333,3943371.0
2016-09-16,70.95,62057.0561,6527083.0
2016-09-19,71.31,62371.9333,5222571.0
2016-09-20,71.37,62424.4128,4488137.0
2016-09-21,72.05,63019.181,4511824.0
2016-09-22,72.08,63045.4207,4210775.0
2016-09-23,72.35,63281.5787,6052994.0
2016-09-26,70.81,61934.6038,7550311.0
2016-09-27,71.5,62538.1185,4821944.0
2016-09-28,71.76,62765.5298,8176164.0
2016-09-29,72.01,62984.1946,6404541.0
2016-09-30,72.21,63159.1264,6714202.0
2016-10-03,72.19,63141.6332,5366804.0
2016-10-04,72.7,63587.7093,6389128.0
2016-10-05,72.25,63194.1128,4503670.0
2016-10-06,72.09,63054.1673,6920007.0
2016-10-07,71.3,62363.1867,5418472.0
2016-10-10,70.97,62074.5492,4335114.0
2016-10-11,70.09,61304.8493,4919399.0
2016-10-12,71.32,62380.6799,5764129.0
2016-10-13,71.1,62188.2549,4403485.0
2016-10-14,71.35,62406.9197,5659945.0
2016-10-17,69.98,61208.6368,4986791.0
2016-10-18,70.24,61436.0482,5955140.0
2016-10-19,69.59,60867.5198,6770163.0
2016-10-20,69.89,61129.9175,6163826.0
2016-10-21,70.65,61794.6584,5724968.0
2016-10-24,70.98,62083.2958,4524727.0
2016-10-25,68.47,59887.9017,8714228.0
2016-10-26,67.37,58925.7768,9071910.0
2016-10-27,67.16,58742.0984,5300448.0
2016-10-28,67.03,58628.3928,8565140.0
2016-10-31,66.65,58296.0224,6272435.0
2016-11-01,65.63,57403.8702,6392289.0
2016-11-02,66.56,58217.303,5432320.0
2016-11-03,66.59,58243.5428,4572278.0
2016-11-04,66.25,57946.1588,4748874.0
2016-11-07,67.23,58803.3246,4539711.0
2016-11-08,66.81,58435.9678,6790146.0
2016-11-09,67.84,59336.8666,7621106.0
2016-11-10,69.46,60753.8141,9759587.0
2016-11-11,69.73,60989.9721,6572323.0
2016-11-14,70.01,61234.8766,9023436.0
2016-11-15,69.05,60395.204,11251871.0
2016-11-16,67.02,58619.6462,17592100.0
2016-11-17,67.95,59433.0791,9521484.0
2016-11-18,69.31,60622.6153,10624567.0
2016-11-21,69.41,60710.0812,6062407.0
2016-11-22,71.59,62616.8378,10677683.0
2016-11-23,71.77,62774.2764,5507322.0
2016-11-25,72.21,63159.1264,2710550.0
2016-11-28,71.2,62275.7208,5315860.0
2016-11-29,70.71,61506.8814,5870379.0
2016-11-30,70.55,61367.7059,6377326.0
2016-12-01,71.0,61759.137,7626859.0
2016-12-02,72.31,62898.6366,7248569.0
2016-12-05,72.66,63203.083,7497021.0
2016-12-06,72.46,63029.1136,6478549.0
2016-12-07,76.4,66456.3108,9268194.0
2016-12-08,75.24,65447.2883,7711492.0
2016-12-09,74.69,64968.8724,5553802.0
2016-12-12,74.51,64812.3,6036946.0
2016-12-13,74.65,64934.0786,6357703.0
2016-12-14,73.56,63985.9453,6790149.0
2016-12-15,73.67,64081.6285,6211154.0
2016-12-16,72.96,63464.0371,7663187.0
2016-12-19,72.92,63429.2432,5056299.0
2016-12-20,74.27,64603.5367,5348533.0
2016-12-21,74.19,64533.9489,2942842.0
2016-12-22,73.01,63507.5295,4008472.0
2016-12-23,72.3,62889.9381,3591768.0
2016-12-27,72.23,62829.0488,3868790.0
2016-12-28,71.57,62254.9498,4227350.0
2016-12-29,71.34,62054.885,4009802.0
2016-12-30,71.12,61863.5186,3877713.0
2017-01-03,70.95,61715.6447,6412188.0
2017-01-04,71.81,62463.7131,5863668.0
2017-01-05,71.07,61820.0263,4420248.0
2017-01-06,70.95,61715.6447,4645538.0
2017-01-09,71.07,61820.0263,3563619.0
2017-01-10,71.21,61941.8049,4133974.0
2017-01-11,71.26,61985.2972,3432226.0
2017-01-12,71.58,62263.6483,4310647.0
2017-01-13,72.15,62759.4611,6947951.0
2017-01-17,72.38,62959.5259,5468495.0
2017-01-18,71.38,62089.6789,8788340.0
2017-01-19,71.6,62281.0452,6274039.0
2017-01-20,71.76,62420.2207,5613940.0
2017-01-23,72.58,63133.4953,5361256.0
2017-01-24,74.0,64368.678,5736753.0
2017-01-25,73.06,63551.0218,5372664.0
2017-01-26,73.23,63698.8958,5268772.0
2017-01-27,73.25,63716.2928,4183657.0
2017-01-30,73.57,63994.6438,3856045.0
2017-01-31,73.08,63568.4188,4537466.0
2017-02-01,72.35,62933.4304,4006587.0
2017-02-02,71.95,62585.4917,3538330.0
2017-02-03,73.29,63751.0866,6311664.0
2017-02-06,72.61,63159.5907,5166821.0
2017-02-07,72.24,62837.7473,3749526.0
2017-02-08,72.45,63020.4152,4029600.0
2017-02-09,73.53,63959.8499,4040972.0
2017-02-10,73.97,64342.5826,3661291.0
2017-02-13,73.9,64281.6933,3007985.0
2017-02-14,75.72,65864.8148,8107043.0
2017-02-15,76.91,66899.9328,10410263.0
2017-02-16,76.32,66386.723,4686165.0
2017-02-17,76.74,66752.0588,5446248.0
2017-02-21,77.25,67195.6808,5294139.0
2017-02-22,76.8,66804.2496,3711594.0
2017-02-23,75.8,65934.4026,5663360.0
2017-02-24,76.1,66195.3567,11147738.0
2017-02-27,76.42,66473.7077,4006013.0
2017-02-28,74.37,64690.5214,10698528.0
2017-03-01,81.45,70849.0382,21443861.0
2017-03-02,80.4,69935.6988,8424008.0
2017-03-03,81.68,71049.103,6555455.0
2017-03-06,81.02,70475.0039,6611919.0
2017-03-07,80.84,70318.4315,4718040.0
2017-03-08,81.33,70744.6565,4869181.0
2017-03-09,81.17,70605.481,3806749.0
2017-03-10,81.58,70962.1183,4091051.0
2017-03-13,81.58,70962.1183,4303549.0
2017-03-14,81.94,71275.2632,4383366.0
2017-03-15,83.27,72432.1597,4786358.0
2017-03-16,83.22,72388.6673,4847308.0
2017-03-17,83.53,72658.3199,5706464.0
2017-03-20,82.35,71631.9004,6068255.0
2017-03-21,81.92,71257.8662,5110763.0
2017-03-22,82.35,71631.9004,4569116.0
2017-03-23,82.45,71718.8852,3408041.0
2017-03-24,82.21,71510.1219,3456871.0
2017-03-27,81.56,70944.7213,4498113.0
2017-03-28,82.4,71675.3928,4351335.0
2017-03-29,82.21,71510.1219,3968437.0
2017-03-30,82.3,71588.4081,3741424.0
2017-03-31,82.21,71510.1219,4556954.0
2017-04-03,82.04,71362.2479,5423193.0
2017-04-04,81.59,69949.7995,4994705.0
2017-04-05,81.62,69975.5195,4083108.0
2017-04-06,81.97,70275.586,3471785.0
2017-04-07,82.14,70421.3326,3243685.0
2017-04-10,82.42,70661.3859,2987875.0
2017-04-11,82.41,70652.8125,3111658.0
2017-04-12,81.87,70189.8527,3713820.0
2017-04-13,81.06,69495.413,3846387.0
2017-04-17,81.95,70258.4394,3308129.0
2017-04-18,82.13,70412.7593,3036544.0
2017-04-19,81.99,70292.7327,3937279.0
2017-04-20,83.29,71407.2656,4538850.0
2017-04-21,83.47,71561.5855,5233522.0
2017-04-24,84.17,72161.7186,4553624.0
2017-04-25,84.51,72453.2118,5825205.0
2017-04-26,85.23,73070.4916,4407699.0
2017-04-27,85.27,73104.7849,6586303.0
2017-04-28,84.88,72770.425,4794990.0
2017-05-01,84.4,72358.9052,3841986.0
2017-05-02,85.38,73199.0915,4251489.0
2017-05-03,85.53,73327.6915,3711767.0
2017-05-04,85.4,73216.2382,3429398.0
2017-05-05,86.0,73730.638,3027879.0
2017-05-08,86.0,73730.638,4110978.0
2017-05-09,85.85,73602.038,5666160.0
2017-05-10,86.06,73782.078,5151911.0
2017-05-11,84.7,72616.1051,6382034.0
2017-05-12,84.82,72718.9851,3569151.0
2017-05-15,85.19,73036.1983,7387999.0
2017-05-16,85.36,73181.9449,5682622.0
2017-05-17,83.75,71801.6388,4973549.0
2017-05-18,84.05,72058.8386,4590820.0
2017-05-19,84.59,72521.7985,3882926.0
2017-05-22,84.05,72058.8386,7376487.0
2017-05-23,82.34,70592.7992,9510044.0
2017-05-24,79.85,68458.0401,18999077.0
2017-05-25,81.33,69726.8929,10284653.0
2017-05-26,80.91,69366.813,4571571.0
2017-05-30,79.41,68080.8135,6942346.0
2017-05-31,78.77,67532.1204,8678120.0
2017-06-01,80.43,68955.2932,6340059.0
2017-06-02,80.22,68775.2533,4387707.0
2017-06-05,79.44,68106.5335,3426625.0
2017-06-06,78.7,66440.5862,7719911.0
2017-06-07,77.79,65672.3405,5742045.0
2017-06-08,77.64,65545.7066,7231039.0
2017-06-09,78.65,66398.3749,5978958.0
2017-06-12,79.03,66719.1808,6262739.0
2017-06-13,79.65,67242.6009,4459009.0
2017-06-14,80.56,68010.8466,5195026.0
2017-06-15,80.39,67867.3281,6004878.0
2017-06-16,79.8,67369.2348,7752879.0
2017-06-19,81.08,68449.8441,4477752.0
2017-06-20,80.46,67926.424,4234266.0
2017-06-21,79.14,66812.0456,4751969.0
2017-06-22,78.34,66136.6648,8240909.0
2017-06-23,76.07,64220.2718,13573682.0
2017-06-26,76.7,64752.1342,5210783.0
2017-06-27,76.33,64439.7706,7801680.0
2017-06-28,77.02,65022.2865,4368383.0
2017-06-29,76.6,64667.7116,3877409.0
2017-06-30,77.53,65452.8418,4681317.0
2017-07-03,78.26,66069.1268,2287863.0
2017-07-05,77.37,65317.7656,3929977.0
2017-07-06,76.59,64659.2693,4439706.0
2017-07-07,77.15,65132.0359,3904874.0
2017-07-10,76.92,64937.8639,4611890.0
2017-07-11,76.25,64372.2325,5139131.0
2017-07-12,76.22,64346.9057,4379323.0
2017-07-13,76.52,64600.1735,4648190.0
2017-07-14,76.06,64211.8296,4778412.0
2017-07-17,76.43,64524.1932,3960640.0
2017-07-18,75.96,64127.407,3174141.0
2017-07-19,76.83,64861.8836,4233606.0
2017-07-20,72.56,61257.0386,23892097.0
2017-07-21,73.84,62337.6478,11614552.0
2017-07-24,74.31,62734.4341,7749241.0
2017-07-25,75.69,63899.4659,6506985.0
2017-07-26,75.98,64144.2915,4481628.0
2017-07-27,77.0,65005.402,6934819.0
2017-07-28,76.48,64566.4045,5000589.0
2017-07-31,77.4,65343.0924,6833262.0
2017-08-01,77.83,65706.1096,3741236.0
2017-08-02,77.86,65731.4364,3738964.0
2017-08-03,77.91,65773.6477,3833165.0
2017-08-04,78.37,66161.9916,2493044.0
2017-08-07,78.32,66119.7803,4236508.0
2017-08-08,77.21,65182.6895,4411269.0
2017-08-09,78.34,66136.6648,3508362.0
2017-08-10,77.01,65013.8443,4028620.0
2017-08-11,77.26,65224.9008,3090052.0
2017-08-14,77.72,65613.2447,3602793.0
2017-08-15,74.3,62725.9918,9113388.0
2017-08-16,75.35,63612.4291,4900370.0
2017-08-17,74.12,62574.0311,6006765.0
2017-08-18,73.64,62168.8026,5153649.0
2017-08-21,73.85,62346.0901,8139482.0
2017-08-22,75.82,64009.2153,7612845.0
2017-08-23,73.01,61636.9403,26364263.0
2017-08-24,72.61,61299.2499,10580170.0
2017-08-25,73.35,61923.9771,6425491.0
2017-08-28,73.8,62303.8788,6499807.0
2017-08-29,73.45,62008.3997,6833332.0
2017-08-30,73.91,62396.7437,6621544.0
2017-08-31,73.89,62379.8591,9008880.0
2017-09-01,74.65,63021.4709,4817314.0
2017-09-05,75.68,63027.2122,8555216.0
2017-09-06,77.47,64517.9456,8196745.0
2017-09-07,77.68,64692.8362,10408622.0
2017-09-08,78.56,65425.7107,11616560.0
2017-09-11,77.5,64542.93,7582185.0
2017-09-12,78.66,65508.9919,5239095.0
2017-09-13,77.86,64842.7423,7471925.0
2017-09-14,78.46,65342.4295,5601226.0
2017-09-15,77.99,64951.0079,14518162.0
2017-09-18,77.67,64684.508,8341861.0
2017-09-19,77.49,64534.6019,5989116.0
2017-09-20,77.91,64884.3829,6672056.0
2017-09-21,78.04,64992.6485,6188175.0
2017-09-22,78.23,65150.8828,5981210.0
2017-09-25,79.34,66075.3041,8822431.0
2017-09-26,79.29,66033.6635,5260627.0
2017-09-27,79.23,65983.6948,5100443.0
2017-09-28,79.45,66166.9134,4631728.0
2017-09-29,79.94,66574.9913,4451614.0
2017-10-02,80.79,67282.8815,7335029.0
2017-10-03,81.35,67749.2562,3967723.0
2017-10-04,81.46,67840.8655,4277496.0
2017-10-05,82.26,68507.1151,5202946.0
2017-10-06,81.86,68173.9903,4076392.0
2017-10-09,81.74,68074.0529,3815362.0
2017-10-10,81.1,67541.0532,4070358.0
2017-10-11,81.21,67632.6625,4912085.0
2017-10-12,81.57,67932.4748,3462967.0
2017-10-13,82.33,68565.412,5529965.0
2017-10-16,81.2,67624.3344,4688044.0
2017-10-17,81.11,67549.3813,5517692.0
2017-10-18,80.75,67249.569,4061967.0
2017-10-19,81.27,67682.6312,3339370.0
2017-10-20,80.04,66658.2725,6506602.0
2017-10-23,80.41,66966.4129,5818082.0
2017-10-24,81.16,67591.0219,4930441.0
2017-10-25,80.99,67449.4439,4258906.0
2017-10-26,81.53,67899.1624,5133994.0
2017-10-27,80.61,67132.9753,7317141.0
2017-10-30,79.41,66133.6009,7204559.0
2017-10-31,79.95,66583.3194,5066569.0
2017-11-01,79.92,66558.335,4605470.0
2017-11-02,76.65,63835.0398,11445171.0
2017-11-03,77.92,64892.711,5412041.0
2017-11-06,77.41,64467.9769,3870929.0
2017-11-07,77.63,64651.1956,4611900.0
2017-11-08,78.09,65034.2891,4745683.0
2017-11-09,78.08,65025.961,4536432.0
2017-11-10,77.49,64534.6019,7451923.0
2017-11-13,77.53,64567.9144,6964137.0
2017-11-14,79.23,65983.6948,6499175.0
2017-11-15,78.37,65267.4764,5200409.0
2017-11-16,79.47,66183.5696,5528994.0
2017-11-17,80.22,66808.1786,6966456.0
2017-11-20,81.46,67840.8655,7507099.0
2017-11-21,80.59,67116.3191,13081206.0
2017-11-22,79.56,66258.5227,7001351.0
2017-11-24,79.24,65992.0229,2842050.0
2017-11-27,79.83,66483.382,6651117.0
2017-11-28,81.68,68024.0842,7636854.0
2017-11-29,83.3,69373.2396,10573499.0
2017-11-30,83.37,69431.5364,9110049.0
2017-12-01,84.23,70147.7548,4935498.0
2017-12-04,88.04,73320.7685,13046142.0
2017-12-05,86.31,71616.6719,9666048.0
2017-12-06,82.4,68372.3064,12291040.0
2017-12-07,83.63,69392.9124,10391273.0
2017-12-08,85.6,71027.5416,7696344.0
2017-12-11,85.54,70977.7559,6775368.0
2017-12-12,84.99,70521.3874,7125633.0
2017-12-13,85.6,71027.5416,5956713.0
2017-12-14,85.58,71010.9464,3908549.0
2017-12-15,86.69,71931.9811,7933029.0
2017-12-18,87.44,72554.3018,7188463.0
2017-12-19,88.86,73732.5266,5659270.0
2017-12-20,90.19,74836.1082,6527424.0
2017-12-21,90.73,75284.179,5826400.0
2017-12-22,91.19,75665.8688,3620878.0
2017-12-26,91.89,76246.7013,2757635.0
2017-12-27,92.11,76429.2486,2761199.0
2017-12-28,92.86,77051.569,3563849.0
2017-12-29,92.94,77117.9499,3372007.0
2018-01-02,91.62,76022.6659,6572638.0
2018-01-03,92.02,76354.5701,4572044.0
2018-01-04,92.74,76951.9978,3542777.0
2018-01-05,94.74,78611.519,5524151.0
2018-01-08,93.71,77756.8655,6191584.0
2018-01-09,94.55,78453.8644,4112204.0
2018-01-10,94.17,78138.5554,2778017.0
2018-01-11,95.74,79441.2796,3172595.0
2018-01-12,100.86,83689.6538,14247595.0
2018-01-16,100.97,83780.9275,13570368.0
2018-01-17,101.68,84370.0575,5296132.0
2018-01-18,101.36,84104.5341,5956640.0
2018-01-19,104.95,87083.3747,9558311.0
2018-01-22,107.11,88875.6575,7084326.0
2018-01-23,107.11,88875.6575,6118151.0
2018-01-24,106.72,88552.0509,4127514.0
2018-01-25,106.38,88269.9323,4864849.0
2018-01-26,107.4,89116.2881,4017163.0
2018-01-29,106.84,88651.6222,3787311.0
2018-01-30,105.18,87274.2196,6360801.0
2018-01-31,104.73,86900.8273,7082217.0
2018-02-01,103.86,86178.9356,4922909.0
2018-02-02,101.5,84220.7006,6247851.0
2018-02-05,97.58,80968.0391,8339762.0
2018-02-06,100.22,83158.607,9031204.0
2018-02-07,99.92,82909.6789,5257259.0
2018-02-08,95.01,78835.5543,7673074.0
2018-02-09,97.17,80627.8372,9667750.0
2018-02-12,97.78,81133.9912,8067603.0
2018-02-13,96.06,79706.8029,5541650.0
2018-02-14,96.93,80428.6947,8395844.0
2018-02-15,96.51,80080.1952,5729347.0
2018-02-16,96.31,79914.2431,5331505.0
2018-02-20,95.65,79366.6011,6648706.0
2018-02-21,95.34,79109.3753,4248653.0
2018-02-22,96.89,80395.5042,4461159.0
2018-02-23,97.49,80893.3606,4358233.0
2018-02-26,97.51,80909.9558,4733618.0
2018-02-27,95.79,79482.7676,8503268.0
2018-02-28,89.59,74338.2519,34109755.0
2018-03-01,87.96,72985.7421,15153351.0
2018-03-02,85.34,70811.7693,12476807.0
2018-03-05,86.33,71633.2323,8324617.0
2018-03-06,87.12,72288.7432,6358966.0
2018-03-07,86.11,71450.685,6417074.0
2018-03-08,86.16,71492.173,4711791.0
2018-03-09,87.28,72421.5049,6370429.0
2018-03-12,87.68,72753.4091,5797517.0
2018-03-13,86.14,71475.5778,5792007.0
2018-03-14,86.38,71674.7204,7045611.0
2018-03-15,85.54,70977.7215,4737786.0
2018-03-16,87.0,72189.1719,8772378.0
2018-03-19,85.79,71185.1616,6766950.0
2018-03-20,85.73,71135.376,4797768.0
2018-03-21,87.25,72396.6121,6808710.0
2018-03-22,85.7,71110.4832,12067655.0
2018-03-23,83.77,69509.0452,7383705.0
2018-03-26,89.3,74097.6213,13886800.0
2018-03-27,85.96,71326.2209,10944931.0
2018-03-28,85.88,71259.8401,7725087.0
2018-03-29,87.75,72811.4924,8515645.0
2018-04-02,84.59,70189.4489,9611683.0
2018-04-03,85.45,70561.7287,7352909.0
2018-04-04,88.06,72716.9787,7860840.0
2018-04-05,88.75,73286.7574,5098031.0
2018-04-06,88.24,72865.6166,8757147.0
2018-04-09,85.24,70388.3178,7343910.0
2018-04-10,87.14,71957.2737,5665735.0
2018-04-11,86.65,71552.6482,4643949.0
2018-04-12,87.04,71874.6971,3931254.0
2018-04-13,86.23,71205.8264,4826147.0
2018-04-16,86.06,71065.4461,5093332.0
2018-04-17,86.16,71148.0228,5132173.0
2018-04-18,86.41,71354.4643,5119518.0
2018-04-19,84.88,70091.0419,5719438.0
2018-04-20,83.62,69050.5764,7568673.0
2018-04-23,84.35,69653.3858,5084423.0
2018-04-24,82.91,68464.2824,5437232.0
2018-04-25,81.48,67283.4366,10821902.0
2018-04-26,83.28,68769.8159,9228404.0
2018-04-27,84.0,69364.3676,3985880.0
2018-04-30,82.43,68067.9145,4193707.0
2018-05-01,82.96,68505.5707,3967402.0
2018-05-02,83.96,69331.337,6604161.0
2018-05-03,82.83,68398.2211,5679121.0
2018-05-04,84.23,69554.2938,3242654.0
2018-05-07,83.85,69240.5027,4805852.0
2018-05-08,84.25,69570.8092,3725703.0
2018-05-09,84.42,69711.1894,4222440.0
2018-05-10,85.07,70247.9375,5140918.0
2018-05-11,87.45,72213.2613,6844510.0
2018-05-14,86.58,71494.8446,5065363.0
2018-05-15,85.69,70759.9126,4735452.0
2018-05-16,85.51,70611.2747,3975077.0
2018-05-17,85.47,70578.244,3180876.0
2018-05-18,86.34,71296.6607,5824104.0
2018-05-21,87.39,72163.7153,4311305.0
2018-05-22,85.75,70809.4586,10770270.0
2018-05-23,94.69,78191.8091,26304830.0
2018-05-24,96.49,79678.1885,10167497.0
2018-05-25,96.69,79843.3417,7642223.0
2018-05-29,95.78,79091.8944,5033639.0
2018-05-30,97.42,80446.1511,4928175.0
2018-05-31,95.01,78456.0544,7602078.0
2018-06-01,95.83,79133.1827,4785979.0
2018-06-04,97.59,80586.5314,5010363.0
2018-06-05,97.5,79575.0129,3836676.0
2018-06-06,98.49,80383.0053,4138040.0
2018-06-07,99.27,81019.6054,4242225.0
2018-06-08,100.22,81794.9517,3680355.0
2018-06-11,100.5,82023.4748,3568280.0
2018-06-12,100.5,82023.4748,3401930.0
2018-06-13,99.46,81174.6747,4309661.0
2018-06-14,99.16,80929.8285,4129886.0
2018-06-15,99.18,80946.1515,6197751.0
2018-06-18,98.59,80464.6207,3766086.0
2018-06-19,98.16,80113.6745,6228098.0
2018-06-20,98.44,80342.1976,4419737.0
2018-06-21,99.06,80848.2131,4388100.0
2018-06-22,98.22,80162.6437,5750763.0
2018-06-25,96.85,79044.5128,4219224.0
2018-06-26,97.13,79273.0359,4443443.0
2018-06-27,96.31,78603.7896,3296529.0
2018-06-28,96.0,78350.7819,3945118.0
2018-06-29,95.57,77999.8357,4240621.0
2018-07-02,94.87,77428.5279,6036289.0
2018-07-03,95.06,77583.5971,2193134.0
2018-07-05,95.52,77959.028,3182418.0
2018-07-06,96.14,78465.0434,3818556.0
2018-07-09,96.96,79134.2897,2645986.0
2018-07-10,99.01,80807.4054,4547782.0
2018-07-11,98.61,80480.9438,3796906.0
2018-07-12,98.3,80227.936,2995099.0
2018-07-13,99.58,81272.6131,5197733.0
2018-07-16,99.63,81313.4208,2502173.0
2018-07-17,100.25,81819.4363,2866270.0
2018-07-18,101.05,82472.3595,2922702.0
2018-07-19,101.39,82749.8518,2742265.0
2018-07-20,100.66,82154.0594,5429718.0
2018-07-23,101.16,82562.1364,3626233.0
2018-07-24,100.0,81615.3978,3017449.0
2018-07-25,99.02,80815.5669,4281602.0
2018-07-26,98.52,80407.4899,3063385.0
2018-07-27,98.0,79983.0898,3718948.0
2018-07-30,99.28,81027.7669,4518648.0
2018-07-31,99.34,81076.7362,3239793.0
2018-08-01,97.96,79950.4437,2942138.0
2018-08-02,97.44,79526.0436,4253578.0
2018-08-03,97.63,79681.1129,3546783.0
2018-08-06,97.75,79779.0513,3247198.0
2018-08-07,98.78,80619.6899,2754803.0
2018-08-08,98.87,80693.1438,1816101.0
2018-08-09,99.94,81566.4286,4206622.0
2018-08-10,98.31,80236.0976,3068596.0
2018-08-13,97.09,79240.3897,3399275.0
2018-08-14,98.4,80309.5514,3754489.0
2018-08-15,96.83,79028.1897,3979161.0
2018-08-16,97.68,79721.9206,4325089.0
2018-08-17,97.98,79966.7668,2576143.0
2018-08-20,98.97,80774.7592,3467033.0
2018-08-21,99.74,81403.1978,5599879.0
2018-08-22,105.52,85576.72,24973385.0
2018-08-23,107.15,86898.65,7492909.0
2018-08-24,106.8,86614.8,5107466.0
2018-08-27,106.97,86752.67,3119400.0
2018-08-28,108.27,87806.97,3794742.0
2018-08-29,108.68,88139.48,3298189.0
2018-08-30,107.88,87490.68,2533309.0
2018-08-31,108.75,88196.25,4263258.0
2018-09-04,109.93,88853.6959,3883834.0
2018-09-05,108.41,87625.1176,4722927.0
2018-09-06,109.38,88409.1445,3621565.0
2018-09-07,109.59,88578.8823,3826216.0
2018-09-10,112.39,90842.053,6210565.0
2018-09-11,114.18,92288.8656,5757662.0
2018-09-12,114.34,92418.1897,5515423.0
2018-09-13,112.75,91133.0321,4856475.0
2018-09-14,113.89,92054.4658,5294687.0
2018-09-17,113.74,91933.2245,4779979.0
2018-09-18,115.55,93396.2027,4439784.0
2018-09-19,116.26,93970.0781,3587389.0
2018-09-20,116.7,94325.7192,4663809.0
2018-09-21,116.84,94438.8778,9171808.0
2018-09-24,115.01,92959.7341,5647672.0
2018-09-25,115.2,93113.3064,3999108.0
2018-09-26,114.79,92781.9135,4293685.0
2018-09-27,114.5,92547.5137,4419893.0
2018-09-28,114.82,92806.1618,5745185.0
2018-10-01,114.07,92199.9554,4430061.0
2018-10-02,112.59,91003.708,5055608.0
2018-10-03,111.75,90324.7568,6153914.0
2018-10-04,110.78,89540.7299,5750166.0
2018-10-05,109.74,88700.1236,5278462.0
2018-10-08,109.9,88829.4477,4187032.0
2018-10-09,109.17,88239.4067,3425810.0
2018-10-10,106.29,85911.5741,5258244.0
2018-10-11,104.23,84246.5271,6025462.0
2018-10-12,105.36,85159.8781,4504419.0
2018-10-15,104.67,84602.1682,3802175.0
2018-10-16,105.98,85661.0088,3637263.0
2018-10-17,102.44,82799.7145,5960140.0
2018-10-18,99.71,80593.1231,7071859.0
2018-10-19,99.59,80496.1301,4686650.0
2018-10-22,98.39,79526.1998,3770662.0
2018-10-23,98.12,79307.9655,6968495.0
2018-10-24,96.53,78022.8079,5724457.0
2018-10-25,97.95,79170.5587,4534896.0
2018-10-26,93.78,75800.051,6600005.0
2018-10-29,92.86,75056.4378,4245246.0
2018-10-30,94.74,76575.9952,4913153.0
2018-10-31,95.22,76963.9673,5792046.0
2018-11-01,97.44,78758.3383,4626921.0
2018-11-02,96.82,78257.2077,4535542.0
2018-11-05,97.07,78459.2765,3309702.0
2018-11-06,97.51,78814.9176,2432422.0
2018-11-07,100.6,81312.488,6632574.0
2018-11-08,99.47,80399.137,4918554.0
2018-11-09,96.82,78257.2077,5187005.0
2018-11-12,95.65,77311.5257,6183608.0
2018-11-13,95.59,77263.0291,5196803.0
2018-11-14,94.91,76713.402,4381078.0
2018-11-15,93.68,75719.2235,6747672.0
2018-11-16,93.25,75371.6651,4090629.0
2018-11-19,91.35,73835.9422,5898011.0
2018-11-20,86.18,69657.1592,10061223.0
2018-11-21,88.37,71427.282,7344492.0
2018-11-23,87.81,70974.6479,3008423.0
2018-11-26,89.31,72187.0607,5151067.0
2018-11-27,91.64,74070.342,5608121.0
2018-11-28,93.69,75727.3062,6964007.0
2018-11-29,93.2,75331.2513,5398758.0
2018-11-30,94.37,76276.9334,6881030.0
2018-12-03,94.29,76212.2713,5645390.0
2018-12-04,90.33,73011.5014,6113975.0
2018-12-06,90.95,73028.9398,5954334.0
2018-12-07,89.4,71784.3564,4968607.0
2018-12-10,89.43,71808.4451,3262664.0
2018-12-11,89.48,71848.593,4137023.0
2018-12-12,92.11,73960.3699,10837472.0
2018-12-13,94.29,75710.8162,7984556.0
2018-12-14,93.36,74964.0662,7103869.0
2018-12-17,90.45,72627.4613,6047694.0
2018-12-18,91.46,73438.4479,4574542.0
2018-12-19,90.33,72531.1064,5188759.0
2018-12-20,89.16,71591.6467,6819303.0
2018-12-21,87.64,70371.1521,8070292.0
2018-12-24,85.96,69022.1843,3121748.0
2018-12-26,91.04,73101.2059,4335176.0
2018-12-27,91.86,73759.6307,4700375.0
2018-12-28,91.87,73767.6602,3825342.0
2018-12-31,92.36,74161.1092,4034076.0
2019-01-02,92.27,74088.843,4198179.0
2019-01-03,91.17,73205.5903,3798939.0
2019-01-04,93.87,75373.5742,4107428.0
2019-01-07,95.65,76802.8377,4884982.0
2019-01-08,97.63,78392.6926,4663534.0
2019-01-09,97.03,77910.9184,5692269.0
2019-01-10,95.98,77067.8135,4494025.0
2019-01-11,97.3,78127.7168,3682128.0
2019-01-14,96.91,77814.5635,2931597.0
2019-01-15,94.91,76208.6495,4921960.0
2019-01-16,93.96,75445.8404,4579155.0
2019-01-17,92.05,73912.1925,6947589.0
2019-01-18,94.98,76264.8565,7206610.0
2019-01-22,91.56,73518.7436,5950010.0
2019-01-23,91.83,73735.542,4842288.0
2019-01-24,91.8,73711.4532,4047279.0
2019-01-25,93.82,75333.4264,4751469.0
2019-01-28,93.15,74795.4452,3631915.0
2019-01-29,93.43,75020.2732,3125622.0
2019-01-30,95.75,76883.1334,4965948.0
2019-01-31,96.16,77212.3458,5400491.0
2019-02-01,97.11,77975.1549,5324106.0
2019-02-04,97.87,78585.4023,2801388.0
2019-02-05,98.1,78770.0824,3667013.0
2019-02-06,97.19,78039.3915,2952581.0
2019-02-07,96.88,77790.4748,3990230.0
2019-02-08,97.17,78023.3324,6217683.0
2019-02-11,96.88,77790.4748,3045635.0
2019-02-12,99.47,79870.1335,3553232.0
2019-02-13,101.46,81468.0179,6576398.0
2019-02-14,101.51,81508.1658,3009756.0
2019-02-15,104.24,83700.2384,4666066.0
2019-02-19,105.06,84358.6632,3342913.0
2019-02-20,105.66,84840.4374,3328342.0
2019-02-21,105.52,84728.0234,3395690.0
2019-02-22,106.27,85330.2411,2734640.0
2019-02-25,105.01,84318.5153,4665053.0
2019-02-26,105.03,84334.5744,7954659.0
2019-02-27,107.62,86414.2331,8874709.0
2019-02-28,105.09,84382.7519,8144298.0
2019-03-01,103.96,83475.4104,4655308.0
2019-03-04,103.19,82857.1336,4015273.0
2019-03-05,103.01,82712.6013,3460089.0
2019-03-06,102.34,82174.6201,2730650.0
2019-03-07,100.71,80865.8002,4704816.0
2019-03-08,99.33,79757.7195,6181344.0
2019-03-11,100.4,80616.8835,4598900.0
2019-03-12,100.86,80986.2437,4928430.0
2019-03-13,101.17,81235.1604,6268161.0
2019-03-14,100.81,80946.0959,5393351.0
2019-03-15,100.14,80408.1147,6677537.0
2019-03-18,101.88,81805.2599,4471414.0
2019-03-19,103.45,83065.9024,5801512.0
2019-03-20,103.59,83178.3164,4636046.0
2019-03-21,106.35,85394.4777,4835255.0
2019-03-22,104.95,84270.3379,4106779.0
2019-03-25,106.03,85137.5315,3994856.0
2019-03-26,105.96,85081.3245,4633318.0
2019-03-27,107.39,86229.553,4230065.0
2019-03-28,108.37,87016.4508,4099864.0
2019-03-29,109.47,87899.7036,5318752.0
2019-04-01,108.93,87466.1068,10407975.0
2019-04-02,109.91,87479.8658,3722366.0
2019-04-03,111.93,89087.6297,4127297.0
2019-04-04,113.32,90193.9623,3007758.0
2019-04-05,114.98,91515.194,3776837.0
2019-04-08,115.79,92159.8914,4988121.0
2019-04-09,113.14,90050.6962,3694398.0
2019-04-10,113.76,90544.1683,4434937.0
2019-04-11,115.13,91634.5824,2540552.0
2019-04-12,116.26,92533.9751,3214092.0
2019-04-15,117.18,93266.224,3110819.0
2019-04-16,117.03,93146.8356,2687929.0
2019-04-17,117.12,93218.4686,3874731.0
2019-04-18,113.74,90528.2498,6321446.0
2019-04-22,113.43,90281.5138,4674338.0
2019-04-23,113.54,90369.0653,4033892.0
2019-04-24,113.97,90711.3121,2940168.0
2019-04-25,113.6,90416.8207,4164774.0
2019-04-26,112.48,89525.3872,4064586.0
2019-04-29,112.22,89318.4473,3186888.0
2019-04-30,113.14,90050.6962,3367106.0
2019-05-01,110.7,88108.6448,2953077.0
2019-05-02,112.11,89230.8958,3206036.0
2019-05-03,112.36,89429.8765,2575243.0
2019-05-06,111.35,88625.9945,2730551.0
2019-05-07,107.12,85259.2414,4885507.0
2019-05-08,106.73,84948.8316,3366516.0
2019-05-09,106.29,84598.6256,2919723.0
2019-05-10,106.64,84877.1985,3795277.0
2019-05-13,104.66,83301.2716,4714889.0
2019-05-14,105.75,84168.8273,2961971.0
2019-05-15,107.62,85657.2028,5104231.0
2019-05-16,108.59,86429.2478,2860528.0
2019-05-17,109.02,86771.4946,3712866.0
2019-05-20,109.2,86914.7607,4452366.0
2019-05-21,111.1,88427.0139,6415472.0
2019-05-22,97.94,77952.6709,22721534.0
2019-05-23,94.8,75453.4736,12687503.0
2019-05-24,95.37,75907.1495,7096188.0
2019-05-28,91.87,73121.42,11747167.0
2019-05-29,93.23,74203.8749,9281782.0
2019-05-30,93.88,74721.2247,5709933.0
2019-05-31,93.28,74243.671,6530391.0
2019-06-03,93.84,73468.8829,8393931.0
2019-06-04,96.83,75809.8031,5560500.0
2019-06-05,96.25,75355.7116,5137114.0
2019-06-06,96.24,75347.8824,4569636.0
2019-06-07,96.76,75754.999,3974720.0
2019-06-10,96.31,75402.6866,5789543.0
2019-06-11,96.35,75434.0032,3256229.0
2019-06-12,96.33,75418.3449,2878911.0
2019-06-13,98.62,77211.2237,3617561.0
2019-06-14,99.63,78001.9693,4437205.0
2019-06-17,100.08,78354.2817,4212725.0
2019-06-18,99.31,77751.436,3960933.0
2019-06-19,98.73,77297.3445,5558055.0
2019-06-20,101.44,79419.0481,5355382.0
2019-06-21,100.84,78949.2982,7188197.0
2019-06-24,99.02,77524.3902,4920158.0
2019-06-25,98.22,76898.0571,4767924.0
2019-06-26,99.24,77696.6319,4399905.0
2019-06-27,99.36,77790.5819,3395753.0
2019-06-28,100.91,79004.1024,4298887.0
2019-07-01,102.2,80014.0647,4073827.0
2019-07-02,102.69,80397.6937,2560358.0
2019-07-03,103.15,80757.8353,1851187.0
2019-07-05,104.22,81595.556,2536419.0
2019-07-08,104.66,81940.0392,3882856.0
2019-07-09,104.86,82096.6225,3719691.0
2019-07-10,103.08,80703.0312,4302209.0
2019-07-11,104.87,82104.4517,2977779.0
2019-07-12,107.4,84085.2304,4814239.0
2019-07-15,107.97,84531.4928,4492340.0
2019-07-16,106.5,83380.6055,4722809.0
2019-07-17,104.93,82151.4267,5159198.0
2019-07-18,103.75,81227.5852,5149568.0
2019-07-19,102.5,80248.9396,4190920.0
2019-07-22,102.55,80288.0854,4501160.0
2019-07-23,102.6,80327.2313,5064163.0
2019-07-24,102.8,80483.8146,5989181.0
2019-07-25,102.05,79896.6272,4215087.0
2019-07-26,103.53,81055.3436,4785832.0
2019-07-29,103.96,81391.9977,3909648.0
2019-07-30,103.77,81243.2435,3981449.0
2019-07-31,101.4,79387.7315,5533366.0
2019-08-01,99.49,77892.361,5469572.0
2019-08-02,99.23,77688.8027,3917864.0
2019-08-05,97.04,75974.2156,4685062.0
2019-08-06,97.92,76663.1821,4167823.0
2019-08-07,98.38,77023.3237,3686654.0
2019-08-08,100.47,78659.6191,3495843.0
2019-08-09,98.55,77156.4195,5370930.0
2019-08-12,96.08,75222.6158,2878757.0
2019-08-13,96.58,75614.074,5133010.0
2019-08-14,93.59,73273.1537,5746305.0
2019-08-15,93.38,73108.7413,4745131.0
2019-08-16,93.92,73531.5162,4368316.0
2019-08-19,95.05,74416.2118,7211985.0
2019-08-20,97.87,76624.0363,9301559.0
2019-08-21,108.0,84554.9803,19756401.0
2019-08-22,108.16,84680.2469,7264735.0
2019-08-23,106.39,83294.4847,5520765.0
2019-08-26,106.4,83302.3139,4720441.0
2019-08-27,106.04,83020.464,3722670.0
2019-08-28,108.18,84695.9052,4188054.0
2019-08-29,112.59,88148.5669,5997472.0
2019-08-30,112.2,87843.2295,4611660.0
2019-09-03,111.18,85808.5726,3893604.0
2019-09-04,111.92,86379.7036,4114047.0
2019-09-05,114.21,88147.1224,3662707.0
2019-09-06,114.71,88533.0218,3462662.0
2019-09-09,114.79,88594.7657,3782239.0
2019-09-10,115.28,88972.947,4771653.0
2019-09-11,113.49,87591.4274,4073659.0
2019-09-12,113.88,87892.4289,3471363.0
2019-09-13,113.36,87491.0936,3476547.0
2019-09-16,112.63,86927.6806,2433439.0
2019-09-17,112.73,87004.8605,2833220.0
2019-09-18,112.6,86904.5266,2358126.0
2019-09-19,111.87,86341.1136,2425078.0
2019-09-20,110.96,85638.7769,6261592.0
2019-09-23,110.44,85237.4416,5644597.0
2019-09-24,110.02,84913.2862,3947625.0
2019-09-25,110.75,85476.6992,2915149.0
2019-09-26,110.72,85453.5452,3993389.0
2019-09-27,109.54,84542.8228,3939603.0
2019-09-30,109.96,84866.9782,4028065.0
2019-10-01,109.52,84527.3868,3969748.0
2019-10-02,106.35,82080.7852,5055502.0
2019-10-03,106.37,82096.2211,5027743.0
2019-10-04,107.42,82906.6097,4323319.0
2019-10-07,108.23,83531.7666,3690282.0
2019-10-08,106.5,82196.5549,3385135.0
2019-10-09,106.3,82042.1952,3228483.0
2019-10-10,108.19,83500.8946,3301010.0
2019-10-11,110.81,85523.0071,4511822.0
2019-10-14,110.67,85414.9553,2156990.0
2019-10-15,112.42,86765.6029,3346517.0
2019-10-16,112.33,86696.141,2915472.0
2019-10-17,112.6,86904.5266,2711541.0
2019-10-18,112.84,87089.7583,3713073.0
2019-10-21,111.95,86402.8575,2907836.0
2019-10-22,112.47,86804.1928,3655344.0
2019-10-23,111.51,86063.2661,2261579.0
2019-10-24,110.87,85569.315,2167238.0
2019-10-25,111.58,86117.292,2260022.0
2019-10-28,111.64,86163.5999,2489342.0
2019-10-29,109.53,84535.1048,3034818.0
2019-10-30,111.28,85885.7524,3064933.0
2019-10-31,111.61,86140.446,3413101.0
2019-11-01,112.95,87174.6562,2801801.0
2019-11-04,112.62,86919.9626,2517961.0
2019-11-05,112.2,86595.8072,2360415.0
2019-11-06,112.67,86958.5525,3229238.0
2019-11-07,112.6,86904.5266,2656481.0
2019-11-08,114.0,87985.0447,2792509.0
2019-11-11,114.45,88332.3541,2936827.0
2019-11-12,114.32,88232.0203,4174632.0
2019-11-13,112.85,87097.4763,4331526.0
2019-11-14,114.54,88401.816,2852445.0
2019-11-15,115.52,89158.1787,3623193.0
2019-11-18,115.02,88772.2793,5513349.0
2019-11-19,113.4,87521.9655,7160251.0
2019-11-20,117.83,90941.0335,16114964.0
2019-11-21,117.02,90315.8766,5747806.0
2019-11-22,118.2,91226.599,4473303.0
2019-11-25,117.0,90300.4406,4468956.0
2019-11-26,117.78,90902.4436,4752658.0
2019-11-27,118.46,91427.2667,2947744.0
2019-11-29,117.31,90539.6982,1596032.0
2019-12-02,116.0,89528.642,3324769.0
2019-12-03,114.55,88409.534,5149269.0
2019-12-04,115.46,88497.2531,4147399.0
2019-12-05,115.58,88589.2302,2651218.0
2019-12-06,116.28,89125.763,2463219.0
2019-12-09,117.87,90344.4589,2628654.0
2019-12-10,116.48,89279.0581,2561763.0
2019-12-11,117.66,90183.4991,3611154.0
2019-12-12,118.2,90597.3958,2533231.0
2019-12-13,118.5,90827.3385,3119506.0
2019-12-16,120.08,92038.3696,3749106.0
2019-12-17,119.32,91455.8483,3534180.0
2019-12-18,119.31,91448.1836,3309526.0
2019-12-19,120.21,92138.0114,4501980.0
2019-12-20,119.73,91770.1032,5996119.0
2019-12-23,119.59,91662.7967,3190548.0
2019-12-24,119.77,91800.7623,1126013.0
2019-12-26,119.73,91770.1032,1714839.0
2019-12-27,120.23,92153.3409,2419847.0
2019-12-30,120.05,92015.3754,2327858.0
2019-12-31,119.76,91793.0975,2651251.0
2020-01-02,120.46,92329.6303,2788927.0
2020-01-03,119.6,91670.4614,2774182.0
2020-01-06,120.35,92245.318,3636175.0
2020-01-07,119.63,91693.4557,4221371.0
2020-01-08,121.53,93149.759,4030145.0
2020-01-09,122.05,93548.3262,2932420.0
2020-01-10,121.0,92743.527,2391285.0
2020-01-13,121.05,92781.8508,3817242.0
2020-01-14,120.07,92030.7049,3823426.0
2020-01-15,119.52,91609.1434,3673751.0
2020-01-16,119.27,91417.5245,3780956.0
2020-01-17,122.36,93785.9336,5913778.0
2020-01-21,120.93,92689.8737,3478130.0
2020-01-22,121.91,93441.0197,4843517.0
2020-01-23,122.71,94054.2,3365431.0
2020-01-24,120.23,92153.3409,3670596.0
2020-01-27,119.76,91793.0975,3497366.0
2020-01-28,121.15,92858.4983,3228550.0
2020-01-29,120.42,92298.9713,2566974.0
2020-01-30,119.72,91762.4385,3471763.0
2020-01-31,116.24,89095.104,4370319.0
2020-02-03,117.18,89815.5909,3979612.0
2020-02-04,119.35,91478.8426,4119670.0
2020-02-05,122.13,93609.6443,3215539.0
2020-02-06,121.51,93134.4295,2469155.0
2020-02-07,121.48,93111.4352,2068771.0
2020-02-10,121.21,92904.4869,2976076.0
2020-02-11,123.03,94299.4722,2316260.0
2020-02-12,125.03,95832.423,2727460.0
2020-02-13,124.77,95633.1394,2532130.0
2020-02-14,125.42,96131.3484,2774739.0
2020-02-18,123.23,94452.7672,3430099.0
2020-02-19,123.44,94613.7271,3170623.0
2020-02-20,126.57,97012.7952,4696018.0
2020-02-21,125.31,96047.0361,3861552.0
2020-02-24,122.91,94207.4951,5399788.0
2020-02-25,118.52,90842.668,6522646.0
2020-02-26,113.3,86841.6662,12740485.0
2020-02-27,107.62,82488.0858,8830090.0
2020-02-28,106.57,81683.2866,9987816.0
2020-03-02,111.04,85109.4317,8793951.0
2020-03-03,108.56,83208.5727,8337606.0
2020-03-04,113.29,86834.0015,5207114.0
2020-03-05,107.52,82411.4382,6619108.0
2020-03-06,105.31,80717.5275,7887195.0
2020-03-09,94.22,72217.315,8188181.0
2020-03-10,104.02,79728.7742,9289533.0
2020-03-11,99.15,75996.0389,6206639.0
2020-03-12,89.92,68921.4707,9903372.0
2020-03-13,96.49,73957.2142,10007076.0
2020-03-16,72.59,55638.4515,14770819.0
2020-03-17,73.79,56558.222,15323893.0
2020-03-18,65.02,49836.2325,11133924.0
2020-03-19,69.87,53553.6383,12141236.0
2020-03-20,66.36,50863.3095,11541390.0
2020-03-23,67.8,51967.0342,9594423.0
2020-03-24,77.3,58357.5305,9004114.0
2020-03-25,83.72,63204.3008,9907535.0
2020-03-26,88.11,66518.5254,10105795.0
2020-03-27,86.98,65665.4334,6885783.0
2020-03-30,88.71,66971.4946,5717052.0
2020-03-31,86.05,64963.3312,5526239.0
2020-04-01,80.42,60712.9703,8115372.0
2020-04-02,82.86,62555.045,8246667.0
2020-04-03,82.2,62056.7789,6448510.0
2020-04-06,88.77,67016.7915,9422337.0
2020-04-07,90.96,68670.129,7854933.0
2020-04-08,94.35,71229.4049,4715922.0
2020-04-09,95.31,71954.1556,6543908.0
2020-04-13,95.2,71871.1113,5489697.0
2020-04-14,99.07,74792.7626,5654981.0
2020-04-15,94.34,71221.8555,7379578.0
2020-04-16,92.44,69787.453,9034704.0
2020-04-17,97.1,73305.5137,7136331.0
2020-04-20,95.13,71818.2649,5271887.0
2020-04-21,92.62,69923.3438,5541463.0
2020-04-22,94.95,71682.3741,4772293.0
2020-04-23,94.9,71644.6267,4096215.0
2020-04-24,98.75,74551.179,5432695.0
2020-04-27,101.97,76982.1136,5336463.0
2020-04-28,103.52,78152.284,5588369.0
2020-04-29,106.16,80145.3485,5205478.0
2020-04-30,104.75,79080.8709,4814059.0
2020-05-01,104.46,78861.9358,3811309.0
2020-05-04,107.35,81043.7374,4088055.0
2020-05-05,110.15,83157.5936,5237018.0
2020-05-06,109.62,82757.4708,4435194.0
2020-05-07,111.92,84493.8527,3207222.0
2020-05-08,114.23,86237.7841,3951912.0
2020-05-11,113.39,85603.6272,3863707.0
2020-05-12,111.24,83980.4876,3685234.0
2020-05-13,110.43,83368.9792,6643319.0
2020-05-14,110.39,83338.7813,6097865.0
2020-05-15,113.78,85898.0572,8950421.0
2020-05-18,116.73,88125.1557,7741506.0
2020-05-19,116.87,88230.8485,7040980.0
2020-05-20,116.99,88327.45,19289694.0
2020-05-21,120.64,91083.2,9727918.0
2020-05-22,122.25,92298.75,6064702.0
2020-05-26,123.59,93310.45,7683963.0
2020-05-27,128.01,96647.55,7615454.0
2020-05-28,128.12,96730.9555,8011337.0
2020-05-29,130.35,98414.6117,7402414.0
2020-06-01,129.32,97636.9589,5141545.0
2020-06-02,131.98,99645.2662,6023238.0
2020-06-03,132.84,100294.5686,4585179.0
2020-06-04,128.68,97153.7571,7448654.0
2020-06-05,130.97,98882.7134,5550395.0
2020-06-08,130.81,98761.913,4951579.0
2020-06-09,129.57,97825.7096,4472629.0
2020-06-10,130.1,98225.861,3708386.0
2020-06-11,123.94,93575.0439,5998558.0
2020-06-12,126.05,95168.0998,4463104.0
2020-06-15,127.73,96436.5045,5063425.0
2020-06-16,131.74,99464.0656,5024975.0
2020-06-17,135.65,102416.1264,7238823.0
2020-06-18,134.55,101585.6234,3898088.0
2020-06-19,133.83,101042.0214,6684331.0
2020-06-22,134.72,101713.9738,3449218.0
2020-06-23,134.28,101381.7726,3384224.0
2020-06-24,131.98,99645.2662,4150138.0
2020-06-25,131.77,99486.7157,4022797.0
2020-06-26,129.41,97704.9091,5710869.0
2020-06-29,133.52,100807.9705,3327977.0
2020-06-30,135.12,102015.975,4462362.0
2020-07-01,135.63,102401.0264,4802519.0
2020-07-02,135.71,102461.4266,3523089.0
2020-07-06,135.76,102499.1767,3698717.0
2020-07-07,135.02,101940.4747,2991690.0
2020-07-08,135.75,102491.6267,2754018.0
2020-07-09,135.61,102385.9263,3397972.0
2020-07-10,137.43,103760.0314,3252341.0
2020-07-13,136.55,103095.6289,4227187.0
2020-07-14,140.06,105745.6887,4360894.0
2020-07-15,141.22,106621.4919,3496199.0
2020-07-16,142.75,107776.6461,4125056.0
2020-07-17,144.39,109014.8507,3901389.0
2020-07-20,144.1,108795.8999,2769027.0
2020-07-21,145.0,109475.4024,2628433.0
2020-07-22,148.54,112148.1122,4612952.0
2020-07-23,146.5,110607.9065,3664786.0
2020-07-24,147.03,111008.058,3740089.0
2020-07-27,149.12,112586.0138,2791065.0
2020-07-28,147.71,111521.4599,3571838.0
2020-07-29,148.71,112276.4627,2732768.0
2020-07-30,149.2,112646.414,2575043.0
2020-07-31,148.91,112427.4632,3928596.0
2020-08-03,150.27,113454.267,3137355.0
2020-08-04,149.67,113001.2653,2381645.0
2020-08-05,150.26,113446.717,3050364.0
2020-08-06,151.19,114148.8696,2450175.0
2020-08-07,152.78,115349.324,2904970.0
2020-08-10,153.72,116059.0266,3065394.0
2020-08-11,153.87,116172.277,3722973.0
2020-08-12,156.63,118256.0846,3792902.0
2020-08-13,155.7,117553.9321,2272323.0
2020-08-14,154.34,116527.1283,3404870.0
2020-08-17,158.41,119599.9896,5159599.0
2020-08-18,157.91,119222.4882,5741440.0
2020-08-19,158.28,119659.68,9727137.0
2020-08-20,158.58,119886.48,4288539.0
2020-08-21,161.72,122260.32,4568809.0
2020-08-24,165.63,125216.28,4872703.0
2020-08-25,165.92,125435.52,3490852.0
2020-08-26,170.39,128769.8649,5319007.0
2020-08-27,166.31,125686.4618,4425020.0
2020-08-28,165.51,125081.873,3291367.0
2020-08-31,164.69,124462.1694,3421317.0
2020-09-01,167.59,126653.8039,4285439.0
2020-09-02,170.49,128845.4385,4262700.0
2020-09-03,161.52,122066.4861,5734405.0
2020-09-04,156.39,118189.5602,6303827.0
2020-09-08,153.74,116186.8597,4892810.0
2020-09-09,159.53,120562.5714,4382558.0
2020-09-10,158.33,119655.6882,4129178.0
2020-09-11,161.89,122346.1085,4870777.0
2020-09-14,165.19,124840.0374,3583326.0
2020-09-15,169.03,127742.0639,3998096.0
2020-09-16,166.71,125988.7562,3815603.0
2020-09-17,163.78,123774.4496,3717813.0
2020-09-18,160.1,120993.341,5485112.0
2020-09-21,159.6,120615.4729,3929497.0
2020-09-22,161.55,122089.1582,3526263.0
2020-09-23,158.61,119867.2943,3245543.0
2020-09-24,158.52,119799.278,3889008.0
2020-09-25,159.55,120577.6861,2828842.0
2020-09-28,162.59,122875.1237,2815732.0
2020-09-29,162.26,122625.7308,2212820.0
2020-09-30,165.86,125346.3806,4198617.0
2020-10-01,167.17,126336.3948,2677248.0
2020-10-02,166.49,125822.4943,2026575.0
2020-10-05,168.54,127371.7532,2437416.0
2020-10-06,164.99,124688.8902,2765645.0
2020-10-07,168.47,127318.8517,2587682.0
2020-10-08,170.87,129132.6182,3105667.0
2020-10-09,173.23,130916.1552,4594018.0
2020-10-12,172.73,130538.2872,3377890.0
2020-10-13,175.33,132503.2009,2987766.0
2020-10-14,173.61,131203.3349,3476180.0
2020-10-15,176.15,133122.9045,3632100.0
2020-10-16,177.7,134294.2954,3879396.0
2020-10-19,175.13,132352.0537,4073635.0
2020-10-20,177.09,133833.2964,3604505.0
2020-10-21,174.5,131875.94,3431813.0
2020-10-22,171.25,129419.7979,3267591.0
2020-10-23,172.14,130092.403,2963323.0
2020-10-26,168.13,127061.9014,4380849.0
2020-10-27,165.14,124802.2506,4425735.0
2020-10-28,161.42,121990.9125,4947684.0
2020-10-29,160.75,121484.5694,3697758.0
2020-10-30,158.1,119481.8689,3949225.0
2020-11-02,160.23,121091.5867,2978889.0
2020-11-03,164.65,124431.94,2908208.0
2020-11-04,168.22,127129.9177,5006468.0
2020-11-05,169.25,127908.3258,4088125.0
2020-11-06,168.52,127356.6385,2673017.0
2020-11-09,153.45,115967.6963,10765248.0
2020-11-10,155.71,117675.6597,5925070.0
2020-11-11,158.0,119406.2953,4551682.0
2020-11-12,157.98,119391.1805,3894652.0
2020-11-13,159.23,120335.8506,4079036.0
2020-11-16,161.9,122353.6658,5005435.0
2020-11-17,159.86,120811.9643,5642100.0
2020-11-18,146.74,110348.48,18087832.0
2020-11-19,149.6,112499.2,9393703.0
2020-11-20,149.93,112747.36,6015151.0
2020-11-23,153.67,115559.84,6987844.0
2020-11-24,154.96,116529.92,7192821.0
2020-11-25,154.88,113484.1164,5228333.0
2020-11-27,154.67,113330.2446,2081323.0
2020-11-30,155.82,114172.8759,7292382.0
2020-12-01,153.4,112399.6866,6105759.0
2020-12-02,151.81,111234.6572,5133113.0
2020-12-03,151.97,111351.8929,4870135.0
2020-12-04,150.0,109908.4289,4709070.0
2020-12-07,151.99,111366.5473,7306753.0
2020-12-08,151.24,110817.0052,6737305.0
2020-12-09,160.13,117330.9114,11093278.0
2020-12-10,160.22,117396.8565,6647403.0
2020-12-11,157.82,115638.3216,5292644.0
2020-12-14,160.09,117301.6025,4654327.0
2020-12-15,163.33,119675.6246,4766801.0
2020-12-16,163.2,119580.3706,4443487.0
2020-12-17,163.54,119829.4964,4471539.0
2020-12-18,163.2,119580.3706,11916925.0
2020-12-21,164.33,120408.3474,5153058.0
2020-12-22,164.61,120613.5098,3275626.0
2020-12-23,162.43,119016.174,3613660.0
2020-12-24,162.77,119265.2998,1044638.0
2020-12-28,162.04,118730.4121,2634983.0
2020-12-29,160.54,117631.3278,3326108.0
2020-12-30,160.56,117645.9822,3227031.0
2020-12-31,160.51,117609.3461,2335557.0
2021-01-04,160.38,117514.0921,7243433.0
2021-01-05,160.92,117909.7625,3911928.0
2021-01-06,163.07,119485.1166,4937017.0
2021-01-07,163.71,119954.0592,4144388.0
2021-01-08,165.05,120935.9079,4971508.0
2021-01-11,166.32,121866.4659,3005368.0
2021-01-12,168.99,123822.8359,4036911.0
2021-01-13,169.83,124438.3231,3291825.0
2021-01-14,170.39,124848.6479,4090919.0
2021-01-15,171.34,125544.7347,3727244.0
2021-01-19,170.76,125119.7554,4683073.0
2021-01-20,172.39,126314.0937,3899972.0
2021-01-21,172.34,126277.4575,5323189.0
2021-01-22,172.4,126321.4209,3612323.0
2021-01-25,174.1,127567.0498,4764237.0
2021-01-26,173.7,127273.9606,2496297.0
2021-01-27,167.71,122884.9507,4762674.0
2021-01-28,172.34,126277.4575,3816635.0
2021-01-29,166.85,122254.809,4400488.0
2021-02-01,163.37,119704.9335,3898535.0
2021-02-02,166.66,122115.5917,3182202.0
2021-02-03,169.88,124474.9593,2996757.0
2021-02-04,173.03,126783.0363,2679813.0
2021-02-05,175.03,128248.482,2562845.0
2021-02-08,179.17,131281.9546,3422083.0
2021-02-09,177.78,130263.4699,2724077.0
2021-02-10,177.24,129867.7995,2837880.0
2021-02-11,175.73,128761.388,2783923.0
2021-02-12,177.16,129809.1817,2035571.0
2021-02-16,174.06,127537.7408,2947651.0
2021-02-17,177.13,129787.2,2278889.0
2021-02-18,177.16,129809.1817,2758921.0
2021-02-19,177.54,130087.6164,2841998.0
2021-02-22,172.41,126328.7481,3767706.0
2021-02-23,168.59,123529.7468,5149516.0
2021-02-24,162.31,118648.61,9972310.0
2021-02-25,158.52,115878.12,6639320.0
2021-02-26,159.75,116777.25,6030418.0
2021-03-01,161.94,118378.14,3361327.0
2021-03-02,163.05,119189.55,4330969.0
2021-03-03,158.29,115709.99,5238504.0
2021-03-04,153.77,112405.87,7792734.0
2021-03-05,158.58,115921.98,5143052.0
2021-03-08,162.92,119094.52,4613427.0
2021-03-09,165.99,121338.69,4585161.0
2021-03-10,168.46,123144.26,3394910.0
2021-03-11,170.75,124818.25,4989587.0
2021-03-12,171.55,125403.05,3638686.0
2021-03-15,174.2,127340.2,3745517.0
2021-03-16,175.33,128166.23,3737227.0
2021-03-17,174.44,127515.64,3119925.0
2021-03-18,174.87,127829.97,3888064.0
2021-03-19,179.49,131207.19,8525104.0
2021-03-22,181.89,130461.8488,4700154.0
2021-03-23,180.4,129393.1361,3324449.0
2021-03-24,180.68,129593.968,3555416.0
2021-03-25,185.17,132814.4513,4543280.0
2021-03-26,191.61,137433.5854,4795152.0
2021-03-29,188.62,135288.9874,3970939.0
2021-03-30,190.02,136293.147,3547575.0
2021-03-31,190.18,136407.9081,3564357.0
2021-04-01,191.32,137225.5809,3192229.0
2021-04-05,193.73,138954.1699,3507184.0
2021-04-06,194.2,139291.2807,2917930.0
2021-04-07,193.67,138911.1345,3276259.0
2021-04-08,194.21,139298.4532,2684463.0
2021-04-09,198.51,142382.6577,3168770.0
2021-04-12,200.65,143917.5874,3647875.0
2021-04-13,199.72,143250.5385,2964525.0
2021-04-14,201.52,144541.6008,3371879.0
2021-04-15,204.57,146713.1802,3656292.0
2021-04-16,208.25,149352.3966,6359772.0
2021-04-19,204.01,146311.5603,3828801.0
2021-04-20,202.77,145422.2591,3006194.0
2021-04-21,203.91,146239.8424,2716757.0
2021-04-22,201.3,144368.0069,3712957.0
2021-04-23,200.93,144102.6509,3634022.0
2021-04-26,199.19,142854.7605,3017006.0
2021-04-27,199.05,142754.3555,3453852.0
2021-04-28,196.06,140609.9922,4939169.0
2021-04-29,198.44,142316.8767,3860273.0
2021-04-30,196.25,140746.2561,4255564.0
2021-05-03,199.2,142861.9323,4629549.0
2021-05-04,200.3,143650.8285,4150088.0
2021-05-05,200.0,143435.675,3715334.0
2021-05-06,205.94,147695.7145,4525204.0
2021-05-07,208.4,149459.9733,3695125.0
2021-05-10,211.31,151546.9624,4476915.0
2021-05-11,205.34,147265.4075,4449217.0
2021-05-12,195.54,140237.0594,5406645.0
2021-05-13,200.34,143679.5156,4495509.0
2021-05-14,198.91,142653.9506,3742979.0
2021-05-17,194.13,139225.8379,5798755.0
2021-05-18,192.75,138236.1318,5691482.0
2021-05-19,190.72,136364.8,6797914.0
2021-05-20,193.41,138288.15,4397664.0
2021-05-21,192.47,137616.05,4032744.0
2021-05-24,190.66,136321.9,3396434.0
2021-05-25,193.02,138009.3,4089275.0
2021-05-26,193.6,138424.0,3565939.0
2021-05-27,193.77,136974.1018,5126469.0
2021-05-28,194.83,137723.4054,3619589.0
2021-06-01,191.85,135616.8728,4105632.0
2021-06-02,190.77,134853.4314,3997711.0
2021-06-03,190.3,134521.1931,3469466.0
2021-06-04,189.91,134245.5059,4210681.0
2021-06-07,190.25,134485.8486,2913482.0
2021-06-08,191.4,135298.7722,3604841.0
2021-06-09,190.6,134733.2601,3638947.0
2021-06-10,188.78,133446.7201,3905835.0
2021-06-11,190.81,134881.707,3127773.0
2021-06-14,189.66,134068.7834,3257722.0
2021-06-15,187.88,132810.5189,4472613.0
2021-06-16,186.2,131622.9435,4176146.0
2021-06-17,186.84,132075.3532,4260944.0
2021-06-18,186.88,132103.6288,9316869.0
2021-06-21,188.88,133517.4091,4539680.0
2021-06-22,191.72,135524.9771,3995715.0
2021-06-23,191.14,135114.9808,2836086.0
2021-06-24,191.75,135546.1838,2768003.0
2021-06-25,192.66,136189.4538,4149785.0
2021-06-28,193.21,136578.2434,2510639.0
2021-06-29,194.2,137278.0646,2628892.0
2021-06-30,193.97,137115.4799,2716109.0
2021-07-01,195.82,138423.2266,2456346.0
2021-07-02,195.71,138345.4687,2553453.0
2021-07-06,194.75,137666.8542,2588629.0
2021-07-07,195.88,138465.64,3647371.0
2021-07-08,192.8,136288.4184,3993821.0
2021-07-09,195.33,138076.8505,2436359.0
2021-07-12,195.57,138246.5041,2405689.0
2021-07-13,194.28,137334.6158,3192075.0
2021-07-14,192.74,136246.005,2943386.0
2021-07-15,195.75,138373.7443,3187979.0
2021-07-16,196.14,138649.4315,4920693.0
2021-07-19,192.9,136359.1074,5213961.0
2021-07-20,194.11,137214.4445,2882733.0
2021-07-21,195.13,137935.4724,2112874.0
2021-07-22,196.77,139094.7723,3244279.0
2021-07-23,200.84,141971.8151,3358116.0
2021-07-26,197.74,139780.4557,3422176.0
2021-07-27,193.51,136790.3104,4106073.0
2021-07-28,192.39,135998.5935,2152764.0
2021-07-29,193.62,136868.0683,2532817.0
2021-07-30,192.69,136210.6605,2841591.0
2021-08-02,190.96,134987.7406,3051665.0
2021-08-03,193.95,137101.3421,2335367.0
2021-08-04,189.9,134238.437,3162398.0
2021-08-05,190.68,134789.8113,2335758.0
2021-08-06,190.16,134422.2285,2855017.0
2021-08-09,187.99,132888.2769,2296182.0
2021-08-10,189.73,134118.2657,2548402.0
2021-08-11,194.52,137504.2694,3367253.0
2021-08-12,192.0,135722.9063,2754081.0
2021-08-13,190.51,134669.64,2400926.0
2021-08-16,193.48,136769.1037,3486642.0
2021-08-17,182.26,128837.7964,8256370.0
2021-08-18,199.73,139611.27,16992721.0
2021-08-19,202.59,141610.41,5378332.0
2021-08-20,208.21,145538.79,4915661.0
2021-08-23,206.06,144035.94,4195205.0
2021-08-24,203.39,142169.61,4110644.0
2021-08-25,206.18,144119.82,2628833.0
2021-08-26,205.65,143749.35,3250430.0
2021-08-27,205.9,142571.8909,3128212.0
2021-08-30,204.99,141941.7771,3986280.0
2021-08-31,203.89,141180.1012,4877879.0
2021-09-01,203.43,140861.5821,2835036.0
2021-09-02,206.15,142744.999,2656307.0
2021-09-03,205.98,142627.2855,2260908.0
2021-09-07,205.15,142052.5664,2591895.0
2021-09-08,204.09,141318.5877,3344859.0
2021-09-09,203.01,140570.7604,2566245.0
2021-09-10,204.33,141484.7715,2505756.0
2021-09-13,206.05,142675.7558,3159040.0
2021-09-14,204.17,141373.9823,2488582.0
2021-09-15,205.61,142371.0854,2956611.0
2021-09-16,208.48,144358.3672,3365599.0
2021-09-17,209.03,144739.2052,5835397.0
2021-09-20,205.27,142135.6583,3640389.0
2021-09-21,206.27,142828.091,2681274.0
2021-09-22,208.89,144642.2646,3169203.0
2021-09-23,207.98,144012.1509,3128815.0
2021-09-24,207.87,143935.9833,2275876.0
2021-09-27,210.63,145847.0975,2886211.0
2021-09-28,205.43,142246.4475,4030423.0
2021-09-29,207.1,143402.8101,2678368.0
2021-09-30,202.86,140466.8955,3829021.0
2021-10-01,203.7,141048.539,3016400.0
2021-10-04,204.51,141609.4094,5195641.0
2021-10-05,204.27,141443.2256,3483142.0
2021-10-06,204.0,141256.2688,3079628.0
2021-10-07,207.9,143956.7563,3001146.0
2021-10-08,206.16,142751.9234,3042044.0
2021-10-11,208.85,144614.5673,3267889.0
2021-10-12,209.8,145272.3784,2793550.0
2021-10-13,212.12,146878.8222,3275725.0
2021-10-14,216.45,149877.0558,3177235.0
2021-10-15,219.16,151753.5483,2930548.0
2021-10-18,221.74,153540.0247,2785992.0
2021-10-19,222.91,154350.1709,2976253.0
2021-10-20,225.01,155804.2796,2293870.0
2021-10-21,227.42,157473.0424,2883245.0
2021-10-22,228.77,158407.8265,2207451.0
2021-10-25,231.82,160519.7462,3018519.0
2021-10-26,231.07,160000.4217,2801056.0
2021-10-27,231.77,160485.1246,2801745.0
2021-10-28,231.76,160478.2002,2421697.0
2021-10-29,233.82,161904.6116,3316325.0
2021-11-01,231.75,160471.2759,3861604.0
2021-11-02,233.03,161357.5898,2167348.0
2021-11-03,234.3,162236.9793,2629344.0
2021-11-04,237.78,164646.645,2508823.0
2021-11-05,235.54,163095.5958,2356480.0
2021-11-08,234.79,162576.2713,2797387.0
2021-11-09,233.91,161966.9305,2307588.0
2021-11-10,232.55,161025.2221,2403123.0
2021-11-11,232.32,160865.9625,1921436.0
2021-11-12,236.32,163635.6933,2462903.0
2021-11-15,234.92,162666.2875,2219943.0
2021-11-16,244.78,169493.6739,5223229.0
2021-11-17,245.73,170151.4849,6823898.0
2021-11-18,247.38,169702.68,3468889.0
2021-11-19,249.52,171170.72,3685521.0
2021-11-22,252.35,173112.1,4460971.0
2021-11-23,251.91,172810.26,2550700.0
2021-11-24,252.63,170208.7524,1952637.0
2021-11-26,247.69,166880.4412,1890971.0
2021-11-29,248.58,167480.0762,3209064.0
2021-11-30,244.59,164791.825,6236008.0
2021-12-01,245.34,165297.1353,4019688.0
2021-12-02,250.39,168699.5587,3706711.0
2021-12-03,248.69,167554.1884,3972165.0
2021-12-06,251.18,169231.8189,3008545.0
2021-12-07,256.91,173092.3903,3405621.0
2021-12-08,256.74,172977.8533,3820799.0
2021-12-09,258.15,173927.8368,3812705.0
2021-12-10,261.38,176104.0403,2547664.0
2021-12-13,257.24,173314.7269,3915269.0
2021-12-14,252.46,170094.2153,5100578.0
2021-12-15,257.54,173516.8511,4939283.0
2021-12-16,253.24,170619.7381,4457213.0
2021-12-17,248.09,167149.9401,10175909.0
2021-12-20,245.62,165485.7846,3900882.0
2021-12-21,246.98,166402.0807,2963847.0
2021-12-22,249.7,168234.6731,1772047.0
2021-12-23,250.09,168497.4345,2060478.0
2021-12-27,253.7,170929.6618,1590318.0
2021-12-28,254.02,171145.2609,1531542.0
2021-12-29,257.57,173537.0635,1617702.0
2021-12-30,256.39,172742.0418,1488100.0
2021-12-31,258.48,174150.1734,1774222.0
2022-01-03,255.51,172149.1443,5305697.0
2022-01-04,259.81,175046.2572,3638211.0
2022-01-05,254.75,171637.0964,3808574.0
2022-01-06,257.79,173685.2879,3616309.0
2022-01-07,251.09,169171.1817,4945544.0
2022-01-10,247.69,166880.4412,6292571.0
2022-01-11,249.5,168099.9237,3414950.0
2022-01-12,250.72,168921.8952,2825576.0
2022-01-13,250.7,168908.4203,2243611.0
2022-01-14,243.4,163990.0658,3258477.0
2022-01-18,238.41,160628.0673,4612577.0
2022-01-19,234.7,158128.4653,4146791.0
2022-01-20,223.93,150872.208,5946565.0
2022-01-21,225.02,151606.5925,5724411.0
2022-01-24,232.35,156545.1594,4912593.0
2022-01-25,230.01,154968.5909,4099153.0
2022-01-26,228.1,153681.7338,4349153.0
2022-01-27,225.93,152219.7024,3426116.0
2022-01-28,234.99,158323.8519,3215463.0
2022-01-31,237.35,159913.8953,4486036.0
2022-02-01,238.35,160587.6425,2723824.0
2022-02-02,239.11,161099.6904,2442894.0
2022-02-03,234.11,157730.9544,2512234.0
2022-02-04,229.07,154335.2686,3456689.0
2022-02-07,227.02,152954.0868,2990056.0
2022-02-08,231.76,156147.6485,2572444.0
2022-02-09,233.66,157427.7682,2115334.0
2022-02-10,227.4,153210.1108,3053766.0
2022-02-11,225.91,152206.2275,2192806.0
2022-02-14,225.95,152233.1774,2025703.0
2022-02-15,228.1,153681.7338,1846100.0
2022-02-16,227.01,152947.3494,2461400.0
2022-02-17,223.79,150777.8834,2482353.0
2022-02-18,222.69,150036.7615,4241661.0
2022-02-22,214.59,144579.4093,7641105.0
2022-02-23,215.09,144110.3,8936864.0
2022-02-24,213.41,142984.7,5749345.0
2022-02-25,219.18,146850.6,4613281.0
2022-02-28,221.06,148110.2,5440555.0
2022-03-01,221.5,148405.0,3953236.0
2022-03-02,228.66,153202.2,4513727.0
2022-03-03,226.28,151607.6,3180721.0
2022-03-04,224.07,150126.9,3145816.0
2022-03-07,222.26,148914.2,4022744.0
2022-03-08,223.26,149584.2,3726146.0
2022-03-09,225.88,151339.6,3428704.0
2022-03-10,224.17,150193.9,3318890.0
2022-03-11,222.21,148880.7,2616309.0
2022-03-14,226.51,151761.7,3607706.0
2022-03-15,231.07,154816.9,3413674.0
2022-03-16,231.33,154991.1,3497382.0
2022-03-17,234.38,157034.6,3323855.0
2022-03-18,235.67,157898.9,9149965.0
2022-03-21,227.6,150571.3512,4349172.0
2022-03-22,228.47,151146.9095,3248750.0
2022-03-23,220.92,146152.1217,3728128.0
2022-03-24,219.17,144994.3895,3399162.0
2022-03-25,212.92,140859.6314,6832850.0
2022-03-28,213.78,141428.5741,6579600.0
2022-03-29,219.57,145259.014,4993689.0
2022-03-30,209.49,138590.4761,7090934.0
2022-03-31,202.19,133761.0786,7318469.0
2022-04-01,202.4,133900.0065,4827182.0
2022-04-04,204.12,135037.8919,5427547.0
2022-04-05,204.87,135534.0629,4707282.0
2022-04-06,200.65,132742.2742,6356121.0
2022-04-07,202.64,134058.7812,4411564.0
2022-04-08,206.66,136718.2576,5065517.0
2022-04-11,204.59,135348.8258,3576161.0
2022-04-12,204.14,135051.1232,4354856.0
2022-04-13,205.51,135957.4621,2803473.0
2022-04-14,201.28,133070.4337,4001575.0
2022-04-18,198.52,131245.7397,3800438.0
2022-04-19,203.04,134234.0066,3392926.0
2022-04-20,208.74,138002.3963,3906051.0
2022-04-21,205.03,135549.6374,3797609.0
2022-04-22,197.06,130280.5031,4216309.0
2022-04-25,200.38,132475.4248,3895913.0
2022-04-26,199.59,131953.1392,3959126.0
2022-04-27,199.57,131939.9168,3028244.0
2022-04-28,205.14,135622.3607,3250689.0
2022-04-29,197.73,130723.4541,4217600.0
2022-05-02,203.14,134300.1187,3697789.0
2022-05-03,201.63,133301.826,3002576.0
2022-05-04,207.16,136957.8251,4452366.0
2022-05-05,195.92,129526.8251,4262901.0
2022-05-06,192.29,127126.9559,3910713.0
2022-05-09,196.07,129625.9933,3998316.0
2022-05-10,192.13,127021.1766,3638724.0
2022-05-11,187.77,124138.689,4598202.0
2022-05-12,191.7,126736.8945,4292960.0
2022-05-13,194.0,128257.4728,2911878.0
2022-05-16,194.73,128740.0912,4405388.0
2022-05-17,194.03,128277.3065,8209965.0
2022-05-18,183.82,121527.2611,7847561.0
2022-05-19,187.86,122484.72,5132247.0
2022-05-20,184.69,120417.88,5722556.0
2022-05-23,186.25,121435.0,3546848.0
2022-05-24,184.62,120372.24,4486453.0
2022-05-25,188.55,122934.6,3986461.0
2022-05-26,195.53,124968.8601,3338117.0
2022-05-27,199.63,127589.2883,2779220.0
2022-05-31,195.3,124821.8605,4733916.0
2022-06-01,191.72,122533.7793,3290348.0
2022-06-02,196.13,125352.3374,3359184.0
2022-06-03,195.45,124917.7298,2262787.0
2022-06-06,196.77,125761.3799,2691594.0
2022-06-07,195.65,125045.5556,3269772.0
2022-06-08,192.45,123000.3433,2775810.0
2022-06-09,194.28,124169.9491,2999674.0
2022-06-10,186.33,119088.8749,3565302.0
2022-06-13,181.26,115848.4917,3899277.0
2022-06-14,177.94,113726.584,4037325.0
2022-06-15,179.01,114410.4519,4127799.0
2022-06-16,171.61,109680.8985,5536507.0
2022-06-17,172.47,110230.5493,8498950.0
2022-06-21,172.38,110173.0277,4753347.0
2022-06-22,173.6,110952.7649,4437993.0
2022-06-23,176.33,112697.5866,3611682.0
2022-06-24,182.84,116858.3153,5346188.0
2022-06-27,184.22,117740.3131,2829378.0
2022-06-28,174.72,111668.5892,4992125.0
2022-06-29,176.1,112550.587,2802682.0
2022-06-30,174.67,111636.6327,4415419.0
2022-07-01,177.36,113355.8893,3095545.0
2022-07-05,179.88,114966.4939,3227129.0
2022-07-06,179.06,114442.4083,2177656.0
2022-07-07,181.57,116046.6217,2935689.0
2022-07-08,181.63,116084.9694,2024782.0
2022-07-11,180.11,115113.4936,2285164.0
2022-07-12,181.0,115682.3182,3184728.0
2022-07-13,182.37,116557.9247,2935421.0
2022-07-14,182.66,116743.2721,3262080.0
2022-07-15,185.0,118238.8336,2901426.0
2022-07-18,185.79,118743.7453,2965993.0
2022-07-19,188.78,120654.7405,2683876.0
2022-07-20,191.03,122092.7804,2427275.0
2022-07-21,193.56,123709.7763,3266101.0
2022-07-22,195.58,125000.8166,3329487.0
2022-07-25,194.8,124502.2961,2492199.0
2022-07-26,188.6,120539.6973,3647204.0
2022-07-27,189.92,121383.3474,3714121.0
2022-07-28,190.8,121945.7808,6034590.0
2022-07-29,191.53,122412.3448,4507128.0
2022-08-01,194.09,124048.5146,3349467.0
2022-08-02,187.95,120124.2636,3401823.0
2022-08-03,195.42,124898.556,3292746.0
2022-08-04,197.16,126010.6401,3534251.0
2022-08-05,199.08,127237.7675,2409730.0
2022-08-08,201.84,129001.763,3042755.0
2022-08-09,195.2,124757.9476,3914537.0
2022-08-10,201.43,128739.7202,4094417.0
2022-08-11,202.18,129219.0668,3337506.0
2022-08-12,206.47,131960.9295,3014054.0
2022-08-15,208.04,132964.3618,4075486.0
2022-08-16,214.12,136850.2651,5892219.0
2022-08-17,215.37,135898.47,8082124.0
2022-08-18,216.47,136592.57,3011833.0
2022-08-19,211.36,133368.16,3347472.0
2022-08-22,209.99,132503.69,4136594.0
2022-08-23,207.47,130913.57,2533885.0
2022-08-24,208.41,131506.71,2634446.0
2022-08-25,210.96,130942.9916,2634866.0
2022-08-26,200.99,124754.607,3720486.0
2022-08-29,201.07,124804.263,3273815.0
2022-08-30,197.22,122414.5658,3906978.0
2022-08-31,194.14,120502.8081,5145146.0
2022-09-01,195.76,121508.343,3462176.0
2022-09-02,195.51,121353.1679,3165925.0
2022-09-06,192.96,119770.3814,3128847.0
2022-09-07,201.3,124947.0241,4086611.0
2022-09-08,204.38,126858.7819,3564194.0
2022-09-09,205.65,127647.0716,3176502.0
2022-09-12,206.4,128112.597,3218785.0
2022-09-13,193.63,120186.2508,4441373.0
2022-09-14,192.39,119416.5821,3963670.0
2022-09-15,191.04,118578.6363,3309679.0
2022-09-16,191.81,119056.5758,10187849.0
2022-09-19,195.1,121098.6806,3351878.0
2022-09-20,190.41,118187.595,3650226.0
2022-09-21,188.36,116915.1588,2925726.0
2022-09-22,188.12,116766.1907,2864643.0
2022-09-23,188.13,116772.3977,3382504.0
2022-09-26,186.02,115462.7195,2938703.0
2022-09-27,187.67,116486.8754,3866498.0
2022-09-28,194.53,120744.8813,5384929.0
2022-09-29,190.46,118218.63,3622750.0
2022-09-30,187.81,116573.7735,6049011.0
2022-10-03,193.92,120366.254,4346473.0
2022-10-04,197.42,122538.7059,4139074.0
2022-10-05,199.03,123538.0339,3196077.0
2022-10-06,199.98,124127.6994,3305087.0
2022-10-07,197.21,122408.3588,3467037.0
2022-10-10,194.9,120974.5405,2449746.0
2022-10-11,196.43,121924.2124,2765991.0
2022-10-12,193.87,120335.2189,2354000.0
2022-10-13,193.16,119894.5215,4851092.0
2022-10-14,188.96,117287.5791,4143263.0
2022-10-17,194.09,120471.773,3504756.0
2022-10-18,193.2,119919.3495,3804253.0
2022-10-19,183.94,114171.6623,5362452.0
2022-10-20,178.3,110670.9111,4095592.0
2022-10-21,182.37,113197.1624,3583575.0
2022-10-24,187.61,116449.6334,3705003.0
2022-10-25,193.85,120322.8049,3245708.0
2022-10-26,193.55,120136.5947,2567321.0
2022-10-27,193.66,120204.8718,2457637.0
2022-10-28,198.73,123351.8237,3292225.0
2022-10-31,194.95,121005.5755,3550336.0
2022-11-01,193.55,120136.5947,3260207.0
2022-11-02,185.71,115270.3023,4539660.0
2022-11-03,179.82,111614.376,4187460.0
2022-11-04,182.15,113060.6083,4623564.0
2022-11-07,186.56,115797.8978,2715511.0
2022-11-08,188.36,116915.1588,2880906.0
2022-11-09,186.63,115841.3468,3007351.0
2022-11-10,204.32,126821.5398,4837244.0
2022-11-11,209.02,129738.8325,4272464.0
2022-11-14,204.66,127032.578,4164981.0
2022-11-15,208.84,129627.1064,5127810.0
2022-11-16,215.13,133531.313,8173082.0
2022-11-17,208.4,127332.4,3509736.0
2022-11-18,209.93,128267.23,2912756.0
2022-11-21,210.27,128474.97,2326785.0
2022-11-22,214.47,131041.17,2845905.0
2022-11-23,211.02,127604.3374,2593950.0
2022-11-25,210.97,127574.1022,975678.0
2022-11-28,209.04,126407.0263,2202367.0
2022-11-29,207.47,125457.6432,1980888.0
2022-11-30,212.55,128529.5323,4701568.0
2022-12-01,215.48,130301.3109,2735131.0
2022-12-02,214.84,129914.3012,3242449.0
2022-12-05,206.18,124677.5769,3308476.0
2022-12-06,201.91,122095.4969,3627519.0
2022-12-07,206.89,125106.9157,3999395.0
2022-12-08,203.56,123093.2562,3150188.0
2022-12-09,201.77,122010.8386,3226910.0
2022-12-12,205.08,124012.4041,2720027.0
2022-12-13,211.22,127725.2779,4168645.0
2022-12-14,212.11,128263.4632,3727712.0
2022-12-15,208.02,125790.2297,3374053.0
2022-12-16,206.14,124653.3888,9543471.0
2022-12-19,203.17,122857.4222,2442444.0
2022-12-20,200.86,121460.5592,2372187.0
2022-12-21,202.43,122409.9423,2345410.0
2022-12-22,199.15,120426.5178,2414946.0
2022-12-23,201.88,122077.3558,1469299.0
2022-12-27,201.71,121974.5564,2076600.0
2022-12-28,200.06,120976.7972,1419898.0
2022-12-29,202.26,122307.1428,1270947.0
2022-12-30,199.24,120480.941,2154647.0
2023-01-03,199.04,120360.0005,2602208.0
2023-01-04,201.39,121781.0516,2507434.0
2023-01-05,200.77,121406.136,1942252.0
2023-01-06,200.97,121527.0765,3121509.0
2023-01-09,199.44,120601.8816,2748474.0
2023-01-10,201.4,121787.0986,2200918.0
2023-01-11,208.59,126134.9101,2780964.0
2023-01-12,210.26,127144.7634,2690152.0
2023-01-13,212.16,128293.6983,3875862.0
2023-01-17,209.52,126697.2835,2943807.0
2023-01-18,208.5,126080.4869,3575106.0
2023-01-19,202.13,122228.5315,3508807.0
2023-01-20,204.53,123679.8177,3517607.0
2023-01-23,205.11,124030.5452,3473698.0
2023-01-24,206.41,124816.6585,2862499.0
2023-01-25,206.11,124635.2477,2283441.0
2023-01-26,201.81,122035.0267,3426079.0
2023-01-27,202.49,122446.2244,2907889.0
2023-01-30,201.91,122095.4969,2786376.0
2023-01-31,208.25,125929.3112,3415828.0
2023-02-01,213.56,129140.2819,3363932.0
2023-02-02,221.56,133977.9025,4156769.0
2023-02-03,215.97,130597.6151,3047868.0
2023-02-06,215.87,130537.1449,2380640.0
2023-02-07,214.73,129847.7839,2552300.0
2023-02-08,212.76,128656.5199,2421051.0
2023-02-09,208.64,126165.1452,2386806.0
2023-02-10,208.78,126249.8036,1836457.0
2023-02-13,214.14,129491.0094,2363984.0
2023-02-14,213.76,129261.2224,2316568.0
2023-02-15,215.03,130029.1947,1851560.0
2023-02-16,214.01,129412.3981,2479039.0
2023-02-17,212.75,128650.4728,3462070.0
2023-02-21,201.85,122059.2148,3942873.0
2023-02-22,202.63,122530.8828,2667375.0
2023-02-23,202.21,122276.9077,2332267.0
2023-02-24,201.54,121871.757,2163697.0
2023-02-27,204.24,123504.4539,2765044.0
2023-02-28,205.75,124417.5548,4391371.0
2023-03-01,194.31,117499.7573,9814299.0
2023-03-02,195.1,117255.1,4097297.0
2023-03-03,199.73,120037.73,3483230.0
2023-03-06,201.57,121143.57,3160916.0
2023-03-07,197.41,118643.41,3320205.0
2023-03-08,201.14,120885.14,2670533.0
2023-03-09,199.05,119629.05,2440684.0
2023-03-10,196.66,118192.66,2986817.0
2023-03-13,197.55,118727.55,3116451.0
2023-03-14,196.83,118294.83,3909236.0
2023-03-15,198.59,119352.59,3794220.0
2023-03-16,199.67,120001.67,3154009.0
2023-03-17,197.36,118613.36,7271376.0
2023-03-20,196.79,118270.79,2405200.0
2023-03-21,196.79,118270.79,2940356.0
2023-03-22,191.57,115133.57,3275746.0
2023-03-23,189.69,114003.69,3346503.0
2023-03-24,189.46,113865.46,2692548.0
2023-03-27,190.53,113623.7584,2488490.0
2023-03-28,190.15,113397.143,1872337.0
2023-03-29,191.94,114464.6207,2436492.0
2023-03-30,192.65,114888.0337,2157103.0
2023-03-31,199.97,119253.3615,3151577.0
2023-04-03,203.99,121650.7137,3471080.0
2023-04-04,203.0,121060.321,2500147.0
2023-04-05,199.43,118931.3291,2417870.0
2023-04-06,198.57,118418.4627,2403332.0
2023-04-10,199.78,119140.0538,2387668.0
2023-04-11,201.34,120070.3696,2458989.0
2023-04-12,199.77,119134.0903,2665419.0
2023-04-13,201.47,120147.8959,2778705.0
2023-04-14,202.18,120571.3088,2028284.0
2023-04-17,205.0,122253.0335,2420060.0
2023-04-18,208.1,124101.7379,2685246.0
2023-04-19,208.83,124537.078,2488819.0
2023-04-20,209.76,125091.6893,2948979.0
2023-04-21,211.04,125855.0253,2864183.0
2023-04-24,211.04,125855.0253,2758708.0
2023-04-25,205.88,122777.827,2723867.0
2023-04-26,200.8,119748.3372,3409008.0
2023-04-27,204.53,121972.7461,2498982.0
2023-04-28,207.83,123940.7217,2451890.0
2023-05-01,208.22,124173.3007,2282164.0
2023-05-02,205.97,122831.4991,2201912.0
2023-05-03,205.31,122437.9039,2386576.0
2023-05-04,202.8,120941.0497,2375943.0
2023-05-05,205.81,122736.0821,2495636.0
2023-05-08,204.05,121686.4951,1586594.0
2023-05-09,207.12,123517.3088,2249984.0
2023-05-10,204.32,121847.5112,2715621.0
2023-05-11,203.3,121239.2279,3015622.0
2023-05-12,203.26,121215.3736,2261757.0
2023-05-15,201.55,120195.6044,2971473.0
2023-05-16,199.22,118806.0943,4685913.0
2023-05-17,207.2,123565.0173,3756108.0
2023-05-18,209.16,124733.8756,2275344.0
2023-05-19,206.27,123010.406,2768457.0
2023-05-22,203.15,121149.7744,3536961.0
2023-05-23,206.65,122336.8,6507459.0
2023-05-24,203.63,120548.96,2829807.0
2023-05-25,201.04,119015.68,3030425.0
2023-05-26,206.52,122259.84,3072744.0
2023-05-30,205.7,121774.4,2534120.0
2023-05-31,201.13,119068.96,3894803.0
2023-06-01,203.92,119493.2013,2764765.0
2023-06-02,209.81,122944.6281,2834616.0
2023-06-05,206.78,121169.1063,2490516.0
2023-06-06,207.16,121391.779,2804958.0
2023-06-07,211.21,123765.0012,3334704.0
2023-06-08,210.46,123325.5156,2409775.0
2023-06-09,209.12,122540.3013,2093011.0
2023-06-12,213.36,125024.8599,2465152.0
2023-06-13,217.35,127362.9232,3056105.0
2023-06-14,214.86,125903.831,3080477.0
2023-06-15,218.93,128288.7728,3186992.0
2023-06-16,217.08,127204.7084,6874356.0
2023-06-20,215.46,126255.4195,3058345.0
2023-06-21,214.25,125546.3828,3364501.0
2023-06-22,214.82,125880.3918,2781938.0
2023-06-23,215.22,126114.7841,3997351.0
2023-06-26,217.96,127720.3715,2498941.0
2023-06-27,223.56,131001.8638,4223483.0
2023-06-28,222.52,130392.4438,3372676.0
2023-06-29,222.82,130568.2381,3058232.0
2023-06-30,225.7,132255.8627,3633322.0
2023-07-03,224.59,131605.4241,1498445.0
2023-07-05,225.49,132132.8068,2876405.0
2023-07-06,221.42,129747.865,3012138.0
2023-07-07,221.94,130052.575,2345358.0
2023-07-10,229.12,134259.917,2536242.0
2023-07-11,229.43,134441.571,2219693.0
2023-07-12,232.11,136011.9995,2256058.0
2023-07-13,229.54,134506.0289,1882917.0
2023-07-14,228.74,134037.2443,1536023.0
2023-07-17,227.97,133586.0391,1951534.0
2023-07-18,229.91,134722.8418,1858121.0
2023-07-19,230.89,135297.103,1649635.0
2023-07-20,230.99,135355.7011,1959688.0
2023-07-21,233.78,136990.5874,3348441.0
2023-07-24,234.0,137119.5032,2018959.0
2023-07-25,233.94,137084.3444,1547780.0
2023-07-26,234.07,137160.5219,1720191.0
2023-07-27,234.9,137646.8859,1973004.0
2023-07-28,235.09,137758.2223,1767327.0
2023-07-31,234.27,137277.718,2614906.0
2023-08-01,232.35,136152.6349,2030978.0
2023-08-02,229.49,134476.7299,2298063.0
2023-08-03,226.72,132853.5631,2436264.0
2023-08-04,223.12,130744.0323,2549633.0
2023-08-07,223.3,130849.5088,1902580.0
2023-08-08,220.91,129449.0148,2152115.0
2023-08-09,219.64,128704.8192,2061312.0
2023-08-10,220.86,129419.7157,1815543.0
2023-08-11,223.69,131078.0413,2356325.0
2023-08-14,225.89,132367.1991,2927365.0
2023-08-15,223.84,131165.9385,2079076.0
2023-08-16,222.15,130175.6309,1403585.0
2023-08-17,218.15,127831.7078,1791189.0
2023-08-18,219.35,128534.8848,2250674.0
2023-08-21,217.59,127503.5586,2804770.0
2023-08-22,225.74,131380.68,4084562.0
2023-08-23,227.19,132224.58,2390719.0
2023-08-24,222.97,129768.54,1994762.0
2023-08-25,223.07,129826.74,1805094.0
2023-08-28,222.72,129623.04,1726208.0
2023-08-29,226.41,131770.62,1800713.0
2023-08-30,230.31,132915.4061,2839645.0
2023-08-31,230.48,133013.5157,3433327.0
2023-09-01,232.51,134185.0596,2562017.0
2023-09-05,230.43,132984.6599,2569274.0
2023-09-06,229.61,132511.4254,2123857.0
2023-09-07,233.61,134819.8863,2576666.0
2023-09-08,231.29,133480.979,2166312.0
2023-09-11,231.91,133838.7904,1658010.0
2023-09-12,230.44,132990.4311,2192622.0
2023-09-13,228.82,132055.5044,2769395.0
2023-09-14,230.87,133238.5906,2621766.0
2023-09-15,220.02,126976.8905,9188534.0
2023-09-18,217.72,125649.5255,3447255.0
2023-09-19,217.5,125522.5601,3450363.0
2023-09-20,214.91,124027.8317,2490529.0
2023-09-21,210.61,121546.2363,2959624.0
2023-09-22,210.49,121476.9824,2940143.0
2023-09-25,212.5,122636.984,3971609.0
2023-09-26,208.54,120351.6078,2782536.0
2023-09-27,206.96,119439.7657,2860083.0
2023-09-28,207.78,119913.0002,2379053.0
2023-09-29,207.84,119947.6271,2304858.0
2023-10-02,205.74,118735.6852,2265031.0
2023-10-03,200.16,115515.3822,3532600.0
2023-10-04,199.59,115186.4266,2569581.0
2023-10-05,199.8,115307.6208,2233663.0
2023-10-06,199.54,115157.5708,2251010.0
2023-10-09,200.74,115850.1091,1649705.0
2023-10-10,202.75,117010.1107,2209863.0
2023-10-11,203.29,117321.7529,2178927.0
2023-10-12,196.9,113633.9866,2488525.0
2023-10-13,195.75,112970.3041,2220612.0
2023-10-16,198.25,114413.0922,2139996.0
2023-10-17,198.15,114355.3806,1698871.0
2023-10-18,193.46,111648.7103,2694918.0
2023-10-19,190.46,109917.3646,2944234.0
2023-10-20,190.5,109940.4492,2776180.0
2023-10-23,188.38,108716.965,2322199.0
2023-10-24,186.24,107481.9384,2107639.0
2023-10-25,186.09,107395.3711,2406238.0
2023-10-26,184.73,106610.4944,2855560.0
2023-10-27,183.62,105969.8965,2371503.0
2023-10-30,187.72,108336.0689,2683263.0
2023-10-31,190.57,109980.8473,3181233.0
2023-11-01,191.29,110396.3702,3070168.0
2023-11-02,194.32,112145.0294,2220134.0
2023-11-03,194.94,112502.8408,2755531.0
2023-11-06,194.23,112093.089,1913066.0
2023-11-07,194.58,112295.0793,2150319.0
2023-11-08,194.68,112352.7908,3077543.0
2023-11-09,190.49,109934.6781,3270987.0
2023-11-10,194.6,112306.6216,2381673.0
2023-11-13,193.84,111868.0141,3155792.0
2023-11-14,202.24,116715.7819,4237647.0
2023-11-15,204.85,118222.0526,2848609.0
2023-11-16,202.28,116738.8665,2705728.0
2023-11-17,203.7,117558.3701,2217015.0
2023-11-20,204.44,117985.4354,3170080.0
2023-11-21,198.06,113884.5,5880551.0
2023-11-22,198.48,114126.0,3232363.0
2023-11-24,199.07,114465.25,1322235.0
2023-11-27,199.82,114896.5,2345824.0
2023-11-28,200.05,115028.75,2651067.0
2023-11-29,199.92,114976.511,2119035.0
2023-11-30,198.83,114349.6383,3812156.0
2023-12-01,203.92,117276.9614,2965668.0
2023-12-04,207.55,119364.6201,3429689.0
2023-12-05,205.92,118427.1866,2552139.0
2023-12-06,208.7,120025.9996,2595419.0
2023-12-07,208.3,119795.9546,3069321.0
2023-12-08,207.83,119525.6517,2210351.0
2023-12-11,206.34,118668.7339,3390140.0
2023-12-12,208.7,120025.9996,3552247.0
2023-12-13,215.45,123908.0097,5170140.0
2023-12-14,225.54,129710.8958,7636601.0
2023-12-15,225.59,129739.6514,9581221.0
2023-12-18,224.06,128859.7292,3132449.0
2023-12-19,225.42,129641.8823,3101105.0
2023-12-20,222.01,127680.7483,3727327.0
2023-12-21,223.55,128566.4217,2640254.0
2023-12-22,223.0,128250.1098,2368842.0
2023-12-26,222.82,128146.5895,1656417.0
2023-12-27,222.89,128186.8474,1449441.0
2023-12-28,222.9,128192.5985,1543404.0
2023-12-29,222.55,127991.3091,2631431.0
