,LYV US Equity,LYV US Equity,LYV US Equity
,PX_LAST,CUR_MKT_CAP,PX_VOLUME
2014-01-02,20.06,3997.7903,1523156.0
2014-01-03,20.34,4053.592,1599243.0
2014-01-06,20.5,4085.4786,1178720.0
2014-01-07,20.83,4151.2449,1407202.0
2014-01-08,20.81,4147.2591,1933425.0
2014-01-09,20.65,4115.3724,1182675.0
2014-01-10,20.66,4117.3653,1015702.0
2014-01-13,20.09,4003.7691,824531.0
2014-01-14,20.5,4085.4786,1083345.0
2014-01-15,20.9,4165.1953,1957407.0
2014-01-16,20.7,4125.337,925819.0
2014-01-17,20.85,4155.2307,1286791.0
2014-01-21,20.93,4171.1741,1148286.0
2014-01-22,21.01,4187.1174,1108936.0
2014-01-23,21.26,4236.9403,997811.0
2014-01-24,20.9,4165.1953,1517028.0
2014-01-27,20.64,4113.3795,1248894.0
2014-01-28,21.18,4220.997,1476320.0
2014-01-29,20.8,4145.2661,1323102.0
2014-01-30,21.16,4217.0111,1259652.0
2014-01-31,21.27,4238.9332,1248673.0
2014-02-03,20.77,4139.2874,2561294.0
2014-02-04,20.88,4161.2095,1723645.0
2014-02-05,21.0,4185.1245,1787633.0
2014-02-06,21.12,4209.0395,1872981.0
2014-02-07,21.36,4256.8695,1808966.0
2014-02-10,21.37,4258.8624,686427.0
2014-02-11,21.54,4292.742,608313.0
2014-02-12,21.56,4296.7278,870675.0
2014-02-13,21.74,4332.6003,803284.0
2014-02-14,21.65,4314.664,507408.0
2014-02-18,21.8,4344.5578,685567.0
2014-02-19,21.72,4328.6144,808858.0
2014-02-20,21.99,4382.4232,577737.0
2014-02-21,21.82,4348.5436,1183436.0
2014-02-24,21.85,4372.2028,2227397.0
2014-02-25,23.69,4740.3883,3646238.0
2014-02-26,23.34,4670.353,1912483.0
2014-02-27,23.02,4606.3208,1584692.0
2014-02-28,22.69,4540.2875,1626405.0
2014-03-03,22.44,4490.2623,1802078.0
2014-03-04,22.5,4502.2683,1879977.0
2014-03-05,22.94,4590.3127,2903653.0
2014-03-06,23.06,4614.3248,679863.0
2014-03-07,23.07,4616.3258,565605.0
2014-03-10,22.99,4600.3177,611543.0
2014-03-11,22.85,4572.3036,873064.0
2014-03-12,23.22,4646.3409,648807.0
2014-03-13,22.98,4598.3167,999367.0
2014-03-14,23.26,4654.345,1001423.0
2014-03-17,22.99,4600.3177,1327085.0
2014-03-18,23.14,4630.3329,966511.0
2014-03-19,22.96,4594.3147,972563.0
2014-03-20,22.86,4574.3046,332228.0
2014-03-21,22.46,4494.2643,985993.0
2014-03-24,21.89,4380.2068,1095199.0
2014-03-25,21.89,4380.2068,656029.0
2014-03-26,21.66,4334.1836,1095211.0
2014-03-27,21.55,4312.1726,1023709.0
2014-03-28,21.67,4336.1847,936031.0
2014-03-31,21.75,4352.1927,732969.0
2014-04-01,22.31,4464.2492,1449111.0
2014-04-02,22.0,4402.2179,608045.0
2014-04-03,21.59,4320.1766,1075961.0
2014-04-04,21.2,4242.1373,1453357.0
2014-04-07,20.32,4066.0486,2757960.0
2014-04-08,20.49,4100.0657,857961.0
2014-04-09,20.77,4156.0939,1045610.0
2014-04-10,20.31,4064.0475,1307164.0
2014-04-11,20.04,4010.0203,1336406.0
2014-04-14,20.18,4038.0344,1081838.0
2014-04-15,19.82,3965.9981,1384840.0
2014-04-16,20.41,4084.0576,1115488.0
2014-04-17,20.58,4118.0748,565363.0
2014-04-21,20.85,4172.102,969038.0
2014-04-22,21.36,4274.1534,832273.0
2014-04-23,21.57,4322.6973,1842116.0
2014-04-24,21.45,4298.6489,1336722.0
2014-04-25,20.93,4194.4393,920024.0
2014-04-28,20.37,4082.2135,1175898.0
2014-04-29,20.7,4148.3465,799598.0
2014-04-30,20.88,4184.4191,1138056.0
2014-05-01,21.02,4212.4755,1116527.0
2014-05-02,21.01,4210.4715,840547.0
2014-05-05,21.37,4282.6167,1295587.0
2014-05-06,20.93,4195.2907,1606280.0
2014-05-07,23.03,4616.2229,3692162.0
2014-05-08,22.19,4447.85,2120966.0
2014-05-09,22.21,4451.8589,996786.0
2014-05-12,23.17,4644.285,1177199.0
2014-05-13,22.77,4564.1075,1032995.0
2014-05-14,22.39,4487.9388,1346306.0
2014-05-15,22.34,4477.9166,1229232.0
2014-05-16,22.3,4469.8988,905069.0
2014-05-19,22.74,4558.0941,1190664.0
2014-05-20,23.01,4612.214,5613886.0
2014-05-21,23.69,4748.5158,2284411.0
2014-05-22,24.12,4834.7067,2801057.0
2014-05-23,24.25,4860.7644,770538.0
2014-05-27,24.5,4910.8754,1097716.0
2014-05-28,23.68,4746.5114,1784144.0
2014-05-29,23.9,4790.6091,1210059.0
2014-05-30,23.72,4754.5292,1945521.0
2014-06-02,23.75,4760.5425,953693.0
2014-06-03,23.57,4724.4626,962346.0
2014-06-04,23.98,4806.6446,1064140.0
2014-06-05,24.12,4834.7067,802103.0
2014-06-06,24.02,4814.6623,1036203.0
2014-06-09,24.03,4816.6668,1118004.0
2014-06-10,23.86,4782.5913,713984.0
2014-06-11,23.61,4732.4803,713599.0
2014-06-12,23.09,4628.2495,1150583.0
2014-06-13,23.51,4712.4359,2513754.0
2014-06-16,23.49,4708.4271,1293524.0
2014-06-17,23.75,4760.5425,1537589.0
2014-06-18,23.8,4770.5647,1416537.0
2014-06-19,23.94,4798.6268,1784950.0
2014-06-20,23.57,4724.4626,20953140.0
2014-06-23,23.46,4702.4137,1419841.0
2014-06-24,23.61,4732.4803,2689249.0
2014-06-25,24.11,4832.7023,1672198.0
2014-06-26,24.22,4854.7511,2926035.0
2014-06-27,24.14,4838.7156,13637760.0
2014-06-30,24.69,4948.9597,2180953.0
2014-07-01,24.94,4999.0707,2624133.0
2014-07-02,24.84,4979.0263,943473.0
2014-07-03,25.14,5039.1595,1282093.0
2014-07-07,24.95,5001.0751,1346450.0
2014-07-08,24.14,4838.7156,2004907.0
2014-07-09,24.3,4870.7866,1506309.0
2014-07-10,24.62,4934.9287,2121268.0
2014-07-11,24.11,4832.7023,1326582.0
2014-07-14,24.09,4828.6934,1028049.0
2014-07-15,23.91,4792.6135,719685.0
2014-07-16,23.91,4792.6135,1766226.0
2014-07-17,23.91,4792.6135,2392664.0
2014-07-18,24.11,4832.7023,1588009.0
2014-07-21,23.78,4766.5558,978304.0
2014-07-22,24.03,4816.6668,923760.0
2014-07-23,24.0,4810.6534,826028.0
2014-07-24,24.21,4852.7467,1245495.0
2014-07-25,24.01,4812.6579,690449.0
2014-07-28,23.96,4802.6357,784500.0
2014-07-29,23.76,4762.5469,1048500.0
2014-07-30,23.85,4780.5869,737342.0
2014-07-31,23.21,4653.8759,1299773.0
2014-08-01,21.6,4331.0521,5310345.0
2014-08-04,21.57,4325.0368,2649074.0
2014-08-05,21.51,4313.0061,1844734.0
2014-08-06,21.22,4254.8577,1464506.0
2014-08-07,21.1,4230.7963,1561867.0
2014-08-08,21.07,4224.7809,1427484.0
2014-08-11,21.07,4224.7809,902347.0
2014-08-12,20.9,4190.694,1936223.0
2014-08-13,21.34,4278.9191,1391391.0
2014-08-14,21.3,4270.8986,1171601.0
2014-08-15,21.46,4302.9805,974435.0
2014-08-18,21.77,4365.1391,785032.0
2014-08-19,21.7,4351.1033,692804.0
2014-08-20,21.76,4363.134,808099.0
2014-08-21,21.49,4308.9959,1031997.0
2014-08-22,21.72,4355.1135,734795.0
2014-08-25,21.67,4345.088,590494.0
2014-08-26,21.77,4365.1391,788359.0
2014-08-27,21.87,4385.1903,848346.0
2014-08-28,21.94,4399.2261,1028255.0
2014-08-29,21.96,4403.2363,772807.0
2014-09-02,22.71,4553.6201,2181276.0
2014-09-03,22.55,4521.5382,1392382.0
2014-09-04,22.5,4511.5126,950882.0
2014-09-05,22.71,4553.6201,1195807.0
2014-09-08,22.89,4589.7122,988685.0
2014-09-09,22.85,4581.6917,1942565.0
2014-09-10,23.62,4736.0857,2091563.0
2014-09-11,23.5,4712.0243,1907370.0
2014-09-12,23.43,4697.9885,1018423.0
2014-09-15,23.45,4701.9987,965511.0
2014-09-16,24.4,4892.4848,3273419.0
2014-09-17,24.22,4856.3927,1731431.0
2014-09-18,24.48,4908.5258,1408386.0
2014-09-19,24.48,4908.5258,2753640.0
2014-09-22,23.93,4798.2443,1908044.0
2014-09-23,23.77,4766.1625,1427946.0
2014-09-24,24.05,4822.3057,1484235.0
2014-09-25,23.69,4750.1215,1319467.0
2014-09-26,24.2,4852.3825,2257972.0
2014-09-29,24.31,4874.4388,1558735.0
2014-09-30,24.02,4816.2904,1836194.0
2014-10-01,23.56,4724.055,2018048.0
2014-10-02,23.56,4724.055,921120.0
2014-10-03,24.14,4840.3518,2122089.0
2014-10-06,24.09,4830.3262,1319241.0
2014-10-07,23.77,4766.1625,1083434.0
2014-10-08,24.68,4948.6281,2482783.0
2014-10-09,23.72,4756.1369,1658271.0
2014-10-10,22.79,4569.661,2426884.0
2014-10-13,21.72,4355.1135,2880738.0
2014-10-14,21.8,4371.1545,2199569.0
2014-10-15,21.96,4403.2363,1779986.0
2014-10-16,21.89,4389.2005,2493360.0
2014-10-17,22.5,4511.5126,965195.0
2014-10-20,22.99,4609.7634,1479733.0
2014-10-21,23.45,4701.9987,1889519.0
2014-10-22,23.29,4669.9169,1563714.0
2014-10-23,23.5,4712.0243,1631777.0
2014-10-24,23.54,4720.0448,1308456.0
2014-10-27,23.77,4766.1625,1032756.0
2014-10-28,24.26,4864.4132,1199213.0
2014-10-29,24.75,4962.6639,1238306.0
2014-10-30,24.86,4988.3827,1195845.0
2014-10-31,26.0,5217.1339,5227786.0
2014-11-03,26.08,5233.1866,1528951.0
2014-11-04,25.77,5170.9823,849032.0
2014-11-05,25.65,5146.9033,571101.0
2014-11-06,25.85,5187.0351,850662.0
2014-11-07,25.99,5215.1273,1127322.0
2014-11-10,26.1,5237.1998,761812.0
2014-11-11,26.12,5241.213,630594.0
2014-11-12,26.04,5225.1603,823215.0
2014-11-13,26.11,5239.2064,768927.0
2014-11-14,26.03,5223.1537,722503.0
2014-11-17,26.0,5217.1339,815406.0
2014-11-18,26.2,5257.2657,1274503.0
2014-11-19,25.85,5187.0351,729775.0
2014-11-20,26.37,5291.3777,1106902.0
2014-11-21,26.04,5225.1603,1024175.0
2014-11-24,26.49,5315.4568,1040348.0
2014-11-25,26.57,5331.5095,727597.0
2014-11-26,26.77,5371.6413,620143.0
2014-11-28,26.8,5377.6611,250680.0
2014-12-01,26.58,5333.5161,651027.0
2014-12-02,26.52,5321.4766,563130.0
2014-12-03,26.57,5331.5095,509901.0
2014-12-04,26.73,5363.615,605689.0
2014-12-05,27.36,5490.0301,985941.0
2014-12-08,26.51,5319.47,1450219.0
2014-12-09,26.18,5253.2525,1390409.0
2014-12-10,25.81,5179.0087,860820.0
2014-12-11,25.58,5132.8571,1147402.0
2014-12-12,25.12,5040.554,870565.0
2014-12-15,25.2,5056.6067,1104440.0
2014-12-16,24.84,4984.3695,866303.0
2014-12-17,25.6,5136.8703,754119.0
2014-12-18,25.86,5189.0417,1112164.0
2014-12-19,26.29,5275.325,2036662.0
2014-12-22,26.09,5235.1932,575719.0
2014-12-23,26.4,5297.3975,576421.0
2014-12-24,26.62,5341.5425,470372.0
2014-12-26,26.53,5323.4832,344319.0
2014-12-29,26.95,5407.76,764543.0
2014-12-30,26.58,5333.5161,522494.0
2014-12-31,26.11,5239.2064,613006.0
2015-01-02,26.16,5249.2394,547449.0
2015-01-05,25.56,5128.844,614966.0
2015-01-06,24.82,4980.3563,982659.0
2015-01-07,25.11,5038.5474,828674.0
2015-01-08,25.83,5183.0219,870819.0
2015-01-09,25.29,5074.666,502083.0
2015-01-12,25.0,5016.4749,555397.0
2015-01-13,25.27,5070.6528,599551.0
2015-01-14,24.68,4952.264,586689.0
2015-01-15,24.46,4908.1191,695308.0
2015-01-16,25.03,5022.4947,561806.0
2015-01-20,24.85,4986.3761,812014.0
2015-01-21,24.78,4972.3299,468697.0
2015-01-22,25.33,5082.6924,878394.0
2015-01-23,25.47,5110.7846,547059.0
2015-01-26,25.7,5156.9362,628878.0
2015-01-27,25.41,5098.7451,956613.0
2015-01-28,24.55,4926.1784,1667064.0
2015-01-29,24.68,4952.264,1010418.0
2015-01-30,23.77,4769.6643,1395486.0
2015-02-02,23.85,4785.7171,1638236.0
2015-02-03,24.13,4841.9016,1357620.0
2015-02-04,24.39,4894.0729,1080037.0
2015-02-05,24.46,4908.1191,652041.0
2015-02-06,24.38,4892.0663,652047.0
2015-02-09,24.39,4894.0729,790600.0
2015-02-10,24.75,4966.3102,597192.0
2015-02-11,24.59,4934.2047,716036.0
2015-02-12,24.68,4952.264,511590.0
2015-02-13,25.04,5024.5013,977263.0
2015-02-17,25.33,5082.6924,762653.0
2015-02-18,25.3,5076.6726,581955.0
2015-02-19,25.42,5100.7517,412639.0
2015-02-20,25.84,5185.0285,498390.0
2015-02-23,25.69,5154.9296,462735.0
2015-02-24,25.73,5162.956,572322.0
2015-02-25,26.1,5237.1998,519342.0
2015-02-26,25.85,5208.7916,800146.0
2015-02-27,25.59,5156.4014,1745375.0
2015-03-02,26.78,5396.1872,1505985.0
2015-03-03,26.19,5277.3018,953089.0
2015-03-04,26.15,5269.2418,790178.0
2015-03-05,26.21,5281.3318,648955.0
2015-03-06,25.76,5190.6565,891030.0
2015-03-09,25.48,5134.2363,666526.0
2015-03-10,25.26,5089.9062,945952.0
2015-03-11,25.37,5112.0713,1214292.0
2015-03-12,25.44,5126.1763,979243.0
2015-03-13,25.08,5053.6361,1108343.0
2015-03-16,25.53,5144.3114,807029.0
2015-03-17,25.4,5118.1163,710921.0
2015-03-18,25.72,5182.5965,973902.0
2015-03-19,25.51,5140.2813,610934.0
2015-03-20,25.5,5138.2663,1220466.0
2015-03-23,25.43,5124.1613,472119.0
2015-03-24,25.48,5134.2363,528915.0
2015-03-25,24.96,5029.456,864754.0
2015-03-26,24.93,5023.411,618472.0
2015-03-27,25.0,5037.516,715908.0
2015-03-30,25.25,5087.8912,847134.0
2015-03-31,25.23,5083.8612,869887.0
2015-04-01,25.31,5099.9812,808684.0
2015-04-02,25.69,5176.5515,908419.0
2015-04-06,25.91,5220.8816,2284610.0
2015-04-07,25.74,5186.6265,734855.0
2015-04-08,25.73,5184.6115,794319.0
2015-04-09,25.93,5224.9116,1116788.0
2015-04-10,25.8,5198.7165,575669.0
2015-04-13,25.95,5228.9416,1029324.0
2015-04-14,26.03,5245.0617,597495.0
2015-04-15,26.18,5275.2868,654800.0
2015-04-16,26.24,5287.3768,511198.0
2015-04-17,25.7,5178.5665,504155.0
2015-04-20,25.91,5220.8816,510481.0
2015-04-21,25.97,5232.9716,679310.0
2015-04-22,25.99,5237.0017,433101.0
2015-04-23,25.98,5234.9866,604701.0
2015-04-24,25.99,5237.0017,456370.0
2015-04-27,25.58,5156.7595,898272.0
2015-04-28,25.51,5142.648,765683.0
2015-04-29,25.63,5166.8392,489230.0
2015-04-30,25.06,5051.9493,967607.0
2015-05-01,27.08,5459.1695,1991060.0
2015-05-04,27.75,5594.2376,1423829.0
2015-05-05,26.89,5420.8666,1201845.0
2015-05-06,26.63,5368.4521,702108.0
2015-05-07,26.56,5354.3405,496595.0
2015-05-08,26.85,5412.8028,671064.0
2015-05-11,26.63,5368.4521,444228.0
2015-05-12,26.59,5360.3884,490506.0
2015-05-13,26.65,5372.484,677860.0
2015-05-14,27.0,5443.042,365144.0
2015-05-15,27.16,5475.297,528972.0
2015-05-18,27.49,5541.8231,447488.0
2015-05-19,27.25,5493.4405,602040.0
2015-05-20,27.19,5481.3448,847616.0
2015-05-21,27.27,5497.4724,848654.0
2015-05-22,27.36,5515.6159,392651.0
2015-05-26,28.32,5709.1462,2130590.0
2015-05-27,28.84,5813.9752,1650009.0
2015-05-28,28.4,5725.2738,978450.0
2015-05-29,28.6,5765.5926,1047681.0
2015-06-01,28.65,5775.6723,1242988.0
2015-06-02,28.53,5751.481,411736.0
2015-06-03,28.97,5840.1824,1009722.0
2015-06-04,28.69,5783.7361,473351.0
2015-06-05,29.01,5848.2462,954287.0
2015-06-08,28.78,5801.8795,1188015.0
2015-06-09,28.6,5765.5926,602974.0
2015-06-10,28.93,5832.1187,998332.0
2015-06-11,29.21,5888.565,594026.0
2015-06-12,28.93,5832.1187,689677.0
2015-06-15,28.81,5807.9274,571735.0
2015-06-16,28.68,5781.7201,825797.0
2015-06-17,28.71,5787.768,799781.0
2015-06-18,28.94,5834.1346,682308.0
2015-06-19,28.73,5791.7998,760076.0
2015-06-22,29.0,5846.2303,678974.0
2015-06-23,29.16,5878.4853,601905.0
2015-06-24,28.92,5830.1027,554572.0
2015-06-25,29.0,5846.2303,709600.0
2015-06-26,28.58,5761.5607,2604153.0
2015-06-29,27.58,5559.9666,959426.0
2015-06-30,27.49,5541.8231,979197.0
2015-07-01,27.59,5561.9825,990402.0
2015-07-02,27.57,5557.9506,822480.0
2015-07-06,27.09,5461.1854,1605162.0
2015-07-07,26.92,5426.9144,1000091.0
2015-07-08,26.4,5322.0855,984643.0
2015-07-09,26.54,5350.3087,749130.0
2015-07-10,26.91,5424.8985,782268.0
2015-07-13,27.41,5525.6956,664016.0
2015-07-14,27.63,5570.0463,551242.0
2015-07-15,27.05,5453.1217,676151.0
2015-07-16,27.32,5507.5521,526944.0
2015-07-17,26.76,5394.6594,973961.0
2015-07-20,26.76,5394.6594,572595.0
2015-07-21,26.23,5287.8145,525241.0
2015-07-22,26.26,5293.8623,716341.0
2015-07-23,26.19,5279.7507,661542.0
2015-07-24,25.89,5219.2725,600892.0
2015-07-27,25.52,5144.6826,944046.0
2015-07-28,26.06,5253.5435,883612.0
2015-07-29,26.21,5283.7826,549664.0
2015-07-30,26.12,5265.6391,642435.0
2015-07-31,26.22,5285.7985,482744.0
2015-08-03,26.25,5291.8464,560088.0
2015-08-04,26.23,5287.8145,702165.0
2015-08-05,25.54,5148.7145,761913.0
2015-08-06,25.24,5088.2363,920150.0
2015-08-07,25.2,5080.1725,745378.0
2015-08-10,25.76,5212.8506,1167304.0
2015-08-11,25.54,5168.3309,2313729.0
2015-08-12,25.8,5220.9451,1222433.0
2015-08-13,26.24,5309.9845,838946.0
2015-08-14,26.3,5322.1262,878575.0
2015-08-17,26.56,5374.7404,1385084.0
2015-08-18,26.24,5309.9845,730152.0
2015-08-19,25.74,5208.8034,707976.0
2015-08-20,25.38,5135.953,2123175.0
2015-08-21,24.38,4933.5908,2109372.0
2015-08-24,23.98,4852.6459,2423865.0
2015-08-25,23.94,4844.5514,1429185.0
2015-08-26,24.26,4909.3073,2416112.0
2015-08-27,24.85,5028.701,1271432.0
2015-08-28,24.8,5018.5829,839628.0
2015-08-31,24.62,4982.1577,704224.0
2015-09-01,23.99,4854.6695,974439.0
2015-09-02,24.34,4925.4963,853670.0
2015-09-03,24.73,5004.4175,987995.0
2015-09-04,24.7,4998.3467,870196.0
2015-09-08,25.42,5144.0475,875964.0
2015-09-09,25.01,5061.079,1436825.0
2015-09-10,24.88,5034.7719,822298.0
2015-09-11,25.03,5065.1262,644750.0
2015-09-14,25.05,5069.1734,592387.0
2015-09-15,25.34,5127.8585,500626.0
2015-09-16,25.66,5192.6144,389416.0
2015-09-17,25.74,5208.8034,846009.0
2015-09-18,25.53,5166.3073,1574440.0
2015-09-21,25.59,5178.449,970581.0
2015-09-22,25.2,5099.5278,721610.0
2015-09-23,25.1,5079.2915,688635.0
2015-09-24,24.69,4996.323,1025371.0
2015-09-25,24.38,4933.5908,898159.0
2015-09-28,24.01,4858.7167,1223983.0
2015-09-29,23.58,4771.701,1265471.0
2015-09-30,24.04,4864.7876,888696.0
2015-10-01,24.09,4874.9057,868658.0
2015-10-02,24.6,4978.1104,683194.0
2015-10-05,25.25,5109.6459,1391898.0
2015-10-06,25.43,5146.0711,1170940.0
2015-10-07,25.66,5192.6144,927552.0
2015-10-08,25.92,5245.2286,965767.0
2015-10-09,25.94,5249.2758,585236.0
2015-10-12,25.61,5182.4963,611191.0
2015-10-13,25.41,5142.0238,778112.0
2015-10-14,25.52,5164.2837,652692.0
2015-10-15,25.88,5237.1341,470318.0
2015-10-16,25.89,5239.1577,384196.0
2015-10-19,25.99,5259.3939,287351.0
2015-10-20,25.85,5231.0632,477440.0
2015-10-21,25.57,5174.4018,375177.0
2015-10-22,26.01,5263.4412,461162.0
2015-10-23,26.76,5415.2128,930094.0
2015-10-26,27.03,5469.8506,782470.0
2015-10-27,26.64,5390.9294,917090.0
2015-10-28,27.35,5534.6065,750678.0
2015-10-29,27.05,5473.5772,1101792.0
2015-10-30,27.28,5520.1177,2692849.0
2015-11-02,26.9,5443.2246,1645280.0
2015-11-03,26.5,5362.2845,1872973.0
2015-11-04,26.37,5335.9789,1398864.0
2015-11-05,26.18,5297.5323,992109.0
2015-11-06,26.47,5356.214,763008.0
2015-11-09,26.56,5374.4255,1692272.0
2015-11-10,26.49,5360.261,1034789.0
2015-11-11,26.5,5362.2845,662383.0
2015-11-12,26.25,5311.6969,1517497.0
2015-11-13,25.94,5248.9683,964185.0
2015-11-16,25.88,5236.8272,1574909.0
2015-11-17,25.6,5180.1691,1545517.0
2015-11-18,25.79,5218.6157,2084172.0
2015-11-19,25.76,5212.5452,1433126.0
2015-11-20,25.72,5204.4512,921342.0
2015-11-23,25.24,5107.323,1119252.0
2015-11-24,25.37,5133.6286,946527.0
2015-11-25,25.56,5172.0751,457972.0
2015-11-27,25.61,5182.1926,430206.0
2015-11-30,25.39,5137.6756,906388.0
2015-12-01,25.59,5178.1456,961718.0
2015-12-02,25.19,5097.2055,1007210.0
2015-12-03,24.96,5050.6649,1046429.0
2015-12-04,25.14,5087.088,702747.0
2015-12-07,25.07,5072.9235,990674.0
2015-12-08,24.81,5020.3124,692110.0
2015-12-09,24.53,4963.6543,666016.0
2015-12-10,24.61,4979.8423,609703.0
2015-12-11,24.7,4998.0538,1272776.0
2015-12-14,24.75,5008.1713,1608811.0
2015-12-15,24.9,5038.5239,1016916.0
2015-12-16,25.47,5153.8636,1026901.0
2015-12-17,24.97,5052.6884,656431.0
2015-12-18,24.68,4994.0068,3237426.0
2015-12-21,24.79,5016.2654,928410.0
2015-12-22,25.02,5062.8059,761286.0
2015-12-23,25.01,5060.7824,1262298.0
2015-12-24,24.9,5038.5239,504171.0
2015-12-28,24.9,5038.5239,639853.0
2015-12-29,25.17,5093.1585,468645.0
2015-12-30,24.78,5014.2418,677419.0
2015-12-31,24.57,4971.7483,711197.0
2016-01-04,23.97,4850.3381,1355657.0
2016-01-05,23.91,4838.197,1290894.0
2016-01-06,23.77,4809.868,1312706.0
2016-01-07,23.11,4676.3168,1035131.0
2016-01-08,22.81,4615.6116,960340.0
2016-01-11,22.78,4609.5411,1023166.0
2016-01-12,23.13,4680.3638,1084735.0
2016-01-13,22.08,4467.8959,1677595.0
2016-01-14,22.51,4554.9065,1367944.0
2016-01-15,22.5,4552.883,1507786.0
2016-01-19,22.38,4528.601,1206589.0
2016-01-20,21.55,4360.6502,2009241.0
2016-01-21,21.43,4336.3682,1443508.0
2016-01-22,22.12,4475.9899,795191.0
2016-01-25,21.81,4413.2613,799036.0
2016-01-26,22.35,4522.5305,842614.0
2016-01-27,22.0,4451.7079,767197.0
2016-01-28,21.74,4399.0968,944815.0
2016-01-29,22.7,4593.3531,1221349.0
2016-02-01,22.46,4544.789,1269848.0
2016-02-02,21.65,4380.8852,1561886.0
2016-02-03,21.58,4366.7207,1435543.0
2016-02-04,21.36,4322.2036,711748.0
2016-02-05,20.06,4059.1482,3489952.0
2016-02-08,19.39,3923.5734,3070158.0
2016-02-09,19.36,3917.5029,2100701.0
2016-02-10,19.49,3943.8085,1228185.0
2016-02-11,19.45,3935.7144,1706914.0
2016-02-12,19.41,3927.6204,1227191.0
2016-02-16,20.15,4077.3597,891399.0
2016-02-17,20.32,4111.7593,1752354.0
2016-02-18,19.58,3962.02,2295262.0
2016-02-19,20.04,4055.1012,1798013.0
2016-02-22,20.59,4166.3939,1254249.0
2016-02-23,20.34,4115.8063,1088912.0
2016-02-24,20.92,4233.1695,1565139.0
2016-02-25,20.7,4190.9146,1345643.0
2016-02-26,21.84,4421.7185,1926988.0
2016-02-29,21.99,4452.0875,1358936.0
2016-03-01,22.38,4531.0468,1266612.0
2016-03-02,22.3,4514.85,1056446.0
2016-03-03,22.5,4555.3419,949877.0
2016-03-04,22.35,4524.973,1015717.0
2016-03-07,22.52,4559.3911,948184.0
2016-03-08,22.18,4490.5548,755975.0
2016-03-09,22.25,4504.727,631025.0
2016-03-10,22.1,4474.3581,944128.0
2016-03-11,22.51,4557.3665,778258.0
2016-03-14,22.35,4524.973,822660.0
2016-03-15,22.12,4478.4072,561841.0
2016-03-16,22.34,4522.9484,543358.0
2016-03-17,22.6,4575.5879,816801.0
2016-03-18,22.65,4585.7109,1936368.0
2016-03-21,22.91,4638.3504,1940727.0
2016-03-22,22.73,4601.9076,1137727.0
2016-03-23,22.35,4524.973,944324.0
2016-03-24,22.55,4565.4649,663604.0
2016-03-28,22.57,4569.5141,774086.0
2016-03-29,22.77,4610.006,1096958.0
2016-03-30,22.3,4514.85,1781127.0
2016-03-31,22.31,4516.8746,1792353.0
2016-04-01,22.25,4504.727,1259527.0
2016-04-04,21.84,4421.7185,1073374.0
2016-04-05,21.35,4322.5133,2237732.0
2016-04-06,21.53,4358.9561,815342.0
2016-04-07,21.08,4267.8492,1072163.0
2016-04-08,21.29,4310.3657,872471.0
2016-04-11,21.23,4298.2182,1172148.0
2016-04-12,21.48,4348.8331,1518944.0
2016-04-13,22.13,4480.4318,1250099.0
2016-04-14,22.16,4486.5056,802935.0
2016-04-15,22.16,4486.5056,1170943.0
2016-04-18,22.39,4533.0714,1889631.0
2016-04-19,22.0,4454.1121,2338250.0
2016-04-20,21.78,4409.571,1586875.0
2016-04-21,21.48,4348.8331,1569232.0
2016-04-22,21.77,4407.5464,1373529.0
2016-04-25,21.59,4371.1036,934346.0
2016-04-26,21.94,4452.2144,1050169.0
2016-04-27,21.75,4413.6583,886803.0
2016-04-28,21.73,4409.5998,1252823.0
2016-04-29,21.48,4358.8681,1169137.0
2016-05-02,21.9,4444.0973,1293869.0
2016-05-03,21.69,4401.4827,1302531.0
2016-05-04,22.44,4553.6778,3784614.0
2016-05-05,23.23,4713.99,2813200.0
2016-05-06,23.43,4754.5754,2257262.0
2016-05-09,23.02,4671.3754,1078348.0
2016-05-10,23.33,4734.2827,1531420.0
2016-05-11,23.28,4724.1363,1249756.0
2016-05-12,23.04,4675.4339,1064551.0
2016-05-13,22.73,4612.5266,869550.0
2016-05-16,22.94,4655.1412,989691.0
2016-05-17,22.58,4582.0876,1132306.0
2016-05-18,22.36,4537.4437,1084727.0
2016-05-19,22.25,4515.1217,1272402.0
2016-05-20,22.99,4665.2876,1911034.0
2016-05-23,22.9,4647.0242,698307.0
2016-05-24,23.44,4756.6046,870138.0
2016-05-25,23.43,4754.5754,939871.0
2016-05-26,23.57,4782.9851,756886.0
2016-05-27,24.16,4902.7119,1363267.0
2016-05-31,24.15,4900.6827,1424862.0
2016-06-01,24.38,4947.3558,1382534.0
2016-06-02,24.61,4994.029,1036503.0
2016-06-03,24.41,4953.4436,980588.0
2016-06-06,24.52,4975.7656,826409.0
2016-06-07,24.73,5018.3802,885701.0
2016-06-08,24.65,5002.1461,1017407.0
2016-06-09,24.39,4949.3851,548827.0
2016-06-10,23.68,4805.3071,701208.0
2016-06-13,23.29,4726.1656,1167015.0
2016-06-14,23.35,4738.3412,996386.0
2016-06-15,23.55,4778.9266,1595719.0
2016-06-16,23.49,4766.751,745527.0
2016-06-17,23.27,4722.1071,1187182.0
2016-06-20,23.85,4839.8046,779274.0
2016-06-21,23.5,4768.7802,927806.0
2016-06-22,23.73,4815.4534,1049212.0
2016-06-23,24.03,4876.3315,836955.0
2016-06-24,23.15,4697.7559,3028539.0
2016-06-27,22.25,4515.1217,1288980.0
2016-06-28,22.53,4571.9412,2051656.0
2016-06-29,23.16,4699.7851,1843292.0
2016-06-30,23.5,4768.7802,1173149.0
2016-07-01,23.52,4772.8388,984170.0
2016-07-05,23.39,4746.4583,826595.0
2016-07-06,23.19,4705.8729,1379361.0
2016-07-07,23.41,4750.5168,684136.0
2016-07-08,23.66,4801.2485,1479749.0
2016-07-11,23.89,4847.9217,918918.0
2016-07-12,24.24,4918.9461,903822.0
2016-07-13,24.2,4910.829,692088.0
2016-07-14,24.38,4947.3558,501899.0
2016-07-15,24.51,4973.7363,606975.0
2016-07-18,24.87,5046.79,631391.0
2016-07-19,24.94,5060.9949,758643.0
2016-07-20,25.13,5099.551,858961.0
2016-07-21,25.17,5107.668,815642.0
2016-07-22,25.69,5213.19,728375.0
2016-07-25,25.9,5255.8046,1052875.0
2016-07-26,26.25,5326.829,1466848.0
2016-07-27,26.01,5278.1266,901911.0
2016-07-28,25.74,5227.4116,1508465.0
2016-07-29,27.42,5568.5946,4355550.0
2016-08-01,26.79,5440.651,1644590.0
2016-08-02,26.37,5355.3552,1128564.0
2016-08-03,26.64,5410.1882,939437.0
2016-08-04,26.59,5400.034,942565.0
2016-08-05,26.53,5387.8489,1233012.0
2016-08-08,26.37,5355.3552,693351.0
2016-08-09,26.32,5345.201,625097.0
2016-08-10,26.38,5357.3861,628623.0
2016-08-11,26.78,5438.6202,769711.0
2016-08-12,26.45,5371.6021,375852.0
2016-08-15,26.83,5448.7744,827810.0
2016-08-16,26.39,5359.417,466228.0
2016-08-17,26.43,5367.5404,784255.0
2016-08-18,26.95,5473.1446,959910.0
2016-08-19,26.92,5467.0521,569379.0
2016-08-22,26.77,5436.5893,444614.0
2016-08-23,26.97,5477.2063,643743.0
2016-08-24,26.72,5426.435,464352.0
2016-08-25,26.43,5367.5404,560574.0
2016-08-26,26.21,5322.8616,858392.0
2016-08-29,26.5,5381.7563,847741.0
2016-08-30,26.72,5426.435,772443.0
2016-08-31,26.72,5426.435,768846.0
2016-09-01,26.77,5436.5893,678393.0
2016-09-02,27.07,5497.5148,881029.0
2016-09-06,26.86,5454.867,673073.0
2016-09-07,27.02,5487.3606,868966.0
2016-09-08,26.37,5355.3552,2010258.0
2016-09-09,25.76,5231.4733,1847042.0
2016-09-12,26.2,5320.8308,1235755.0
2016-09-13,25.68,5215.2265,1717340.0
2016-09-14,26.11,5302.5531,1482747.0
2016-09-15,26.25,5330.985,1292065.0
2016-09-16,25.96,5272.0903,3318910.0
2016-09-19,26.16,5312.7074,1365018.0
2016-09-20,26.63,5408.1574,1277067.0
2016-09-21,27.02,5487.3606,872101.0
2016-09-22,27.41,5566.5638,903179.0
2016-09-23,27.45,5574.6872,996569.0
2016-09-26,27.44,5572.6564,1019479.0
2016-09-27,27.48,5580.7798,872906.0
2016-09-28,27.5,5584.8415,1391404.0
2016-09-29,27.5,5584.8415,1495912.0
2016-09-30,27.48,5580.7798,1217949.0
2016-10-03,27.71,5627.4893,1444638.0
2016-10-04,27.91,5668.1064,1289553.0
2016-10-05,28.16,5718.8777,1443971.0
2016-10-06,27.85,5655.9213,803072.0
2016-10-07,27.59,5603.1191,633156.0
2016-10-10,27.75,5635.6127,450209.0
2016-10-11,27.41,5566.5638,559188.0
2016-10-12,27.44,5572.6564,614988.0
2016-10-13,27.22,5527.9776,561362.0
2016-10-14,27.21,5525.9468,666301.0
2016-10-17,26.92,5467.0521,721732.0
2016-10-18,27.21,5525.9468,839108.0
2016-10-19,27.68,5621.3968,740156.0
2016-10-20,27.38,5560.4712,530416.0
2016-10-21,27.6,5605.15,837639.0
2016-10-24,27.38,5560.4712,1002210.0
2016-10-25,27.79,5643.7362,1187372.0
2016-10-26,27.67,5619.3659,918784.0
2016-10-27,27.06,5495.484,1502385.0
2016-10-28,27.42,5568.5946,1264835.0
2016-10-31,27.67,5619.3659,1126157.0
2016-11-01,27.01,5485.3297,900445.0
2016-11-02,26.73,5428.4659,1047776.0
2016-11-03,26.9,5462.9904,652263.0
2016-11-04,26.81,5444.7127,910348.0
2016-11-07,27.69,5633.1692,1565378.0
2016-11-08,27.91,5677.9253,2859699.0
2016-11-09,27.96,5688.0971,1823164.0
2016-11-10,28.78,5854.9154,1785165.0
2016-11-11,28.56,5810.1593,1558967.0
2016-11-14,28.47,5791.85,1529180.0
2016-11-15,27.9,5675.8909,1725284.0
2016-11-16,27.85,5665.7191,1709690.0
2016-11-17,28.56,5810.1593,1370031.0
2016-11-18,28.05,5706.4065,936232.0
2016-11-21,28.13,5722.6814,627007.0
2016-11-22,27.85,5665.7191,1126557.0
2016-11-23,27.7,5635.2035,624560.0
2016-11-25,27.74,5643.341,199045.0
2016-11-28,27.77,5649.4441,704301.0
2016-11-29,28.12,5720.6471,913414.0
2016-11-30,27.68,5631.1348,549170.0
2016-12-01,27.51,5596.5505,739548.0
2016-12-02,27.07,5507.0383,799013.0
2016-12-05,27.33,5559.9319,766753.0
2016-12-06,27.54,5602.6536,803394.0
2016-12-07,28.04,5704.3721,572059.0
2016-12-08,28.27,5751.1626,682555.0
2016-12-09,27.9,5675.8909,726674.0
2016-12-12,26.89,5470.4196,808991.0
2016-12-13,27.16,5525.3476,611203.0
2016-12-14,27.27,5547.7256,1022306.0
2016-12-15,26.84,5460.2478,793040.0
2016-12-16,26.72,5435.8353,1082138.0
2016-12-19,26.64,5419.5604,1284128.0
2016-12-20,27.29,5551.7944,802380.0
2016-12-21,27.2,5533.4851,502928.0
2016-12-22,27.1,5513.1414,511174.0
2016-12-23,27.24,5541.6225,550944.0
2016-12-27,27.2,5533.4851,273743.0
2016-12-28,26.87,5466.3509,327274.0
2016-12-29,26.81,5454.1446,351783.0
2016-12-30,26.6,5411.4229,573904.0
2017-01-03,27.4,5574.1724,1186701.0
2017-01-04,27.63,5620.9629,895083.0
2017-01-05,27.5,5594.5161,764669.0
2017-01-06,27.68,5631.1348,475537.0
2017-01-09,27.29,5551.7944,422503.0
2017-01-10,27.65,5625.0317,555382.0
2017-01-11,27.47,5588.413,565709.0
2017-01-12,27.44,5582.3099,466857.0
2017-01-13,27.72,5639.2723,410914.0
2017-01-17,27.66,5627.0661,731186.0
2017-01-18,27.51,5596.5505,1004994.0
2017-01-19,27.34,5561.9662,1036792.0
2017-01-20,27.43,5580.2756,614013.0
2017-01-23,27.53,5600.6193,349645.0
2017-01-24,27.88,5671.8222,533183.0
2017-01-25,28.07,5710.4752,573621.0
2017-01-26,27.91,5677.9253,677072.0
2017-01-27,28.1,5716.5783,867479.0
2017-01-30,28.22,5740.9907,764644.0
2017-01-31,28.62,5822.3655,1300536.0
2017-02-01,28.47,5791.85,997128.0
2017-02-02,28.62,5822.3655,903148.0
2017-02-03,28.71,5840.6749,603800.0
2017-02-06,28.67,5832.5374,691864.0
2017-02-07,28.67,5832.5374,506366.0
2017-02-08,28.57,5812.1937,590817.0
2017-02-09,28.87,5873.2248,989676.0
2017-02-10,28.88,5875.2591,1382473.0
2017-02-13,29.01,5901.7059,723018.0
2017-02-14,29.03,5905.7747,930951.0
2017-02-15,29.17,5934.2559,527188.0
2017-02-16,29.29,5958.6683,721584.0
2017-02-17,29.69,6040.0431,1055630.0
2017-02-21,30.47,6198.7239,1050516.0
2017-02-22,30.72,6249.5831,1081073.0
2017-02-23,29.76,6093.7769,1828322.0
2017-02-24,28.84,5905.394,2518693.0
2017-02-27,28.93,5923.8227,2213137.0
2017-02-28,28.41,5817.3455,1833783.0
2017-03-01,28.83,5903.3463,1558362.0
2017-03-02,28.34,5803.012,1208534.0
2017-03-03,28.41,5817.3455,828544.0
2017-03-06,28.57,5850.1077,1355850.0
2017-03-07,28.35,5805.0596,911776.0
2017-03-08,28.33,5800.9643,755493.0
2017-03-09,28.39,5813.2502,1027932.0
2017-03-10,28.27,5788.6785,1463134.0
2017-03-13,28.67,5870.5841,858269.0
2017-03-14,28.6,5856.2506,806909.0
2017-03-15,28.86,5909.4893,975977.0
2017-03-16,29.03,5944.2991,709939.0
2017-03-17,29.25,5989.3472,1354611.0
2017-03-20,29.06,5950.4421,830988.0
2017-03-21,28.95,5927.918,1746382.0
2017-03-22,28.75,5886.9652,710336.0
2017-03-23,29.3,5999.5854,1086167.0
2017-03-24,29.56,6052.8241,1238509.0
2017-03-27,29.65,6071.2528,1106252.0
2017-03-28,30.0,6142.9202,1010454.0
2017-03-29,30.07,6157.2537,1342516.0
2017-03-30,30.08,6159.3013,1322813.0
2017-03-31,30.37,6218.6829,1055657.0
2017-04-03,30.67,6280.1121,1737542.0
2017-04-04,30.97,6341.5413,1270526.0
2017-04-05,31.34,6417.304,2117702.0
2017-04-06,31.26,6400.9229,1336286.0
2017-04-07,31.22,6392.7323,911074.0
2017-04-10,31.25,6398.8752,1043065.0
2017-04-11,31.22,6392.7323,897515.0
2017-04-12,30.92,6331.3031,874718.0
2017-04-13,30.67,6280.1121,794223.0
2017-04-17,30.89,6325.1602,699608.0
2017-04-18,30.84,6314.922,628194.0
2017-04-19,31.28,6405.0182,878494.0
2017-04-20,31.5,6450.0662,917233.0
2017-04-21,31.25,6421.4315,584702.0
2017-04-24,31.38,6448.1447,768427.0
2017-04-25,31.85,6544.723,918022.0
2017-04-26,32.06,6587.875,787374.0
2017-04-27,32.22,6620.7528,697190.0
2017-04-28,32.16,6608.4236,713271.0
2017-05-01,32.3,6637.1916,844369.0
2017-05-02,32.59,6696.7825,1366667.0
2017-05-03,32.13,6602.2591,880900.0
2017-05-04,31.92,6563.1009,1556336.0
2017-05-05,34.55,7103.8577,4436170.0
2017-05-08,34.0,6990.7717,2190709.0
2017-05-09,33.98,6986.6594,1259663.0
2017-05-10,34.02,6994.8839,886684.0
2017-05-11,34.0,6990.7717,1476295.0
2017-05-12,33.69,6927.0323,988687.0
2017-05-15,34.15,7021.6133,1315776.0
2017-05-16,34.41,7075.0721,1047838.0
2017-05-17,33.79,6947.5934,899547.0
2017-05-18,33.98,6986.6594,1221703.0
2017-05-19,33.86,6961.9861,1340849.0
2017-05-22,33.92,6974.3228,1369427.0
2017-05-23,33.61,6910.5834,1465606.0
2017-05-24,33.6,6908.5273,784486.0
2017-05-25,34.2,7031.8939,1247658.0
2017-05-26,34.25,7042.1744,820698.0
2017-05-30,34.19,7029.8377,912162.0
2017-05-31,34.49,7091.521,1138460.0
2017-06-01,34.77,7149.0921,1226880.0
2017-06-02,35.39,7276.5709,1135481.0
2017-06-05,35.02,7200.4948,1441547.0
2017-06-06,35.17,7231.3365,1104195.0
2017-06-07,35.5,7299.1881,965371.0
2017-06-08,35.79,7358.8152,1131504.0
2017-06-09,35.93,7387.6008,2093021.0
2017-06-12,35.45,7288.9075,1164264.0
2017-06-13,35.86,7373.208,990726.0
2017-06-14,36.12,7426.6669,1170525.0
2017-06-15,36.14,7430.7792,1289908.0
2017-06-16,36.42,7488.3502,1351338.0
2017-06-19,35.67,7334.142,1464468.0
2017-06-20,34.8,7155.2605,1342521.0
2017-06-21,34.65,7124.4189,1480856.0
2017-06-22,34.39,7070.96,796327.0
2017-06-23,34.84,7163.4849,2606574.0
2017-06-26,34.86,7167.5972,1091591.0
2017-06-27,34.66,7126.475,1259977.0
2017-06-28,34.8,7155.2605,1119051.0
2017-06-29,34.63,7120.3066,878439.0
2017-06-30,34.85,7165.541,1333617.0
2017-07-03,34.52,7097.6894,419301.0
2017-07-05,34.46,7085.3528,946043.0
2017-07-06,34.01,6992.8279,944961.0
2017-07-07,34.23,7038.0623,844524.0
2017-07-10,34.66,7126.475,875269.0
2017-07-11,34.65,7124.4189,624165.0
2017-07-12,35.11,7218.9999,720438.0
2017-07-13,35.5,7299.1882,1021160.0
2017-07-14,35.48,7295.0759,705883.0
2017-07-17,35.58,7315.637,719595.0
2017-07-18,35.7,7340.3103,927344.0
2017-07-19,36.39,7482.1819,1271760.0
2017-07-20,36.38,7480.1258,1125831.0
2017-07-21,36.66,7537.6968,1494084.0
2017-07-24,36.86,7578.819,1551493.0
2017-07-25,36.63,7531.5285,1995910.0
2017-07-26,36.7,7545.9213,1209042.0
2017-07-27,37.06,7619.9412,2127099.0
2017-07-28,37.48,7706.2978,1772684.0
2017-07-31,37.27,7663.1195,1300555.0
2017-08-01,37.54,7718.6345,958301.0
2017-08-02,37.16,7640.5023,968446.0
2017-08-03,37.32,7673.4001,636358.0
2017-08-04,37.36,7681.6245,937419.0
2017-08-07,37.89,7790.5983,1260412.0
2017-08-08,37.86,7784.43,2912265.0
2017-08-09,37.5,7730.1418,2814141.0
2017-08-10,39.61,8165.0911,13510668.0
2017-08-11,38.34,7903.297,5064054.0
2017-08-14,39.37,8115.6182,2403326.0
2017-08-15,39.79,8202.1958,1226916.0
2017-08-16,39.75,8193.9503,958344.0
2017-08-17,39.04,8047.5929,1345195.0
2017-08-18,38.38,7911.5424,3157964.0
2017-08-21,38.98,8035.2247,1563689.0
2017-08-22,39.35,8111.4954,1102203.0
2017-08-23,39.23,8086.759,946186.0
2017-08-24,39.27,8095.0045,883035.0
2017-08-25,39.28,8097.0658,1200008.0
2017-08-28,38.94,8026.9792,3863270.0
2017-08-29,38.9,8018.7337,1029007.0
2017-08-30,39.48,8138.2933,1945431.0
2017-08-31,39.96,8237.2391,1803508.0
2017-09-01,40.1,8266.0983,974364.0
2017-09-05,40.24,8294.9575,1424131.0
2017-09-06,40.22,8290.8347,1186297.0
2017-09-07,40.18,8282.5892,1788301.0
2017-09-08,40.61,8371.2282,1421712.0
2017-09-11,41.16,8484.6036,1729937.0
2017-09-12,41.52,8558.813,1546750.0
2017-09-13,41.45,8544.3834,945430.0
2017-09-14,41.48,8550.5675,1003744.0
2017-09-15,42.09,8676.3111,2067411.0
2017-09-18,42.17,8692.8021,1279565.0
2017-09-19,43.19,8903.062,1243443.0
2017-09-20,43.12,8888.6324,1487467.0
2017-09-21,43.58,8983.4554,1458941.0
2017-09-22,43.5,8966.9645,1171887.0
2017-09-25,42.84,8830.914,3218889.0
2017-09-26,42.59,8779.3797,3268946.0
2017-09-27,43.01,8865.9573,1552229.0
2017-09-28,43.16,8896.8778,900498.0
2017-09-29,43.55,8977.2713,1363556.0
2017-10-02,42.81,8824.7299,2668115.0
2017-10-03,42.66,8793.8093,3581508.0
2017-10-04,43.05,8874.2028,1211361.0
2017-10-05,42.88,8839.1594,1841368.0
2017-10-06,42.82,8826.7912,1261172.0
2017-10-09,42.85,8832.9753,1073826.0
2017-10-10,42.78,8818.5457,786509.0
2017-10-11,42.79,8820.6071,1208786.0
2017-10-12,42.19,8696.9248,1098363.0
2017-10-13,41.97,8651.5747,1230813.0
2017-10-16,41.78,8612.4086,1119967.0
2017-10-17,41.41,8536.1379,1606147.0
2017-10-18,42.6,8781.4411,2728133.0
2017-10-19,43.1,8884.5096,2380685.0
2017-10-20,43.2,8905.1233,1054640.0
2017-10-23,43.14,8892.7551,1462535.0
2017-10-24,42.97,8857.7118,803396.0
2017-10-25,42.25,8709.2931,1221355.0
2017-10-26,42.26,8711.3544,1290468.0
2017-10-27,43.19,8903.062,1287546.0
2017-10-30,43.11,8886.571,982106.0
2017-10-31,43.78,9024.6829,1462578.0
2017-11-01,42.47,8754.6432,1588519.0
2017-11-02,40.92,8435.1307,3164696.0
2017-11-03,43.82,9061.9728,4373990.0
2017-11-06,44.48,9198.4607,2700968.0
2017-11-07,45.45,9399.0566,2673949.0
2017-11-08,45.45,9399.0566,2770009.0
2017-11-09,44.85,9274.9767,1340203.0
2017-11-10,44.77,9258.4327,1221959.0
2017-11-13,44.93,9291.5207,1172390.0
2017-11-14,46.16,9545.8846,2901127.0
2017-11-15,45.32,9372.1726,2233167.0
2017-11-16,45.36,9380.4446,2006790.0
2017-11-17,45.34,9376.3086,2243939.0
2017-11-20,43.97,9092.9927,2483711.0
2017-11-21,43.89,9076.4488,3038124.0
2017-11-22,44.42,9186.0527,1737499.0
2017-11-24,45.26,9359.7647,938329.0
2017-11-27,45.39,9386.6486,2513087.0
2017-11-28,46.41,9597.5846,2660288.0
2017-11-29,45.69,9448.6886,2814605.0
2017-11-30,45.38,9384.5806,8758260.0
2017-12-01,44.7,9243.9567,1892012.0
2017-12-04,43.66,9028.8848,2898579.0
2017-12-05,43.35,8964.7768,2108946.0
2017-12-06,42.73,8836.5608,1485636.0
2017-12-07,43.59,9014.4088,1539335.0
2017-12-08,43.35,8964.7768,1989121.0
2017-12-11,43.59,9014.4088,1487334.0
2017-12-12,42.92,8875.8528,1651162.0
2017-12-13,42.69,8828.2888,1805940.0
2017-12-14,42.81,8853.1048,1308043.0
2017-12-15,42.63,8815.8808,2810017.0
2017-12-18,43.56,9008.2048,1493747.0
2017-12-19,44.06,9111.6047,1205181.0
2017-12-20,43.37,8968.9128,1753276.0
2017-12-21,43.1,8913.0768,1059738.0
2017-12-22,42.07,8700.0729,1505585.0
2017-12-26,42.41,8770.3849,684808.0
2017-12-27,42.4,8768.3169,451984.0
2017-12-28,42.61,8811.7448,610124.0
2017-12-29,42.57,8803.4728,598644.0
2018-01-02,42.65,8820.0168,927048.0
2018-01-03,42.51,8791.0649,1252698.0
2018-01-04,42.27,8741.4329,1265370.0
2018-01-05,43.32,8958.5728,1071034.0
2018-01-08,43.05,8902.7368,974018.0
2018-01-09,43.72,9041.2928,1007414.0
2018-01-10,43.59,9014.4088,948254.0
2018-01-11,43.76,9049.5648,1459322.0
2018-01-12,44.43,9188.1207,617042.0
2018-01-16,43.66,9028.8848,1756736.0
2018-01-17,42.07,8700.0729,1785280.0
2018-01-18,43.19,8931.6888,2133358.0
2018-01-19,43.7,9037.1568,1461338.0
2018-01-22,43.46,8987.5248,2002977.0
2018-01-23,44.0,9099.1967,1007733.0
2018-01-24,44.99,9303.9287,1491669.0
2018-01-25,45.16,9339.0847,1822822.0
2018-01-26,45.41,9390.7846,989743.0
2018-01-29,45.03,9312.2007,1553105.0
2018-01-30,45.33,9374.2406,1097715.0
2018-01-31,45.06,9318.4047,1121367.0
2018-02-01,45.97,9506.5926,889941.0
2018-02-02,44.73,9250.1607,1184471.0
2018-02-05,43.69,9035.0888,1131274.0
2018-02-06,43.94,9086.7887,1539976.0
2018-02-07,44.22,9144.6927,1130832.0
2018-02-08,43.1,8913.0768,2628004.0
2018-02-09,42.74,8838.6288,1750042.0
2018-02-12,43.41,8977.1848,861560.0
2018-02-13,44.16,9132.2847,1341596.0
2018-02-14,45.31,9370.1046,1431741.0
2018-02-15,46.93,9705.1205,1778535.0
2018-02-16,46.95,9709.2565,931684.0
2018-02-20,46.86,9690.6445,1552519.0
2018-02-21,47.36,9794.0445,1935818.0
2018-02-22,47.83,9891.2405,1637718.0
2018-02-23,48.27,9982.2324,1349134.0
2018-02-26,48.59,10048.4084,1912178.0
2018-02-27,47.75,9940.0614,2479379.0
2018-02-28,44.8,9325.9634,3443238.0
2018-03-01,42.09,8761.8259,2921324.0
2018-03-02,43.89,9136.5298,2981179.0
2018-03-05,44.03,9165.6734,2530744.0
2018-03-06,44.12,9184.4086,2086641.0
2018-03-07,43.89,9136.5298,1508780.0
2018-03-08,44.51,9265.5944,1269565.0
2018-03-09,45.05,9378.0056,1230634.0
2018-03-12,45.48,9467.5182,639446.0
2018-03-13,45.15,9398.8225,743792.0
2018-03-14,44.81,9328.0451,795732.0
2018-03-15,45.35,9440.4563,2363893.0
2018-03-16,44.94,9355.107,5846625.0
2018-03-19,44.05,9169.8368,1639252.0
2018-03-20,44.42,9246.8593,1065362.0
2018-03-21,43.09,8969.9947,1583766.0
2018-03-22,42.5,8847.1751,2761524.0
2018-03-23,41.9,8722.2738,1146857.0
2018-03-26,43.31,9015.7919,2116754.0
2018-03-27,42.04,8751.4174,1820090.0
2018-03-28,41.92,8726.4372,1260566.0
2018-03-29,42.14,8772.2343,1238029.0
2018-04-02,38.17,7945.8041,5412760.0
2018-04-03,36.61,7621.0607,4924744.0
2018-04-04,38.43,7999.928,4501860.0
2018-04-05,38.97,8112.3391,3399252.0
2018-04-06,37.75,7858.3732,1965770.0
2018-04-09,37.32,7768.8606,1405366.0
2018-04-10,38.31,7974.9477,1722257.0
2018-04-11,37.99,7908.3337,1150493.0
2018-04-12,38.03,7916.6605,947552.0
2018-04-13,37.78,7864.6182,897347.0
2018-04-16,38.49,8012.4181,881853.0
2018-04-17,38.97,8112.3391,1260041.0
2018-04-18,39.38,8197.6884,1700777.0
2018-04-19,39.47,8216.4236,1592279.0
2018-04-20,39.25,8198.3733,1596908.0
2018-04-23,40.11,8378.0065,2132200.0
2018-04-24,39.8,8313.255,2175355.0
2018-04-25,39.47,8244.326,1579277.0
2018-04-26,40.27,8411.4266,1282225.0
2018-04-27,39.56,8263.1248,1080264.0
2018-04-30,39.47,8244.326,2267596.0
2018-05-01,39.75,8302.8112,2058147.0
2018-05-02,40.11,8378.0065,1240802.0
2018-05-03,40.43,8446.5382,1594166.0
2018-05-04,45.5,9505.7504,5223700.0
2018-05-07,45.07,9415.9159,3089073.0
2018-05-08,43.04,8991.8132,2070321.0
2018-05-09,42.87,8956.2972,1872982.0
2018-05-10,42.8,8941.6729,1461358.0
2018-05-11,42.52,8883.176,979834.0
2018-05-14,42.72,8924.9595,951350.0
2018-05-15,43.9,9171.4823,1943846.0
2018-05-16,43.83,9156.8581,1446596.0
2018-05-17,44.43,9282.2086,1386960.0
2018-05-18,44.31,9257.1385,1115819.0
2018-05-21,44.86,9372.0432,1321987.0
2018-05-22,44.44,9284.2978,2032062.0
2018-05-23,44.06,9204.9091,951977.0
2018-05-24,43.5,9087.9153,1036333.0
2018-05-25,43.37,9060.756,682651.0
2018-05-29,42.91,8964.6539,812603.0
2018-05-30,43.33,9052.3993,1135075.0
2018-05-31,42.63,8906.1569,1462641.0
2018-06-01,43.57,9102.5395,900489.0
2018-06-04,43.52,9092.0936,569644.0
2018-06-05,43.66,9121.3421,740010.0
2018-06-06,44.88,9376.2215,1263285.0
2018-06-07,45.16,9434.7185,1024814.0
2018-06-08,45.86,9580.9608,1968844.0
2018-06-11,46.11,9633.1902,1610033.0
2018-06-12,46.18,9647.8144,1577530.0
2018-06-13,46.48,9710.4897,1316166.0
2018-06-14,46.55,9725.1139,961700.0
2018-06-15,46.93,9804.5026,1913035.0
2018-06-18,46.97,9812.8593,967182.0
2018-06-19,46.96,9810.7701,1146338.0
2018-06-20,47.11,9842.1078,1275676.0
2018-06-21,47.03,9825.3944,876744.0
2018-06-22,48.73,10180.5543,2496659.0
2018-06-25,47.77,9979.9934,1312874.0
2018-06-26,47.76,9977.9042,753541.0
2018-06-27,46.98,9814.9485,1074035.0
2018-06-28,48.69,10172.1976,1620033.0
2018-06-29,48.57,10147.1274,2040289.0
2018-07-02,49.17,10272.478,1198781.0
2018-07-03,48.22,10074.0063,502076.0
2018-07-05,49.08,10253.6754,995588.0
2018-07-06,49.69,10381.1151,817114.0
2018-07-09,50.04,10454.2363,1181859.0
2018-07-10,49.96,10437.5229,851075.0
2018-07-11,49.77,10397.8286,974194.0
2018-07-12,51.18,10692.4024,1354306.0
2018-07-13,51.54,10767.6127,1570103.0
2018-07-16,51.24,10704.9374,998140.0
2018-07-17,51.44,10746.7209,1090395.0
2018-07-18,51.77,10815.6637,900074.0
2018-07-19,51.27,10711.2049,1268965.0
2018-07-20,51.27,10711.2049,983322.0
2018-07-23,51.01,10656.8864,878866.0
2018-07-24,51.81,10824.0204,1507523.0
2018-07-25,52.41,10949.371,1168244.0
2018-07-26,51.6,10787.4896,1854674.0
2018-07-27,50.35,10526.1647,3392497.0
2018-07-30,48.85,10212.5749,1922705.0
2018-07-31,49.28,10302.4706,2026819.0
2018-08-01,49.12,10269.0211,1780968.0
2018-08-02,49.48,10344.2826,1014761.0
2018-08-03,49.02,10248.1151,1157536.0
2018-08-06,49.53,10354.7356,1058688.0
2018-08-07,49.7,10390.2758,941371.0
2018-08-08,49.49,10346.3732,1246210.0
2018-08-09,49.26,10298.2894,885106.0
2018-08-10,49.2,10285.7459,1212542.0
2018-08-13,48.93,10229.2997,1047774.0
2018-08-14,49.17,10279.4741,1551104.0
2018-08-15,48.49,10137.3133,1433542.0
2018-08-16,48.69,10179.1253,1191747.0
2018-08-17,48.15,10066.233,834834.0
2018-08-20,48.21,10078.7766,1325528.0
2018-08-21,49.2,10285.7459,1205556.0
2018-08-22,49.56,10361.0074,832342.0
2018-08-23,49.2,10285.7459,1163125.0
2018-08-24,49.48,10344.2826,838289.0
2018-08-27,49.58,10365.1886,1001907.0
2018-08-28,49.69,10388.1852,599095.0
2018-08-29,49.65,10379.8228,920542.0
2018-08-30,49.39,10325.4672,807804.0
2018-08-31,49.68,10386.0946,1214999.0
2018-09-04,50.31,10517.8023,1029523.0
2018-09-05,49.41,10329.6484,794777.0
2018-09-06,49.47,10342.192,1005357.0
2018-09-07,49.92,10436.269,1370958.0
2018-09-10,50.29,10513.6211,847429.0
2018-09-11,51.46,10758.2212,1358890.0
2018-09-12,52.83,11044.6332,1888187.0
2018-09-13,54.58,11410.488,5284106.0
2018-09-14,54.71,11437.6658,1601106.0
2018-09-17,53.47,11178.4315,1207151.0
2018-09-18,53.67,11220.2435,896795.0
2018-09-19,52.73,11023.7272,1009110.0
2018-09-20,52.39,10952.6469,3118325.0
2018-09-21,53.41,11165.8879,1915777.0
2018-09-24,53.52,11188.8845,1437649.0
2018-09-25,53.67,11220.2435,1233757.0
2018-09-26,53.49,11182.6127,1452420.0
2018-09-27,53.9,11268.3273,772475.0
2018-09-28,54.47,11387.4914,1579164.0
2018-10-01,54.1,11310.1392,1589895.0
2018-10-02,54.58,11410.488,1308879.0
2018-10-03,54.83,11462.7529,1029114.0
2018-10-04,52.68,11013.2742,3097704.0
2018-10-05,52.29,10931.7409,1584953.0
2018-10-08,51.8,10829.3015,874209.0
2018-10-09,50.62,10582.6109,885829.0
2018-10-10,49.58,10365.1886,1638034.0
2018-10-11,49.5,10348.4638,1848532.0
2018-10-12,51.42,10749.8588,1308702.0
2018-10-15,51.94,10858.5699,836410.0
2018-10-16,53.85,11257.8743,1069448.0
2018-10-17,53.48,11180.5221,1060550.0
2018-10-18,52.6,10996.5494,1044810.0
2018-10-19,51.68,10804.2143,905291.0
2018-10-22,52.61,10998.64,668229.0
2018-10-23,51.37,10739.4058,953290.0
2018-10-24,49.28,10302.4706,1557151.0
2018-10-25,50.7,10599.3357,1032219.0
2018-10-26,50.06,10465.5373,1373633.0
2018-10-29,49.09,10262.7493,1275593.0
2018-10-30,50.23,10501.0775,980013.0
2018-10-31,52.3,10933.8315,1586700.0
2018-11-01,53.19,11145.7018,1708320.0
2018-11-02,54.85,11493.5466,2077187.0
2018-11-05,55.13,11552.2192,1366364.0
2018-11-06,55.4,11608.7964,914619.0
2018-11-07,56.64,11868.6323,2104805.0
2018-11-08,57.43,12034.1729,1376878.0
2018-11-09,56.4,11818.3414,1608769.0
2018-11-12,55.44,11617.1782,1229763.0
2018-11-13,55.86,11705.1871,1038449.0
2018-11-14,53.57,11225.3289,1564641.0
2018-11-15,54.5,11420.2058,1146612.0
2018-11-16,54.37,11392.965,942622.0
2018-11-19,53.03,11112.1746,1639059.0
2018-11-20,51.38,10766.4252,1581049.0
2018-11-21,52.69,11040.9293,975480.0
2018-11-23,53.36,11181.3245,276325.0
2018-11-26,54.63,11447.4467,1636332.0
2018-11-27,53.02,11110.0791,2732267.0
2018-11-28,55.13,11552.2192,3777984.0
2018-11-29,55.91,11715.6644,1773519.0
2018-11-30,55.68,11667.469,1965982.0
2018-12-03,55.44,11617.1782,1414721.0
2018-12-04,54.37,11392.965,1656249.0
2018-12-06,56.5,11839.2959,1546613.0
2018-12-07,55.11,11548.0283,1654616.0
2018-12-10,54.34,11386.6786,1181348.0
2018-12-11,54.16,11348.9605,1268270.0
2018-12-12,54.69,11460.0194,874619.0
2018-12-13,54.62,11445.3512,762092.0
2018-12-14,53.9,11294.4788,800088.0
2018-12-17,52.36,10971.7794,733908.0
2018-12-18,52.62,11026.2611,891920.0
2018-12-19,51.14,10716.1344,2521846.0
2018-12-20,50.06,10489.8258,1880061.0
2018-12-21,48.76,10217.4172,1837517.0
2018-12-24,46.2,9680.9818,949349.0
2018-12-26,48.56,10175.5082,956346.0
2018-12-27,48.82,10229.9899,919456.0
2018-12-28,48.24,10108.4537,969036.0
2018-12-31,49.25,10320.0943,790062.0
2019-01-02,48.31,10123.1219,1648916.0
2019-01-03,47.69,9993.204,948481.0
2019-01-04,50.0,10477.2531,1265076.0
2019-01-07,50.9,10665.8436,1025729.0
2019-01-08,52.11,10919.3931,1257103.0
2019-01-09,52.74,11051.4065,990854.0
2019-01-10,53.01,11107.9837,651376.0
2019-01-11,53.47,11204.3744,660889.0
2019-01-14,53.95,11304.956,1504237.0
2019-01-15,54.14,11344.7696,1302346.0
2019-01-16,52.52,11005.3066,2253800.0
2019-01-17,53.12,11131.0336,1118474.0
2019-01-18,54.04,11323.8151,700826.0
2019-01-22,52.87,11078.6474,884818.0
2019-01-23,52.8,11063.9792,826726.0
2019-01-24,52.88,11080.7428,748120.0
2019-01-25,53.39,11187.6108,727636.0
2019-01-28,52.83,11070.2656,815863.0
2019-01-29,52.56,11013.6884,709228.0
2019-01-30,53.23,11154.0836,838552.0
2019-01-31,53.51,11212.7562,1249170.0
2019-02-01,52.77,11057.6929,1387816.0
2019-02-04,53.17,11141.5109,1070811.0
2019-02-05,53.34,11177.1336,963405.0
2019-02-06,53.15,11137.32,908515.0
2019-02-07,53.49,11208.5653,758511.0
2019-02-08,54.2,11357.3423,764038.0
2019-02-11,54.02,11319.6242,793949.0
2019-02-12,55.07,11539.6465,1281982.0
2019-02-13,55.15,11556.4101,716852.0
2019-02-14,55.37,11602.51,1335987.0
2019-02-15,56.34,11805.7687,1367501.0
2019-02-19,55.69,11669.5644,1151559.0
2019-02-20,55.65,11661.1826,1219807.0
2019-02-21,55.87,11707.2826,1130569.0
2019-02-22,56.86,11914.7322,1109458.0
2019-02-25,56.77,11895.8731,1272625.0
2019-02-26,56.35,11807.8642,1163627.0
2019-02-27,56.35,11807.8642,1227700.0
2019-02-28,56.56,11851.8687,2104529.0
2019-03-01,61.04,12873.2277,5172566.0
2019-03-04,60.76,12814.1762,1837216.0
2019-03-05,61.04,12873.2277,1304351.0
2019-03-06,60.93,12850.0288,1382990.0
2019-03-07,60.78,12818.3941,1144879.0
2019-03-08,60.79,12820.5031,1385122.0
2019-03-11,62.24,13126.3055,1488215.0
2019-03-12,63.13,13314.0049,1412168.0
2019-03-13,62.68,13219.1007,2058746.0
2019-03-14,63.56,13404.6912,2079522.0
2019-03-15,63.46,13383.6014,3971201.0
2019-03-18,63.08,13303.46,2043383.0
2019-03-19,62.64,13210.6648,1553465.0
2019-03-20,63.15,13318.2229,1441529.0
2019-03-21,64.28,13556.5379,1422301.0
2019-03-22,62.95,13276.0433,1153693.0
2019-03-25,62.82,13248.6265,746096.0
2019-03-26,63.31,13351.9666,1236342.0
2019-03-27,63.33,13356.1846,1527641.0
2019-03-28,63.9,13476.3966,1030994.0
2019-03-29,63.54,13400.4732,1035394.0
2019-04-01,64.48,13598.7175,993828.0
2019-04-02,64.77,13659.878,928856.0
2019-04-03,64.82,13670.4229,1047877.0
2019-04-04,63.09,13305.569,1379151.0
2019-04-05,62.93,13271.8253,1033559.0
2019-04-08,63.58,13408.9091,1196926.0
2019-04-09,63.43,13377.2744,901523.0
2019-04-10,64.6,13624.0253,831854.0
2019-04-11,63.98,13493.2684,1566026.0
2019-04-12,64.46,13594.4996,1257468.0
2019-04-15,64.94,13695.7307,665311.0
2019-04-16,64.93,13693.6217,686876.0
2019-04-17,64.53,13609.2625,595085.0
2019-04-18,65.35,13782.199,936345.0
2019-04-22,65.5,13858.3757,691545.0
2019-04-23,66.42,14053.0277,1415826.0
2019-04-24,66.09,13983.2069,880161.0
2019-04-25,65.82,13926.0807,904893.0
2019-04-26,66.46,14061.4908,673117.0
2019-04-29,65.97,13957.8175,1249601.0
2019-04-30,65.34,13824.5232,1544334.0
2019-05-01,63.72,13481.7664,1587996.0
2019-05-02,63.76,13493.4829,2081306.0
2019-05-03,64.34,13616.2279,3386853.0
2019-05-06,64.68,13688.1818,1374469.0
2019-05-07,63.83,13508.2969,2207293.0
2019-05-08,64.71,13694.5307,848405.0
2019-05-09,64.65,13681.833,912307.0
2019-05-10,65.36,13832.0897,1330615.0
2019-05-13,63.01,13334.7609,3346107.0
2019-05-14,64.15,13576.0183,1287009.0
2019-05-15,64.32,13611.9953,929132.0
2019-05-16,64.38,13624.693,776012.0
2019-05-17,63.63,13465.9711,1029463.0
2019-05-20,62.97,13326.2958,1235677.0
2019-05-21,63.9,13523.111,743961.0
2019-05-22,62.87,13305.1328,650295.0
2019-05-23,62.49,13224.7137,831077.0
2019-05-24,63.28,13391.9008,656602.0
2019-05-28,62.45,13216.2485,1306695.0
2019-05-29,62.14,13150.6435,796134.0
2019-05-30,61.62,13040.5962,533202.0
2019-05-31,60.82,12871.2928,1028452.0
2019-06-03,60.07,12712.5708,907565.0
2019-06-04,61.55,13025.7822,721267.0
2019-06-05,61.95,13110.4339,592385.0
2019-06-06,62.01,13123.1317,646998.0
2019-06-07,62.19,13161.2249,581163.0
2019-06-10,61.75,13068.108,765350.0
2019-06-11,63.18,13370.7379,900261.0
2019-06-12,63.39,13415.1801,907074.0
2019-06-13,64.25,13597.1812,499722.0
2019-06-14,63.99,13542.1576,593342.0
2019-06-17,65.09,13774.9498,825815.0
2019-06-18,66.31,14033.1376,2900190.0
2019-06-19,66.48,14069.1145,582889.0
2019-06-20,67.22,14225.7202,661100.0
2019-06-21,66.69,14113.5567,1548041.0
2019-06-24,66.58,14090.2775,1157292.0
2019-06-25,66.47,14066.9982,1322097.0
2019-06-26,66.05,13978.1139,755018.0
2019-06-27,66.93,14164.3477,1051603.0
2019-06-28,66.25,14020.4398,3156028.0
2019-07-01,67.16,14213.0224,1110985.0
2019-07-02,68.19,14431.0006,1195571.0
2019-07-03,69.4,14687.072,610223.0
2019-07-05,69.66,14742.0956,727925.0
2019-07-08,68.61,14519.8849,1241156.0
2019-07-09,69.08,14619.3507,979592.0
2019-07-10,69.34,14674.3743,663554.0
2019-07-11,69.88,14788.6541,776631.0
2019-07-12,70.5,14919.8642,554074.0
2019-07-15,70.83,14989.7019,966587.0
2019-07-16,70.55,14930.4457,754043.0
2019-07-17,70.33,14883.8873,910158.0
2019-07-18,70.59,14938.9109,1045407.0
2019-07-19,70.29,14875.4221,1234221.0
2019-07-22,70.04,14822.5148,809354.0
2019-07-23,70.47,14913.5154,987452.0
2019-07-24,70.87,14998.1671,848994.0
2019-07-25,72.53,15349.4717,1717229.0
2019-07-26,73.54,15674.8527,1349401.0
2019-07-29,71.2,15176.088,1037994.0
2019-07-30,72.1,15367.9205,934197.0
2019-07-31,72.06,15359.3947,1097493.0
2019-08-01,71.25,15186.7453,1071027.0
2019-08-02,70.7,15069.5143,732642.0
2019-08-05,68.5,14600.5903,1232585.0
2019-08-06,70.01,14922.4427,659767.0
2019-08-07,70.8,15090.8291,954785.0
2019-08-08,72.3,15410.55,1131153.0
2019-08-09,72.11,15370.052,780304.0
2019-08-12,70.63,15054.594,737738.0
2019-08-13,71.36,15210.1915,694297.0
2019-08-14,69.06,14719.9527,771312.0
2019-08-15,69.41,14794.5543,981092.0
2019-08-16,70.35,14994.9128,509219.0
2019-08-19,71.47,15233.6377,667746.0
2019-08-20,71.45,15229.3748,509996.0
2019-08-21,71.84,15312.5022,604458.0
2019-08-22,71.45,15229.3748,631473.0
2019-08-23,70.72,15073.7773,653860.0
2019-08-26,71.7,15282.6616,480529.0
2019-08-27,70.31,14986.3869,801247.0
2019-08-28,69.2,14749.7934,928525.0
2019-08-29,68.86,14677.3233,861463.0
2019-08-30,69.51,14841.012,826051.0
2019-09-03,68.46,14616.8275,793695.0
2019-09-04,70.5,15052.3859,1187885.0
2019-09-05,70.98,15154.8702,991380.0
2019-09-06,71.37,15238.1388,660903.0
2019-09-09,69.33,14802.5804,858880.0
2019-09-10,68.65,14657.3942,1935851.0
2019-09-11,70.27,15003.2788,1625125.0
2019-09-12,70.63,15080.1421,1041744.0
2019-09-13,70.29,15007.549,566934.0
2019-09-16,69.23,14781.2295,912089.0
2019-09-17,69.91,14926.4156,1631242.0
2019-09-18,68.06,14531.4239,2162034.0
2019-09-19,67.69,14452.4256,2054789.0
2019-09-20,67.39,14388.3729,2453468.0
2019-09-23,68.2,14561.3152,1403652.0
2019-09-24,66.7,14241.0516,1273567.0
2019-09-25,67.48,14407.5887,1941090.0
2019-09-26,67.31,14371.2921,1024831.0
2019-09-27,66.34,14164.1884,2202213.0
2019-09-30,66.34,14164.1884,1066480.0
2019-10-01,66.24,14142.8375,946510.0
2019-10-02,66.94,14292.2938,1217991.0
2019-10-03,68.4,14604.017,1088547.0
2019-10-04,69.49,14836.7418,908859.0
2019-10-07,69.47,14832.4716,925545.0
2019-10-08,67.57,14426.8045,766298.0
2019-10-09,68.2,14561.3152,472493.0
2019-10-10,67.61,14435.3448,730928.0
2019-10-11,68.14,14548.5046,590910.0
2019-10-14,67.75,14465.2361,665523.0
2019-10-15,67.93,14503.6677,579369.0
2019-10-16,67.73,14460.9659,973802.0
2019-10-17,68.5,14625.3679,690465.0
2019-10-18,67.01,14307.2394,1169587.0
2019-10-21,67.71,14456.6957,742019.0
2019-10-22,67.28,14364.8869,717881.0
2019-10-23,67.18,14343.536,589831.0
2019-10-24,67.85,14486.587,930297.0
2019-10-25,69.06,14744.9329,765872.0
2019-10-28,70.0,14945.6314,1186070.0
2019-10-29,70.0,14945.6314,683279.0
2019-10-30,71.23,15208.2475,988227.0
2019-10-31,70.5,15066.9451,1568130.0
2019-11-01,66.02,14109.4996,5324133.0
2019-11-04,62.17,13286.6947,3027049.0
2019-11-05,61.95,13239.6773,2012990.0
2019-11-06,61.37,13115.7223,2190734.0
2019-11-07,62.67,13393.5525,1328096.0
2019-11-08,63.16,13498.2731,1656066.0
2019-11-11,64.47,13778.2405,1300771.0
2019-11-12,64.74,13835.9437,1652615.0
2019-11-13,64.61,13808.1607,1030746.0
2019-11-14,64.97,13885.0982,1025612.0
2019-11-15,65.4,13976.9959,882654.0
2019-11-18,66.88,14293.2949,1145149.0
2019-11-19,68.22,14579.6737,1555454.0
2019-11-20,67.71,14470.6788,1013366.0
2019-11-21,66.16,14139.4197,1345951.0
2019-11-22,67.59,14445.0329,1586332.0
2019-11-25,69.03,14752.7833,1750221.0
2019-11-26,69.65,14885.2869,1307366.0
2019-11-27,70.47,15060.5337,869969.0
2019-11-29,69.81,14919.4814,512669.0
2019-12-02,69.01,14748.509,849684.0
2019-12-03,69.16,14780.5663,1457090.0
2019-12-04,69.48,14848.9553,1090406.0
2019-12-05,70.13,14987.8704,715332.0
2019-12-06,70.48,15062.6708,729683.0
2019-12-09,69.05,14757.0576,664007.0
2019-12-10,69.6,14874.6012,717811.0
2019-12-11,69.44,14840.4067,725266.0
2019-12-12,69.43,14838.2695,570951.0
2019-12-13,64.34,13750.4575,4328728.0
2019-12-16,63.56,13583.7593,5895930.0
2019-12-17,62.91,13444.8442,4795635.0
2019-12-18,63.95,13667.1084,2972998.0
2019-12-19,69.83,14923.7557,6889269.0
2019-12-20,71.55,15291.3465,27143647.0
2019-12-23,70.44,15054.1222,3092322.0
2019-12-24,70.61,15090.4539,783765.0
2019-12-26,71.54,15289.2093,1147746.0
2019-12-27,71.65,15312.718,1229853.0
2019-12-30,71.21,15218.6832,1540264.0
2019-12-31,71.47,15274.2492,1056122.0
2020-01-02,71.89,15364.0097,1286036.0
2020-01-03,71.64,15310.5809,687076.0
2020-01-06,71.74,15331.9524,915051.0
2020-01-07,70.91,15154.5685,897987.0
2020-01-08,71.69,15321.2666,1391723.0
2020-01-09,71.98,15383.2441,1408400.0
2020-01-10,71.28,15233.6433,657620.0
2020-01-13,72.36,15464.456,1798938.0
2020-01-14,72.54,15502.9248,1389762.0
2020-01-15,74.2,15857.6926,1931436.0
2020-01-16,74.66,15956.0018,1301520.0
2020-01-17,75.54,16144.0714,1231333.0
2020-01-21,74.91,16009.4307,1368095.0
2020-01-22,74.65,15953.8646,1278174.0
2020-01-23,74.35,15889.75,891948.0
2020-01-24,72.02,15391.7928,1319015.0
2020-01-27,70.9,15152.4314,1264292.0
2020-01-28,72.01,15389.6556,942333.0
2020-01-29,70.57,15081.9052,2025323.0
2020-01-30,70.65,15099.0025,1876240.0
2020-01-31,68.16,14566.8508,1814699.0
2020-02-03,68.6,14660.8856,1654914.0
2020-02-04,70.99,15171.6658,2080834.0
2020-02-05,70.81,15133.197,1170018.0
2020-02-06,72.25,15440.9473,1164395.0
2020-02-07,72.19,15428.1244,953393.0
2020-02-10,72.89,15577.7253,1323932.0
2020-02-11,73.11,15624.7427,833563.0
2020-02-12,74.1,15836.3211,765943.0
2020-02-13,73.15,15633.2913,853624.0
2020-02-14,74.02,15819.2238,965944.0
2020-02-18,74.13,15842.7325,1827700.0
2020-02-19,76.08,16259.4778,1491590.0
2020-02-20,75.66,16169.7173,1306022.0
2020-02-21,74.19,15855.5555,1465976.0
2020-02-24,68.26,14588.2224,4126615.0
2020-02-25,62.79,13419.1984,5181028.0
2020-02-26,60.76,12985.3558,6644751.0
2020-02-27,57.75,12342.0721,7752092.0
2020-02-28,60.77,13037.0514,10008661.0
2020-03-02,57.96,12434.2192,5761670.0
2020-03-03,57.61,12359.1333,7189933.0
2020-03-04,59.77,12822.5204,3712642.0
2020-03-05,55.45,11895.7463,7273583.0
2020-03-06,53.0,11370.1452,7839828.0
2020-03-09,47.26,10138.737,7105198.0
2020-03-10,50.36,10803.7833,7168397.0
2020-03-11,42.01,9012.4491,9188598.0
2020-03-12,36.2,7766.0237,15789814.0
2020-03-13,42.85,9192.6551,9856010.0
2020-03-16,36.31,7789.6221,9548823.0
2020-03-17,33.92,7276.8929,7113875.0
2020-03-18,29.5,6328.6657,14709339.0
2020-03-19,32.92,7062.3619,10497673.0
2020-03-20,33.97,7287.6195,7341409.0
2020-03-23,37.33,8008.4438,6333388.0
2020-03-24,42.94,9211.9629,6404927.0
2020-03-25,45.9,9846.9748,7807810.0
2020-03-26,45.94,9855.5561,7112202.0
2020-03-27,47.15,10115.1386,12341817.0
2020-03-30,45.23,9703.239,9283348.0
2020-03-31,45.46,9752.5812,7538536.0
2020-04-01,38.88,8340.9669,11750058.0
2020-04-02,33.95,7283.3289,6102664.0
2020-04-03,33.57,7201.8071,10849131.0
2020-04-06,34.51,7403.4663,7803766.0
2020-04-07,37.85,8119.9999,8619786.0
2020-04-08,37.76,8100.6921,5020070.0
2020-04-09,38.27,8210.103,6288287.0
2020-04-13,39.41,8454.6684,6211272.0
2020-04-14,41.96,9001.7225,6017862.0
2020-04-15,38.47,8253.0092,4396567.0
2020-04-16,36.4,7808.9299,7796087.0
2020-04-17,38.35,8227.2655,7748230.0
2020-04-20,36.66,7864.708,3326205.0
2020-04-21,36.47,7823.9471,3746229.0
2020-04-22,36.35,7798.2034,2811182.0
2020-04-23,39.45,8463.2496,9664312.0
2020-04-24,38.24,8230.0511,5685877.0
2020-04-27,42.01,9041.4343,8553716.0
2020-04-28,43.64,9392.2445,6480470.0
2020-04-29,46.53,10014.2332,6984976.0
2020-04-30,44.87,9656.9664,3126572.0
2020-05-01,41.17,8860.6487,3400338.0
2020-05-04,41.83,9002.6945,3281975.0
2020-05-05,40.25,8662.6453,3305730.0
2020-05-06,38.49,8283.8564,5069556.0
2020-05-07,39.37,8474.7901,12351461.0
2020-05-08,41.96,9032.3137,10712655.0
2020-05-11,40.59,8737.4074,3494550.0
2020-05-12,38.16,8214.3253,6862529.0
2020-05-13,37.45,8061.4907,4974358.0
2020-05-14,39.19,8436.0432,5668666.0
2020-05-15,40.06,8623.3195,3000771.0
2020-05-18,46.15,9934.2535,9010303.0
2020-05-19,44.87,9658.7206,3142067.0
2020-05-20,47.73,10274.3645,3922210.0
2020-05-21,45.53,9800.7923,3352034.0
2020-05-22,46.49,10007.442,1860504.0
2020-05-26,49.69,10696.2743,5416356.0
2020-05-27,51.7,11128.9471,4472275.0
2020-05-28,49.01,10549.8974,4002429.0
2020-05-29,49.16,10582.1864,3663725.0
2020-06-01,50.66,10905.0766,2704330.0
2020-06-02,50.53,10877.0928,4274099.0
2020-06-03,53.91,11604.6719,5729194.0
2020-06-04,53.47,11509.9574,3835108.0
2020-06-05,56.96,12261.2152,6009709.0
2020-06-08,57.09,12289.199,4609044.0
2020-06-09,53.42,11499.1944,3062502.0
2020-06-10,52.48,11296.8499,3367203.0
2020-06-11,47.74,10276.5171,5178879.0
2020-06-12,49.12,10573.576,2713675.0
2020-06-15,49.4,10633.8488,2245621.0
2020-06-16,49.2,10590.7968,2945914.0
2020-06-17,48.0,10332.4847,2163653.0
2020-06-18,48.32,10401.3679,2671148.0
2020-06-19,46.51,10011.7472,4052604.0
2020-06-22,45.78,9854.6073,4073218.0
2020-06-23,46.88,10091.3934,2642550.0
2020-06-24,44.18,9510.1911,5340977.0
2020-06-25,44.17,9508.0385,2770507.0
2020-06-26,42.62,9174.3854,3732012.0
2020-06-29,44.29,9533.8697,3925545.0
2020-06-30,44.33,9542.4801,2085015.0
2020-07-01,46.02,9906.2697,3014300.0
2020-07-02,45.36,9764.198,1748819.0
2020-07-06,45.46,9785.7241,2922761.0
2020-07-07,45.04,9695.3148,2373391.0
2020-07-08,46.06,9914.8801,3223237.0
2020-07-09,45.05,9697.4674,3082149.0
2020-07-10,46.44,9996.679,3386439.0
2020-07-13,45.66,9828.7761,3059306.0
2020-07-14,46.41,9990.2211,2541758.0
2020-07-15,51.84,11159.0835,5627613.0
2020-07-16,50.85,10945.976,3358781.0
2020-07-17,51.04,10986.8754,2275818.0
2020-07-20,49.21,10592.9494,2488004.0
2020-07-21,49.18,10586.4916,1764566.0
2020-07-22,48.99,10545.5922,1614284.0
2020-07-23,48.0,10332.4847,2054387.0
2020-07-24,47.92,10315.2639,1142533.0
2020-07-27,47.34,10190.413,1896906.0
2020-07-28,47.29,10179.65,1786727.0
2020-07-29,46.94,10104.309,1447877.0
2020-07-30,46.47,10003.1368,1540109.0
2020-07-31,46.81,10076.3252,1606512.0
2020-08-03,46.67,10046.1888,1662058.0
2020-08-04,47.76,10280.8223,1965234.0
2020-08-05,47.64,10350.0176,2102484.0
2020-08-06,47.47,10313.0843,4398214.0
2020-08-07,47.65,10352.1901,2237274.0
2020-08-10,50.8,11036.5427,3381048.0
2020-08-11,51.69,11229.8994,3263264.0
2020-08-12,51.35,11156.0328,1181105.0
2020-08-13,51.3,11145.1701,1302015.0
2020-08-14,51.48,11184.2759,1121079.0
2020-08-17,50.89,11056.0956,2395884.0
2020-08-18,50.32,10932.2604,1195319.0
2020-08-19,51.56,11201.6563,1774601.0
2020-08-20,51.55,11199.4838,1501049.0
2020-08-21,51.12,11106.0642,1524896.0
2020-08-24,54.09,11751.3109,2363693.0
2020-08-25,53.68,11662.2364,2291298.0
2020-08-26,52.64,11436.2915,1889903.0
2020-08-27,57.26,12440.0085,6403065.0
2020-08-28,58.71,12755.028,3098115.0
2020-08-31,56.8,12340.0713,2264040.0
2020-09-01,57.2,12426.9732,1846048.0
2020-09-02,57.9,12579.0516,1779002.0
2020-09-03,56.1,12187.993,2563206.0
2020-09-04,57.58,12509.5301,3629891.0
2020-09-08,57.81,12559.4987,2403605.0
2020-09-09,57.24,12435.6634,2774282.0
2020-09-10,56.93,12368.3145,2619726.0
2020-09-11,57.14,12413.938,1303988.0
2020-09-14,58.66,12744.1652,1498736.0
2020-09-15,58.85,12785.4436,2074937.0
2020-09-16,59.97,13028.769,2756931.0
2020-09-17,58.56,12722.4397,1534767.0
2020-09-18,56.99,12381.3497,2911424.0
2020-09-21,53.16,11549.2639,4599245.0
2020-09-22,53.11,11538.4012,2077328.0
2020-09-23,51.34,11153.8603,2379837.0
2020-09-24,50.91,11060.4407,2202035.0
2020-09-25,53.24,11566.6443,1743854.0
2020-09-28,54.41,11820.8324,1531777.0
2020-09-29,53.29,11577.5071,1456546.0
2020-09-30,53.88,11705.6874,1612104.0
2020-10-01,53.74,11675.2717,1285957.0
2020-10-02,54.73,11890.3539,1358976.0
2020-10-05,54.56,11853.4206,1814720.0
2020-10-06,54.21,11777.3815,1943023.0
2020-10-07,54.82,11909.9069,1174575.0
2020-10-08,56.27,12224.9263,1525466.0
2020-10-09,56.83,12346.589,1584190.0
2020-10-12,55.84,12131.5067,1142940.0
2020-10-13,54.69,11881.6638,1122156.0
2020-10-14,54.36,11809.9697,975099.0
2020-10-15,54.37,11812.1422,1574936.0
2020-10-16,54.6,11862.1108,1201731.0
2020-10-19,53.97,11725.2403,1537012.0
2020-10-20,55.64,12088.0558,1991629.0
2020-10-21,55.29,12012.0166,1195448.0
2020-10-22,56.83,12346.589,1569642.0
2020-10-23,57.16,12418.2831,1596000.0
2020-10-26,54.53,11846.903,1958554.0
2020-10-27,51.85,11264.6602,2242096.0
2020-10-28,49.4,10732.386,3433464.0
2020-10-29,49.67,10791.0448,2133193.0
2020-10-30,48.8,10602.0331,1979465.0
2020-11-02,50.23,10912.7074,1709498.0
2020-11-03,53.34,11588.3698,2917588.0
2020-11-04,54.73,11890.3539,2763851.0
2020-11-05,56.43,12251.9351,1975597.0
2020-11-06,56.04,12167.2593,2996164.0
2020-11-09,64.36,13973.6761,14776495.0
2020-11-10,65.26,14169.0817,5791154.0
2020-11-11,63.69,13828.2074,3643079.0
2020-11-12,62.24,13513.3872,3106856.0
2020-11-13,66.08,14347.118,4098929.0
2020-11-16,68.32,14833.461,5280489.0
2020-11-17,68.78,14933.335,3470603.0
2020-11-18,67.09,14566.4066,4362891.0
2020-11-19,66.91,14527.3254,1589944.0
2020-11-20,66.31,14397.055,2082488.0
2020-11-23,68.3,14829.1186,2107144.0
2020-11-24,69.31,15048.4072,2561500.0
2020-11-25,68.29,14826.9475,1219183.0
2020-11-27,67.23,14596.803,808777.0
2020-11-30,65.65,14253.7575,2262282.0
2020-12-01,68.11,14787.8663,2794452.0
2020-12-02,69.9,15176.5065,2646617.0
2020-12-03,69.22,15028.8666,1891235.0
2020-12-04,70.0,15198.2182,2250433.0
2020-12-07,69.93,15183.02,2155127.0
2020-12-08,69.89,15174.3353,2525731.0
2020-12-09,70.26,15254.6687,1985333.0
2020-12-10,72.33,15704.1018,2295297.0
2020-12-11,70.93,15400.1374,2605621.0
2020-12-14,70.35,15274.2093,2534955.0
2020-12-15,73.17,15886.4804,3240509.0
2020-12-16,72.98,15845.2281,1717028.0
2020-12-17,73.98,16062.3455,1799886.0
2020-12-18,73.43,15942.9309,4166473.0
2020-12-21,72.18,15671.5341,2453193.0
2020-12-22,72.01,15634.6242,1847618.0
2020-12-23,71.63,15552.1196,1845681.0
2020-12-24,71.64,15554.2908,381838.0
2020-12-28,74.68,16214.3277,2305042.0
2020-12-29,74.51,16177.4177,1921807.0
2020-12-30,74.57,16190.4447,1232982.0
2020-12-31,73.48,15953.7868,1117820.0
2021-01-04,70.67,15343.6869,2355012.0
2021-01-05,72.0,15632.453,1642205.0
2021-01-06,72.62,15767.0658,2630653.0
2021-01-07,73.01,15851.7416,1355576.0
2021-01-08,73.46,15949.4444,2259290.0
2021-01-11,72.24,15684.5612,2328255.0
2021-01-12,73.37,15929.9039,1864205.0
2021-01-13,73.32,15919.048,2163193.0
2021-01-14,73.33,15921.2192,2119274.0
2021-01-15,71.57,15539.0925,1738786.0
2021-01-19,76.54,16618.166,6217691.0
2021-01-20,73.73,16008.0661,3201304.0
2021-01-21,74.59,16194.7871,1725628.0
2021-01-22,72.28,15693.2459,2667828.0
2021-01-25,69.21,15026.6955,3563589.0
2021-01-26,68.7,14915.9656,2500980.0
2021-01-27,68.52,14876.8845,2795968.0
2021-01-28,69.18,15020.1819,2215538.0
2021-01-29,66.45,14427.4514,2924608.0
2021-02-01,67.56,14668.4517,2350815.0
2021-02-02,70.38,15280.7228,3246645.0
2021-02-03,71.44,15510.8673,1121648.0
2021-02-04,75.02,16288.1476,2816186.0
2021-02-05,74.34,16140.5077,2043226.0
2021-02-08,76.39,16585.5984,1435753.0
2021-02-09,77.52,16830.9411,1833960.0
2021-02-10,79.63,17289.0588,2910574.0
2021-02-11,81.04,17595.1943,3470333.0
2021-02-12,84.17,18274.7718,4125688.0
2021-02-16,85.01,18457.1504,3511677.0
2021-02-17,84.86,18424.5828,2172021.0
2021-02-18,84.45,18335.5647,1751908.0
2021-02-19,88.09,19125.872,2418829.0
2021-02-22,88.85,19290.8813,3670078.0
2021-02-23,90.33,19612.215,4952920.0
2021-02-24,90.49,19646.9538,2753405.0
2021-02-25,87.22,18936.9799,3255258.0
2021-02-26,88.86,19372.8162,2507012.0
2021-03-01,92.86,20244.8763,2195621.0
2021-03-02,90.57,19748.5263,1900844.0
2021-03-03,91.75,20005.8219,2724060.0
2021-03-04,91.14,19872.8131,3187074.0
2021-03-05,89.81,19582.8105,2920126.0
2021-03-08,89.4,19493.4112,1680260.0
2021-03-09,87.26,19026.7904,2057804.0
2021-03-10,88.17,19225.2132,1933980.0
2021-03-11,88.78,19358.222,1177678.0
2021-03-12,87.88,19161.9796,2036321.0
2021-03-15,90.16,19659.127,2124056.0
2021-03-16,88.01,19190.3257,1828062.0
2021-03-17,86.69,18902.5035,1711797.0
2021-03-18,87.89,19164.1601,4214935.0
2021-03-19,84.68,18464.2289,2781328.0
2021-03-22,84.28,18377.01,1927434.0
2021-03-23,81.64,17801.3657,2013961.0
2021-03-24,81.55,17781.7414,1526686.0
2021-03-25,83.82,18276.7083,2207257.0
2021-03-26,84.04,18324.6787,3212802.0
2021-03-29,81.75,17825.3508,1553947.0
2021-03-30,83.49,18204.7528,1342803.0
2021-03-31,84.65,18457.6874,1976245.0
2021-04-01,88.07,19203.4085,2002641.0
2021-04-05,87.55,19090.024,1653179.0
2021-04-06,88.93,19390.929,1807811.0
2021-04-07,86.68,18900.3231,1283559.0
2021-04-08,87.0,18970.0981,1288233.0
2021-04-09,86.0,18752.051,1452583.0
2021-04-12,84.88,18507.8383,1333633.0
2021-04-13,82.67,18025.9542,3035586.0
2021-04-14,82.05,17890.765,2379273.0
2021-04-15,80.25,17498.2802,2332339.0
2021-04-16,80.99,17659.635,1905500.0
2021-04-19,81.58,17788.2828,2980865.0
2021-04-20,78.45,17105.7954,2466929.0
2021-04-21,81.28,17722.8687,2571217.0
2021-04-22,80.98,17657.4546,3544912.0
2021-04-23,81.78,17831.8922,1315123.0
2021-04-26,82.62,18015.0518,1027007.0
2021-04-27,82.28,17940.9158,923277.0
2021-04-28,82.42,18023.8758,899691.0
2021-04-29,82.61,18065.4256,822763.0
2021-04-30,81.88,17905.7868,943267.0
2021-05-03,82.15,17964.8313,942184.0
2021-05-04,79.28,17337.2103,1587559.0
2021-05-05,78.77,17225.6818,1591674.0
2021-05-06,75.12,16427.4845,4018823.0
2021-05-07,79.96,17485.9113,2994630.0
2021-05-10,83.06,18163.8293,3858473.0
2021-05-11,81.95,17921.0909,2901703.0
2021-05-12,77.91,17037.6107,2493217.0
2021-05-13,81.23,17763.639,2477495.0
2021-05-14,85.8,18763.0214,3493088.0
2021-05-17,84.52,18483.1069,2570471.0
2021-05-18,87.09,19045.1228,5445270.0
2021-05-19,87.3,19091.0462,2785977.0
2021-05-20,88.37,19325.0373,2616278.0
2021-05-21,89.26,19519.6654,2498408.0
2021-05-24,91.72,20057.6261,2272153.0
2021-05-25,90.37,19762.4038,3173635.0
2021-05-26,90.3,19747.0959,1265736.0
2021-05-27,90.52,19795.2063,1973890.0
2021-05-28,90.11,19705.5461,1086346.0
2021-06-01,91.97,20112.2969,1545945.0
2021-06-02,90.91,19880.4927,2211339.0
2021-06-03,90.03,19688.0515,1820684.0
2021-06-04,89.24,19515.2917,1205155.0
2021-06-07,89.7,19615.886,1236879.0
2021-06-08,89.29,19526.2259,1399648.0
2021-06-09,88.17,19281.3007,1081779.0
2021-06-10,87.01,19027.6281,2099348.0
2021-06-11,87.46,19126.0356,1243736.0
2021-06-14,86.4,18894.2313,1186141.0
2021-06-15,85.96,18798.0107,1348548.0
2021-06-16,87.22,19073.5516,1003662.0
2021-06-17,85.36,18666.8008,1318682.0
2021-06-18,85.66,18732.4057,2031425.0
2021-06-21,89.06,19475.9287,1532172.0
2021-06-22,91.52,20013.8895,6012779.0
2021-06-23,91.94,20105.7364,2081160.0
2021-06-24,91.99,20116.6706,1508813.0
2021-06-25,92.6,20250.0674,3757090.0
2021-06-28,88.29,19307.5426,4105940.0
2021-06-29,88.48,19349.0925,1888218.0
2021-06-30,87.59,19154.4644,2689809.0
2021-07-01,88.59,19373.1476,1761269.0
2021-07-02,87.29,19088.8594,1729762.0
2021-07-06,84.95,18577.1406,2046754.0
2021-07-07,83.6,18281.9183,1655698.0
2021-07-08,82.1,17953.8934,1461845.0
2021-07-09,83.66,18295.0393,1623994.0
2021-07-12,84.39,18454.678,1194845.0
2021-07-13,81.78,17883.9148,2055970.0
2021-07-14,80.94,17700.2209,1577722.0
2021-07-15,79.93,17479.3508,1935933.0
2021-07-16,78.53,17173.1943,2994379.0
2021-07-19,74.79,16355.319,3774341.0
2021-07-20,76.99,16836.4221,3591770.0
2021-07-21,80.0,17494.6586,2456889.0
2021-07-22,78.8,17232.2388,1342875.0
2021-07-23,77.71,16993.874,1434929.0
2021-07-26,82.18,17971.3881,2714206.0
2021-07-27,80.29,17558.0768,2267191.0
2021-07-28,80.21,17540.5821,1176844.0
2021-07-29,80.72,17652.1106,1519379.0
2021-07-30,78.89,17251.9203,1479926.0
2021-08-02,79.12,17302.2174,1533555.0
2021-08-03,78.33,17153.4932,3007250.0
2021-08-04,79.49,17407.5217,4145086.0
2021-08-05,84.76,18561.5994,2465602.0
2021-08-06,85.41,18703.943,1937437.0
2021-08-09,83.31,18244.0638,1587309.0
2021-08-10,83.75,18340.4195,2204657.0
2021-08-11,83.77,18344.7993,1780761.0
2021-08-12,84.02,18399.5468,1505469.0
2021-08-13,81.58,17865.211,1341102.0
2021-08-16,81.14,17768.8553,2067747.0
2021-08-17,80.56,17641.8411,2298472.0
2021-08-18,80.87,17709.728,1313734.0
2021-08-19,79.5,17409.7116,2281385.0
2021-08-20,80.2,17563.0047,2114582.0
2021-08-23,83.44,18272.5325,2103758.0
2021-08-24,85.74,18776.2097,2814443.0
2021-08-25,85.89,18809.0582,1679561.0
2021-08-26,84.75,18559.4095,1890367.0
2021-08-27,86.9,19030.2382,1314828.0
2021-08-30,86.57,18957.9715,1346318.0
2021-08-31,86.7,18986.4402,2638370.0
2021-09-01,86.36,18911.9836,909139.0
2021-09-02,86.69,18984.2503,903666.0
2021-09-03,86.08,18850.6663,744475.0
2021-09-07,87.68,19201.0505,1199977.0
2021-09-08,86.69,18984.2503,951622.0
2021-09-09,86.38,18916.3634,1313303.0
2021-09-10,86.08,18850.6663,1448261.0
2021-09-13,89.11,19514.2063,2074963.0
2021-09-14,88.68,19420.0406,1877321.0
2021-09-15,86.54,19404.8073,4433545.0
2021-09-16,86.81,19465.3492,2225811.0
2021-09-17,86.83,19226.2172,3888321.0
2021-09-20,86.74,19206.289,1427401.0
2021-09-21,85.22,18869.7251,2147310.0
2021-09-22,88.32,19556.1384,2020812.0
2021-09-23,91.59,20280.1938,2682083.0
2021-09-24,92.74,20534.8311,1582449.0
2021-09-27,93.64,20734.1124,2501443.0
2021-09-28,92.42,20463.9755,1488276.0
2021-09-29,91.41,20240.3376,2431164.0
2021-09-30,91.13,20178.339,2014566.0
2021-10-01,98.73,21861.1588,4464338.0
2021-10-04,97.97,21692.8769,2274853.0
2021-10-05,99.83,22104.7249,2287176.0
2021-10-06,101.03,22370.4333,2090735.0
2021-10-07,98.97,21914.3005,1751603.0
2021-10-08,98.34,21774.8036,1177867.0
2021-10-11,98.04,21708.3765,1064383.0
2021-10-12,100.06,22155.6523,1604357.0
2021-10-13,99.62,22058.2259,1977479.0
2021-10-14,100.41,22233.1506,1354643.0
2021-10-15,101.57,22490.0021,1447921.0
2021-10-18,102.41,22675.9979,1560808.0
2021-10-19,100.01,22144.5811,2276675.0
2021-10-20,100.26,22199.9371,1019930.0
2021-10-21,100.57,22268.5784,813268.0
2021-10-22,100.75,22308.4347,884184.0
2021-10-25,100.52,22257.5072,1202177.0
2021-10-26,101.09,22383.7187,886699.0
2021-10-27,100.61,22277.4353,2056096.0
2021-10-28,100.44,22239.7933,2582762.0
2021-10-29,101.15,22397.0041,1175103.0
2021-11-01,104.04,23036.9185,1567235.0
2021-11-02,106.78,23643.6194,2364311.0
2021-11-03,105.28,23311.4839,1634925.0
2021-11-04,107.52,24155.4429,1958409.0
2021-11-05,123.8,27812.9076,8015293.0
2021-11-08,117.14,26316.672,5805194.0
2021-11-09,116.61,26197.6023,3005814.0
2021-11-10,115.01,25838.1463,3102927.0
2021-11-11,114.26,25669.6513,1648267.0
2021-11-12,112.32,25233.8109,2739393.0
2021-11-15,115.94,26047.0801,1721631.0
2021-11-16,115.71,25995.4083,1672064.0
2021-11-17,115.1,25858.3657,2356906.0
2021-11-18,112.96,25377.5933,2424166.0
2021-11-19,112.54,25283.2361,3099646.0
2021-11-22,112.11,25186.6323,3112442.0
2021-11-23,112.74,25328.1681,1451135.0
2021-11-24,112.61,25298.9623,1393313.0
2021-11-26,103.53,23259.0495,4582073.0
2021-11-29,107.85,24229.5807,2855868.0
2021-11-30,106.65,23959.9887,3134256.0
2021-12-01,102.83,23101.7875,3038196.0
2021-12-02,106.31,23883.6043,2713182.0
2021-12-03,100.93,22674.9335,3765442.0
2021-12-06,107.11,24063.3323,2886544.0
2021-12-07,108.63,24404.8155,1824077.0
2021-12-08,110.48,24820.4365,2180876.0
2021-12-09,110.73,24876.6015,1854224.0
2021-12-10,111.87,25132.7139,1513758.0
2021-12-13,108.6,24398.0757,2276442.0
2021-12-14,108.19,24305.9651,1500196.0
2021-12-15,106.42,23908.3169,2574324.0
2021-12-16,101.4,22780.5237,3601072.0
2021-12-17,105.14,23620.7521,3833169.0
2021-12-20,106.87,24009.4139,2833358.0
2021-12-21,114.22,25660.6649,2725623.0
2021-12-22,116.92,26267.2468,3329402.0
2021-12-23,118.54,26631.196,1800026.0
2021-12-27,120.19,27001.885,1452539.0
2021-12-28,120.09,26979.419,1546341.0
2021-12-29,119.83,26921.0074,1457455.0
2021-12-30,119.71,26894.0482,1289973.0
2021-12-31,119.69,26889.555,1488164.0
2022-01-03,121.14,27215.312,2165516.0
2022-01-04,120.72,27120.9548,2410067.0
2022-01-05,117.47,26390.8098,2397607.0
2022-01-06,119.34,26810.924,1906589.0
2022-01-07,115.86,26029.1073,1957136.0
2022-01-10,115.32,25907.7909,3198241.0
2022-01-11,116.0,26060.5597,1718885.0
2022-01-12,114.0,25611.2397,2593633.0
2022-01-13,113.87,25582.0339,1710358.0
2022-01-14,114.81,25793.2143,1349180.0
2022-01-18,115.21,25883.0783,2450603.0
2022-01-19,113.28,25449.4845,1636377.0
2022-01-20,112.44,25260.7701,1558860.0
2022-01-21,109.74,24654.1881,2195317.0
2022-01-24,108.82,24447.5009,4281330.0
2022-01-25,106.12,23840.9189,2698555.0
2022-01-26,104.73,23528.6415,2347873.0
2022-01-27,101.64,22834.4421,2034183.0
2022-01-28,105.27,23649.9579,2062837.0
2022-01-31,109.51,24602.5163,2028485.0
2022-02-01,111.09,24957.4791,1874989.0
2022-02-02,109.45,24589.0367,1534363.0
2022-02-03,105.84,23778.0141,2440186.0
2022-02-04,108.36,24344.1573,1380130.0
2022-02-07,111.02,24941.7529,1489539.0
2022-02-08,116.59,26193.1091,1941172.0
2022-02-09,118.02,26514.3728,1617829.0
2022-02-10,118.93,26718.8134,1365449.0
2022-02-11,115.75,26004.3947,1453192.0
2022-02-14,115.27,25896.5579,3392345.0
2022-02-15,119.75,26903.0346,3857530.0
2022-02-16,120.25,27015.3646,3249996.0
2022-02-17,116.48,26168.3965,2439829.0
2022-02-18,117.44,26384.07,2437678.0
2022-02-22,117.05,26296.4526,3382645.0
2022-02-23,113.4,25472.5681,3730622.0
2022-02-24,124.39,27941.2059,6427805.0
2022-02-25,126.04,28311.8385,3431773.0
2022-02-28,120.82,27139.2917,4457504.0
2022-03-01,116.7,26213.8333,3702833.0
2022-03-02,120.81,27137.0454,2468878.0
2022-03-03,116.23,26108.2592,2547262.0
2022-03-04,114.38,25692.7014,2932200.0
2022-03-07,100.31,22532.2161,5423636.0
2022-03-08,106.01,23812.5833,4466079.0
2022-03-09,109.9,24686.3777,3027238.0
2022-03-10,111.56,25059.2566,1790749.0
2022-03-11,108.55,24383.1329,2238355.0
2022-03-14,108.04,24268.5737,2136707.0
2022-03-15,111.76,25104.1818,1811713.0
2022-03-16,112.01,25160.3382,3255204.0
2022-03-17,111.17,24971.6525,2636668.0
2022-03-18,112.98,25378.2253,3015144.0
2022-03-21,113.93,25591.6198,2479232.0
2022-03-22,117.98,26501.3544,2004795.0
2022-03-23,115.27,25892.6184,1799424.0
2022-03-24,117.88,26478.8918,1852145.0
2022-03-25,116.3,26123.983,1382175.0
2022-03-28,117.58,26411.504,1626345.0
2022-03-29,119.5,26842.7856,1646482.0
2022-03-30,117.76,26451.9367,1387795.0
2022-03-31,117.64,26424.9816,1597377.0
2022-04-01,114.37,25690.4551,1730928.0
2022-04-04,116.17,26094.7816,1685747.0
2022-04-05,113.61,25519.7395,1455230.0
2022-04-06,109.58,24614.4975,2611844.0
2022-04-07,109.61,24621.2362,1450097.0
2022-04-08,107.88,24232.6336,995886.0
2022-04-11,107.88,24232.6336,1757008.0
2022-04-12,108.34,24335.9614,1413751.0
2022-04-13,112.96,25373.7327,2393174.0
2022-04-14,111.31,25003.1001,1175196.0
2022-04-18,109.24,24538.1247,1276963.0
2022-04-19,113.74,25548.9409,1740298.0
2022-04-20,112.2,25203.0171,1367571.0
2022-04-21,106.76,23981.0526,1886413.0
2022-04-22,105.91,23790.1207,1188612.0
2022-04-25,109.68,24636.96,1619498.0
2022-04-26,107.61,24171.9846,1951004.0
2022-04-27,106.74,24277.1548,1585137.0
2022-04-28,107.92,24545.5363,1506344.0
2022-04-29,104.88,23854.1128,1389299.0
2022-05-02,104.84,23845.0151,1643712.0
2022-05-03,99.43,22614.5541,3433546.0
2022-05-04,99.37,22600.9076,4895682.0
2022-05-05,95.13,21695.7161,3385851.0
2022-05-06,92.51,21098.1888,5398032.0
2022-05-09,85.37,19469.8128,3802271.0
2022-05-10,88.14,20101.5497,3432751.0
2022-05-11,84.13,19187.0136,3013908.0
2022-05-12,87.09,19862.0826,4291875.0
2022-05-13,91.25,20810.8283,2997748.0
2022-05-16,86.97,19834.7149,1753042.0
2022-05-17,85.69,19542.7932,4623199.0
2022-05-18,85.39,19474.374,2618053.0
2022-05-19,90.5,20639.7804,4097483.0
2022-05-20,89.28,20361.5425,2335533.0
2022-05-23,89.23,20350.1393,1726531.0
2022-05-24,84.45,19259.994,1874648.0
2022-05-25,91.16,20790.3026,3885155.0
2022-05-26,92.89,21184.8531,2057063.0
2022-05-27,95.49,21777.8191,1820072.0
2022-05-31,95.05,21677.471,2363648.0
2022-06-01,94.51,21554.3165,2029778.0
2022-06-02,97.2,22167.8084,1380325.0
2022-06-03,95.3,21734.487,1295870.0
2022-06-06,95.16,21702.5581,1802235.0
2022-06-07,96.11,21919.2187,1579425.0
2022-06-08,94.9,21643.2615,1250728.0
2022-06-09,93.92,21419.7589,1344767.0
2022-06-10,92.31,21052.576,2592846.0
2022-06-13,84.92,19367.184,2218401.0
2022-06-14,84.94,19371.7453,1541070.0
2022-06-15,86.68,19768.5764,1589051.0
2022-06-16,81.77,18648.7828,1874423.0
2022-06-17,84.7,19317.01,4097160.0
2022-06-21,83.98,19152.804,1736248.0
2022-06-22,83.21,18977.1948,1278503.0
2022-06-23,81.94,18687.5537,2138695.0
2022-06-24,86.8,19795.9441,2363863.0
2022-06-27,85.59,19519.9868,1714970.0
2022-06-28,84.38,19244.0295,1051178.0
2022-06-29,84.0,19157.3652,1074892.0
2022-06-30,82.58,18833.5145,1966459.0
2022-07-01,83.06,18942.9852,1042030.0
2022-07-05,85.44,19485.7772,961916.0
2022-07-06,84.63,19301.0455,1274919.0
2022-07-07,85.97,19606.6511,1741833.0
2022-07-08,84.36,19239.4682,1361114.0
2022-07-11,82.19,18744.5696,1202401.0
2022-07-12,82.08,18719.4826,1247824.0
2022-07-13,83.26,18988.598,876320.0
2022-07-14,81.95,18689.8343,1102663.0
2022-07-15,84.48,19266.8359,846708.0
2022-07-18,86.08,19631.7381,1161053.0
2022-07-19,91.18,20794.8638,1800911.0
2022-07-20,92.75,21152.9241,1449248.0
2022-07-21,91.56,20881.5281,1078369.0
2022-07-22,91.58,20886.0894,1138456.0
2022-07-25,92.24,21036.6116,1184960.0
2022-07-26,89.78,20475.5744,1556049.0
2022-07-27,93.34,21287.4818,1359910.0
2022-07-28,93.08,21228.1852,1113077.0
2022-07-29,93.99,21435.7233,1050189.0
2022-08-01,95.28,21729.9257,1341785.0
2022-08-02,96.03,21900.9736,1219122.0
2022-08-03,98.07,22366.2239,1102481.0
2022-08-04,97.5,22422.2527,2042333.0
2022-08-05,96.76,22252.0736,2114215.0
2022-08-08,97.06,22321.0651,1725019.0
2022-08-09,95.14,21879.5192,961613.0
2022-08-10,97.87,22507.3423,1925405.0
2022-08-11,96.43,22176.1829,1122836.0
2022-08-12,97.89,22511.9418,811150.0
2022-08-15,98.51,22654.5243,1317503.0
2022-08-16,99.04,22776.4093,1189552.0
2022-08-17,97.48,22417.6533,960185.0
2022-08-18,96.47,22185.3818,1151037.0
2022-08-19,94.28,21681.7435,1120410.0
2022-08-22,91.38,21014.8252,1124520.0
2022-08-23,92.81,21343.6849,749464.0
2022-08-24,93.69,21546.0601,614579.0
2022-08-25,95.35,21927.8133,615797.0
2022-08-26,91.8,21111.4134,1512801.0
2022-08-29,91.91,21136.7103,775014.0
2022-08-30,91.3,20996.4274,857224.0
2022-08-31,90.36,20780.2539,1163776.0
2022-09-01,90.2,20743.4584,1012364.0
2022-09-02,89.64,20614.6742,792829.0
2022-09-06,88.93,20451.3942,1124665.0
2022-09-07,91.19,20971.1305,1489815.0
2022-09-08,90.73,20865.3435,1339286.0
2022-09-09,93.12,21414.9762,1341275.0
2022-09-12,95.26,21907.1159,1507181.0
2022-09-13,90.43,20796.352,1224670.0
2022-09-14,92.25,21214.9007,1812824.0
2022-09-15,92.09,21178.1052,1807634.0
2022-09-16,87.43,20106.4365,3974140.0
2022-09-19,86.98,20002.9492,1770205.0
2022-09-20,86.86,19975.3525,1076325.0
2022-09-21,81.55,18754.2022,2252406.0
2022-09-22,77.48,17818.2168,3918859.0
2022-09-23,75.27,17309.9791,3640113.0
2022-09-26,73.78,16967.3211,1607447.0
2022-09-27,75.03,17254.7859,1830298.0
2022-09-28,77.77,17884.9087,2257303.0
2022-09-29,75.26,17307.6794,1688322.0
2022-09-30,76.04,17487.0574,1929213.0
2022-10-03,78.36,18020.5921,2079172.0
2022-10-04,80.46,18503.5329,3044680.0
2022-10-05,80.67,18551.827,1194178.0
2022-10-06,79.86,18365.5498,1042770.0
2022-10-07,78.61,18078.085,1072821.0
2022-10-10,78.06,17951.6005,853360.0
2022-10-11,77.75,17880.3092,1340844.0
2022-10-12,77.33,17783.7211,992352.0
2022-10-13,77.94,17924.0039,1138404.0
2022-10-14,75.78,17427.2647,1038199.0
2022-10-17,78.03,17944.7013,1636341.0
2022-10-18,79.6,18305.7571,971919.0
2022-10-19,79.62,18310.3565,909572.0
2022-10-20,78.86,18135.578,838462.0
2022-10-21,79.53,18289.6591,1309236.0
2022-10-24,78.66,18089.5836,1253158.0
2022-10-25,81.71,18790.9977,1639734.0
2022-10-26,78.47,18045.889,2688355.0
2022-10-27,78.13,17967.6985,1396708.0
2022-10-28,80.06,18411.5441,1015233.0
2022-10-31,79.61,18308.0568,1317392.0
2022-11-01,79.43,18266.6619,1220930.0
2022-11-02,76.78,17657.2366,1511963.0
2022-11-03,76.42,17643.8404,2482407.0
2022-11-04,70.72,16327.825,10998687.0
2022-11-07,73.26,16914.2599,3643427.0
2022-11-08,72.9,16831.1432,1796814.0
2022-11-09,72.64,16771.1144,2348354.0
2022-11-10,76.36,17629.9876,1974893.0
2022-11-11,76.7,17708.4867,1261375.0
2022-11-14,73.6,16992.7591,1958058.0
2022-11-15,74.28,17149.7574,2670371.0
2022-11-16,74.01,17087.4198,1533977.0
2022-11-17,71.85,16588.7193,3725964.0
2022-11-18,66.21,15286.5568,15283480.0
2022-11-21,66.94,15455.0991,5230731.0
2022-11-22,67.49,15582.083,2559504.0
2022-11-23,68.58,15833.7421,1749941.0
2022-11-25,68.46,15806.0365,660766.0
2022-11-28,68.69,15859.1389,2725979.0
2022-11-29,70.21,16210.0763,2977227.0
2022-11-30,72.76,16798.82,2976109.0
2022-12-01,73.55,16981.2151,1990894.0
2022-12-02,73.92,17066.6407,1548039.0
2022-12-05,73.88,17057.4055,7506375.0
2022-12-06,70.91,16371.6922,2941824.0
2022-12-07,71.14,16424.7946,2190056.0
2022-12-08,71.47,16500.985,1670898.0
2022-12-09,71.77,16570.2489,1151594.0
2022-12-12,73.6,16992.7591,1474816.0
2022-12-13,74.17,17124.3606,2607696.0
2022-12-14,73.09,16875.0104,1779487.0
2022-12-15,70.23,16214.6939,2164549.0
2022-12-16,69.37,16016.1372,2701868.0
2022-12-19,68.39,15789.8749,1886688.0
2022-12-20,68.68,15856.8301,1579394.0
2022-12-21,70.68,16318.5898,1589991.0
2022-12-22,70.57,16293.1931,1633547.0
2022-12-23,70.69,16320.8986,918258.0
2022-12-27,69.59,16066.9308,1078016.0
2022-12-28,68.16,15736.7726,847700.0
2022-12-29,70.15,16196.2235,1185476.0
2022-12-30,69.74,16101.5628,1142840.0
2023-01-03,68.86,15898.3885,1296199.0
2023-01-04,71.01,16394.7802,1717690.0
2023-01-05,71.66,16544.8521,1727431.0
2023-01-06,72.38,16711.0856,1374723.0
2023-01-09,72.26,16683.3801,4235451.0
2023-01-10,72.56,16752.644,7929488.0
2023-01-11,73.34,16932.7303,2002273.0
2023-01-12,73.15,16888.8631,2015025.0
2023-01-13,74.66,17237.4918,1556040.0
2023-01-17,76.12,17574.5764,2114972.0
2023-01-18,73.52,16974.2887,1713163.0
2023-01-19,73.22,16905.0247,1795634.0
2023-01-20,75.11,17341.3877,2577728.0
2023-01-23,75.94,17533.018,1942135.0
2023-01-24,77.0,17777.7507,1863004.0
2023-01-25,77.53,17900.117,1263082.0
2023-01-26,79.44,18341.0976,1774778.0
2023-01-27,80.36,18553.5071,1647218.0
2023-01-30,79.44,18341.0976,1616127.0
2023-01-31,80.49,18583.5215,1542126.0
2023-02-01,81.32,18775.1518,1944829.0
2023-02-02,81.52,18821.3277,1918483.0
2023-02-03,79.8,18424.2143,1314068.0
2023-02-06,79.78,18419.5967,1372440.0
2023-02-07,80.68,18627.3886,1057015.0
2023-02-08,81.39,18791.3134,2351168.0
2023-02-09,80.16,18507.3311,2039761.0
2023-02-10,76.41,17641.5316,3704457.0
2023-02-13,77.0,17777.7507,2337883.0
2023-02-14,78.08,18027.101,1256626.0
2023-02-15,78.97,18232.584,1067291.0
2023-02-16,78.21,18057.1153,1264031.0
2023-02-17,76.39,17636.914,2458473.0
2023-02-21,75.05,17327.5349,1444396.0
2023-02-22,75.44,17417.5781,1636683.0
2023-02-23,76.49,17714.415,2658959.0
2023-02-24,68.78,15928.8465,7341245.0
2023-02-27,71.83,16635.1998,3325293.0
2023-02-28,72.06,16688.4658,2108984.0
2023-03-01,72.01,16676.8862,1744944.0
2023-03-02,72.46,16781.1023,1659895.0
2023-03-03,72.97,16899.2138,1510534.0
2023-03-06,72.6,16813.525,1729666.0
2023-03-07,70.25,16269.2856,1876938.0
2023-03-08,70.25,16269.2856,1331588.0
2023-03-09,68.15,15782.944,1827598.0
2023-03-10,66.65,15435.5571,1952503.0
2023-03-13,66.97,15509.6663,3013181.0
2023-03-14,67.63,15662.5165,1664329.0
2023-03-15,67.03,15523.5618,2923306.0
2023-03-16,67.66,15669.4642,1845363.0
2023-03-17,66.34,15363.7638,2340778.0
2023-03-20,68.03,15755.153,1882518.0
2023-03-21,69.23,16033.0625,1663197.0
2023-03-22,66.24,15340.6047,2241325.0
2023-03-23,65.34,15132.1725,1597140.0
2023-03-24,65.95,15273.4432,1911335.0
2023-03-27,67.09,15537.4572,1362135.0
2023-03-28,67.85,15713.4666,1937353.0
2023-03-29,68.61,15889.4759,1460289.0
2023-03-30,69.2,16026.1148,1591740.0
2023-03-31,70.0,16211.3878,1412356.0
2023-04-03,69.31,16051.5898,1287160.0
2023-04-04,69.39,16070.1171,1396701.0
2023-04-05,68.8,15933.4783,1318629.0
2023-04-06,69.13,16009.9034,1462190.0
2023-04-10,69.73,16148.8581,1087744.0
2023-04-11,70.18,16253.0742,1379800.0
2023-04-12,69.9,16188.2287,1550712.0
2023-04-13,70.54,16336.4471,980349.0
2023-04-14,68.96,15970.5329,1211065.0
2023-04-17,68.43,15847.7895,1529470.0
2023-04-18,67.71,15681.0438,1853601.0
2023-04-19,67.75,15690.3075,1228974.0
2023-04-20,66.88,15488.8231,1343673.0
2023-04-21,66.98,15511.9822,853690.0
2023-04-24,67.2,15562.9323,1051577.0
2023-04-25,66.4,15377.6593,1311203.0
2023-04-26,65.42,15150.6998,1357271.0
2023-04-27,67.36,15599.9869,1628398.0
2023-04-28,67.78,15697.2552,1725840.0
2023-05-01,68.4,15724.566,1357854.0
2023-05-02,67.75,15575.1367,1603200.0
2023-05-03,67.27,15464.7888,1371591.0
2023-05-04,67.07,15418.8026,1734423.0
2023-05-05,77.16,17738.4048,6701056.0
2023-05-08,77.82,17890.133,2323618.0
2023-05-09,77.63,17846.4536,2265987.0
2023-05-10,78.56,18060.2524,1663041.0
2023-05-11,77.76,17876.3395,1656916.0
2023-05-12,78.15,17965.997,1329465.0
2023-05-15,80.39,18480.9533,2511171.0
2023-05-16,80.75,18563.7142,1575472.0
2023-05-17,82.05,18862.5727,1934566.0
2023-05-18,84.5,19425.8061,2806424.0
2023-05-19,84.73,19478.6811,1421488.0
2023-05-22,84.75,19483.2789,2181895.0
2023-05-23,82.06,18864.8716,2674111.0
2023-05-24,82.08,18869.4694,1667210.0
2023-05-25,81.69,18779.8119,1433404.0
2023-05-26,82.15,18885.5618,1729005.0
2023-05-30,80.23,18444.1707,2565546.0
2023-05-31,79.94,18377.5023,3077260.0
2023-06-01,81.13,18651.0728,1572380.0
2023-06-02,82.83,19041.8878,1292526.0
2023-06-05,82.5,18966.0238,1263555.0
2023-06-06,82.99,19078.6704,963896.0
2023-06-07,82.81,19037.29,1036596.0
2023-06-08,83.22,19131.5454,1307110.0
2023-06-09,84.15,19345.3442,1574013.0
2023-06-12,85.67,19694.7788,2363787.0
2023-06-13,87.03,20007.4309,2442609.0
2023-06-14,87.08,20018.9254,2817914.0
2023-06-15,90.34,20768.3707,3347024.0
2023-06-16,90.18,20731.5881,3107199.0
2023-06-20,89.13,20490.2024,1577284.0
2023-06-21,88.65,20379.8546,1465668.0
2023-06-22,88.8,20414.3383,1219551.0
2023-06-23,87.76,20175.2514,2652672.0
2023-06-26,87.3,20069.5015,921824.0
2023-06-27,88.07,20246.5177,1423490.0
2023-06-28,88.72,20395.947,1314559.0
2023-06-29,89.68,20616.6425,1579513.0
2023-06-30,91.11,20945.387,1403118.0
2023-07-03,91.75,21092.5173,768901.0
2023-07-05,92.72,21315.5118,2088438.0
2023-07-06,91.64,21067.2293,1960907.0
2023-07-07,91.76,21094.8162,1649155.0
2023-07-10,92.03,21156.8869,2011809.0
2023-07-11,92.88,21352.2944,1842407.0
2023-07-12,91.75,21092.5173,2748602.0
2023-07-13,93.12,21407.4683,1714346.0
2023-07-14,94.46,21715.5225,1269838.0
2023-07-17,94.29,21676.441,1379217.0
2023-07-18,97.63,22444.2776,2555864.0
2023-07-19,95.64,21986.7941,2326863.0
2023-07-20,96.82,22258.0657,2325037.0
2023-07-21,96.84,22262.6635,2504133.0
2023-07-24,97.16,22336.2287,2029124.0
2023-07-25,98.47,22637.3862,2094060.0
2023-07-26,97.9,22506.3482,1315707.0
2023-07-27,96.93,22308.5596,4085686.0
2023-07-28,89.33,20559.4102,12572452.0
2023-07-31,87.75,20195.7712,7260586.0
2023-08-01,87.1,20046.1729,2976549.0
2023-08-02,85.97,19786.102,1947888.0
2023-08-03,86.25,19850.5444,1693321.0
2023-08-04,87.73,20191.1682,3543130.0
2023-08-07,89.22,20534.0935,2238623.0
2023-08-08,87.88,20225.6909,1743921.0
2023-08-09,86.3,19862.0519,1583701.0
2023-08-10,86.99,20020.8563,1252023.0
2023-08-11,86.61,19933.3988,2194048.0
2023-08-14,86.16,19829.8308,1321944.0
2023-08-15,86.11,19818.3232,1209151.0
2023-08-16,85.6,19700.9461,826403.0
2023-08-17,84.56,19461.5888,976647.0
2023-08-18,84.39,19422.4631,847414.0
2023-08-21,83.96,19323.498,904448.0
2023-08-22,84.25,19390.2419,779017.0
2023-08-23,84.09,19353.4177,748062.0
2023-08-24,83.7,19263.6587,1548845.0
2023-08-25,84.79,19514.5236,1076806.0
2023-08-28,84.84,19526.0311,1161145.0
2023-08-29,84.28,19397.1464,2151249.0
2023-08-30,84.3,19401.7494,1509560.0
2023-08-31,84.53,19454.6842,1457342.0
2023-09-01,84.05,19344.2116,1625928.0
2023-09-05,82.86,19070.3317,1396249.0
2023-09-06,80.7,18573.205,2722845.0
2023-09-07,80.9,18619.2352,5319725.0
2023-09-08,80.94,18628.4413,2268790.0
2023-09-11,82.58,19005.8893,1492599.0
2023-09-12,81.65,18791.8487,1477876.0
2023-09-13,82.48,18982.8742,1394139.0
2023-09-14,85.01,19565.1568,2468318.0
2023-09-15,83.82,19291.2769,2567840.0
2023-09-18,83.12,19130.171,1069612.0
2023-09-19,82.8,19056.5226,1188634.0
2023-09-20,81.5,18757.326,1229651.0
2023-09-21,79.97,18405.1946,1447359.0
2023-09-22,79.75,18354.5613,1521751.0
2023-09-25,79.62,18324.6416,1114552.0
2023-09-26,79.92,18393.687,2086489.0
2023-09-27,81.02,18646.8534,1704238.0
2023-09-28,83.69,19261.3572,2382619.0
2023-09-29,83.04,19111.7589,1344663.0
2023-10-02,84.41,19427.0661,3997741.0
2023-10-03,82.93,19086.4423,1589074.0
2023-10-04,84.11,19358.0207,1342131.0
2023-10-05,85.23,19615.7901,2313065.0
2023-10-06,87.51,20140.5349,2624578.0
2023-10-09,86.99,20020.8563,1232118.0
2023-10-10,86.55,19919.5897,1268942.0
2023-10-11,87.61,20163.55,1174842.0
2023-10-12,86.24,19848.2429,1246623.0
2023-10-13,84.55,19459.2873,1364907.0
2023-10-16,85.58,19696.343,1018113.0
2023-10-17,84.48,19443.1767,1243809.0
2023-10-18,82.54,18996.6833,1511780.0
2023-10-19,80.5,18527.1747,1538012.0
2023-10-20,79.95,18400.5916,1373368.0
2023-10-23,78.82,18140.5207,2482998.0
2023-10-24,78.6,18089.8874,1894598.0
2023-10-25,77.7,17882.7513,1389789.0
2023-10-26,78.1,17974.8118,2217286.0
2023-10-27,77.0,17721.6454,1447955.0
2023-10-30,78.6,18089.8874,2392714.0
2023-10-31,80.02,18416.7021,1788498.0
2023-11-01,80.41,18506.4611,2482680.0
2023-11-02,82.45,18990.3259,3210516.0
2023-11-03,85.36,19660.5727,5253570.0
2023-11-06,85.39,19667.4825,3022512.0
2023-11-07,86.13,19837.9233,2122851.0
2023-11-08,87.31,20109.7072,3550029.0
2023-11-09,86.14,19840.2265,1768136.0
2023-11-10,87.52,20158.0755,1873380.0
2023-11-13,87.64,20185.7146,1153686.0
2023-11-14,89.0,20498.957,1964617.0
2023-11-15,89.19,20542.7189,1639835.0
2023-11-16,89.1,20521.9896,2622708.0
2023-11-17,89.6,20637.1523,1398099.0
2023-11-20,89.82,20687.8238,2464593.0
2023-11-21,87.04,20047.5193,2268170.0
2023-11-22,87.79,20220.2634,1184489.0
2023-11-24,87.63,20183.4113,336832.0
2023-11-27,85.96,19798.7679,1715046.0
2023-11-28,84.54,19471.7059,1623509.0
2023-11-29,83.6,19255.2001,2091911.0
2023-11-30,84.22,19398.0018,2039808.0
2023-12-01,84.25,19404.9116,1741808.0
2023-12-04,84.13,19377.2725,1535862.0
2023-12-05,81.41,18750.7876,1655626.0
2023-12-06,82.54,19011.0552,1874674.0
2023-12-07,84.28,19411.8213,1911334.0
2023-12-08,85.19,19621.4174,2788645.0
2023-12-11,87.09,20059.0356,1589234.0
2023-12-12,90.06,20743.1019,3079966.0
2023-12-13,88.06,20282.4512,2031119.0
2023-12-14,93.07,21436.3813,5034212.0
2023-12-15,93.0,21420.2585,6786203.0
2023-12-18,93.27,21482.4463,1508813.0
2023-12-19,94.91,21860.1799,1687088.0
2023-12-20,90.64,20876.6906,1704479.0
2023-12-21,91.4,21051.7379,1892516.0
2023-12-22,91.43,21058.6477,1862997.0
2023-12-26,92.35,21270.547,1105614.0
2023-12-27,92.98,21415.652,2050958.0
2023-12-28,94.05,21662.1001,1683613.0
2023-12-29,93.6,21558.4537,1612663.0
