,MAS US Equity,MAS US Equity,MAS US Equity
,PX_LAST,CUR_MKT_CAP,PX_VOLUME
2014-01-02,19.942,8100.0419,2330880.0
2014-01-03,20.3551,8267.826,3187798.0
2014-01-06,20.0738,8153.59,3480985.0
2014-01-07,20.0826,8157.1599,2902512.0
2014-01-08,20.2408,8221.4176,3619513.0
2014-01-09,20.3199,8253.5465,2471398.0
2014-01-10,20.6188,8374.9222,2645825.0
2014-01-13,19.9508,8103.6118,3590123.0
2014-01-14,20.3902,8282.1055,3406467.0
2014-01-15,20.3639,8271.3958,2177204.0
2014-01-16,20.2848,8239.267,3769115.0
2014-01-17,19.4235,7889.4194,11167190.0
2014-01-21,19.3532,7860.8604,4923902.0
2014-01-22,19.6783,7992.9458,3022119.0
2014-01-23,19.5465,7939.3977,2886461.0
2014-01-24,18.8522,7657.3777,5216731.0
2014-01-27,19.0895,7753.7643,6222591.0
2014-01-28,19.1334,7771.6136,3890114.0
2014-01-29,18.8258,7646.6681,2940825.0
2014-01-30,18.65,7575.2706,3493761.0
2014-01-31,18.5973,7553.8514,4773931.0
2014-02-03,18.2458,7411.0564,5363610.0
2014-02-04,18.3688,7461.0347,4307240.0
2014-02-05,18.2282,7403.9167,3077944.0
2014-02-06,18.817,7643.0982,2505004.0
2014-02-07,19.3532,7860.8604,4790461.0
2014-02-10,19.0719,7746.6245,8463336.0
2014-02-11,19.7311,8014.365,8433446.0
2014-02-12,19.6959,8000.0855,5391736.0
2014-02-13,19.5465,7939.3977,3749270.0
2014-02-14,19.7399,8017.9349,2759890.0
2014-02-18,19.5905,7944.2497,3167287.0
2014-02-19,19.3532,7848.0206,3869389.0
2014-02-20,19.5992,7947.8138,2570855.0
2014-02-21,19.7223,7997.7104,2979143.0
2014-02-24,19.5729,7937.1217,2458691.0
2014-02-25,19.9508,8090.3755,3967955.0
2014-02-26,20.5572,8336.2944,5516627.0
2014-02-27,20.4869,8307.782,2970768.0
2014-02-28,20.5221,8322.0382,3101272.0
2014-03-03,20.1266,8161.6563,2988931.0
2014-03-04,20.4957,8311.3461,2732115.0
2014-03-05,20.6188,8361.2427,3208588.0
2014-03-06,20.7682,8421.8314,2936251.0
2014-03-07,20.5484,8332.7303,4202326.0
2014-03-10,20.3199,8240.0652,3264687.0
2014-03-11,20.5133,8318.4742,4030792.0
2014-03-12,20.4781,8304.218,5451974.0
2014-03-13,19.9508,8090.3755,4882665.0
2014-03-14,20.0035,8111.7597,3968956.0
2014-03-17,20.0123,8115.3238,5004551.0
2014-03-18,20.3639,8257.8854,4478804.0
2014-03-19,20.2848,8225.8091,4222983.0
2014-03-20,19.5553,7929.9936,5362083.0
2014-03-21,19.2389,7801.6881,7007225.0
2014-03-24,19.0631,7730.4072,4793936.0
2014-03-25,19.3092,7830.2004,3178521.0
2014-03-26,19.1686,7773.1757,4717967.0
2014-03-27,19.1598,7769.6117,2877523.0
2014-03-28,19.3707,7883.3511,4204904.0
2014-03-31,19.5201,7944.1574,3580993.0
2014-04-01,19.7399,8033.5783,3367564.0
2014-04-02,20.1178,8187.3824,3113316.0
2014-04-03,20.109,8183.8055,3985030.0
2014-04-04,19.9596,8122.9993,4898675.0
2014-04-07,19.2565,7836.8522,5217128.0
2014-04-08,19.2125,7818.968,6626037.0
2014-04-09,19.3883,7890.5048,4204240.0
2014-04-10,18.9752,7722.3934,4443770.0
2014-04-11,18.7643,7636.5493,3521264.0
2014-04-14,18.9225,7700.9324,3363193.0
2014-04-15,18.8522,7672.3177,3976477.0
2014-04-16,19.3268,7865.4669,2894481.0
2014-04-17,19.3883,7890.5048,2696940.0
2014-04-21,19.3004,7854.7364,2308695.0
2014-04-22,19.5817,7969.1952,3733288.0
2014-04-23,19.4674,7922.6963,3038211.0
2014-04-24,19.7311,8030.0015,3828256.0
2014-04-25,18.2633,7432.6695,17046850.0
2014-04-28,18.2018,7407.6317,7422394.0
2014-04-29,17.7799,7235.9434,6057641.0
2014-04-30,17.6569,7185.8677,6769055.0
2014-05-01,17.6657,7189.4445,8874811.0
2014-05-02,18.0612,7350.4022,7841962.0
2014-05-05,17.736,7218.0592,4235681.0
2014-05-06,17.1735,6989.1416,7244231.0
2014-05-07,17.3229,7049.9478,5070861.0
2014-05-08,17.3405,7057.1015,4193835.0
2014-05-09,17.569,7150.0993,4279075.0
2014-05-12,18.1139,7371.8633,4996274.0
2014-05-13,18.1227,7375.4401,5361414.0
2014-05-14,17.7887,7239.5203,4677990.0
2014-05-15,17.7096,7207.3287,6909080.0
2014-05-16,18.3161,7454.1305,7991581.0
2014-05-19,18.6149,7575.743,6991362.0
2014-05-20,18.2985,7446.9769,6061510.0
2014-05-21,18.3688,7475.5916,6151915.0
2014-05-22,18.3864,7482.7453,4837202.0
2014-05-23,18.7028,7611.5114,4514333.0
2014-05-27,18.6588,7593.6272,4309994.0
2014-05-28,18.694,7607.9346,4014960.0
2014-05-29,18.7204,7618.6651,5056130.0
2014-05-30,18.7204,7618.6651,7435312.0
2014-06-02,18.7819,7643.703,5176703.0
2014-06-03,19.0455,7751.0081,5073451.0
2014-06-04,19.2653,7840.4291,7862727.0
2014-06-05,19.151,7793.9302,14297889.0
2014-06-06,19.3971,7894.0816,4996786.0
2014-06-09,19.7135,8022.8478,3940461.0
2014-06-10,19.8629,8083.654,4773448.0
2014-06-11,19.6959,8015.6941,3862940.0
2014-06-12,19.6432,7994.2331,5240777.0
2014-06-13,19.2037,7815.3912,8235550.0
2014-06-16,19.151,7793.9302,8425296.0
2014-06-17,19.0895,7768.8923,8298060.0
2014-06-18,19.2477,7833.2754,5098577.0
2014-06-19,19.4235,7904.8121,4495419.0
2014-06-20,19.0104,7736.7008,5524993.0
2014-06-23,19.0983,7772.4691,4533052.0
2014-06-24,19.0543,7754.5849,4377517.0
2014-06-25,19.3707,7883.3511,4753975.0
2014-06-26,19.4498,7915.5427,3951390.0
2014-06-27,19.5201,7944.1574,2903177.0
2014-06-30,19.5114,7940.5805,3794238.0
2014-07-01,19.5992,7976.3489,3851512.0
2014-07-02,19.4762,7926.2732,2634776.0
2014-07-03,19.6959,8015.6941,1591204.0
2014-07-07,19.3883,7890.5048,2444872.0
2014-07-08,19.0719,7761.7386,3939250.0
2014-07-09,19.0192,7740.2776,4571313.0
2014-07-10,18.6676,7597.2041,8103557.0
2014-07-11,18.6413,7586.4736,4936007.0
2014-07-14,18.6852,7604.3577,3818493.0
2014-07-15,18.5709,7557.8588,3765034.0
2014-07-16,18.7731,7640.1261,3975389.0
2014-07-17,18.3688,7475.5916,3506739.0
2014-07-18,18.4391,7504.2063,5912702.0
2014-07-21,18.4127,7493.4758,2899533.0
2014-07-22,18.5709,7557.8588,3435566.0
2014-07-23,18.5973,7568.5894,4009920.0
2014-07-24,18.1051,7368.2864,5425042.0
2014-07-25,18.3688,7475.5916,4913921.0
2014-07-28,17.8151,7250.2508,7092699.0
2014-07-29,19.0807,7738.5728,14917880.0
2014-07-30,18.7291,7595.992,6925189.0
2014-07-31,18.2809,7414.2015,5464312.0
2014-08-01,18.6413,7560.3468,5535493.0
2014-08-04,18.7379,7599.5566,2915268.0
2014-08-05,18.5534,7524.7016,3207541.0
2014-08-06,18.6325,7556.7823,2705721.0
2014-08-07,18.5094,7506.879,2731226.0
2014-08-08,18.9489,7685.105,3029324.0
2014-08-11,19.2213,7795.6051,3023896.0
2014-08-12,19.1159,7752.8309,1781827.0
2014-08-13,19.1422,7763.5245,1857166.0
2014-08-14,19.5201,7916.7988,2460763.0
2014-08-15,19.652,7970.2666,3204587.0
2014-08-18,20.109,8155.6217,2745253.0
2014-08-19,20.3815,8266.1218,4707476.0
2014-08-20,20.5397,8330.2831,2695386.0
2014-08-21,20.6627,8380.1864,2823001.0
2014-08-22,20.6539,8376.6219,1907566.0
2014-08-25,20.6803,8387.3155,2786944.0
2014-08-26,20.6188,8362.3638,1867499.0
2014-08-27,20.6627,8380.1864,3133109.0
2014-08-28,20.6627,8380.1864,2367603.0
2014-08-29,20.6275,8365.9283,1825016.0
2014-09-02,20.733,8408.7026,3402126.0
2014-09-03,20.6451,8373.0574,2925431.0
2014-09-04,20.8648,8462.1704,3465152.0
2014-09-05,20.8209,8444.3478,1926991.0
2014-09-08,21.1197,8565.5415,3659127.0
2014-09-09,20.9,8476.4285,3086301.0
2014-09-10,20.8121,8440.7833,2075505.0
2014-09-11,21.0846,8551.2834,3211895.0
2014-09-12,20.9879,8512.0737,4265944.0
2014-09-15,20.9879,8512.0737,4352405.0
2014-09-16,21.2516,8619.0093,3502859.0
2014-09-17,21.4801,8711.6868,7353089.0
2014-09-18,21.2779,8629.7028,2119405.0
2014-09-19,20.9439,8494.2511,4629839.0
2014-09-22,20.5924,8351.6703,2687722.0
2014-09-23,20.6188,8362.3638,4228981.0
2014-09-24,20.7242,8405.1381,3835567.0
2014-09-25,20.5045,8316.0251,2836186.0
2014-09-26,20.5133,8319.5896,2461530.0
2014-09-29,20.4957,8312.4605,2643225.0
2014-09-30,21.023,8526.3317,9331499.0
2014-10-01,20.6539,8376.6219,4264034.0
2014-10-02,20.8209,8444.3478,4918803.0
2014-10-03,20.7945,8433.6542,5497717.0
2014-10-06,20.6715,8383.7509,3476993.0
2014-10-07,20.276,8223.3475,5596268.0
2014-10-08,20.5748,8344.5412,4952520.0
2014-10-09,20.0035,8112.8474,4171553.0
2014-10-10,19.4762,7898.9762,3917530.0
2014-10-13,18.4303,7474.7984,8718397.0
2014-10-14,18.4127,7467.6693,9348601.0
2014-10-15,18.3336,7435.5886,11645934.0
2014-10-16,18.65,7563.9114,5709427.0
2014-10-17,19.0455,7724.3148,4953426.0
2014-10-20,19.5817,7941.7505,4987797.0
2014-10-21,19.7047,7991.6537,6646758.0
2014-10-22,19.8541,8052.2506,4930875.0
2014-10-23,20.1529,8173.4443,1783183.0
2014-10-24,20.2848,8226.9121,2546680.0
2014-10-27,20.1881,8187.7023,5479360.0
2014-10-28,19.4586,7887.6007,11906062.0
2014-10-29,19.1686,7770.0348,4962672.0
2014-10-30,19.1598,7766.4722,5998855.0
2014-10-31,19.3971,7862.6625,7153310.0
2014-11-03,19.5114,7908.9763,6928784.0
2014-11-04,19.4938,7901.8511,4625206.0
2014-11-05,19.7487,8005.1665,5488596.0
2014-11-06,20.3375,8243.8609,4556975.0
2014-11-07,20.5221,8318.6755,3907779.0
2014-11-10,20.3727,8258.1113,2883951.0
2014-11-11,20.4078,8272.3617,2232554.0
2014-11-12,20.3815,8261.6739,2435762.0
2014-11-13,20.3727,8258.1113,3067166.0
2014-11-14,20.3815,8261.6739,2400307.0
2014-11-17,20.1969,8186.8592,2966806.0
2014-11-18,20.5572,8332.9259,4612890.0
2014-11-19,20.5748,8340.0511,2970517.0
2014-11-20,20.9615,8496.8056,3862760.0
2014-11-21,21.1549,8575.1828,4619105.0
2014-11-24,21.3658,8660.6853,2210606.0
2014-11-25,21.2955,8632.1845,3423890.0
2014-11-26,21.1988,8592.9959,1986170.0
2014-11-28,21.2691,8621.4967,1131230.0
2014-12-01,21.0406,8528.869,3528326.0
2014-12-02,21.3922,8671.3731,3010721.0
2014-12-03,21.7349,8810.3146,4332137.0
2014-12-04,21.7789,8828.1276,4353735.0
2014-12-05,21.858,8860.191,5612612.0
2014-12-08,21.5943,8753.3129,4153171.0
2014-12-09,21.8931,8874.4414,5838799.0
2014-12-10,21.3746,8664.2479,3843341.0
2014-12-11,21.5504,8735.4999,4479093.0
2014-12-12,21.1373,8568.0576,4346840.0
2014-12-15,21.0934,8550.2446,4071067.0
2014-12-16,20.8736,8461.1796,3562927.0
2014-12-17,21.4713,8703.4365,5992690.0
2014-12-18,22.0338,8931.443,4945933.0
2014-12-19,22.2447,9016.9455,6490373.0
2014-12-22,22.2799,9031.1959,4369951.0
2014-12-23,22.2447,9016.9455,2301146.0
2014-12-24,22.1217,8967.0691,1218462.0
2014-12-26,22.2096,9002.6951,906689.0
2014-12-29,22.3238,9049.0089,1387542.0
2014-12-30,22.2183,9006.2577,1898380.0
2014-12-31,22.148,8977.7569,1351060.0
2015-01-02,21.981,8910.0674,3013148.0
2015-01-05,21.6031,8756.8755,2948631.0
2015-01-06,21.5767,8746.1877,3432516.0
2015-01-07,21.8228,8845.9406,2725216.0
2015-01-08,22.6929,9198.6382,4808499.0
2015-01-09,22.3062,9041.8837,5749953.0
2015-01-12,22.1392,8974.1943,3130255.0
2015-01-13,21.7525,8817.4398,5272964.0
2015-01-14,21.4889,8710.5617,4997671.0
2015-01-15,20.8824,8464.7422,6125629.0
2015-01-16,21.2428,8610.8089,4226947.0
2015-01-20,20.8297,8443.3666,3622557.0
2015-01-21,21.1812,8585.8706,5025360.0
2015-01-22,21.6383,8771.1259,5230279.0
2015-01-23,21.6646,8781.8138,3392749.0
2015-01-26,22.2711,9027.6333,3810119.0
2015-01-27,22.1041,8959.9439,3338646.0
2015-01-28,21.9898,8913.63,3096853.0
2015-01-29,22.3414,9056.1341,3690620.0
2015-01-30,21.8316,8849.5032,3367002.0
2015-02-02,22.1129,8963.5065,4599331.0
2015-02-03,22.8248,9252.0772,4100091.0
2015-02-04,22.9566,9305.5162,5119933.0
2015-02-05,22.4908,9116.6983,5557459.0
2015-02-06,22.8951,9280.578,5704244.0
2015-02-09,23.0357,9337.5797,7140172.0
2015-02-10,23.1324,9376.7683,5551905.0
2015-02-11,22.9566,9305.5162,3032215.0
2015-02-12,23.2291,9415.9569,3531027.0
2015-02-13,23.2466,9245.4543,2678595.0
2015-02-17,23.5279,9357.3086,2237617.0
2015-02-18,23.4312,9318.8587,2210486.0
2015-02-19,23.5455,9364.2995,2506041.0
2015-02-20,23.5103,9350.3177,3180150.0
2015-02-23,23.3521,9287.3997,2611049.0
2015-02-24,23.5894,9381.7767,4981339.0
2015-02-25,23.5455,9364.2995,2057635.0
2015-02-26,23.0445,9165.059,3085667.0
2015-02-27,23.0181,9154.5727,2155215.0
2015-03-02,23.317,9273.4179,4151190.0
2015-03-03,23.1939,9224.4816,2273425.0
2015-03-04,23.273,9255.9406,3231937.0
2015-03-05,23.5806,9378.2812,3071872.0
2015-03-06,22.8248,9077.6729,3117468.0
2015-03-09,22.9302,9119.6183,1981657.0
2015-03-10,22.9742,9137.0955,4056851.0
2015-03-11,23.0093,9151.0773,2314778.0
2015-03-12,23.6597,9409.7403,3173947.0
2015-03-13,23.2554,9248.9498,2821662.0
2015-03-16,23.106,9189.5272,2438223.0
2015-03-17,22.7105,9032.2321,3250740.0
2015-03-18,23.0357,9161.5636,3108824.0
2015-03-19,23.0884,9182.5363,2504257.0
2015-03-20,23.5191,9353.8131,4128840.0
2015-03-23,23.3961,9304.8769,2502306.0
2015-03-24,23.5455,9364.2995,2456017.0
2015-03-25,22.9654,9133.6,3474501.0
2015-03-26,22.7193,9035.7276,3016551.0
2015-03-27,23.0357,9161.5636,2573843.0
2015-03-30,23.2466,9245.4543,4395817.0
2015-03-31,23.4664,9332.8405,3607246.0
2015-04-01,22.9127,9112.6274,3771678.0
2015-04-02,23.3961,9279.6339,5574208.0
2015-04-06,23.6158,9366.7829,4379860.0
2015-04-07,23.106,9164.5971,2990663.0
2015-04-08,23.1324,9175.055,3738289.0
2015-04-09,23.1236,9171.569,1922405.0
2015-04-10,23.3521,9262.204,1883875.0
2015-04-13,23.2466,9220.3725,1820841.0
2015-04-14,23.2291,9213.4006,2287202.0
2015-04-15,23.2994,9241.2883,2801943.0
2015-04-16,22.7369,9018.1866,3568052.0
2015-04-17,22.5435,8941.4954,3659528.0
2015-04-20,22.649,8983.327,3194117.0
2015-04-21,23.1588,9185.5129,4015972.0
2015-04-22,23.5982,9359.811,6130918.0
2015-04-23,23.0269,9133.2234,4812761.0
2015-04-24,23.0181,9129.7374,2684740.0
2015-04-27,23.106,9164.5971,7038867.0
2015-04-28,23.6773,9391.1847,9879491.0
2015-04-29,23.5367,9335.4093,4511501.0
2015-04-30,23.2818,9234.3163,4669052.0
2015-05-01,23.8531,9460.9039,4141106.0
2015-05-04,24.064,9544.5671,4847828.0
2015-05-05,23.5191,9328.4373,4947479.0
2015-05-06,22.9478,9101.8497,7543195.0
2015-05-07,23.1939,9199.4567,4748930.0
2015-05-08,23.2466,9220.3725,4786410.0
2015-05-11,23.3961,9279.6339,4940994.0
2015-05-12,23.1412,9178.5409,2537814.0
2015-05-13,23.2818,9234.3163,3033425.0
2015-05-14,23.8707,9467.8759,4195106.0
2015-05-15,23.5543,9342.3812,3867140.0
2015-05-18,23.9058,9481.8197,2096388.0
2015-05-19,24.4068,9680.5196,4673913.0
2015-05-20,24.0201,9527.1372,3032001.0
2015-05-21,24.4419,9694.4635,3838278.0
2015-05-22,24.0289,9530.6232,2240424.0
2015-05-26,23.897,9478.3338,2504923.0
2015-05-27,24.1871,9593.3705,1749607.0
2015-05-28,24.2486,9617.7723,2341390.0
2015-05-29,23.7916,9436.5022,3055003.0
2015-06-01,24.0464,9537.5951,3184405.0
2015-06-02,24.1431,9575.9407,1785052.0
2015-06-03,24.3892,9673.5477,2816000.0
2015-06-04,24.0289,9530.6232,2035053.0
2015-06-05,24.0992,9558.5109,1775665.0
2015-06-08,23.7828,9433.0162,2031440.0
2015-06-09,23.9761,9509.7074,2026330.0
2015-06-10,24.5035,9718.8652,3110454.0
2015-06-11,24.5386,9732.8091,2985241.0
2015-06-12,24.3892,9673.5477,2490512.0
2015-06-15,24.108,9561.9969,2443192.0
2015-06-16,24.064,9544.5671,2906361.0
2015-06-17,24.1255,9568.9688,2983753.0
2015-06-18,24.3716,9666.5758,4093614.0
2015-06-19,24.354,9659.6038,3737136.0
2015-06-22,24.2749,9628.2302,3016449.0
2015-06-23,24.1871,9593.3705,3394498.0
2015-06-24,24.0201,9527.1372,2308393.0
2015-06-25,24.0904,9555.025,2833515.0
2015-06-26,23.9937,9516.6794,2886765.0
2015-06-29,23.2379,9216.8865,3595010.0
2015-06-30,23.44,9297.0637,4359781.0
2015-07-01,23.77,8286.1344,5292529.0
2015-07-02,23.6,8226.873,3243014.0
2015-07-06,23.5,8192.0134,2871278.0
2015-07-07,23.62,8233.8449,6215468.0
2015-07-08,23.03,8028.1731,4062538.0
2015-07-09,23.05,8035.145,3634102.0
2015-07-10,23.48,8185.0414,3162874.0
2015-07-13,23.52,8198.9853,4043092.0
2015-07-14,23.64,8240.8169,4163998.0
2015-07-15,23.4,8157.1537,3895765.0
2015-07-16,23.27,8111.8362,5571200.0
2015-07-17,22.86,7968.9117,2591819.0
2015-07-20,23.01,8021.2012,3580109.0
2015-07-21,22.63,7888.7346,5949520.0
2015-07-22,23.08,8045.6029,7639135.0
2015-07-23,23.8,8296.5923,9118826.0
2015-07-24,23.37,8146.6958,5728335.0
2015-07-27,23.16,8073.4906,5525426.0
2015-07-28,25.63,8815.4466,12562273.0
2015-07-29,26.41,9083.7279,7496007.0
2015-07-30,26.4,9080.2884,6269218.0
2015-07-31,26.39,9076.8489,6419266.0
2015-08-03,26.44,9094.0464,6074710.0
2015-08-04,26.46,9100.9254,4198848.0
2015-08-05,26.2,9011.4983,4827257.0
2015-08-06,26.44,9094.0464,7649590.0
2015-08-07,26.83,9228.187,4958610.0
2015-08-10,26.94,9266.0216,3655589.0
2015-08-11,27.1,9321.0536,4120957.0
2015-08-12,27.09,9317.6141,3677152.0
2015-08-13,27.04,9300.4166,2733002.0
2015-08-14,27.22,9362.3276,3039865.0
2015-08-17,27.62,9499.9078,2082501.0
2015-08-18,28.35,9750.9915,8066195.0
2015-08-19,28.09,9661.5644,3392981.0
2015-08-20,27.25,9372.6461,4056479.0
2015-08-21,26.53,9125.0019,5988388.0
2015-08-24,25.29,8698.5035,10774621.0
2015-08-25,24.89,8560.9234,8173278.0
2015-08-26,25.75,8856.7207,7597324.0
2015-08-27,26.29,9042.4538,5540775.0
2015-08-28,26.29,9042.4538,3696676.0
2015-08-31,26.23,9021.8168,3617481.0
2015-09-01,25.64,8818.8861,5380406.0
2015-09-02,26.2,9011.4983,4311351.0
2015-09-03,26.59,9145.6389,4938408.0
2015-09-04,26.23,9021.8168,4963261.0
2015-09-08,26.76,9204.1105,4636968.0
2015-09-09,26.6,9149.0784,3643290.0
2015-09-10,26.85,9235.066,3611071.0
2015-09-11,27.11,9324.4931,2801946.0
2015-09-14,27.1,9321.0536,3829707.0
2015-09-15,27.5,9458.6337,3265112.0
2015-09-16,27.55,9475.8312,3400069.0
2015-09-17,27.55,9475.8312,5111982.0
2015-09-18,27.26,9376.0857,6393796.0
2015-09-21,27.29,9386.4042,3747260.0
2015-09-22,26.69,9180.034,5797410.0
2015-09-23,26.55,9131.8809,3931388.0
2015-09-24,26.3,9045.8933,4759479.0
2015-09-25,26.19,9008.0588,3162121.0
2015-09-28,25.62,8812.0071,6658109.0
2015-09-29,24.58,8454.2988,7977687.0
2015-09-30,25.18,8660.669,7329115.0
2015-10-01,25.67,8829.2046,6767171.0
2015-10-02,25.9,8908.3132,6016695.0
2015-10-05,26.46,9100.9254,5221047.0
2015-10-06,26.53,9125.0019,10038471.0
2015-10-07,26.78,9210.9895,17216029.0
2015-10-08,26.78,9210.9895,15233803.0
2015-10-09,27.01,9290.0981,8669784.0
2015-10-12,27.11,9324.4931,3852312.0
2015-10-13,26.63,9159.397,5460684.0
2015-10-14,26.15,8994.3008,5928120.0
2015-10-15,26.38,9073.4094,7075851.0
2015-10-16,26.42,9087.1674,6896385.0
2015-10-19,26.55,9131.8809,4213869.0
2015-10-20,26.67,9173.155,4487546.0
2015-10-21,26.85,9235.066,5326761.0
2015-10-22,27.63,9503.3473,5773963.0
2015-10-23,27.57,9482.7103,5573441.0
2015-10-26,27.6,9493.0288,7169053.0
2015-10-27,28.36,9542.349,12026910.0
2015-10-28,29.25,9841.8091,8403641.0
2015-10-29,28.68,9650.02,6544836.0
2015-10-30,29.0,9757.6911,4279434.0
2015-11-02,29.35,9875.4563,3121271.0
2015-11-03,29.4,9892.2799,5205989.0
2015-11-04,29.02,9764.4205,5394891.0
2015-11-05,29.25,9841.8091,3250435.0
2015-11-06,28.6,9623.1023,6762043.0
2015-11-09,28.41,9559.1726,4667152.0
2015-11-10,28.8,9690.3967,3508103.0
2015-11-11,29.16,9811.5266,3044021.0
2015-11-12,28.67,9646.6553,3596487.0
2015-11-13,28.3,9522.1606,3361419.0
2015-11-16,28.78,9683.6672,3871584.0
2015-11-17,29.32,9865.3622,5344170.0
2015-11-18,29.84,10040.3277,3697822.0
2015-11-19,29.95,10077.3396,3943467.0
2015-11-20,30.19,10158.0929,3052692.0
2015-11-23,30.16,10147.9987,4154507.0
2015-11-24,30.19,10158.0929,2574061.0
2015-11-25,30.5,10262.3993,2107704.0
2015-11-27,30.25,10178.2812,1597579.0
2015-11-30,29.91,10063.8807,3496282.0
2015-12-01,30.42,10235.4815,3572828.0
2015-12-02,30.17,10151.3635,3280275.0
2015-12-03,29.51,9929.2919,3158238.0
2015-12-04,30.02,10100.8927,3232683.0
2015-12-07,29.94,10073.9749,2228650.0
2015-12-08,29.75,10010.0452,2853219.0
2015-12-09,29.3,9858.6327,3259912.0
2015-12-10,29.25,9841.8091,3663177.0
2015-12-11,28.96,9744.2322,2998103.0
2015-12-14,29.22,9831.715,3602123.0
2015-12-15,28.81,9693.7614,4885104.0
2015-12-16,29.43,9902.3741,4871618.0
2015-12-17,28.37,9545.7137,4451624.0
2015-12-18,27.88,9380.8423,8325788.0
2015-12-21,28.04,9434.6779,3343302.0
2015-12-22,28.31,9525.5253,2892344.0
2015-12-23,28.38,9549.0784,3356494.0
2015-12-24,28.44,9569.2667,1535868.0
2015-12-28,28.51,9592.8198,1500401.0
2015-12-29,28.54,9602.9139,1797047.0
2015-12-30,28.41,9559.1726,1545784.0
2015-12-31,28.3,9522.1606,2096685.0
2016-01-04,27.8,9353.9246,3373978.0
2016-01-05,27.69,9316.9126,2512425.0
2016-01-06,27.38,9212.6063,6287000.0
2016-01-07,26.13,8792.0162,5723018.0
2016-01-08,25.53,8590.1329,8750374.0
2016-01-11,25.15,8462.2735,7066470.0
2016-01-12,25.52,8586.7682,7857838.0
2016-01-13,24.54,8257.0255,5757593.0
2016-01-14,24.95,8394.9791,7536868.0
2016-01-15,24.82,8351.2377,7463565.0
2016-01-19,24.71,8314.2258,6824826.0
2016-01-20,24.26,8162.8133,6957121.0
2016-01-21,24.91,8381.5202,8733304.0
2016-01-22,25.57,8603.5918,5461036.0
2016-01-25,25.37,8536.2974,5516273.0
2016-01-26,25.67,8637.239,3507166.0
2016-01-27,25.77,8670.8862,5728604.0
2016-01-28,25.42,8553.121,4416747.0
2016-01-29,26.39,8879.4989,4719197.0
2016-02-01,26.27,8839.1222,3796282.0
2016-02-02,25.07,8435.3557,6471395.0
2016-02-03,25.26,8499.2854,6906858.0
2016-02-04,25.39,8543.0268,4689470.0
2016-02-05,24.3,8176.2722,6235259.0
2016-02-08,23.46,7893.6356,10549403.0
2016-02-09,25.39,8543.0268,11542338.0
2016-02-10,25.51,8583.4034,7124493.0
2016-02-11,24.97,8401.7085,6618747.0
2016-02-12,25.82,8622.1142,5417074.0
2016-02-16,26.43,8825.8125,7757787.0
2016-02-17,27.23,9092.9577,6052958.0
2016-02-18,27.03,9026.1714,4252224.0
2016-02-19,27.62,9223.1911,5082213.0
2016-02-22,27.79,9279.9594,4107012.0
2016-02-23,28.36,9470.3005,5456090.0
2016-02-24,28.68,9577.1586,5552339.0
2016-02-25,28.91,9653.9628,4004338.0
2016-02-26,28.74,9597.1945,4413067.0
2016-02-29,28.2,9416.8714,4239521.0
2016-03-01,29.2,9750.803,4373665.0
2016-03-02,29.07,9707.3919,3933851.0
2016-03-03,28.97,9673.9987,5425741.0
2016-03-04,28.99,9680.6774,4589139.0
2016-03-07,28.96,9670.6594,3414541.0
2016-03-08,29.14,9730.7671,5309048.0
2016-03-09,29.23,9760.821,4956508.0
2016-03-10,29.12,9724.0885,3334987.0
2016-03-11,29.49,9847.6432,3435993.0
2016-03-14,29.51,9854.3218,3243354.0
2016-03-15,29.82,9957.8406,3806573.0
2016-03-16,29.98,10011.2697,4409165.0
2016-03-17,30.56,10204.95,3142123.0
2016-03-18,30.77,10275.0756,4729562.0
2016-03-21,30.86,10305.1295,2974163.0
2016-03-22,31.07,10375.2551,2933692.0
2016-03-23,30.94,10331.844,3334117.0
2016-03-24,30.89,10282.7982,1924273.0
2016-03-28,31.2,10385.9923,2401333.0
2016-03-29,31.43,10462.5557,2049331.0
2016-03-30,31.6,10519.1461,2201227.0
2016-03-31,31.45,10469.2134,6966190.0
2016-04-01,32.04,10665.6152,4525853.0
2016-04-04,31.68,10545.7768,3515992.0
2016-04-05,31.5,10485.8576,3076845.0
2016-04-06,31.72,10559.0922,2234816.0
2016-04-07,31.4,10452.5692,2909569.0
2016-04-08,31.73,10562.421,1851819.0
2016-04-11,31.47,10475.8711,2577784.0
2016-04-12,31.78,10579.0652,2332370.0
2016-04-13,32.21,10722.2055,2001708.0
2016-04-14,32.16,10705.5613,1860869.0
2016-04-15,32.28,10745.5074,1788412.0
2016-04-18,32.4,10785.4536,2143371.0
2016-04-19,32.4,10785.4536,2154441.0
2016-04-20,32.72,10891.9766,2838937.0
2016-04-21,32.3,10752.1651,3147971.0
2016-04-22,32.47,10808.7555,2958872.0
2016-04-25,32.24,10732.1921,3926856.0
2016-04-26,31.58,10508.1226,7092187.0
2016-04-27,31.69,10544.7247,5422277.0
2016-04-28,31.16,10368.3692,4182724.0
2016-04-29,30.71,10218.6335,4373597.0
2016-05-02,31.38,10441.5734,2684019.0
2016-05-03,30.72,10221.9609,4194124.0
2016-05-04,30.68,10208.6511,2666577.0
2016-05-05,30.99,10311.8024,3540376.0
2016-05-06,31.7,10548.0521,3920282.0
2016-05-09,31.72,10554.7071,3209653.0
2016-05-10,32.2,10714.4252,2625905.0
2016-05-11,31.59,10511.4501,2749271.0
2016-05-12,31.35,10431.591,3164336.0
2016-05-13,31.18,10375.0242,1894862.0
2016-05-16,31.5,10481.5029,2547346.0
2016-05-17,31.34,10428.2635,4196217.0
2016-05-18,31.24,10394.9889,2784617.0
2016-05-19,31.35,10431.591,3134909.0
2016-05-20,31.78,10574.6718,2792423.0
2016-05-23,31.37,10438.2459,2403366.0
2016-05-24,32.39,10777.647,4348755.0
2016-05-25,32.57,10837.5413,2630836.0
2016-05-26,32.37,10770.992,2982814.0
2016-05-27,32.62,10854.1786,1637953.0
2016-05-31,32.64,10860.8335,2841887.0
2016-06-01,32.53,10824.2314,2713335.0
2016-06-02,32.13,10691.133,3041333.0
2016-06-03,32.03,10657.8584,2517493.0
2016-06-06,31.58,10508.1226,3504841.0
2016-06-07,31.93,10624.5837,3480609.0
2016-06-08,32.01,10651.2034,3164590.0
2016-06-09,31.84,10594.6366,1746761.0
2016-06-10,31.24,10394.9889,2593334.0
2016-06-13,30.85,10265.2179,3358550.0
2016-06-14,30.41,10118.8096,4689502.0
2016-06-15,30.19,10045.6055,4493324.0
2016-06-16,30.67,10205.3236,5260247.0
2016-06-17,30.89,10278.5278,4476139.0
2016-06-20,31.37,10438.2459,3037686.0
2016-06-21,31.36,10434.9185,2066257.0
2016-06-22,31.21,10385.0065,2703215.0
2016-06-23,31.48,10474.848,3273062.0
2016-06-24,30.18,10042.278,10161802.0
2016-06-27,29.28,9742.8065,5572126.0
2016-06-28,29.92,9955.764,5000547.0
2016-06-29,30.47,10138.7744,3931083.0
2016-06-30,30.94,10295.1651,4391026.0
2016-07-01,31.05,10331.7672,3074853.0
2016-07-05,30.55,10165.3941,2796963.0
2016-07-06,30.92,10288.5102,2817936.0
2016-07-07,31.2,10381.6791,2817832.0
2016-07-08,32.22,10721.0801,4428832.0
2016-07-11,32.8,10914.0729,4260195.0
2016-07-12,33.4,11113.7206,4124120.0
2016-07-13,33.75,11230.1817,6100880.0
2016-07-14,34.02,11320.0231,5000512.0
2016-07-15,34.08,11339.9879,3222294.0
2016-07-18,33.9,11280.0936,3340458.0
2016-07-19,33.79,11243.4915,3051572.0
2016-07-20,34.33,11423.1744,2674729.0
2016-07-21,33.35,11097.0832,8525250.0
2016-07-22,33.79,11243.4915,7716760.0
2016-07-25,34.23,11389.8998,5565736.0
2016-07-26,35.85,11838.1934,9369871.0
2016-07-27,36.44,12033.02,8044232.0
2016-07-28,36.87,12175.0123,6729444.0
2016-07-29,36.48,12046.2286,5926772.0
2016-08-01,36.36,12006.6028,3707677.0
2016-08-02,36.34,11999.9985,2913660.0
2016-08-03,36.56,12072.6458,2507600.0
2016-08-04,36.28,11980.1857,2781558.0
2016-08-05,36.67,12108.9694,2050239.0
2016-08-08,36.48,12046.2286,2516915.0
2016-08-09,36.23,11963.6749,2578259.0
2016-08-10,36.29,11983.4878,1997849.0
2016-08-11,36.18,11947.1642,2932754.0
2016-08-12,36.07,11910.8406,2324619.0
2016-08-15,36.15,11937.2578,1929415.0
2016-08-16,35.51,11725.9204,2758972.0
2016-08-17,35.47,11712.7118,3438575.0
2016-08-18,35.21,11626.8561,3310978.0
2016-08-19,35.2,11623.5539,3052743.0
2016-08-22,35.38,11682.9925,2799210.0
2016-08-23,35.71,11791.9634,3134223.0
2016-08-24,35.28,11649.9711,2707508.0
2016-08-25,35.26,11643.3668,1658433.0
2016-08-26,35.22,11630.1582,1913031.0
2016-08-29,35.46,11709.4097,2427082.0
2016-08-30,35.41,11692.899,2694414.0
2016-08-31,35.48,11716.014,3850373.0
2016-09-01,35.53,11732.5247,4287412.0
2016-09-02,35.46,11709.4097,2113013.0
2016-09-06,35.31,11659.8775,2216898.0
2016-09-07,35.28,11649.9711,2448035.0
2016-09-08,35.15,11607.0432,2344250.0
2016-09-09,33.26,10982.9376,6231075.0
2016-09-12,33.69,11124.9299,5307562.0
2016-09-13,33.03,10906.9882,5293108.0
2016-09-14,33.24,10976.3333,4689700.0
2016-09-15,33.6,11095.2105,2956815.0
2016-09-16,32.9,10864.0603,5304371.0
2016-09-19,32.93,10873.9668,3195674.0
2016-09-20,32.85,10847.5496,4350456.0
2016-09-21,33.39,11025.8655,4454847.0
2016-09-22,34.33,11336.2672,5907641.0
2016-09-23,34.27,11316.4543,3356489.0
2016-09-26,34.33,11336.2672,3044179.0
2016-09-27,34.82,11498.0724,4783429.0
2016-09-28,34.55,11408.9144,4165005.0
2016-09-29,34.22,11299.9436,2976594.0
2016-09-30,34.31,11329.6629,5534791.0
2016-10-03,33.96,11214.0878,2882490.0
2016-10-04,33.86,11181.0663,3193260.0
2016-10-05,34.24,11306.5479,3326337.0
2016-10-06,34.93,11534.396,2788916.0
2016-10-07,33.51,11065.4912,8533031.0
2016-10-10,33.88,11187.6706,3364248.0
2016-10-11,33.23,10973.0311,2921545.0
2016-10-12,33.56,11082.002,2562325.0
2016-10-13,33.36,11015.959,2326758.0
2016-10-14,33.52,11068.7934,2029774.0
2016-10-17,33.8,11161.2535,2490050.0
2016-10-18,33.47,11052.2826,3507405.0
2016-10-19,32.94,10877.2689,4828005.0
2016-10-20,33.19,10959.8226,3116803.0
2016-10-21,33.09,10926.8011,3026687.0
2016-10-24,33.56,11082.002,4257839.0
2016-10-25,30.38,9973.9715,14614515.0
2016-10-26,30.6,10046.1991,7157116.0
2016-10-27,30.5,10013.3684,6695845.0
2016-10-28,30.72,10085.5959,5074224.0
2016-10-31,30.88,10138.1251,4257948.0
2016-11-01,29.98,9842.6486,5626798.0
2016-11-02,29.43,9662.0797,5654127.0
2016-11-03,29.45,9668.6458,4226097.0
2016-11-04,29.84,9796.6856,5018411.0
2016-11-07,30.27,9937.8577,3975569.0
2016-11-08,30.46,10000.2361,3050783.0
2016-11-09,30.93,10154.5404,3559267.0
2016-11-10,31.45,10325.2602,5005253.0
2016-11-11,31.27,10266.1649,4032926.0
2016-11-14,31.65,10390.9216,4742287.0
2016-11-15,31.93,10482.8476,3837783.0
2016-11-16,31.38,10302.2787,4017168.0
2016-11-17,32.25,10587.9059,4471878.0
2016-11-18,32.46,10656.8504,4256459.0
2016-11-21,32.49,10666.6996,4288534.0
2016-11-22,32.56,10689.6811,4247194.0
2016-11-23,32.39,10633.8689,2456018.0
2016-11-25,32.71,10738.9272,1103028.0
2016-11-28,32.16,10558.3582,3928171.0
2016-11-29,32.21,10574.7736,2533111.0
2016-11-30,31.65,10390.9216,3935982.0
2016-12-01,30.33,9957.5561,5397030.0
2016-12-02,30.32,9954.2731,4515443.0
2016-12-05,31.19,10239.9003,4770447.0
2016-12-06,31.24,10256.3157,3614443.0
2016-12-07,32.13,10548.509,4257509.0
2016-12-08,32.54,10683.115,2536728.0
2016-12-09,32.61,10706.0965,4031880.0
2016-12-12,32.4,10637.152,3121767.0
2016-12-13,32.67,10725.7949,3519490.0
2016-12-14,32.5,10669.9827,3766363.0
2016-12-15,31.54,10354.8078,3815499.0
2016-12-16,31.93,10482.8476,6221886.0
2016-12-19,32.4,10637.152,2865718.0
2016-12-20,32.46,10656.8504,1676866.0
2016-12-21,32.79,10765.1918,2370904.0
2016-12-22,32.03,10515.6783,2422405.0
2016-12-23,32.06,10525.5275,1626447.0
2016-12-27,32.24,10584.6228,1160066.0
2016-12-28,31.83,10450.0169,1736393.0
2016-12-29,31.89,10469.7153,1188474.0
2016-12-30,31.62,10381.0724,1546073.0
2017-01-03,32.23,10581.3397,2660933.0
2017-01-04,32.94,10814.4378,3589850.0
2017-01-05,32.66,10722.5118,2513259.0
2017-01-06,32.53,10679.8319,3157648.0
2017-01-09,32.18,10564.9244,2573842.0
2017-01-10,32.21,10574.7736,2705707.0
2017-01-11,32.46,10656.8504,2602213.0
2017-01-12,32.05,10522.2445,3490544.0
2017-01-13,32.05,10522.2445,2417008.0
2017-01-17,32.03,10515.6783,1614011.0
2017-01-18,32.1,10538.6598,2248583.0
2017-01-19,31.93,10482.8476,2160488.0
2017-01-20,31.98,10499.263,3139724.0
2017-01-23,32.03,10515.6783,2648617.0
2017-01-24,32.92,10807.8717,2648446.0
2017-01-25,33.62,11037.6867,4217380.0
2017-01-26,33.64,11044.2528,3732564.0
2017-01-27,33.32,10939.1946,2228107.0
2017-01-30,33.31,10935.9115,2157186.0
2017-01-31,32.95,10817.7209,3024252.0
2017-02-01,33.26,10919.4961,3089017.0
2017-02-02,33.0,10834.1363,3447120.0
2017-02-03,33.23,10909.6469,3837302.0
2017-02-06,33.18,10893.2315,5896090.0
2017-02-07,33.61,11034.4036,2989978.0
2017-02-08,33.79,11093.4989,4793484.0
2017-02-09,33.06,10589.7895,10892620.0
2017-02-10,33.75,10810.8105,4714585.0
2017-02-13,33.5,10730.7305,3789285.0
2017-02-14,33.11,10605.8055,3425448.0
2017-02-15,33.44,10711.5113,2477684.0
2017-02-16,33.67,10785.1849,3012393.0
2017-02-17,33.52,10737.1369,2072921.0
2017-02-21,34.03,10900.5002,2559909.0
2017-02-22,33.85,10842.8426,2805153.0
2017-02-23,34.11,10926.1259,4360016.0
2017-02-24,34.02,10897.297,3782271.0
2017-02-27,34.43,11028.6284,2018914.0
2017-02-28,33.78,10820.4202,3244152.0
2017-03-01,34.56,11070.27,3527383.0
2017-03-02,34.33,10996.5963,3231069.0
2017-03-03,34.06,10910.1098,3360979.0
2017-03-06,33.46,10717.9177,8926943.0
2017-03-07,33.25,10650.6504,3391507.0
2017-03-08,33.82,10833.233,3222919.0
2017-03-09,33.71,10797.9977,2560903.0
2017-03-10,33.93,10868.4682,1870871.0
2017-03-13,33.68,10788.3881,2928867.0
2017-03-14,33.68,10788.3881,2372046.0
2017-03-15,34.38,11012.6123,3735125.0
2017-03-16,34.65,11099.0988,3186435.0
2017-03-17,34.66,11102.302,4146420.0
2017-03-20,34.49,11047.8476,1715431.0
2017-03-21,33.83,10836.4362,2800952.0
2017-03-22,33.92,10865.265,1973609.0
2017-03-23,34.21,10958.1579,2064663.0
2017-03-24,33.99,10887.6874,1653638.0
2017-03-27,33.74,10807.6073,2381279.0
2017-03-28,33.97,10881.281,2226900.0
2017-03-29,33.97,10881.281,2616255.0
2017-03-30,33.82,10833.233,1916691.0
2017-03-31,33.99,10887.6874,3437123.0
2017-04-03,33.41,10701.9016,3193849.0
2017-04-04,33.27,10657.0568,3122046.0
2017-04-05,33.08,10596.1959,5413742.0
2017-04-06,33.83,10836.4362,3773931.0
2017-04-07,33.5,10730.7305,3972746.0
2017-04-10,33.57,10753.1529,2415931.0
2017-04-11,33.96,10878.0778,2494655.0
2017-04-12,33.31,10669.8696,3083802.0
2017-04-13,33.09,10599.3991,2467614.0
2017-04-17,33.49,10727.5273,1886408.0
2017-04-18,33.38,10692.292,3024918.0
2017-04-19,33.72,10801.2009,3703681.0
2017-04-20,33.93,10868.4682,4588213.0
2017-04-21,34.34,10999.7995,4432322.0
2017-04-24,35.03,11220.8205,4320489.0
2017-04-25,36.9,11784.4904,8220052.0
2017-04-26,37.45,11960.14,6001602.0
2017-04-27,37.25,11896.2674,3459831.0
2017-04-28,37.02,11822.814,4057008.0
2017-05-01,36.72,11727.0051,3053238.0
2017-05-02,36.74,11733.3924,3242104.0
2017-05-03,36.64,11701.4561,2011879.0
2017-05-04,36.79,11749.3605,1428453.0
2017-05-05,36.92,11790.8777,1480437.0
2017-05-08,36.93,11794.0713,4022449.0
2017-05-09,36.95,11800.4586,2255753.0
2017-05-10,36.76,11739.7796,2185529.0
2017-05-11,36.65,11704.6497,1828436.0
2017-05-12,36.46,11643.9708,1696161.0
2017-05-15,37.01,11819.6204,3189210.0
2017-05-16,37.26,11899.4611,3868709.0
2017-05-17,36.85,11768.5223,4327974.0
2017-05-18,37.02,11822.814,5160118.0
2017-05-19,37.0,11816.4267,2313118.0
2017-05-22,37.19,11877.1057,1561534.0
2017-05-23,36.83,11762.135,1427363.0
2017-05-24,37.09,11845.1694,1963055.0
2017-05-25,37.13,11857.9439,2320436.0
2017-05-26,37.0,11816.4267,2765795.0
2017-05-30,36.99,11813.2331,1631613.0
2017-05-31,37.25,11896.2674,2943680.0
2017-06-01,37.42,11950.5591,1909229.0
2017-06-02,37.64,12020.819,2277559.0
2017-06-05,37.27,11902.6547,1609470.0
2017-06-06,37.15,11864.3312,2013297.0
2017-06-07,37.0,11816.4267,2342552.0
2017-06-08,37.04,11829.2012,2238000.0
2017-06-09,37.22,11886.6866,1730732.0
2017-06-12,37.42,11950.5591,2069654.0
2017-06-13,38.14,12180.5004,3282698.0
2017-06-14,38.42,12269.9225,2264062.0
2017-06-15,38.59,12324.2142,3272172.0
2017-06-16,38.58,12321.0206,3651933.0
2017-06-19,39.14,12499.8638,2026187.0
2017-06-20,38.97,12445.5721,2644482.0
2017-06-21,38.76,12378.5059,1991826.0
2017-06-22,38.82,12397.6677,2349315.0
2017-06-23,38.91,12426.4104,4187860.0
2017-06-26,38.91,12426.4104,1492003.0
2017-06-27,38.25,12215.6308,2314506.0
2017-06-28,38.76,12378.5059,2288884.0
2017-06-29,38.0,12135.7901,1906745.0
2017-06-30,38.21,12202.8563,1972339.0
2017-07-03,37.96,12123.0156,1268644.0
2017-07-05,38.15,12183.6946,2750420.0
2017-07-06,37.68,12033.594,1979881.0
2017-07-07,38.43,12273.1162,2496600.0
2017-07-10,38.74,12372.1187,2051509.0
2017-07-11,38.8,12391.2804,1926291.0
2017-07-12,38.66,12346.5696,1331596.0
2017-07-13,38.84,12404.055,1388428.0
2017-07-14,38.92,12429.604,1303547.0
2017-07-17,38.74,12372.1187,1435874.0
2017-07-18,38.57,12317.827,1229359.0
2017-07-19,39.02,12461.5403,1223835.0
2017-07-20,38.3,12231.599,3631935.0
2017-07-21,38.3,12231.599,1516337.0
2017-07-24,37.72,12046.3685,2353102.0
2017-07-25,37.74,12052.7558,1981264.0
2017-07-26,37.64,12020.8195,2976373.0
2017-07-27,38.29,12198.954,4423774.0
2017-07-28,38.57,12288.1602,3477025.0
2017-07-31,38.13,12147.979,1714371.0
2017-08-01,38.33,12211.6977,1979644.0
2017-08-02,38.28,12195.7681,1735286.0
2017-08-03,37.99,12103.3759,3530010.0
2017-08-04,38.33,12211.6977,1115687.0
2017-08-07,38.21,12173.4665,1042832.0
2017-08-08,37.63,11988.6821,2074787.0
2017-08-09,37.2,11851.6868,1868496.0
2017-08-10,36.45,11612.7415,1827304.0
2017-08-11,36.69,11689.204,1241341.0
2017-08-14,37.3,11883.5462,1283312.0
2017-08-15,37.42,11921.7775,1963156.0
2017-08-16,37.48,11940.8931,2232076.0
2017-08-17,36.47,11619.1134,2609410.0
2017-08-18,36.4,11596.8118,2001486.0
2017-08-21,36.53,11638.229,1213362.0
2017-08-22,36.99,11784.7821,2871843.0
2017-08-23,36.72,11698.7618,1743371.0
2017-08-24,36.48,11622.2993,2227154.0
2017-08-25,36.31,11568.1384,2201369.0
2017-08-28,36.3,11564.9525,2283837.0
2017-08-29,36.31,11568.1384,1797222.0
2017-08-30,36.37,11587.254,2264839.0
2017-08-31,36.77,11714.6915,2970483.0
2017-09-01,37.06,11807.0837,1644718.0
2017-09-05,36.65,11676.4603,1665805.0
2017-09-06,36.8,11724.2493,1807769.0
2017-09-07,37.0,11787.9681,1785805.0
2017-09-08,37.57,11969.5665,2322349.0
2017-09-11,37.64,11991.8681,2501541.0
2017-09-12,38.11,12141.6071,1580633.0
2017-09-13,37.51,11950.4509,2089307.0
2017-09-14,37.38,11909.0337,1704590.0
2017-09-15,37.31,11886.7321,2178802.0
2017-09-18,37.25,11867.6165,2000233.0
2017-09-19,37.39,11912.2196,2184258.0
2017-09-20,37.52,11953.6368,3552021.0
2017-09-21,37.72,12017.3556,1335407.0
2017-09-22,38.09,12135.2353,1711439.0
2017-09-25,38.21,12173.4665,1653561.0
2017-09-26,38.4,12233.9993,1668324.0
2017-09-27,38.57,12288.1602,1649558.0
2017-09-28,38.78,12355.0649,1369804.0
2017-09-29,39.01,12428.3415,1604965.0
2017-10-02,39.59,12613.1258,2292825.0
2017-10-03,39.21,12492.0602,2411710.0
2017-10-04,39.25,12504.804,1932617.0
2017-10-05,38.98,12418.7837,2178355.0
2017-10-06,39.23,12498.4321,1755644.0
2017-10-09,38.94,12406.0399,2400273.0
2017-10-10,38.75,12345.5071,1806385.0
2017-10-11,38.96,12412.4118,2137155.0
2017-10-12,39.04,12437.8993,2381804.0
2017-10-13,38.92,12399.668,2096348.0
2017-10-16,38.96,12412.4118,1180111.0
2017-10-17,38.9,12393.2962,1547740.0
2017-10-18,38.66,12316.8337,1552386.0
2017-10-19,39.06,12444.2712,2587947.0
2017-10-20,40.09,12772.4227,3232459.0
2017-10-23,40.11,12778.7946,4450193.0
2017-10-24,40.83,12843.7009,4978516.0
2017-10-25,39.67,12478.8051,4213865.0
2017-10-26,40.11,12617.2139,3241628.0
2017-10-27,40.16,12632.9421,2408481.0
2017-10-30,39.49,12422.1834,1868233.0
2017-10-31,39.82,12525.9899,2683322.0
2017-11-01,39.37,12384.4355,1985308.0
2017-11-02,38.89,12233.4442,3178490.0
2017-11-03,39.02,12274.3377,2131804.0
2017-11-06,39.22,12337.2508,1402222.0
2017-11-07,39.08,12293.2116,1630015.0
2017-11-08,39.13,12308.9399,3395859.0
2017-11-09,38.62,12148.5116,1607360.0
2017-11-10,38.61,12145.3659,2038408.0
2017-11-13,38.89,12233.4442,2039043.0
2017-11-14,39.04,12280.629,1665375.0
2017-11-15,38.81,12208.279,2106381.0
2017-11-16,39.14,12312.0855,2129280.0
2017-11-17,39.36,12381.2899,1394765.0
2017-11-20,39.84,12532.2812,1849924.0
2017-11-21,40.01,12585.7573,1819950.0
2017-11-22,39.94,12563.7378,993715.0
2017-11-24,39.58,12450.4943,981869.0
2017-11-27,40.06,12601.4856,1701885.0
2017-11-28,40.93,12875.1574,3322694.0
2017-11-29,42.03,13221.1792,2895905.0
2017-11-30,42.91,13497.9967,4491283.0
2017-12-01,42.5,13369.0249,4231265.0
2017-12-04,43.3,13620.6771,3870470.0
2017-12-05,42.98,13520.0163,2942647.0
2017-12-06,42.15,13258.9271,3054301.0
2017-12-07,42.31,13309.2575,2805980.0
2017-12-08,42.72,13438.2293,3848494.0
2017-12-11,42.42,13343.8597,1749683.0
2017-12-12,42.19,13271.5097,2506373.0
2017-12-13,42.02,13218.0336,2653348.0
2017-12-14,41.85,13164.5575,3238025.0
2017-12-15,42.31,13309.2575,3006966.0
2017-12-18,43.0,13526.3076,2310540.0
2017-12-19,43.0,13526.3076,3433659.0
2017-12-20,43.67,13737.0663,2841290.0
2017-12-21,44.24,13916.3685,2254094.0
2017-12-22,43.83,13787.3967,2254560.0
2017-12-26,44.02,13847.1642,891853.0
2017-12-27,43.88,13803.125,1674841.0
2017-12-28,44.12,13878.6207,1881129.0
2017-12-29,43.94,13821.9989,1653486.0
2018-01-02,43.81,13781.1054,1588106.0
2018-01-03,44.0,13840.8728,4520616.0
2018-01-04,44.05,13856.6011,1852497.0
2018-01-05,44.46,13985.5729,2905839.0
2018-01-08,44.67,14051.6316,3283404.0
2018-01-09,45.43,14290.7012,3414023.0
2018-01-10,44.71,14064.2142,2127325.0
2018-01-11,45.73,14385.0708,3133856.0
2018-01-12,45.76,14394.5078,2603508.0
2018-01-16,45.24,14230.9338,3090188.0
2018-01-17,45.83,14416.5273,2389681.0
2018-01-18,46.27,14554.9361,2608820.0
2018-01-19,45.9,14438.5469,2775351.0
2018-01-22,45.87,14429.1099,2301044.0
2018-01-23,45.46,14300.1382,3528805.0
2018-01-24,45.91,14441.6926,2134801.0
2018-01-25,45.43,14290.7012,3116009.0
2018-01-26,45.33,14259.2447,3431169.0
2018-01-29,44.64,14042.1946,2633106.0
2018-01-30,44.52,14004.4468,2694845.0
2018-01-31,44.66,14048.4859,3643128.0
2018-02-01,44.07,13862.8924,2177520.0
2018-02-02,42.9,13494.851,3942852.0
2018-02-05,41.28,12985.2553,4493583.0
2018-02-06,42.34,13318.6945,4626940.0
2018-02-07,42.69,13428.7923,4555425.0
2018-02-08,40.7,12755.0341,6658627.0
2018-02-09,42.13,13203.1839,5990423.0
2018-02-12,43.12,13513.4415,4981055.0
2018-02-13,42.76,13400.6205,4258104.0
2018-02-14,42.94,13457.031,2892508.0
2018-02-15,42.83,13422.5579,2860644.0
2018-02-16,43.21,13541.6467,2767559.0
2018-02-20,42.52,13325.4066,2000632.0
2018-02-21,42.4,13287.7996,3790978.0
2018-02-22,42.58,13344.2101,2273789.0
2018-02-23,43.02,13482.1023,2395789.0
2018-02-26,42.87,13435.0936,2946108.0
2018-02-27,41.89,13127.9699,2820737.0
2018-02-28,41.12,12886.6585,4480314.0
2018-03-01,40.85,12802.0428,4801305.0
2018-03-02,40.51,12695.4897,4594235.0
2018-03-05,41.16,12899.1941,3025347.0
2018-03-06,41.14,12892.9263,2805422.0
2018-03-07,41.27,12933.6672,2276948.0
2018-03-08,41.45,12990.0777,1674348.0
2018-03-09,42.48,13312.8709,1834166.0
2018-03-12,42.47,13309.737,3086968.0
2018-03-13,42.29,13253.3265,2084535.0
2018-03-14,41.57,13027.6847,2183814.0
2018-03-15,41.61,13040.2203,2638582.0
2018-03-16,41.57,13027.6847,3172655.0
2018-03-19,41.09,12877.2567,2241922.0
2018-03-20,41.02,12855.3193,2307866.0
2018-03-21,41.55,13021.4168,2155828.0
2018-03-22,41.03,12858.4532,3281424.0
2018-03-23,40.25,12614.0079,3666990.0
2018-03-26,40.81,12789.5071,2901395.0
2018-03-27,40.47,12682.954,3907106.0
2018-03-28,39.83,12482.3834,3987730.0
2018-03-29,40.44,12673.5523,3895504.0
2018-04-02,39.0,12141.6609,3379045.0
2018-04-03,39.62,12334.6822,3807230.0
2018-04-04,40.71,12674.026,5919236.0
2018-04-05,40.93,12742.5174,4421708.0
2018-04-06,40.19,12512.1372,3668513.0
2018-04-09,40.22,12521.4769,3377559.0
2018-04-10,40.8,12702.0452,2846244.0
2018-04-11,40.6,12639.7803,2441244.0
2018-04-12,40.82,12708.2717,1803704.0
2018-04-13,40.65,12655.3465,2003637.0
2018-04-16,40.92,12739.4042,3041247.0
2018-04-17,41.4,12888.84,3529196.0
2018-04-18,41.31,12860.8208,3122719.0
2018-04-19,39.75,12375.1544,7203122.0
2018-04-20,39.24,12216.3788,5930085.0
2018-04-23,39.45,12281.757,6332108.0
2018-04-24,36.16,11227.3482,13108003.0
2018-04-25,37.17,11540.9439,11120049.0
2018-04-26,37.33,11590.6225,8820335.0
2018-04-27,38.02,11804.8611,6251089.0
2018-04-30,37.87,11758.2875,6943097.0
2018-05-01,38.5,11953.8967,6606269.0
2018-05-02,37.73,11714.8188,5336576.0
2018-05-03,38.01,11801.7562,3620089.0
2018-05-04,38.32,11898.0084,3502875.0
2018-05-07,38.3,11891.7986,3131806.0
2018-05-08,38.18,11854.5397,3561681.0
2018-05-09,37.63,11683.7697,3918329.0
2018-05-10,37.86,11755.1826,2969875.0
2018-05-11,38.07,11820.3857,3241732.0
2018-05-14,37.64,11686.8746,3959947.0
2018-05-15,37.35,11596.8323,5931461.0
2018-05-16,37.91,11770.7071,4998634.0
2018-05-17,37.5,11643.4059,3882393.0
2018-05-18,37.85,11752.0777,3035060.0
2018-05-21,37.73,11714.8188,2878355.0
2018-05-22,37.0,11488.1605,3479129.0
2018-05-23,37.54,11655.8255,3225713.0
2018-05-24,37.52,11649.6157,1923269.0
2018-05-25,37.9,11767.6022,3289806.0
2018-05-29,37.55,11658.9304,3524658.0
2018-05-30,38.16,11848.3298,3590235.0
2018-05-31,37.27,11571.993,3207415.0
2018-06-01,37.63,11683.7697,2603067.0
2018-06-04,38.39,11919.7427,3999142.0
2018-06-05,38.63,11994.2605,3235516.0
2018-06-06,38.38,11916.6378,2685728.0
2018-06-07,38.51,11957.0016,3164890.0
2018-06-08,38.86,12065.6734,3879653.0
2018-06-11,38.71,12019.0998,2731795.0
2018-06-12,38.87,12068.7783,2733324.0
2018-06-13,37.97,11789.3366,3129410.0
2018-06-14,38.42,11929.0575,2284725.0
2018-06-15,38.24,11873.1691,3785987.0
2018-06-18,37.78,11730.3433,2591461.0
2018-06-19,37.76,11724.1335,3905955.0
2018-06-20,38.44,11935.2673,3624658.0
2018-06-21,37.75,11721.0286,3238371.0
2018-06-22,38.04,11811.0709,3870665.0
2018-06-25,37.84,11748.9728,3203410.0
2018-06-26,38.08,11823.4906,3573317.0
2018-06-27,37.39,11609.2519,3381323.0
2018-06-28,37.14,11531.6292,2466199.0
2018-06-29,37.42,11618.5666,2992057.0
2018-07-02,37.29,11578.2028,2675064.0
2018-07-03,37.2,11550.2587,1008448.0
2018-07-05,38.02,11804.8611,2536777.0
2018-07-06,38.42,11929.0575,2460938.0
2018-07-09,38.73,12025.3096,2388834.0
2018-07-10,38.58,11978.736,1894339.0
2018-07-11,37.71,11708.609,3447826.0
2018-07-12,37.7,11705.5041,3581883.0
2018-07-13,38.01,11801.7562,2464900.0
2018-07-16,37.69,11702.3992,2310670.0
2018-07-17,38.3,11891.7986,3018037.0
2018-07-18,38.46,11941.4771,2836328.0
2018-07-19,38.98,12102.9323,2458049.0
2018-07-20,38.99,12106.0372,2726351.0
2018-07-23,38.59,11981.8409,2765191.0
2018-07-24,38.51,11957.0016,3343535.0
2018-07-25,37.88,11761.3924,5008101.0
2018-07-26,38.66,12003.5753,4336510.0
2018-07-27,39.39,12230.2336,3517475.0
2018-07-30,39.47,12255.0728,5509713.0
2018-07-31,40.33,12400.5352,6104432.0
2018-08-01,39.97,12289.8436,3965201.0
2018-08-02,39.39,12111.5071,4600445.0
2018-08-03,39.5,12145.3295,2632831.0
2018-08-06,39.8,12237.5725,1883844.0
2018-08-07,39.71,12209.8996,1852620.0
2018-08-08,39.22,12059.2361,1487081.0
2018-08-09,39.12,12028.4884,2323055.0
2018-08-10,38.6,11868.6005,2152882.0
2018-08-13,37.72,11598.021,3047684.0
2018-08-14,38.25,11760.9837,2338281.0
2018-08-15,38.34,11788.6566,2042097.0
2018-08-16,38.54,11850.1519,2556566.0
2018-08-17,38.75,11914.722,2162029.0
2018-08-20,38.66,11887.0491,2144250.0
2018-08-21,39.25,12068.4604,2308053.0
2018-08-22,38.89,11957.7687,2407481.0
2018-08-23,38.75,11914.722,2745341.0
2018-08-24,38.92,11966.993,2650959.0
2018-08-27,39.1,12022.3389,1869734.0
2018-08-28,38.89,11957.7687,1324506.0
2018-08-29,38.75,11914.722,1591219.0
2018-08-30,38.17,11736.3855,1813383.0
2018-08-31,37.97,11674.8902,2026787.0
2018-09-04,37.76,11610.3201,4096346.0
2018-09-05,38.12,11721.0117,2642496.0
2018-09-06,37.92,11659.5164,2254183.0
2018-09-07,37.73,11601.0958,1984519.0
2018-09-10,37.83,11631.8434,2018138.0
2018-09-11,38.07,11705.6379,1957005.0
2018-09-12,38.63,11877.8248,4461275.0
2018-09-13,38.23,11754.8341,2066306.0
2018-09-14,38.19,11742.5351,2033450.0
2018-09-17,38.32,11782.507,1910541.0
2018-09-18,38.5,11837.8528,2473585.0
2018-09-19,38.73,11908.5725,2070666.0
2018-09-20,38.61,11871.6753,1913411.0
2018-09-21,38.54,11850.1519,2989542.0
2018-09-24,37.75,11607.2453,2125963.0
2018-09-25,37.57,11551.8995,2733417.0
2018-09-26,37.32,11475.0303,3255533.0
2018-09-27,37.25,11453.507,3116935.0
2018-09-28,36.6,11253.6471,4465068.0
2018-10-01,36.29,11158.3293,4348705.0
2018-10-02,36.5,11222.8994,5165143.0
2018-10-03,36.48,11216.7499,4968454.0
2018-10-04,36.13,11109.1331,4873008.0
2018-10-05,35.82,11013.8153,5883547.0
2018-10-08,35.39,10881.6003,4115815.0
2018-10-09,33.9,10423.46,6535349.0
2018-10-10,33.38,10263.5721,5054049.0
2018-10-11,32.6,10023.7403,5230637.0
2018-10-12,32.29,9928.4225,6425484.0
2018-10-15,32.05,9854.6281,3292503.0
2018-10-16,32.36,9949.9459,4182863.0
2018-10-17,31.96,9826.9552,4019353.0
2018-10-18,31.0,9531.7776,4862559.0
2018-10-19,30.92,9507.1795,3626646.0
2018-10-22,30.29,9313.4692,7361396.0
2018-10-23,30.94,9513.329,6247800.0
2018-10-24,29.81,9165.8803,5184878.0
2018-10-25,30.16,9273.4972,6039467.0
2018-10-26,27.66,8504.8054,12368604.0
2018-10-29,27.45,8440.2353,9001298.0
2018-10-30,29.5,9012.2012,7074510.0
2018-10-31,30.0,9164.9504,6630329.0
2018-11-01,31.39,9589.5931,8158908.0
2018-11-02,31.32,9568.2082,6507404.0
2018-11-05,31.42,9598.7581,4631859.0
2018-11-06,31.42,9598.7581,4030767.0
2018-11-07,31.49,9620.1429,4473499.0
2018-11-08,31.03,9479.6137,4122572.0
2018-11-09,31.03,9479.6137,4801635.0
2018-11-12,30.58,9342.1395,4722920.0
2018-11-13,30.95,9455.1738,3294267.0
2018-11-14,31.12,9507.1086,4106294.0
2018-11-15,31.38,9586.5381,5458592.0
2018-11-16,31.29,9559.0433,4179690.0
2018-11-19,30.78,9403.2391,3709267.0
2018-11-20,30.65,9363.5243,4727082.0
2018-11-21,30.8,9409.3491,4264071.0
2018-11-23,30.85,9424.624,1010278.0
2018-11-26,31.32,9568.2082,5832832.0
2018-11-27,31.04,9482.6687,3862385.0
2018-11-28,31.95,9760.6722,5015108.0
2018-11-29,31.28,9555.9883,4349367.0
2018-11-30,31.69,9681.2426,2765533.0
2018-12-03,32.53,9937.8612,4905449.0
2018-12-04,30.68,9372.6893,4295974.0
2018-12-06,30.49,9314.6446,5368084.0
2018-12-07,30.13,9204.6652,4474499.0
2018-12-10,29.94,9146.6205,4137609.0
2018-12-11,29.33,8960.2665,3907440.0
2018-12-12,29.62,9048.861,2880881.0
2018-12-13,29.53,9021.3662,3595735.0
2018-12-14,29.54,9024.4212,3373706.0
2018-12-17,28.89,8825.8472,3506316.0
2018-12-18,28.89,8825.8472,4011588.0
2018-12-19,29.23,8929.7167,6521984.0
2018-12-20,28.98,8853.3421,7410572.0
2018-12-21,28.5,8706.7029,6854113.0
2018-12-24,27.54,8413.4245,1927869.0
2018-12-26,28.57,8728.0878,3155119.0
2018-12-27,29.15,8905.2768,3269603.0
2018-12-28,28.9,8828.9022,3147772.0
2018-12-31,29.24,8932.7717,2639901.0
2019-01-02,29.55,9027.4762,2885309.0
2019-01-03,29.07,8880.8369,3889915.0
2019-01-04,30.74,9391.0192,4503589.0
2019-01-07,31.6,9653.7478,4663636.0
2019-01-08,31.89,9742.3423,5182011.0
2019-01-09,32.74,10002.0159,4954442.0
2019-01-10,32.81,10023.4008,4824094.0
2019-01-11,32.56,9947.0262,2641001.0
2019-01-14,32.44,9910.3664,3099201.0
2019-01-15,31.45,9607.923,6602438.0
2019-01-16,30.77,9400.1841,5817365.0
2019-01-17,31.61,9656.8027,3929155.0
2019-01-18,32.22,9843.1567,5562012.0
2019-01-22,30.99,9467.3938,5134023.0
2019-01-23,30.94,9452.1189,3285771.0
2019-01-24,31.47,9614.033,3476614.0
2019-01-25,31.62,9659.8577,2561698.0
2019-01-28,32.11,9809.5519,3887747.0
2019-01-29,32.23,9846.2117,3854132.0
2019-01-30,32.18,9830.9368,3189230.0
2019-01-31,32.41,9901.2014,5095299.0
2019-02-01,33.04,10093.6654,5508376.0
2019-02-04,33.38,10197.5348,2428215.0
2019-02-05,33.19,10139.4901,3238674.0
2019-02-06,33.25,10157.82,5069027.0
2019-02-07,35.52,10460.3736,8549732.0
2019-02-08,35.9,10572.2808,7792045.0
2019-02-11,36.23,10669.4633,4654060.0
2019-02-12,36.78,10831.4342,5192125.0
2019-02-13,37.18,10949.2312,3446843.0
2019-02-14,37.25,10969.8456,2805312.0
2019-02-15,37.46,11031.6891,2673000.0
2019-02-19,37.91,11164.2107,3538887.0
2019-02-20,37.57,11064.0832,3524196.0
2019-02-21,37.72,11108.2571,4813593.0
2019-02-22,37.81,11134.7614,2362857.0
2019-02-25,37.89,11158.3208,3830140.0
2019-02-26,37.76,11120.0368,3887985.0
2019-02-27,37.89,11158.3208,2723269.0
2019-02-28,37.56,11061.1383,3908985.0
2019-03-01,40.0,11779.7,8968068.0
2019-03-04,39.96,11767.9203,5591921.0
2019-03-05,39.56,11650.1233,3912953.0
2019-03-06,39.35,11588.2799,3743801.0
2019-03-07,38.97,11476.3727,3569945.0
2019-03-08,39.24,11555.8857,2559143.0
2019-03-11,39.34,11585.335,3188078.0
2019-03-12,39.26,11561.7756,2680328.0
2019-03-13,38.96,11473.4278,3646921.0
2019-03-14,38.91,11458.7032,2943517.0
2019-03-15,38.98,11479.3176,4948335.0
2019-03-18,39.15,11529.3814,4508158.0
2019-03-19,38.96,11473.4278,2510457.0
2019-03-20,38.56,11355.6308,3791858.0
2019-03-21,39.11,11517.6017,2629404.0
2019-03-22,38.25,11264.3381,3302505.0
2019-03-25,38.72,11402.7496,2245738.0
2019-03-26,38.81,11429.2539,4321557.0
2019-03-27,38.58,11361.5207,2784969.0
2019-03-28,39.12,11520.5466,2172110.0
2019-03-29,39.31,11576.5002,3156046.0
2019-04-01,39.31,11568.6992,3446940.0
2019-04-02,39.58,11648.1586,3856108.0
2019-04-03,39.59,11651.1016,2995504.0
2019-04-04,40.12,11807.0774,1979918.0
2019-04-05,40.75,11992.4827,3161885.0
2019-04-08,40.85,12021.9121,1827443.0
2019-04-09,40.25,11845.3356,1575030.0
2019-04-10,40.41,11892.4227,2105449.0
2019-04-11,40.31,11862.9933,2579568.0
2019-04-12,40.46,11907.1374,2186832.0
2019-04-15,40.53,11927.738,2298913.0
2019-04-16,40.47,11910.0803,2963120.0
2019-04-17,39.99,11768.8192,3123166.0
2019-04-18,40.04,11783.5339,4037463.0
2019-04-22,39.7,11683.4739,3053710.0
2019-04-23,39.99,11768.8192,4901845.0
2019-04-24,39.99,11768.8192,3705511.0
2019-04-25,37.5,11008.0828,9167083.0
2019-04-26,38.48,11295.7607,7555206.0
2019-04-29,39.33,11545.2772,5240062.0
2019-04-30,39.06,11466.019,3938889.0
2019-05-01,39.31,11539.4062,3600246.0
2019-05-02,39.74,11665.6323,2992505.0
2019-05-03,40.44,11871.1165,2493978.0
2019-05-06,40.09,11768.3744,3441764.0
2019-05-07,38.89,11416.1157,4402531.0
2019-05-08,38.28,11237.0509,4606352.0
2019-05-09,37.83,11104.9539,6389894.0
2019-05-10,37.94,11137.2443,4946652.0
2019-05-13,36.99,10858.3728,4453543.0
2019-05-14,37.35,10964.0504,3219943.0
2019-05-15,37.86,11113.7604,4725409.0
2019-05-16,38.16,11201.825,3416978.0
2019-05-17,37.55,11022.7602,2757221.0
2019-05-20,37.67,11057.9861,2441571.0
2019-05-21,38.07,11175.4056,2447355.0
2019-05-22,37.93,11134.3088,1989938.0
2019-05-23,36.9,10831.9535,4724416.0
2019-05-24,37.28,10943.502,2341255.0
2019-05-28,36.47,10705.7274,2597314.0
2019-05-29,35.92,10544.2756,3603037.0
2019-05-30,35.84,10520.7916,2558772.0
2019-05-31,34.92,10250.7267,2733408.0
2019-06-03,35.6,10450.3399,3283693.0
2019-06-04,37.19,10917.0826,3381111.0
2019-06-05,37.22,10925.8891,2277686.0
2019-06-06,37.43,10987.5344,1677027.0
2019-06-07,37.96,11143.1153,2391820.0
2019-06-10,37.88,11119.6313,2095527.0
2019-06-11,37.94,11137.2443,2305049.0
2019-06-12,38.17,11204.7605,1718422.0
2019-06-13,39.04,11460.148,3460128.0
2019-06-14,38.29,11239.9864,3487536.0
2019-06-17,37.94,11137.2443,2812441.0
2019-06-18,37.85,11110.8249,5508926.0
2019-06-19,37.56,11025.6957,2929514.0
2019-06-20,38.66,11348.5995,3468208.0
2019-06-21,38.1,11184.2121,3552055.0
2019-06-24,38.85,11404.3738,3341773.0
2019-06-25,38.4,11272.2768,2989862.0
2019-06-26,38.89,11416.1157,3164388.0
2019-06-27,39.0,11448.4061,2184613.0
2019-06-28,39.24,11518.8578,6766330.0
2019-07-01,39.57,11615.7289,2817244.0
2019-07-02,39.69,11650.9548,2374817.0
2019-07-03,39.79,11680.3097,2206589.0
2019-07-05,39.84,11694.9871,1481562.0
2019-07-08,39.54,11606.9225,1743610.0
2019-07-09,39.29,11533.5353,2103608.0
2019-07-10,38.4,11272.2768,2925580.0
2019-07-11,38.12,11190.0831,3453230.0
2019-07-12,38.75,11375.0189,3103922.0
2019-07-15,38.94,11430.7932,2039162.0
2019-07-16,39.4,11565.8256,2821522.0
2019-07-17,38.63,11339.793,2158394.0
2019-07-18,38.21,11216.5025,4152578.0
2019-07-19,37.85,11110.8249,3168880.0
2019-07-22,37.57,11028.6312,3464434.0
2019-07-23,38.6,11330.9865,2636118.0
2019-07-24,39.2,11507.1159,5097274.0
2019-07-25,42.38,12267.1455,7123096.0
2019-07-26,41.5,12012.4242,3616385.0
2019-07-29,40.78,11804.0159,2204204.0
2019-07-30,41.56,12029.7916,2380687.0
2019-07-31,40.77,11801.1214,2676120.0
2019-08-01,39.16,11335.0972,4284444.0
2019-08-02,39.97,11569.5566,3474697.0
2019-08-05,38.7,11201.9474,3587679.0
2019-08-06,39.51,11436.4068,2400587.0
2019-08-07,39.15,11332.2026,3607961.0
2019-08-08,39.83,11529.0327,2696156.0
2019-08-09,39.16,11335.0972,1893936.0
2019-08-12,38.85,11245.3658,1464777.0
2019-08-13,39.17,11337.9918,1799779.0
2019-08-14,37.92,10976.1717,2254375.0
2019-08-15,38.0,10999.3282,1534722.0
2019-08-16,38.46,11132.478,1920302.0
2019-08-19,38.82,11236.6822,2080176.0
2019-08-20,39.64,11474.0361,4027158.0
2019-08-21,40.92,11844.5398,5138432.0
2019-08-22,40.56,11740.3356,2934347.0
2019-08-23,38.66,11190.3692,2705090.0
2019-08-26,39.41,11407.4612,2103229.0
2019-08-27,39.34,11387.1993,3099898.0
2019-08-28,40.02,11584.0294,2442877.0
2019-08-29,41.08,11890.8527,2439512.0
2019-08-30,40.73,11789.5431,2077410.0
2019-09-03,39.84,11531.9273,2517607.0
2019-09-04,40.66,11769.2812,2492483.0
2019-09-05,41.26,11942.9548,2368271.0
2019-09-06,41.75,12084.7883,2769852.0
2019-09-09,42.06,12174.5196,2232266.0
2019-09-10,42.37,12264.251,2861737.0
2019-09-11,43.1,12475.5539,2998982.0
2019-09-12,43.19,12501.6049,3018964.0
2019-09-13,43.2,12504.4995,2114383.0
2019-09-16,42.72,12365.5606,2847694.0
2019-09-17,41.29,11951.6385,6992495.0
2019-09-18,41.48,12006.6351,4438382.0
2019-09-19,41.05,11882.169,3917414.0
2019-09-20,40.63,11760.5975,3525291.0
2019-09-23,40.51,11725.8628,2644259.0
2019-09-24,40.24,11647.7097,3025539.0
2019-09-25,40.69,11777.9649,4422623.0
2019-09-26,41.46,12000.846,2816192.0
2019-09-27,41.68,12064.5263,2687209.0
2019-09-30,41.68,12064.5263,2078198.0
2019-10-01,42.02,12162.9414,3892024.0
2019-10-02,40.91,11841.6452,3474300.0
2019-10-03,41.48,12006.6351,3238750.0
2019-10-04,42.51,12304.7748,2107201.0
2019-10-07,42.31,12246.8836,3002915.0
2019-10-08,41.46,12000.846,2404037.0
2019-10-09,41.99,12154.2577,1857558.0
2019-10-10,41.85,12113.7339,2838482.0
2019-10-11,42.82,12394.5062,2887527.0
2019-10-14,42.51,12304.7748,1636876.0
2019-10-15,43.12,12481.343,2109154.0
2019-10-16,43.68,12643.4383,3373063.0
2019-10-17,43.64,12631.8601,2032778.0
2019-10-18,43.85,12692.6459,2005282.0
2019-10-21,44.12,12770.799,2234790.0
2019-10-22,44.27,12814.2174,2250124.0
2019-10-23,44.01,12738.9588,1905729.0
2019-10-24,44.17,12785.2718,1894342.0
2019-10-25,44.62,12915.527,1838279.0
2019-10-28,44.56,12898.1596,3483896.0
2019-10-29,44.65,12924.2107,4539458.0
2019-10-30,46.22,13222.3098,5094454.0
2019-10-31,46.25,13230.892,3245279.0
2019-11-01,46.66,13348.1821,2213602.0
2019-11-04,46.17,13208.0062,3221102.0
2019-11-05,46.56,13319.5748,3362399.0
2019-11-06,46.11,13190.8418,2719225.0
2019-11-07,46.23,13225.1706,1669730.0
2019-11-08,46.3,13245.1957,1230474.0
2019-11-11,46.15,13202.2847,985586.0
2019-11-12,46.64,13342.4606,2272840.0
2019-11-13,46.67,13351.0428,1773711.0
2019-11-14,46.08,13182.2596,2037548.0
2019-11-15,45.63,13053.5265,3768927.0
2019-11-18,45.71,13076.4124,2508650.0
2019-11-19,45.61,13047.8051,2686413.0
2019-11-20,45.76,13090.7161,2456259.0
2019-11-21,46.12,13193.7025,2430241.0
2019-11-22,46.06,13176.5381,1666521.0
2019-11-25,46.42,13279.5245,1720535.0
2019-11-26,47.12,13479.7758,3667766.0
2019-11-27,47.13,13482.6366,1729941.0
2019-11-29,46.55,13316.714,826697.0
2019-12-02,45.86,13119.3234,2369529.0
2019-12-03,45.1,12901.9077,3141887.0
2019-12-04,45.57,13036.3621,2500393.0
2019-12-05,46.01,13162.2344,1966763.0
2019-12-06,46.36,13262.3601,2365817.0
2019-12-09,45.98,13153.6522,2029834.0
2019-12-10,45.84,13113.602,2267890.0
2019-12-11,46.42,13279.5245,2708572.0
2019-12-12,47.42,13565.5978,3500628.0
2019-12-13,47.01,13448.3078,3842341.0
2019-12-16,47.1,13474.0544,2612244.0
2019-12-17,47.45,13574.18,2225505.0
2019-12-18,47.54,13599.9266,2985071.0
2019-12-19,47.17,13494.0795,2937014.0
2019-12-20,47.87,13694.3308,4562535.0
2019-12-23,47.82,13680.0272,1543009.0
2019-12-24,47.99,13728.6596,475289.0
2019-12-26,48.17,13780.1528,1058288.0
2019-12-27,48.13,13768.7099,948907.0
2019-12-30,48.09,13757.267,1493774.0
2019-12-31,47.99,13728.6596,2128343.0
2020-01-02,48.27,13808.7602,2145612.0
2020-01-03,47.9,13702.913,2127757.0
2020-01-06,47.53,13597.0659,3314542.0
2020-01-07,47.08,13468.3329,2025872.0
2020-01-08,47.46,13577.0408,2549060.0
2020-01-09,47.42,13565.5978,1598514.0
2020-01-10,47.28,13525.5476,1934838.0
2020-01-13,47.76,13662.8628,2597326.0
2020-01-14,47.56,13605.6481,1997327.0
2020-01-15,48.01,13734.3811,2700291.0
2020-01-16,48.9,13988.9864,3335923.0
2020-01-17,49.09,14043.3403,2353277.0
2020-01-21,49.32,14109.1372,2312011.0
2020-01-22,49.29,14100.555,2017977.0
2020-01-23,49.41,14134.8838,2405619.0
2020-01-24,48.55,13888.8607,2834957.0
2020-01-27,47.96,13720.0774,2189354.0
2020-01-28,48.73,13940.3539,1767625.0
2020-01-29,48.0,13731.5204,1685076.0
2020-01-30,48.69,13928.911,1978421.0
2020-01-31,47.52,13594.2052,2796533.0
2020-02-03,48.2,13788.735,1872019.0
2020-02-04,49.09,14043.3403,1615970.0
2020-02-05,49.9,14275.0597,2087584.0
2020-02-06,49.53,14169.2126,2092654.0
2020-02-07,48.81,13963.2398,2470423.0
2020-02-10,49.65,14203.5414,3332802.0
2020-02-11,47.53,13200.7493,8008200.0
2020-02-12,47.06,13070.2138,2739695.0
2020-02-13,46.49,12911.9048,5014411.0
2020-02-14,45.61,12667.4979,4298575.0
2020-02-18,45.55,12650.8338,2354852.0
2020-02-19,45.03,12506.4116,1594754.0
2020-02-20,45.4,12609.1735,2093611.0
2020-02-21,45.18,12548.0718,2480175.0
2020-02-24,45.1,12525.853,4675580.0
2020-02-25,44.3,12303.6649,5313618.0
2020-02-26,44.33,12311.997,5367975.0
2020-02-27,43.1,11970.3828,4975711.0
2020-02-28,41.32,11476.0143,6457446.0
2020-03-02,43.35,12039.8166,4842986.0
2020-03-03,43.17,11989.8243,5081916.0
2020-03-04,45.19,12550.8492,2996940.0
2020-03-05,43.94,12203.6803,3824210.0
2020-03-06,42.1,11692.6477,4037459.0
2020-03-09,39.04,10842.7783,4787356.0
2020-03-10,40.82,11337.1468,4067511.0
2020-03-11,39.53,10978.8685,5334186.0
2020-03-12,37.38,10381.738,7414355.0
2020-03-13,39.79,11051.0796,6812127.0
2020-03-16,35.14,9759.6114,5932091.0
2020-03-17,36.39,10106.7803,5464818.0
2020-03-18,33.61,9334.6767,4571245.0
2020-03-19,32.58,9048.6096,3639091.0
2020-03-20,29.47,8184.8534,5973384.0
2020-03-23,27.53,7646.0473,6273868.0
2020-03-24,31.62,8781.9839,5726101.0
2020-03-25,34.12,9476.3216,5396996.0
2020-03-26,35.7,9915.1431,5241770.0
2020-03-27,34.65,9623.5212,6443592.0
2020-03-30,35.27,9795.717,3976578.0
2020-03-31,34.57,9118.0232,5034878.0
2020-04-01,33.2,8756.6784,4561580.0
2020-04-02,33.01,8706.5649,4024800.0
2020-04-03,32.41,8548.3116,4647758.0
2020-04-06,35.38,9331.6651,5637770.0
2020-04-07,37.41,9867.0885,5582675.0
2020-04-08,39.54,10428.8874,4781745.0
2020-04-09,40.37,10647.8044,3166091.0
2020-04-13,39.41,10394.5992,3311031.0
2020-04-14,39.71,10473.7259,3648990.0
2020-04-15,38.23,10083.3679,3293408.0
2020-04-16,39.09,10310.1975,4543551.0
2020-04-17,39.99,10547.5774,4563728.0
2020-04-20,39.05,10299.6473,3190237.0
2020-04-21,38.46,10144.0316,3064139.0
2020-04-22,39.25,10352.3984,3163859.0
2020-04-23,39.68,10465.8132,2995161.0
2020-04-24,40.05,10563.4027,3715641.0
2020-04-27,41.53,10953.7606,2747476.0
2020-04-28,41.72,11003.8742,4198374.0
2020-04-29,41.5,10945.848,5899844.0
2020-04-30,41.04,10824.5205,4245556.0
2020-05-01,40.04,10560.7651,3075890.0
2020-05-04,39.84,10508.0141,3467240.0
2020-05-05,40.82,10766.4943,4067569.0
2020-05-06,41.29,10890.4594,3098042.0
2020-05-07,41.55,10959.0357,2775964.0
2020-05-08,42.14,11114.6514,3792203.0
2020-05-11,41.54,10956.3982,2398100.0
2020-05-12,40.15,10589.7782,2546162.0
2020-05-13,39.86,10513.2892,3383522.0
2020-05-14,41.39,10916.8349,3682589.0
2020-05-15,42.72,11267.6295,3177631.0
2020-05-18,44.43,11718.6512,5549077.0
2020-05-19,45.16,11911.1926,3446501.0
2020-05-20,45.92,12111.6467,3652260.0
2020-05-21,44.94,11853.1665,3347695.0
2020-05-22,44.82,11821.5158,2935074.0
2020-05-26,46.79,12341.1139,3912800.0
2020-05-27,47.07,12414.9654,4110318.0
2020-05-28,46.83,12351.6641,2353297.0
2020-05-29,46.65,12304.1882,3857013.0
2020-06-01,46.7,12317.3759,2194591.0
2020-06-02,47.5,12528.3802,2973018.0
2020-06-03,48.56,12807.9609,2594824.0
2020-06-04,47.8,12607.5068,3240243.0
2020-06-05,48.63,12826.4238,4219030.0
2020-06-08,48.31,12742.0221,2921477.0
2020-06-09,47.84,12618.057,2448307.0
2020-06-10,47.76,12596.9566,2522843.0
2020-06-11,45.53,12008.7821,3340408.0
2020-06-12,45.79,12077.3585,2863574.0
2020-06-15,47.03,12404.4152,2850778.0
2020-06-16,48.33,12747.2972,3151043.0
2020-06-17,48.38,12760.4849,3485129.0
2020-06-18,48.26,12728.8343,2951721.0
2020-06-19,48.49,12789.498,7482356.0
2020-06-22,49.21,12979.4019,3887539.0
2020-06-23,49.1,12950.3888,3314431.0
2020-06-24,47.73,12589.044,2572639.0
2020-06-25,48.7,12844.8867,3286420.0
2020-06-26,48.3,12739.3845,4512308.0
2020-06-29,48.88,12892.3626,2481384.0
2020-06-30,50.21,13243.1573,3501283.0
2020-07-01,49.65,13095.4543,2276340.0
2020-07-02,50.14,13224.6944,2163106.0
2020-07-06,50.34,13277.4455,2511411.0
2020-07-07,50.02,13193.0438,2116796.0
2020-07-08,50.19,13237.8822,2176262.0
2020-07-09,49.69,13106.0045,1848533.0
2020-07-10,49.8,13135.0176,1674334.0
2020-07-13,49.95,13174.5809,2411508.0
2020-07-14,51.03,13459.4367,3162296.0
2020-07-15,51.53,13591.3144,2431667.0
2020-07-16,52.34,13804.9562,1838479.0
2020-07-17,53.31,14060.7989,2402779.0
2020-07-20,53.42,14089.812,2167201.0
2020-07-21,53.9,14216.4146,1651919.0
2020-07-22,55.15,14546.1088,1744830.0
2020-07-23,54.3,14321.9168,2341883.0
2020-07-24,54.1,14269.1657,1806552.0
2020-07-27,55.89,14741.2878,2190669.0
2020-07-28,54.48,14369.3927,2514781.0
2020-07-29,56.34,14859.9777,2158025.0
2020-07-30,57.03,14915.1728,2714261.0
2020-07-31,57.16,14949.1719,2861036.0
2020-08-03,57.72,15095.6299,1703578.0
2020-08-04,57.26,14975.3251,2006621.0
2020-08-05,57.09,14930.8647,2177580.0
2020-08-06,57.43,15019.7856,1407822.0
2020-08-07,58.17,15213.3193,1702244.0
2020-08-10,58.33,15255.1644,1665891.0
2020-08-11,57.17,14951.7872,2659441.0
2020-08-12,58.21,15223.7806,1558033.0
2020-08-13,58.22,15226.3959,1630622.0
2020-08-14,57.96,15158.3976,957907.0
2020-08-17,59.19,15480.082,1265670.0
2020-08-18,58.9,15404.2377,1896086.0
2020-08-19,58.5,15299.6249,1070486.0
2020-08-20,58.0,15168.8588,902074.0
2020-08-21,58.7,15351.9313,1094375.0
2020-08-24,59.07,15448.6981,961708.0
2020-08-25,59.34,15519.3118,1510387.0
2020-08-26,59.1,15456.5441,1280588.0
2020-08-27,58.4,15273.4717,1198723.0
2020-08-28,58.54,15310.0861,1634956.0
2020-08-31,58.3,15247.3185,1800761.0
2020-09-01,59.36,15524.5424,1417012.0
2020-09-02,59.83,15647.4625,1568882.0
2020-09-03,57.16,14949.1719,1757600.0
2020-09-04,56.42,14755.6382,1510817.0
2020-09-08,56.0,14645.7947,1659858.0
2020-09-09,57.95,15155.7822,1670483.0
2020-09-10,57.69,15087.7839,1657563.0
2020-09-11,58.54,15310.0861,1595344.0
2020-09-14,59.4,15535.0037,1820951.0
2020-09-15,59.15,15469.6207,1850755.0
2020-09-16,59.07,15448.6981,2174621.0
2020-09-17,57.55,15051.1694,2748964.0
2020-09-18,57.69,15087.7839,3340972.0
2020-09-21,55.89,14617.0262,2164237.0
2020-09-22,56.58,14797.4833,2451019.0
2020-09-23,54.28,14195.9596,2318618.0
2020-09-24,54.49,14250.8814,3164887.0
2020-09-25,54.99,14381.6474,1874748.0
2020-09-28,56.72,14834.0978,2438999.0
2020-09-29,56.12,14677.1786,1457279.0
2020-09-30,55.13,14418.2619,4448674.0
2020-10-01,55.14,14420.8772,2476326.0
2020-10-02,55.29,14460.107,1404094.0
2020-10-05,56.07,14664.102,1407990.0
2020-10-06,54.35,14214.2669,2046424.0
2020-10-07,55.89,14617.0262,1716022.0
2020-10-08,57.34,14996.2477,1745547.0
2020-10-09,57.47,15030.2469,1811943.0
2020-10-12,57.68,15085.1686,2278004.0
2020-10-13,56.71,14831.4825,1786948.0
2020-10-14,56.88,14875.9429,1078929.0
2020-10-15,57.45,15025.0162,959713.0
2020-10-16,57.46,15027.6315,1268684.0
2020-10-19,55.87,14611.7956,1150148.0
2020-10-20,56.18,14692.8705,1444036.0
2020-10-21,56.11,14674.5633,1389827.0
2020-10-22,55.44,14499.3368,1403414.0
2020-10-23,54.76,14321.495,2142200.0
2020-10-26,53.95,14109.654,1929314.0
2020-10-27,53.57,14010.2719,2629647.0
2020-10-28,53.77,14070.3127,3158633.0
2020-10-29,53.97,14122.6478,1997969.0
2020-10-30,53.6,14025.8278,2374733.0
2020-11-02,54.74,14324.1383,1802494.0
2020-11-03,55.96,14643.3829,1355198.0
2020-11-04,57.32,14999.2621,1672937.0
2020-11-05,57.67,15090.8486,1384482.0
2020-11-06,58.07,15195.519,2002795.0
2020-11-09,53.74,14062.4624,3089416.0
2020-11-10,53.57,14017.9775,3255948.0
2020-11-11,54.65,14300.5874,2446006.0
2020-11-12,54.08,14151.4322,1609338.0
2020-11-13,55.15,14431.4254,1331802.0
2020-11-16,55.29,14468.06,1783913.0
2020-11-17,55.72,14580.5806,1656059.0
2020-11-18,55.03,14400.0243,1696137.0
2020-11-19,55.24,14454.9762,984969.0
2020-11-20,54.6,14287.5036,1638571.0
2020-11-23,55.2,14444.5092,1488788.0
2020-11-24,54.63,14295.3539,2254032.0
2020-11-25,54.16,14172.3663,1374417.0
2020-11-27,54.24,14193.3003,763245.0
2020-11-30,53.67,14044.1451,2379890.0
2020-12-01,53.83,14086.0132,2808276.0
2020-12-02,51.82,13560.0447,2878435.0
2020-12-03,52.06,13622.8469,1808103.0
2020-12-04,51.59,13499.8592,2174971.0
2020-12-07,52.63,13772.0021,2493395.0
2020-12-08,52.13,13641.1642,1983023.0
2020-12-09,54.05,14143.5819,3145920.0
2020-12-10,54.46,14250.869,3085516.0
2020-12-11,54.35,14222.0847,3289132.0
2020-12-14,55.06,14407.8746,2966311.0
2020-12-15,54.75,14326.755,2147479.0
2020-12-16,54.51,14263.9528,2478571.0
2020-12-17,55.28,14465.4433,1593579.0
2020-12-18,55.59,14546.5628,3934287.0
2020-12-21,55.77,14593.6644,2062001.0
2020-12-22,56.63,14818.7057,2295932.0
2020-12-23,56.23,14714.0354,1609470.0
2020-12-24,56.79,14860.5738,674605.0
2020-12-28,55.39,14494.2276,1524833.0
2020-12-29,54.65,14300.5874,1296326.0
2020-12-30,54.77,14331.9886,791535.0
2020-12-31,54.93,14373.8567,1157934.0
2021-01-04,53.68,14046.7618,3107319.0
2021-01-05,52.89,13840.0379,2224331.0
2021-01-06,55.2,14444.5092,5647048.0
2021-01-07,55.04,14402.641,1873217.0
2021-01-08,54.16,14172.3663,1743226.0
2021-01-11,55.85,14614.5985,3093796.0
2021-01-12,56.52,14789.9214,1577905.0
2021-01-13,56.06,14669.5504,1747228.0
2021-01-14,56.61,14813.4722,2042915.0
2021-01-15,56.09,14677.4007,2152331.0
2021-01-19,56.4,14758.5203,1680753.0
2021-01-20,58.43,15289.7223,2264625.0
2021-01-21,58.02,15182.4352,1960021.0
2021-01-22,57.52,15051.5973,1713142.0
2021-01-25,57.62,15077.7648,2110445.0
2021-01-26,55.28,14465.4433,2317486.0
2021-01-27,54.36,14224.7014,2282197.0
2021-01-28,55.02,14397.4075,2721204.0
2021-01-29,54.31,14211.6176,2291778.0
2021-02-01,55.08,14413.1081,1696373.0
2021-02-02,55.37,14488.9941,1464828.0
2021-02-03,55.48,14517.7784,1232409.0
2021-02-04,55.92,14632.9158,1487686.0
2021-02-05,56.42,14763.7538,1546686.0
2021-02-08,57.33,15001.8788,1911467.0
2021-02-09,56.29,14729.7359,3083713.0
2021-02-10,55.28,14214.829,3546082.0
2021-02-11,55.01,14145.4006,2320129.0
2021-02-12,54.95,14129.972,1917341.0
2021-02-16,53.48,13751.9728,2144667.0
2021-02-17,54.22,13942.2581,2186953.0
2021-02-18,53.95,13872.8297,1218780.0
2021-02-19,54.6,14039.9722,2501292.0
2021-02-22,54.36,13978.258,1504318.0
2021-02-23,53.73,13816.2584,2416590.0
2021-02-24,53.81,13836.8297,1893069.0
2021-02-25,52.93,13610.5445,1709337.0
2021-02-26,53.22,13685.1158,2145559.0
2021-03-01,54.48,14009.1151,1675843.0
2021-03-02,53.99,13883.1154,1845078.0
2021-03-03,53.22,13685.1158,1822917.0
2021-03-04,52.84,13587.4017,2933957.0
2021-03-05,54.29,13960.2581,2063365.0
2021-03-08,54.85,14104.2578,1691664.0
2021-03-09,55.36,14235.4004,2121663.0
2021-03-10,56.83,14613.3996,2554511.0
2021-03-11,57.05,14669.971,1384571.0
2021-03-12,56.84,14615.9711,1628727.0
2021-03-15,57.48,14780.5422,3087756.0
2021-03-16,56.94,14641.6853,2022866.0
2021-03-17,57.02,14662.2567,1731375.0
2021-03-18,57.1,14682.8281,1566057.0
2021-03-19,57.32,14739.3994,3300861.0
2021-03-22,57.79,14860.2563,1706734.0
2021-03-23,56.88,14626.2568,1684656.0
2021-03-24,57.3,14734.2565,1320078.0
2021-03-25,58.03,14921.9705,1498411.0
2021-03-26,60.05,15441.398,1728475.0
2021-03-29,60.13,15461.9694,1735552.0
2021-03-30,60.01,15431.1123,1921539.0
2021-03-31,59.9,15402.8266,1707249.0
2021-04-01,60.99,15485.6012,1879325.0
2021-04-05,61.8,15691.2634,1224435.0
2021-04-06,62.43,15851.2228,2581699.0
2021-04-07,61.1,15513.5306,2362527.0
2021-04-08,61.52,15620.1703,2103942.0
2021-04-09,62.98,15990.87,1301931.0
2021-04-12,63.19,16044.1898,1542593.0
2021-04-13,62.79,15942.6283,1526286.0
2021-04-14,62.48,15863.918,1396778.0
2021-04-15,63.21,16049.2679,1821386.0
2021-04-16,64.59,16399.6554,3050659.0
2021-04-19,64.55,16389.4992,1397951.0
2021-04-20,63.5,16122.9001,1706538.0
2021-04-21,64.05,16262.5472,973865.0
2021-04-22,64.07,16267.6253,1595685.0
2021-04-23,64.75,16440.28,1644907.0
2021-04-26,63.4,16097.5097,1627604.0
2021-04-27,63.57,16140.6733,1860477.0
2021-04-28,63.99,16239.7567,2401285.0
2021-04-29,64.94,16480.8532,1592378.0
2021-04-30,63.88,16211.8402,1992176.0
2021-05-03,65.14,16531.6104,1262582.0
2021-05-04,65.54,16633.1247,1514443.0
2021-05-05,65.52,16628.049,1100762.0
2021-05-06,66.05,16762.5555,1410487.0
2021-05-07,66.86,16968.1221,1314584.0
2021-05-10,67.11,17031.5685,1913781.0
2021-05-11,64.69,16417.4068,2405024.0
2021-05-12,62.12,15765.1771,3011419.0
2021-05-13,63.77,16183.9238,1658071.0
2021-05-14,64.15,16280.3624,1407878.0
2021-05-17,63.81,16194.0752,2118694.0
2021-05-18,61.65,15645.8978,2359270.0
2021-05-19,61.44,15592.6027,3128918.0
2021-05-20,61.23,15539.3077,1430560.0
2021-05-21,60.67,15397.1876,1721155.0
2021-05-24,60.65,15392.1119,1303492.0
2021-05-25,61.05,15493.6263,1846256.0
2021-05-26,61.15,15519.0048,1285575.0
2021-05-27,60.47,15346.4305,2741166.0
2021-05-28,60.31,15305.8247,1519690.0
2021-06-01,60.62,15384.4983,2023435.0
2021-06-02,59.39,15072.3418,2030672.0
2021-06-03,59.09,14996.206,1788660.0
2021-06-04,59.78,15171.3182,1702284.0
2021-06-07,59.24,15034.2739,1504726.0
2021-06-08,59.18,15019.0467,1576432.0
2021-06-09,58.41,14823.6316,2263704.0
2021-06-10,58.45,14833.783,2356381.0
2021-06-11,58.75,14909.9188,2342957.0
2021-06-14,58.85,14935.2974,3872000.0
2021-06-15,59.45,15087.5689,3143919.0
2021-06-16,58.91,14950.5245,3921234.0
2021-06-17,59.12,15003.8196,3539822.0
2021-06-18,57.86,14684.0494,5785756.0
2021-06-21,58.58,14866.7752,1860096.0
2021-06-22,58.45,14833.783,1824822.0
2021-06-23,57.75,14656.133,1949403.0
2021-06-24,57.6,14618.0651,2536444.0
2021-06-25,57.98,14714.5037,2495526.0
2021-06-28,58.11,14747.4959,1773466.0
2021-06-29,58.14,14755.1094,1758241.0
2021-06-30,58.91,14950.5245,2550666.0
2021-07-01,58.82,14927.6838,2026757.0
2021-07-02,58.73,14904.8431,1448513.0
2021-07-06,57.95,14706.8901,2122629.0
2021-07-07,58.46,14836.3209,3092687.0
2021-07-08,57.51,14595.2243,2367993.0
2021-07-09,58.45,14833.783,1663530.0
2021-07-12,58.66,14887.0781,1669345.0
2021-07-13,58.36,14810.9423,1667521.0
2021-07-14,58.45,14833.783,1897817.0
2021-07-15,58.58,14866.7752,1804407.0
2021-07-16,59.14,15008.8953,1748256.0
2021-07-19,59.08,14993.6681,2642770.0
2021-07-20,59.13,15006.3574,2316764.0
2021-07-21,59.5,15100.2582,1271690.0
2021-07-22,58.95,14960.676,1479389.0
2021-07-23,59.78,15171.3182,1168569.0
2021-07-26,59.32,15054.5767,1516670.0
2021-07-27,59.71,15153.5532,1857231.0
2021-07-28,59.65,15138.3261,2156624.0
2021-07-29,58.66,14498.5791,3354033.0
2021-07-30,59.71,14758.1002,3146728.0
2021-08-02,59.34,14666.6499,1826789.0
2021-08-03,60.33,14911.3413,2391702.0
2021-08-04,59.95,14817.4193,1493206.0
2021-08-05,60.49,14950.8873,1324597.0
2021-08-06,60.43,14936.0576,1653066.0
2021-08-09,59.18,14627.1039,1411328.0
2021-08-10,59.99,14827.3059,2268998.0
2021-08-11,61.95,15311.7452,2491873.0
2021-08-12,62.2,15373.536,1779895.0
2021-08-13,62.6,15472.4012,2129848.0
2021-08-16,62.93,15553.9649,1170569.0
2021-08-17,61.32,15156.0326,1946808.0
2021-08-18,59.91,14807.5328,2316662.0
2021-08-19,59.99,14827.3059,1322160.0
2021-08-20,60.73,15010.2064,1360621.0
2021-08-23,60.86,15042.3376,1262312.0
2021-08-24,61.2,15126.373,951133.0
2021-08-25,61.92,15304.3304,1547572.0
2021-08-26,61.71,15252.4261,1076946.0
2021-08-27,61.99,15321.6318,928744.0
2021-08-30,61.91,15301.8587,1184440.0
2021-08-31,60.72,15007.7348,2422456.0
2021-09-01,61.23,15133.7879,1511093.0
2021-09-02,61.77,15267.2559,885384.0
2021-09-03,61.19,15123.9014,1110051.0
2021-09-07,59.01,14585.0862,1929944.0
2021-09-08,58.18,14379.9409,2705978.0
2021-09-09,59.44,14691.3662,3050637.0
2021-09-10,59.54,14716.0825,1918755.0
2021-09-13,59.86,14795.1747,1924212.0
2021-09-14,58.96,14572.728,2002993.0
2021-09-15,58.47,14451.6182,1769447.0
2021-09-16,58.14,14370.0544,1967891.0
2021-09-17,57.23,14145.1361,4128128.0
2021-09-20,56.81,14041.3276,2172021.0
2021-09-21,56.22,13895.5015,1946004.0
2021-09-22,56.51,13967.1788,1424452.0
2021-09-23,56.67,14006.7248,1842455.0
2021-09-24,56.08,13860.8987,1294050.0
2021-09-27,56.11,13868.3136,1415961.0
2021-09-28,55.05,13606.3208,1602027.0
2021-09-29,55.69,13764.5051,2121884.0
2021-09-30,55.55,13729.9023,6076843.0
2021-10-01,55.88,13811.4661,2979488.0
2021-10-04,55.99,13838.654,2606265.0
2021-10-05,55.87,13808.9945,1908755.0
2021-10-06,56.14,13875.7285,1770440.0
2021-10-07,57.12,14117.9482,1721818.0
2021-10-08,56.87,14056.1574,1505861.0
2021-10-11,56.75,14026.4979,1152116.0
2021-10-12,56.65,14001.7816,1122746.0
2021-10-13,56.81,14041.3276,1206642.0
2021-10-14,58.56,14473.8628,1406359.0
2021-10-15,59.27,14649.3485,1582519.0
2021-10-18,60.1,14854.4938,1873597.0
2021-10-19,59.85,14792.703,1351051.0
2021-10-20,60.6,14978.0753,1268888.0
2021-10-21,61.14,15111.5433,1473616.0
2021-10-22,61.01,15079.4121,2261649.0
2021-10-25,61.51,15202.9935,1913056.0
2021-10-26,61.08,15096.7135,3289941.0
2021-10-27,64.26,15685.0623,4042979.0
2021-10-28,65.5,15987.7308,2062735.0
2021-10-29,65.55,15999.9352,2262430.0
2021-11-01,64.64,15777.8155,1386338.0
2021-11-02,64.09,15643.5674,1715736.0
2021-11-03,64.16,15660.6536,1383767.0
2021-11-04,64.67,15785.1382,1283505.0
2021-11-05,64.17,15663.0944,1721409.0
2021-11-08,64.05,15633.8039,2121611.0
2021-11-09,65.72,16041.43,1176627.0
2021-11-10,64.44,15728.998,1345684.0
2021-11-11,64.58,15763.1703,697772.0
2021-11-12,66.71,16283.0767,1917556.0
2021-11-15,67.24,16412.443,1580318.0
2021-11-16,68.48,16715.1115,2727946.0
2021-11-17,68.09,16619.9174,1567486.0
2021-11-18,67.75,16536.9277,1280545.0
2021-11-19,67.6,16500.3145,1352665.0
2021-11-22,68.28,16666.294,1538515.0
2021-11-23,68.22,16651.6488,1251771.0
2021-11-24,68.38,16690.7028,1016014.0
2021-11-26,67.08,16373.389,856121.0
2021-11-29,67.34,16436.8518,1285214.0
2021-11-30,65.9,16085.3658,3170935.0
2021-12-01,65.67,16029.2257,1402372.0
2021-12-02,67.54,16485.6693,1691260.0
2021-12-03,68.76,16783.456,2775461.0
2021-12-06,68.49,16717.5524,1252792.0
2021-12-07,68.6,16744.402,1454912.0
2021-12-08,68.85,16805.4239,1131327.0
2021-12-09,68.44,16705.348,1033343.0
2021-12-10,68.71,16771.2516,1296540.0
2021-12-13,68.29,16668.7349,2324930.0
2021-12-14,68.14,16632.1218,1552718.0
2021-12-15,69.3,16915.2633,1981887.0
2021-12-16,68.75,16781.0151,2361365.0
2021-12-17,66.47,16224.4957,6380767.0
2021-12-20,64.74,15802.2243,1999416.0
2021-12-21,66.38,16202.5278,1708361.0
2021-12-22,67.45,16463.7014,1614183.0
2021-12-23,68.0,16597.9495,840561.0
2021-12-27,69.22,16895.7363,886411.0
2021-12-28,69.57,16981.1669,632199.0
2021-12-29,70.23,17142.2646,705610.0
2021-12-30,69.68,17008.0165,1041589.0
2021-12-31,70.22,17139.8238,838302.0
2022-01-03,69.42,16944.5538,2827725.0
2022-01-04,70.21,17137.3829,1843923.0
2022-01-05,68.32,16676.0575,3987989.0
2022-01-06,68.65,16756.6064,2386375.0
2022-01-07,67.07,16370.9482,1944833.0
2022-01-10,66.61,16258.6679,2252550.0
2022-01-11,67.48,16471.024,1674127.0
2022-01-12,68.32,16676.0575,2186125.0
2022-01-13,68.14,16632.1218,1914303.0
2022-01-14,67.28,16422.2065,2712040.0
2022-01-18,65.9,16085.3658,2675038.0
2022-01-19,65.59,16009.6987,4209229.0
2022-01-20,65.14,15899.8593,2299185.0
2022-01-21,64.26,15685.0623,2379383.0
2022-01-24,65.0,15865.687,2723451.0
2022-01-25,63.44,15484.9106,1795983.0
2022-01-26,62.34,15216.4143,2360039.0
2022-01-27,61.56,15026.0261,2277777.0
2022-01-28,62.6,15279.8771,2396619.0
2022-01-31,63.33,15458.0609,2813179.0
2022-02-01,63.36,15465.3836,1308382.0
2022-02-02,63.64,15533.7281,2020870.0
2022-02-03,62.63,15287.1997,1604304.0
2022-02-04,61.46,15001.6173,2227978.0
2022-02-07,60.32,14723.3576,4915554.0
2022-02-08,59.15,14191.6381,4026634.0
2022-02-09,60.57,14532.3334,2762557.0
2022-02-10,58.27,13980.503,2687440.0
2022-02-11,57.73,13850.9428,2425345.0
2022-02-14,57.25,13735.7782,1910401.0
2022-02-15,58.03,13922.9207,2470475.0
2022-02-16,58.68,14078.8728,2166190.0
2022-02-17,57.75,13855.7413,1673660.0
2022-02-18,57.56,13810.1554,2174363.0
2022-02-22,55.91,13414.277,2304953.0
2022-02-23,55.08,13215.1382,2241569.0
2022-02-24,55.35,13279.9183,2098082.0
2022-02-25,56.63,13587.0239,1774185.0
2022-02-28,56.04,13445.4674,2938603.0
2022-03-01,54.58,13095.1751,3086964.0
2022-03-02,56.21,13486.2549,2668401.0
2022-03-03,55.74,13373.4896,1909539.0
2022-03-04,54.83,13155.1567,1972645.0
2022-03-07,51.93,12459.3705,1911053.0
2022-03-08,52.48,12591.33,2445033.0
2022-03-09,54.11,12982.4098,3091637.0
2022-03-10,53.85,12920.0289,4177067.0
2022-03-11,53.73,12891.2378,2441595.0
2022-03-14,54.11,12982.4098,1936860.0
2022-03-15,55.65,13351.8962,2840401.0
2022-03-16,56.12,13464.6615,3013566.0
2022-03-17,56.93,13659.0018,1991892.0
2022-03-18,57.4,13771.7672,5318172.0
2022-03-21,55.88,13407.0792,2275020.0
2022-03-22,55.2,13243.9294,2667548.0
2022-03-23,53.36,12802.4651,1813188.0
2022-03-24,52.92,12696.8975,2720261.0
2022-03-25,52.3,12548.1432,3511527.0
2022-03-28,52.91,12514.4865,1788712.0
2022-03-29,54.9,12985.1693,2341979.0
2022-03-30,53.35,12618.5571,1785780.0
2022-03-31,51.0,12062.7256,2527157.0
2022-04-01,51.55,12192.8138,2806585.0
2022-04-04,51.96,12289.7887,1414539.0
2022-04-05,50.78,12010.6903,1995784.0
2022-04-06,50.76,12005.9598,2360554.0
2022-04-07,50.66,11982.3074,2877816.0
2022-04-08,50.67,11984.6727,1968586.0
2022-04-11,50.14,11859.3149,2232825.0
2022-04-12,49.67,11748.1486,1891594.0
2022-04-13,50.45,11932.6374,1563869.0
2022-04-14,49.39,11681.9219,1693498.0
2022-04-18,49.17,11629.8866,1261402.0
2022-04-19,51.02,12067.4561,1760074.0
2022-04-20,51.86,12266.1362,1941297.0
2022-04-21,52.16,12337.0935,1741014.0
2022-04-22,50.93,12046.1689,1849636.0
2022-04-25,52.22,12351.2849,2529135.0
2022-04-26,52.73,12471.9122,4278178.0
2022-04-27,54.9,12953.1302,5787153.0
2022-04-28,55.06,12990.8806,3423302.0
2022-04-29,52.69,12431.7018,2918419.0
2022-05-02,52.92,12485.9681,2717032.0
2022-05-03,53.89,12714.8303,2458562.0
2022-05-04,55.81,13167.836,1986192.0
2022-05-05,54.04,12750.2214,2184490.0
2022-05-06,53.06,12518.9997,1861751.0
2022-05-09,53.76,12684.1581,1935054.0
2022-05-10,53.18,12547.3126,3401375.0
2022-05-11,52.36,12353.8414,2534705.0
2022-05-12,54.56,12872.9104,3155056.0
2022-05-13,55.37,13064.0222,2108066.0
2022-05-16,55.3,13047.5063,2223602.0
2022-05-17,56.21,13262.2121,1925696.0
2022-05-18,54.32,12816.2847,3204585.0
2022-05-19,53.98,12736.065,2647103.0
2022-05-20,54.29,12809.2065,2000216.0
2022-05-23,54.77,12922.4579,2126446.0
2022-05-24,54.55,12870.551,1864651.0
2022-05-25,55.75,13153.6795,1965606.0
2022-05-26,57.11,13474.5585,1537878.0
2022-05-27,57.84,13646.795,1440673.0
2022-05-31,56.69,13375.4635,3010537.0
2022-06-01,55.67,13134.8043,2333154.0
2022-06-02,56.85,13413.214,1958688.0
2022-06-03,56.33,13290.525,1615310.0
2022-06-06,57.0,13448.6051,2458751.0
2022-06-07,57.13,13479.2773,1677069.0
2022-06-08,56.37,13299.9626,1522548.0
2022-06-09,56.7,13377.8229,1392849.0
2022-06-10,54.72,12910.6609,2038513.0
2022-06-13,52.28,12334.9662,3133572.0
2022-06-14,51.21,12082.5099,2517139.0
2022-06-15,50.95,12021.1654,2628667.0
2022-06-16,47.71,11256.7184,3447912.0
2022-06-17,47.62,11235.4838,6118939.0
2022-06-21,47.26,11150.5452,2220284.0
2022-06-22,47.33,11167.061,2191100.0
2022-06-23,49.53,11686.13,2806054.0
2022-06-24,51.8,12221.7148,4187887.0
2022-06-27,51.69,12195.7613,2123589.0
2022-06-28,51.24,12089.5881,2082405.0
2022-06-29,50.45,11903.1952,2310023.0
2022-06-30,50.6,11938.5863,2690351.0
2022-07-01,51.61,12176.8861,2048863.0
2022-07-05,52.66,12424.6236,2776657.0
2022-07-06,52.41,12365.6385,1945490.0
2022-07-07,52.45,12375.0761,1343974.0
2022-07-08,52.56,12401.0295,1320667.0
2022-07-11,52.71,12436.4206,1022751.0
2022-07-12,52.81,12460.0146,1339313.0
2022-07-13,53.18,12547.3126,1662010.0
2022-07-14,53.07,12521.3592,2132305.0
2022-07-15,53.6,12646.4076,1641847.0
2022-07-18,53.06,12518.9997,1250467.0
2022-07-19,54.32,12816.2847,1455528.0
2022-07-20,54.8,12929.5361,1226640.0
2022-07-21,56.3,13283.4468,1628188.0
2022-07-22,56.31,13285.8062,1690372.0
2022-07-25,55.41,13073.4598,1699031.0
2022-07-26,55.11,13002.6776,1524371.0
2022-07-27,53.92,12721.9085,3480206.0
2022-07-28,55.28,12466.727,3504558.0
2022-07-29,55.38,12489.2789,1704901.0
2022-08-01,55.03,12410.3471,1133063.0
2022-08-02,53.23,12004.4117,1387537.0
2022-08-03,52.23,11778.892,1944691.0
2022-08-04,52.89,11927.735,2240126.0
2022-08-05,52.72,11889.3966,1175326.0
2022-08-08,52.98,11948.0317,1369294.0
2022-08-09,51.2,11546.6067,1855226.0
2022-08-10,53.65,12099.1299,1648598.0
2022-08-11,54.76,12349.4567,2479825.0
2022-08-12,55.58,12534.3829,1512276.0
2022-08-15,55.44,12502.8101,973840.0
2022-08-16,56.04,12638.1219,1409161.0
2022-08-17,56.29,12694.5018,2228829.0
2022-08-18,56.29,12694.5018,1255638.0
2022-08-19,55.38,12489.2789,1539133.0
2022-08-22,52.99,11950.2869,1121756.0
2022-08-23,52.36,11808.2096,983010.0
2022-08-24,52.53,11846.5479,697676.0
2022-08-25,53.29,12017.9428,1042083.0
2022-08-26,51.01,11503.758,1244211.0
2022-08-29,50.79,11454.1437,1556554.0
2022-08-30,51.06,11515.034,2199395.0
2022-08-31,50.87,11472.1853,2745592.0
2022-09-01,50.77,11449.6333,1904251.0
2022-09-02,49.86,11244.4104,1746017.0
2022-09-06,49.26,11109.0986,1796306.0
2022-09-07,50.85,11467.6749,1723606.0
2022-09-08,51.18,11542.0964,1338311.0
2022-09-09,52.28,11790.168,1171075.0
2022-09-12,52.7,11884.8862,1348782.0
2022-09-13,49.43,11147.4369,1996946.0
2022-09-14,48.64,10969.2764,1946220.0
2022-09-15,48.99,11048.2083,1697879.0
2022-09-16,48.77,10998.594,5875683.0
2022-09-19,49.4,11140.6714,1433106.0
2022-09-20,48.33,10899.3653,1868832.0
2022-09-21,47.61,10736.9912,1338452.0
2022-09-22,46.6,10509.2163,1364135.0
2022-09-23,46.75,10543.0442,1593268.0
2022-09-26,45.6,10283.6966,2068063.0
2022-09-27,45.89,10349.0973,1796976.0
2022-09-28,48.86,11018.8907,4130493.0
2022-09-29,47.28,10662.5697,2267679.0
2022-09-30,46.69,10529.5131,2564552.0
2022-10-03,48.53,10944.4692,1779395.0
2022-10-04,50.31,11345.8942,2208517.0
2022-10-05,49.91,11255.6864,1018783.0
2022-10-06,50.58,11406.7846,1361598.0
2022-10-07,48.62,10964.766,1957701.0
2022-10-10,48.95,11039.1875,1463741.0
2022-10-11,48.78,11000.8492,1194348.0
2022-10-12,48.42,10919.6621,1227089.0
2022-10-13,48.6,10960.2556,1381692.0
2022-10-14,46.89,10574.617,1325697.0
2022-10-17,47.81,10782.0951,1721576.0
2022-10-18,48.66,10973.7868,1833923.0
2022-10-19,46.35,10452.8364,2122773.0
2022-10-20,44.67,10073.9633,2037017.0
2022-10-21,46.39,10461.8572,1884167.0
2022-10-24,47.08,10617.4657,1472583.0
2022-10-25,48.34,10901.6205,2332686.0
2022-10-26,45.57,10277.3621,3941037.0
2022-10-27,46.02,10378.8502,3506794.0
2022-10-28,47.1,10622.4217,1637040.0
2022-10-31,46.27,10435.2325,2584637.0
2022-11-01,45.66,10297.6598,2237360.0
2022-11-02,44.12,9950.3449,1905263.0
2022-11-03,42.91,9677.4547,3019257.0
2022-11-04,43.55,9821.7933,2613822.0
2022-11-07,44.57,10051.833,1827171.0
2022-11-08,45.54,10270.5963,1600516.0
2022-11-09,45.05,10160.087,2355861.0
2022-11-10,50.18,11317.0514,3467531.0
2022-11-11,51.1,11524.5382,2718369.0
2022-11-14,49.72,11213.308,1757987.0
2022-11-15,50.94,11488.4535,1896729.0
2022-11-16,50.34,11353.1361,1904928.0
2022-11-17,49.07,11066.7141,1209674.0
2022-11-18,49.93,11260.6691,1381295.0
2022-11-21,49.58,11181.7339,1146550.0
2022-11-22,50.26,11335.0937,1228702.0
2022-11-23,50.68,11429.816,855254.0
2022-11-25,50.93,11486.1982,443968.0
2022-11-28,49.78,11226.8397,1194743.0
2022-11-29,49.87,11247.1374,1347748.0
2022-11-30,50.78,11452.3689,3728005.0
2022-12-01,51.76,11673.3874,2064209.0
2022-12-02,50.92,11483.9429,1794855.0
2022-12-05,49.41,11143.394,1536877.0
2022-12-06,48.42,10920.1201,1437252.0
2022-12-07,48.92,11032.8847,1139666.0
2022-12-08,49.65,11197.521,1234315.0
2022-12-09,49.32,11123.0963,987940.0
2022-12-12,49.66,11199.7762,1082559.0
2022-12-13,51.42,11596.7075,2317936.0
2022-12-14,50.14,11308.0302,2255830.0
2022-12-15,48.54,10947.1836,3276035.0
2022-12-16,47.42,10694.591,3750232.0
2022-12-19,46.96,10590.8476,1515921.0
2022-12-20,46.53,10493.8701,2232980.0
2022-12-21,47.12,10626.9323,1427637.0
2022-12-22,46.93,10584.0817,1202567.0
2022-12-23,47.13,10629.1876,777442.0
2022-12-27,47.26,10658.5064,896539.0
2022-12-28,46.14,10405.9137,1335622.0
2022-12-29,47.23,10651.7405,974922.0
2022-12-30,46.67,10525.4442,1233811.0
2023-01-03,47.42,10694.591,1332070.0
2023-01-04,48.73,10990.0342,1196739.0
2023-01-05,48.14,10856.972,1753078.0
2023-01-06,49.66,11199.7762,1391050.0
2023-01-09,50.36,11357.6466,1820561.0
2023-01-10,50.81,11459.1347,1446581.0
2023-01-11,51.69,11657.6004,1431957.0
2023-01-12,51.87,11698.1956,1306327.0
2023-01-13,52.0,11727.5144,1445120.0
2023-01-17,50.93,11486.1982,1656777.0
2023-01-18,50.39,11364.4125,2144235.0
2023-01-19,48.24,10879.5249,2012140.0
2023-01-20,50.14,11308.0302,1797414.0
2023-01-23,51.13,11531.3041,1590295.0
2023-01-24,51.12,11529.0488,1299140.0
2023-01-25,51.32,11574.1546,1060318.0
2023-01-26,50.58,11407.263,2225076.0
2023-01-27,51.04,11511.0064,1007425.0
2023-01-30,50.4,11366.6678,1064173.0
2023-01-31,53.2,11998.1493,1773854.0
2023-02-01,54.35,12257.5078,3233749.0
2023-02-02,56.69,12785.246,2739349.0
2023-02-03,55.39,12492.0581,1946959.0
2023-02-06,54.32,12250.742,1338796.0
2023-02-07,54.51,12293.5925,1648223.0
2023-02-08,54.12,12205.6361,3156837.0
2023-02-09,54.0,12160.9684,4451237.0
2023-02-10,55.06,12399.6837,4489226.0
2023-02-13,56.56,12737.4884,2855963.0
2023-02-14,55.43,12483.0089,1688261.0
2023-02-15,56.17,12649.6592,1526476.0
2023-02-16,55.81,12568.5861,1114235.0
2023-02-17,55.03,12392.9276,1351932.0
2023-02-21,52.83,11897.4808,1984357.0
2023-02-22,53.05,11947.0255,1196562.0
2023-02-23,53.28,11998.8222,1733682.0
2023-02-24,52.48,11818.6597,1543810.0
2023-02-27,52.44,11809.6516,1480892.0
2023-02-28,52.43,11807.3995,1862669.0
2023-03-01,51.61,11622.733,1642004.0
2023-03-02,52.08,11728.5784,1464060.0
2023-03-03,52.9,11913.245,1032916.0
2023-03-06,51.94,11697.05,1834743.0
2023-03-07,51.13,11514.6355,1215181.0
2023-03-08,51.35,11564.1802,2085483.0
2023-03-09,51.05,11496.6192,2351735.0
2023-03-10,50.1,11282.6763,2672159.0
2023-03-13,50.25,11316.4567,2669186.0
2023-03-14,50.67,11411.042,2581436.0
2023-03-15,50.16,11296.1884,2139569.0
2023-03-16,50.44,11359.2453,1583871.0
2023-03-17,49.32,11107.0178,3064059.0
2023-03-20,50.13,11289.4324,1677539.0
2023-03-21,51.3,11552.92,2211970.0
2023-03-22,49.18,11075.4894,2325368.0
2023-03-23,48.4,10899.831,2275098.0
2023-03-24,48.06,10823.2619,1900152.0
2023-03-27,47.75,10753.4489,2099571.0
2023-03-28,48.02,10814.2538,1488402.0
2023-03-29,48.76,10980.9041,1149745.0
2023-03-30,48.43,10906.5871,1141222.0
2023-03-31,49.72,11197.0991,1957879.0
2023-04-03,49.91,11239.8877,1750291.0
2023-04-04,48.54,10931.3594,2179681.0
2023-04-05,47.38,10670.1238,2166700.0
2023-04-06,47.04,10593.5547,1716845.0
2023-04-10,47.51,10699.4002,2652976.0
2023-04-11,48.49,10920.0992,3247029.0
2023-04-12,48.39,10897.5789,1705449.0
2023-04-13,48.77,10983.1561,1448930.0
2023-04-14,48.64,10953.8797,1230510.0
2023-04-17,49.39,11122.782,1321131.0
2023-04-18,50.06,11273.6681,1787011.0
2023-04-19,50.27,11320.9608,2638539.0
2023-04-20,51.0,11485.3591,2880424.0
2023-04-21,50.79,11438.0664,1445254.0
2023-04-24,51.03,11492.1152,1837104.0
2023-04-25,50.24,11314.2047,2639620.0
2023-04-26,50.85,11445.7515,6257360.0
2023-04-27,52.89,11904.9321,2416688.0
2023-04-28,53.51,12044.487,1979687.0
2023-05-01,53.36,12010.7237,1558231.0
2023-05-02,53.33,12003.971,2294295.0
2023-05-03,53.76,12100.7591,1416298.0
2023-05-04,52.73,11868.9179,1615070.0
2023-05-05,53.45,12030.9817,1440126.0
2023-05-08,53.9,12132.2715,1247033.0
2023-05-09,53.76,12100.7591,962529.0
2023-05-10,53.24,11983.7131,993681.0
2023-05-11,52.58,11835.1546,1284577.0
2023-05-12,52.0,11704.6033,1641821.0
2023-05-15,52.37,11787.8861,1163818.0
2023-05-16,51.44,11578.5537,2048856.0
2023-05-17,52.85,11895.9285,1331086.0
2023-05-18,53.6,12064.7449,1181364.0
2023-05-19,52.55,11828.402,1043979.0
2023-05-22,52.05,11715.8577,890859.0
2023-05-23,51.12,11506.5254,1058758.0
2023-05-24,50.28,11317.451,2233660.0
2023-05-25,50.23,11306.1966,2138136.0
2023-05-26,50.77,11427.7444,1175493.0
2023-05-30,49.99,11252.1754,871753.0
2023-05-31,48.32,10876.2775,3193338.0
2023-06-01,49.06,11042.843,1454932.0
2023-06-02,51.47,11585.3064,1804833.0
2023-06-05,50.89,11454.755,1160486.0
2023-06-06,53.05,11940.9463,2378238.0
2023-06-07,54.85,12346.1056,4018805.0
2023-06-08,54.65,12301.0879,2020927.0
2023-06-09,53.96,12145.7768,1652483.0
2023-06-12,55.14,12411.3813,1800331.0
2023-06-13,55.93,12589.2012,1371376.0
2023-06-14,55.29,12445.1445,1793550.0
2023-06-15,56.02,12609.4592,1168072.0
2023-06-16,55.5,12492.4131,3488060.0
2023-06-20,56.01,12607.2083,1846601.0
2023-06-21,56.17,12643.2224,1318370.0
2023-06-22,55.39,12467.6534,1417440.0
2023-06-23,55.26,12438.3919,1625805.0
2023-06-26,55.46,12483.4096,1875991.0
2023-06-27,57.0,12830.0459,2239913.0
2023-06-28,56.79,12782.7773,2088435.0
2023-06-29,57.34,12906.576,1441622.0
2023-06-30,57.38,12915.5796,2098965.0
2023-07-03,56.85,12796.2826,909592.0
2023-07-05,56.15,12638.7207,1960082.0
2023-07-06,55.2,12424.8866,1860382.0
2023-07-07,55.21,12427.1375,2348717.0
2023-07-10,56.85,12796.2826,1686359.0
2023-07-11,57.77,13003.3641,1965355.0
2023-07-12,59.01,13282.4739,2439729.0
2023-07-13,60.06,13518.8168,2071655.0
2023-07-14,59.98,13500.8097,1722813.0
2023-07-17,60.47,13611.1031,1410497.0
2023-07-18,60.78,13680.8805,1546517.0
2023-07-19,60.57,13633.612,1439348.0
2023-07-20,59.72,13442.2867,1699176.0
2023-07-21,59.24,13334.2442,1799568.0
2023-07-24,59.38,13365.7566,2209055.0
2023-07-25,60.56,13631.3611,2480022.0
2023-07-26,61.61,13867.704,3187670.0
2023-07-27,62.01,13947.6642,4783693.0
2023-07-28,61.25,13776.7204,2189933.0
2023-07-31,60.68,13648.5126,1891683.0
2023-08-01,61.45,13821.7056,1153093.0
2023-08-02,60.54,13617.0229,1553773.0
2023-08-03,59.32,13342.6132,2327975.0
2023-08-04,59.38,13356.1087,1230954.0
2023-08-07,60.12,13522.554,967412.0
2023-08-08,59.82,13455.0762,964963.0
2023-08-09,59.33,13344.8624,930942.0
2023-08-10,58.81,13227.9009,1933889.0
2023-08-11,58.62,13185.1649,944878.0
2023-08-14,59.24,13324.6191,959139.0
2023-08-15,59.01,13272.8861,1014645.0
2023-08-16,57.99,13043.4615,1225532.0
2023-08-17,56.45,12697.0754,1600413.0
2023-08-18,56.79,12773.5503,2016855.0
2023-08-21,56.13,12625.0991,1010885.0
2023-08-22,56.11,12620.6006,1467660.0
2023-08-23,57.04,12829.7818,936707.0
2023-08-24,56.54,12717.3188,886623.0
2023-08-25,56.66,12744.3099,1325058.0
2023-08-28,56.8,12775.7995,1156846.0
2023-08-29,58.35,13124.4349,1454511.0
2023-08-30,58.82,13230.1501,1196902.0
2023-08-31,59.01,13272.8861,1692963.0
2023-09-01,59.72,13432.5836,1211869.0
2023-09-05,57.28,12883.764,2092907.0
2023-09-06,57.68,12973.7344,2104762.0
2023-09-07,56.72,12757.8054,1841911.0
2023-09-08,56.23,12647.5917,1698886.0
2023-09-11,56.64,12739.8114,1718839.0
2023-09-12,55.84,12559.8705,1437237.0
2023-09-13,55.48,12478.8971,1560072.0
2023-09-14,55.88,12568.8676,1363565.0
2023-09-15,54.67,12296.707,3303580.0
2023-09-18,55.02,12375.4312,1362398.0
2023-09-19,55.46,12474.3986,1867315.0
2023-09-20,54.57,12274.2144,1560919.0
2023-09-21,53.59,12053.7869,1933180.0
2023-09-22,53.09,11941.3239,1239837.0
2023-09-25,53.28,11984.0598,1130465.0
2023-09-26,52.63,11837.8579,1177465.0
2023-09-27,53.21,11968.315,1270190.0
2023-09-28,54.32,12217.9829,1619590.0
2023-09-29,53.45,12022.2973,1610035.0
2023-10-02,52.58,11826.6116,1803321.0
2023-10-03,51.65,11617.4304,1618080.0
2023-10-04,52.29,11761.383,1864825.0
2023-10-05,52.22,11745.6382,1511005.0
2023-10-06,52.2,11741.1397,2058417.0
2023-10-09,52.21,11743.389,1617097.0
2023-10-10,52.63,11837.8579,1559328.0
2023-10-11,53.63,12062.784,1486294.0
2023-10-12,51.62,11610.6826,1827042.0
2023-10-13,51.12,11498.2196,1117032.0
2023-10-16,52.52,11813.116,1275629.0
2023-10-17,52.55,11819.8638,1412303.0
2023-10-18,50.79,11423.994,1981637.0
2023-10-19,50.12,11273.2935,1806204.0
2023-10-20,49.88,11219.3113,1483683.0
2023-10-23,49.78,11196.8187,1400933.0
2023-10-24,49.14,11052.866,2016406.0
2023-10-25,48.33,10870.6759,3873908.0
2023-10-26,51.53,11568.5319,4388318.0
2023-10-27,51.04,11458.5265,2745881.0
2023-10-30,51.83,11635.8822,2214503.0
2023-10-31,52.09,11694.2525,1984426.0
2023-11-01,52.71,11833.443,2248520.0
2023-11-02,53.87,12093.8641,1912115.0
2023-11-03,55.09,12367.7552,2564523.0
2023-11-06,54.64,12266.7298,1432904.0
2023-11-07,55.19,12390.2053,1580329.0
2023-11-08,56.42,12666.3414,2637544.0
2023-11-09,55.49,12457.5556,2677538.0
2023-11-10,56.17,12610.2162,1486013.0
2023-11-13,55.62,12486.7407,1457008.0
2023-11-14,59.09,13265.7588,2853494.0
2023-11-15,59.24,13299.434,1692921.0
2023-11-16,59.37,13328.6191,1558685.0
2023-11-17,60.11,13494.7498,1382126.0
2023-11-20,60.17,13508.2198,1222880.0
2023-11-21,59.04,13254.5338,2019584.0
2023-11-22,59.28,13308.414,1047571.0
2023-11-24,59.19,13288.2089,377629.0
2023-11-27,59.78,13420.6645,1898573.0
2023-11-28,59.49,13355.5592,1284923.0
2023-11-29,60.37,13553.12,1176076.0
2023-11-30,60.55,13593.5302,2847812.0
2023-12-01,62.16,13954.9766,1402916.0
2023-12-04,62.44,14017.8369,1687733.0
2023-12-05,62.28,13981.9167,1228169.0
2023-12-06,63.43,14240.0928,1294219.0
2023-12-07,63.39,14231.1127,1185785.0
2023-12-08,64.0,14368.0583,1094274.0
2023-12-11,63.98,14363.5683,1232917.0
2023-12-12,64.34,14444.3886,1171007.0
2023-12-13,66.31,14886.6554,2018728.0
2023-12-14,69.32,15562.4032,3012222.0
2023-12-15,68.64,15409.7425,4637450.0
2023-12-18,67.95,15254.8369,1770469.0
2023-12-19,68.1,15288.512,1558178.0
2023-12-20,67.04,15050.5411,1675459.0
2023-12-21,67.38,15126.8714,1683508.0
2023-12-22,67.22,15090.9512,1146995.0
2023-12-26,67.27,15102.1763,1055879.0
2023-12-27,67.28,15104.4213,883505.0
2023-12-28,67.17,15079.7262,995111.0
2023-12-29,66.98,15037.071,1078957.0
