,NI US Equity,NI US Equity,NI US Equity
,PX_LAST,CUR_MKT_CAP,PX_VOLUME
2014-01-02,12.6886,10116.2901,2244773.0
2014-01-03,12.7554,10169.5502,1745586.0
2014-01-06,12.948,10323.0647,3988241.0
2014-01-07,12.9912,10357.5271,4301839.0
2014-01-08,12.9284,10307.3999,2622472.0
2014-01-09,13.003,10366.9259,1874354.0
2014-01-10,13.2309,10548.6369,3042692.0
2014-01-13,13.062,10413.9202,2525395.0
2014-01-14,13.0934,10438.9837,1329885.0
2014-01-15,13.1052,10448.3826,1908806.0
2014-01-16,13.2859,10592.4982,1911172.0
2014-01-17,13.3174,10617.5618,2172704.0
2014-01-21,13.4864,10752.2786,1490462.0
2014-01-22,13.4864,10752.2786,2064684.0
2014-01-23,13.451,10724.082,1703726.0
2014-01-24,13.1995,10523.5734,2728959.0
2014-01-27,13.2309,10548.6369,1812392.0
2014-01-28,13.4313,10708.4173,1333009.0
2014-01-29,13.3174,10617.5618,1868691.0
2014-01-30,13.4628,10733.4809,1921666.0
2014-01-31,13.506,10767.9433,2814722.0
2014-02-03,13.341,10636.3595,2740966.0
2014-02-04,13.2584,10570.5676,2241594.0
2014-02-05,13.2624,10573.7005,1927829.0
2014-02-06,13.2663,10576.8335,1657329.0
2014-02-07,13.3645,10655.1572,1676360.0
2014-02-10,13.5689,10818.0705,1864154.0
2014-02-11,13.6239,10861.9318,1524177.0
2014-02-12,13.616,10855.6659,1682568.0
2014-02-13,13.6632,10893.2613,2397339.0
2014-02-14,13.8204,11018.5792,2812396.0
2014-02-18,13.8715,11083.8962,3321748.0
2014-02-19,13.9107,11115.2953,2258922.0
2014-02-20,13.8754,11087.0361,2614119.0
2014-02-21,13.9107,11115.2953,2377846.0
2014-02-24,13.9265,11127.855,1918352.0
2014-02-25,13.9068,11112.1554,1320934.0
2014-02-26,13.7261,10967.7194,1752901.0
2014-02-27,13.675,10926.9005,2951222.0
2014-02-28,13.6828,10933.1803,2161327.0
2014-03-03,13.5767,10848.4027,1597906.0
2014-03-04,13.7654,10999.1185,2275586.0
2014-03-05,13.6278,10889.2215,1706166.0
2014-03-06,13.5374,10817.0035,2321340.0
2014-03-07,13.6435,10901.7812,1870666.0
2014-03-10,13.5453,10823.2834,1390442.0
2014-03-11,13.4353,10735.3658,2149848.0
2014-03-12,13.6357,10895.5014,1367165.0
2014-03-13,13.8007,11027.3778,2382455.0
2014-03-14,13.8754,11087.0361,2356835.0
2014-03-17,13.9461,11143.5546,1344712.0
2014-03-18,14.009,11193.7932,1610104.0
2014-03-19,13.7968,11024.2378,1905266.0
2014-03-20,13.7143,10958.2997,2089926.0
2014-03-21,13.7811,11011.6782,3209786.0
2014-03-24,13.7732,11005.3984,1137074.0
2014-03-25,13.7496,10986.5589,1122365.0
2014-03-26,13.7536,10989.6988,1669268.0
2014-03-27,13.895,11102.7357,1307468.0
2014-03-28,13.8911,11099.5958,1784807.0
2014-03-31,13.9618,11156.1142,1888467.0
2014-04-01,14.0365,11215.7726,1846916.0
2014-04-02,13.9186,11121.5752,1618644.0
2014-04-03,13.9225,11124.7151,1630933.0
2014-04-04,13.8675,11107.8301,2490880.0
2014-04-07,13.6671,10947.3033,2735404.0
2014-04-08,13.8046,11057.4688,2465171.0
2014-04-09,13.8204,11070.0591,2601513.0
2014-04-10,13.7064,10978.7791,1757512.0
2014-04-11,13.6514,10934.7129,2626839.0
2014-04-14,13.7182,10988.2219,1589872.0
2014-04-15,13.9854,11202.2577,2598944.0
2014-04-16,14.2644,11425.7363,2347376.0
2014-04-17,14.1151,11306.128,1598638.0
2014-04-21,14.0326,11240.0287,1059954.0
2014-04-22,14.0797,11277.7998,1648465.0
2014-04-23,14.119,11309.2756,1448116.0
2014-04-24,14.0954,11290.3901,2210667.0
2014-04-25,14.174,11353.3418,1800854.0
2014-04-28,14.1897,11365.9322,2645900.0
2014-04-29,14.2605,11422.5887,2466031.0
2014-04-30,14.2723,11436.3276,2632891.0
2014-05-01,14.5473,11656.7414,2437167.0
2014-05-02,14.2408,11411.1375,1977242.0
2014-05-05,14.4452,11574.8734,1899999.0
2014-05-06,14.3705,11515.0468,1624673.0
2014-05-07,14.567,11672.4853,1734910.0
2014-05-08,14.3587,11505.6005,1372337.0
2014-05-09,14.1229,11316.6744,1785523.0
2014-05-12,14.1426,11332.4182,1720592.0
2014-05-13,14.0915,11291.4843,1960866.0
2014-05-14,14.2408,11411.1375,2101846.0
2014-05-15,14.2212,11395.3936,1421700.0
2014-05-16,14.3351,11486.7079,1942874.0
2014-05-19,14.4766,11600.0636,4392209.0
2014-05-20,14.4177,11552.8321,2602979.0
2014-05-21,14.457,11584.3197,2442819.0
2014-05-22,14.6141,11710.2705,1415186.0
2014-05-23,14.6967,11776.3946,1686092.0
2014-05-27,14.5984,11697.6754,1810572.0
2014-05-28,14.6338,11726.0143,1959452.0
2014-05-29,14.5984,11697.6754,1490203.0
2014-05-30,14.6849,11766.9483,2002708.0
2014-06-02,14.8067,11864.5601,1620179.0
2014-06-03,14.7674,11833.0725,1222843.0
2014-06-04,14.8696,11914.9404,1489784.0
2014-06-05,14.8931,11933.8331,1654309.0
2014-06-06,14.8342,11886.6015,1097563.0
2014-06-09,14.7281,11801.5848,869287.0
2014-06-10,14.5709,11675.634,1520791.0
2014-06-11,14.4137,11549.6833,1771319.0
2014-06-12,14.5356,11647.2951,1997896.0
2014-06-13,14.6141,11710.2705,1442435.0
2014-06-16,14.7556,11823.6262,1701323.0
2014-06-17,14.7792,11842.5188,2181271.0
2014-06-18,15.0464,12056.635,1661085.0
2014-06-19,15.2507,12220.371,2551047.0
2014-06-20,15.1368,12129.0567,2548897.0
2014-06-23,15.1525,12141.6518,1073724.0
2014-06-24,15.1564,12144.8006,1420930.0
2014-06-25,15.5022,12421.8922,4257888.0
2014-06-26,15.4787,12402.9996,3287477.0
2014-06-27,15.4158,12352.6193,2448107.0
2014-06-30,15.459,12387.2557,2513349.0
2014-07-01,15.3883,12330.5779,2026586.0
2014-07-02,15.1682,12154.2469,2062413.0
2014-07-03,15.0032,12021.9986,1232797.0
2014-07-07,15.0307,12044.04,1745989.0
2014-07-08,15.0385,12050.3375,1892997.0
2014-07-09,15.1329,12125.9079,2074289.0
2014-07-10,15.2979,12258.1562,1699305.0
2014-07-11,15.3608,12308.5365,1981792.0
2014-07-14,15.235,12207.7759,1531308.0
2014-07-15,15.2232,12198.3296,1202692.0
2014-07-16,15.2114,12188.8833,1182758.0
2014-07-17,15.1053,12103.8666,908751.0
2014-07-18,15.4119,12349.4705,2576082.0
2014-07-21,15.4119,12349.4705,979111.0
2014-07-22,15.5022,12421.8922,1236269.0
2014-07-23,15.4944,12415.5947,1051837.0
2014-07-24,15.5533,12462.8262,1047867.0
2014-07-25,15.4472,12377.8094,1156201.0
2014-07-28,15.4787,12402.9996,2028641.0
2014-07-29,15.2665,12232.9661,2072354.0
2014-07-30,15.1329,12125.9079,2290137.0
2014-07-31,14.8067,11881.1877,3076000.0
2014-08-01,14.6338,11742.4477,2721339.0
2014-08-04,14.6888,11786.5923,3530923.0
2014-08-05,14.4177,11569.0228,3145419.0
2014-08-06,14.3548,11518.5719,4185316.0
2014-08-07,14.3784,11537.491,1586761.0
2014-08-08,14.6652,11767.6732,2223269.0
2014-08-11,14.7124,11805.5114,1480884.0
2014-08-12,14.7792,11859.1155,1488571.0
2014-08-13,14.9167,11969.4768,1254233.0
2014-08-14,15.1053,12120.8295,1078720.0
2014-08-15,15.1997,12196.5059,1814724.0
2014-08-18,15.1329,12142.9018,1367676.0
2014-08-19,15.3097,12284.795,1268740.0
2014-08-20,15.294,12272.1822,1374316.0
2014-08-21,15.2429,12231.1909,1358514.0
2014-08-22,15.1879,12187.0463,1353613.0
2014-08-25,15.2429,12231.1909,1839410.0
2014-08-26,15.1486,12155.5145,1348861.0
2014-08-27,15.3568,12322.6331,1453493.0
2014-08-28,15.5258,12458.2199,1302570.0
2014-08-29,15.5887,12508.6708,1248936.0
2014-09-02,15.5926,12511.824,1896115.0
2014-09-03,15.6398,12549.6622,1358178.0
2014-09-04,15.6555,12562.2749,1844806.0
2014-09-05,15.8755,12738.8531,2547844.0
2014-09-08,15.8716,12735.6999,1519096.0
2014-09-09,15.7852,12666.3299,2184261.0
2014-09-10,15.7026,12600.1131,1232072.0
2014-09-11,15.7223,12615.879,1141680.0
2014-09-12,15.3372,12306.8672,2249947.0
2014-09-15,15.2979,12275.3354,1498478.0
2014-09-16,15.5101,12445.6072,1373073.0
2014-09-17,15.4708,12414.0754,1114236.0
2014-09-18,15.4158,12369.9309,1573468.0
2014-09-19,15.624,12537.0495,4238552.0
2014-09-22,15.4276,12379.3904,1850787.0
2014-09-23,15.4551,12401.4627,3343995.0
2014-09-24,15.3647,12328.9395,1155435.0
2014-09-25,15.1879,12187.0463,1994488.0
2014-09-26,15.1604,12164.9741,2680980.0
2014-09-29,16.0484,12877.5931,8635719.0
2014-09-30,16.1035,12921.7376,3858349.0
2014-10-01,16.0563,12883.8994,2551961.0
2014-10-02,16.0249,12858.674,2525284.0
2014-10-03,16.2017,13000.5671,1907312.0
2014-10-06,16.3235,13098.3158,1979132.0
2014-10-07,16.2842,13066.784,2443587.0
2014-10-08,16.5672,13293.813,1669216.0
2014-10-09,15.9541,12801.9167,3461937.0
2014-10-10,15.9384,12789.304,3245640.0
2014-10-13,15.6633,12568.5813,1559587.0
2014-10-14,15.3686,12332.0927,4343311.0
2014-10-15,15.1643,12168.1272,3496928.0
2014-10-16,15.4944,12432.9945,3110384.0
2014-10-17,15.6005,12518.1304,2702855.0
2014-10-20,16.0091,12846.0613,2019878.0
2014-10-21,16.1152,12931.1972,1658937.0
2014-10-22,16.017,12852.3676,1818329.0
2014-10-23,16.2213,13016.3331,1240041.0
2014-10-24,16.41,13167.6858,1612179.0
2014-10-27,16.3392,13110.9285,1137953.0
2014-10-28,16.5161,13252.8217,1934924.0
2014-10-29,16.355,13123.5412,1411355.0
2014-10-30,16.6497,13376.2018,1687292.0
2014-10-31,16.5279,13278.3348,2216773.0
2014-11-03,16.7518,13458.2837,2424130.0
2014-11-04,16.3392,13126.7989,1860236.0
2014-11-05,16.7676,13470.9117,2360288.0
2014-11-06,16.6104,13344.6318,2528676.0
2014-11-07,16.6536,13379.3588,1965692.0
2014-11-10,16.685,13404.6147,1642151.0
2014-11-11,16.7047,13420.3997,1383344.0
2014-11-12,16.3353,13123.6419,2167223.0
2014-11-13,16.2056,13019.461,1951943.0
2014-11-14,16.0288,12877.396,2145767.0
2014-11-17,16.1545,12978.42,1592315.0
2014-11-18,16.1388,12965.792,3689318.0
2014-11-19,16.0877,12924.751,1835473.0
2014-11-20,16.2135,13025.7749,1752941.0
2014-11-21,16.2685,13069.9729,3150671.0
2014-11-24,16.2567,13060.5019,1432397.0
2014-11-25,16.3864,13164.6829,1525993.0
2014-11-26,16.4335,13202.5669,1205212.0
2014-11-28,16.4414,13208.8808,1276494.0
2014-12-01,16.3117,13104.6999,1622714.0
2014-12-02,16.4493,13215.1948,2084312.0
2014-12-03,16.5121,13265.7068,1630796.0
2014-12-04,16.6418,13369.8878,1659051.0
2014-12-05,16.4296,13199.4099,1524280.0
2014-12-08,16.3078,13101.5429,1264909.0
2014-12-09,16.4611,13224.6658,1246684.0
2014-12-10,16.017,12867.925,1825372.0
2014-12-11,16.0288,12877.396,1798825.0
2014-12-12,15.7066,12618.5222,2251330.0
2014-12-15,15.4354,12400.6893,1636822.0
2014-12-16,15.3647,12343.8633,1744204.0
2014-12-17,15.8362,12722.7031,3214497.0
2014-12-18,16.3353,13123.6419,2076786.0
2014-12-19,16.3982,13174.1539,2488347.0
2014-12-22,16.5161,13268.8638,1069644.0
2014-12-23,16.5436,13290.9628,1178597.0
2014-12-24,16.9287,13600.3486,880474.0
2014-12-26,17.3216,13916.0485,1658283.0
2014-12-29,17.412,13988.6594,1804365.0
2014-12-30,17.0584,13704.5296,1414820.0
2014-12-31,16.6693,13391.9868,1796240.0
2015-01-02,16.6811,13401.4577,2151392.0
2015-01-05,16.4846,13243.6078,2303861.0
2015-01-06,16.2921,13088.9149,2894856.0
2015-01-07,16.5672,13309.9048,1362659.0
2015-01-08,16.8697,13552.9937,1717230.0
2015-01-09,16.7047,13420.3997,1447387.0
2015-01-12,16.6261,13357.2598,1933217.0
2015-01-13,16.6222,13354.1028,2133816.0
2015-01-14,16.968,13631.9186,2423751.0
2015-01-15,17.1212,13755.0416,2095078.0
2015-01-16,17.2941,13893.9495,1367859.0
2015-01-20,17.3688,13953.9324,1529392.0
2015-01-21,17.522,14077.0554,1893016.0
2015-01-22,17.4081,13985.5024,1430448.0
2015-01-23,17.3766,13960.2464,1690175.0
2015-01-26,17.2391,13849.7515,1514132.0
2015-01-27,17.2705,13875.0075,1814909.0
2015-01-28,16.9326,13603.5056,1612697.0
2015-01-29,17.1644,13789.7685,1671956.0
2015-01-30,16.9994,13657.1746,1881868.0
2015-02-02,17.2548,13862.3795,2313541.0
2015-02-03,17.6753,14200.1783,2801326.0
2015-02-04,17.5063,14064.4274,2548789.0
2015-02-05,17.6832,14206.4923,2175584.0
2015-02-06,16.9523,13619.2906,3349285.0
2015-02-09,16.9287,13600.3486,2188414.0
2015-02-10,17.6321,14165.4513,4015061.0
2015-02-11,16.9955,13654.0176,3268763.0
2015-02-12,17.0426,13691.9016,2750639.0
2015-02-13,16.7086,13423.5567,2924431.0
2015-02-17,16.7243,13436.1847,3121140.0
2015-02-18,17.2548,13884.8651,4055419.0
2015-02-19,17.0819,13745.7319,2495591.0
2015-02-20,17.1409,13793.1637,1516406.0
2015-02-23,17.1723,13818.4606,1222722.0
2015-02-24,17.2273,13862.7303,980748.0
2015-02-25,16.9247,13619.2471,1657315.0
2015-02-26,16.7165,13451.6548,2482565.0
2015-02-27,16.8619,13568.6532,2020550.0
2015-03-02,16.6379,13388.4124,2381162.0
2015-03-03,16.7047,13442.1685,1136543.0
2015-03-04,16.6811,13423.1958,1165973.0
2015-03-05,16.8579,13565.4911,1409762.0
2015-03-06,16.3432,13151.2535,2173004.0
2015-03-09,16.3628,13167.0641,1117597.0
2015-03-10,16.3353,13144.9293,1682145.0
2015-03-11,16.0956,12952.04,1727718.0
2015-03-12,16.5279,13299.8731,1515258.0
2015-03-13,16.1978,13034.2551,1381530.0
2015-03-16,16.4414,13230.3065,1472106.0
2015-03-17,16.4728,13255.6034,1796483.0
2015-03-18,17.1998,13840.5955,2156537.0
2015-03-19,16.9758,13660.3547,1660860.0
2015-03-20,17.2823,13907.0,2690622.0
2015-03-23,17.1802,13824.7849,2316533.0
2015-03-24,16.9326,13625.5714,1516057.0
2015-03-25,16.9326,13625.5714,2804583.0
2015-03-26,16.8186,13533.8699,2023000.0
2015-03-27,17.2588,13888.0273,2976383.0
2015-03-30,17.3609,13970.2424,1981867.0
2015-03-31,17.3531,13963.9181,2902503.0
2015-04-01,17.3884,13992.3772,2601680.0
2015-04-02,17.3531,13963.9181,2338693.0
2015-04-06,17.5535,14125.1862,1240203.0
2015-04-07,17.3688,14022.7967,1666666.0
2015-04-08,17.302,13968.8628,1553069.0
2015-04-09,17.1448,13841.9597,1250947.0
2015-04-10,17.243,13921.2742,1313473.0
2015-04-13,16.9837,13711.884,1615957.0
2015-04-14,17.0112,13734.092,2398769.0
2015-04-15,17.1959,13883.2032,2254255.0
2015-04-16,17.0269,13746.7823,2292412.0
2015-04-17,16.9562,13689.6759,2253327.0
2015-04-20,17.0976,13803.8887,2724865.0
2015-04-21,17.1644,13857.8226,2272477.0
2015-04-22,17.3649,14019.6241,2197813.0
2015-04-23,17.522,14146.5272,1695861.0
2015-04-24,17.6321,14235.3594,1528410.0
2015-04-27,17.4474,14086.2482,1767908.0
2015-04-28,17.4081,14054.5224,1883518.0
2015-04-29,17.2902,13959.3451,1571592.0
2015-04-30,17.0623,13780.5444,2336986.0
2015-05-01,17.2352,13920.1906,2057228.0
2015-05-04,17.3452,14009.0564,1078531.0
2015-05-05,16.9444,13685.3311,1858646.0
2015-05-06,16.8422,13602.8128,2275327.0
2015-05-07,16.909,13656.7671,1372423.0
2015-05-08,17.3177,13986.84,2608621.0
2015-05-11,17.4395,14085.2271,2633024.0
2015-05-12,17.471,14110.6173,2855594.0
2015-05-13,17.2666,13945.5809,3202996.0
2015-05-14,17.3531,14015.404,2776708.0
2015-05-15,17.8718,14434.3427,2892686.0
2015-05-18,18.304,14783.4583,3878293.0
2015-05-19,18.4416,14894.5405,2618091.0
2015-05-20,18.5516,14983.4063,3744133.0
2015-05-21,18.5044,14945.321,2310738.0
2015-05-22,18.5948,15018.3179,1987258.0
2015-05-26,18.4848,14929.4521,3047136.0
2015-05-27,18.4101,14869.1503,1854586.0
2015-05-28,18.6105,15031.013,1760478.0
2015-05-29,18.5398,14973.885,1935757.0
2015-06-01,18.4927,14935.7996,1289436.0
2015-06-02,18.2805,14764.4156,1639396.0
2015-06-03,18.0918,14612.0743,1953217.0
2015-06-04,17.9504,14497.8183,1347752.0
2015-06-05,17.7971,14374.0409,1451050.0
2015-06-08,17.6871,14285.1751,1729322.0
2015-06-09,17.7067,14301.044,1057107.0
2015-06-10,17.9346,14485.1231,1426181.0
2015-06-11,18.2136,14710.4614,2356954.0
2015-06-12,18.0604,14586.684,1838534.0
2015-06-15,18.2136,14710.4614,2622356.0
2015-06-16,18.3394,14812.0223,2277698.0
2015-06-17,19.0192,15361.0859,6544893.0
2015-06-18,19.145,15462.6468,3515394.0
2015-06-19,18.8817,15250.0037,2704422.0
2015-06-22,18.9838,15332.5219,2432633.0
2015-06-23,18.6105,15031.013,2161431.0
2015-06-24,18.4691,14916.757,1898457.0
2015-06-25,18.2883,14770.7632,2130975.0
2015-06-26,18.1744,14678.7236,2947353.0
2015-06-29,18.0565,14583.5103,2179037.0
2015-06-30,17.915,14469.2542,2910080.0
2015-07-01,17.86,14424.8214,3740554.0
2015-07-02,16.99,5392.249,16010299.0
2015-07-06,16.84,5344.6423,11162984.0
2015-07-07,17.12,5433.5081,10865443.0
2015-07-08,17.14,5439.8556,7037833.0
2015-07-09,16.75,5316.0783,6645525.0
2015-07-10,16.91,5366.8587,4268700.0
2015-07-13,16.91,5366.8587,4825556.0
2015-07-14,16.78,5325.5996,3821523.0
2015-07-15,16.98,5389.0752,4408979.0
2015-07-16,17.32,5496.9836,5929611.0
2015-07-17,16.9,5363.6849,6035520.0
2015-07-20,16.91,5366.8587,4777358.0
2015-07-21,16.84,5344.6423,3341464.0
2015-07-22,16.96,5382.7276,3501091.0
2015-07-23,16.54,5249.4289,3763020.0
2015-07-24,17.03,5404.9441,4693677.0
2015-07-27,17.25,5474.7672,4558932.0
2015-07-28,17.24,5471.5934,4858625.0
2015-07-29,17.04,5408.1178,4476245.0
2015-07-30,17.12,5433.5081,2744870.0
2015-07-31,17.46,5541.4165,6072326.0
2015-08-03,17.07,5425.8554,5230948.0
2015-08-04,16.82,5346.3906,4899083.0
2015-08-05,16.83,5349.5692,4681533.0
2015-08-06,16.85,5355.9264,4300126.0
2015-08-07,16.91,5374.9979,3678830.0
2015-08-10,16.88,5365.4621,3927380.0
2015-08-11,17.09,5432.2125,4103194.0
2015-08-12,17.71,5629.2852,5592736.0
2015-08-13,17.72,5632.4638,3453000.0
2015-08-14,17.82,5664.2497,3645541.0
2015-08-17,18.0,5721.4644,4302710.0
2015-08-18,17.74,5638.821,3228725.0
2015-08-19,17.81,5661.0711,2811493.0
2015-08-20,17.54,5575.2492,3851416.0
2015-08-21,17.28,5492.6058,3597014.0
2015-08-24,16.52,5251.0328,5984928.0
2015-08-25,16.2,5149.3179,6058131.0
2015-08-26,16.7,5308.2475,5629620.0
2015-08-27,17.05,5419.4982,2348668.0
2015-08-28,17.06,5422.6768,1990629.0
2015-08-31,16.79,5336.8548,2694961.0
2015-09-01,16.48,5238.3185,3510747.0
2015-09-02,16.29,5177.9252,3440236.0
2015-09-03,16.46,5231.9613,2243555.0
2015-09-04,16.17,5139.7821,2303928.0
2015-09-08,16.63,5285.9973,2914839.0
2015-09-09,16.47,5235.1399,2804452.0
2015-09-10,16.58,5270.1044,3303909.0
2015-09-11,16.61,5279.6402,3574002.0
2015-09-14,16.74,5320.9619,2247172.0
2015-09-15,16.86,5359.1049,2084784.0
2015-09-16,17.19,5463.9985,2235980.0
2015-09-17,17.48,5556.1776,2828744.0
2015-09-18,17.42,5537.1061,6331956.0
2015-09-21,17.49,5559.3562,2093867.0
2015-09-22,17.32,5505.3201,2607927.0
2015-09-23,17.44,5543.4632,2567354.0
2015-09-24,17.59,5591.1421,3230342.0
2015-09-25,17.95,5705.5714,4170846.0
2015-09-28,17.83,5667.4283,3034649.0
2015-09-29,17.9,5689.6784,2790745.0
2015-09-30,18.55,5896.2869,3570875.0
2015-10-01,18.47,5870.8581,3535949.0
2015-10-02,18.82,5982.1088,3600855.0
2015-10-05,19.05,6055.2164,3733546.0
2015-10-06,18.72,5950.3229,4287902.0
2015-10-07,18.93,6017.0733,4873427.0
2015-10-08,19.09,6067.9308,2573330.0
2015-10-09,18.98,6032.9663,2522898.0
2015-10-12,19.05,6055.2164,2257242.0
2015-10-13,19.11,6074.288,3736366.0
2015-10-14,19.07,6061.5736,1518431.0
2015-10-15,19.39,6163.2885,2205027.0
2015-10-16,19.46,6185.5387,1911026.0
2015-10-19,19.55,6214.146,1818386.0
2015-10-20,19.54,6210.9674,3464909.0
2015-10-21,19.4,6166.4671,1543607.0
2015-10-22,19.75,6277.7178,1742743.0
2015-10-23,19.61,6233.2176,2385845.0
2015-10-26,19.57,6220.5032,1545008.0
2015-10-27,19.27,6125.1455,2806515.0
2015-10-28,19.1,6071.1094,3181957.0
2015-10-29,18.89,6004.359,4103571.0
2015-10-30,19.16,6090.1809,2835459.0
2015-11-02,19.18,6096.5381,3131709.0
2015-11-03,19.12,6092.9952,2628645.0
2015-11-04,19.36,6169.4763,3315677.0
2015-11-05,19.56,6233.2105,3686750.0
2015-11-06,18.96,6042.0078,4611473.0
2015-11-09,18.92,6029.2609,2636907.0
2015-11-10,19.25,6134.4224,3071853.0
2015-11-11,19.42,6188.5966,2366915.0
2015-11-12,19.14,6099.3686,1754710.0
2015-11-13,19.08,6080.2483,1670982.0
2015-11-16,19.32,6156.7294,2094266.0
2015-11-17,19.18,6112.1154,1674168.0
2015-11-18,19.58,6239.584,3404352.0
2015-11-19,19.71,6281.0112,1448189.0
2015-11-20,19.83,6319.2518,2878250.0
2015-11-23,19.75,6293.7581,2326630.0
2015-11-24,19.52,6220.4637,2330661.0
2015-11-25,19.14,6099.3686,3030983.0
2015-11-27,19.22,6124.8623,866093.0
2015-11-30,19.19,6115.3022,4042060.0
2015-12-01,19.39,6179.0364,2023784.0
2015-12-02,19.29,6147.1693,3364425.0
2015-12-03,18.93,6032.4476,2083080.0
2015-12-04,19.1,6086.6217,3416837.0
2015-12-07,19.14,6099.3686,4429207.0
2015-12-08,19.25,6134.4224,2757541.0
2015-12-09,19.26,6137.6091,2863311.0
2015-12-10,19.04,6067.5015,3151142.0
2015-12-11,18.66,5946.4064,2169694.0
2015-12-14,18.84,6003.7672,2007781.0
2015-12-15,18.71,5962.3399,2758778.0
2015-12-16,19.31,6153.5427,2892256.0
2015-12-17,19.28,6143.9826,1638912.0
2015-12-18,18.96,6042.0078,3577971.0
2015-12-21,18.89,6019.7008,2753868.0
2015-12-22,19.11,6089.8085,1741913.0
2015-12-23,19.33,6159.9161,2683108.0
2015-12-24,19.31,6153.5427,815438.0
2015-12-28,19.47,6204.5301,1355270.0
2015-12-29,19.8,6309.6916,1580810.0
2015-12-30,19.82,6316.0651,1780545.0
2015-12-31,19.51,6217.277,2559160.0
2016-01-04,19.52,6220.4637,2592684.0
2016-01-05,19.83,6319.2518,3138782.0
2016-01-06,19.94,6354.3056,3525657.0
2016-01-07,19.5,6214.0903,3047565.0
2016-01-08,19.47,6204.5301,2933911.0
2016-01-11,19.79,6306.5049,2156595.0
2016-01-12,19.54,6226.8371,2405275.0
2016-01-13,19.47,6204.5301,2140143.0
2016-01-14,20.0,6373.4259,2402761.0
2016-01-15,19.74,6290.5714,1995345.0
2016-01-19,20.04,6386.1728,2419804.0
2016-01-20,19.46,6201.3434,3218072.0
2016-01-21,19.53,6223.6504,2703582.0
2016-01-22,20.28,6462.6539,2744644.0
2016-01-25,20.38,6494.521,3481783.0
2016-01-26,20.31,6472.214,2447559.0
2016-01-27,20.14,6418.0399,3681927.0
2016-01-28,20.75,6612.4294,3868182.0
2016-01-29,21.01,6695.2839,4958273.0
2016-02-01,21.3,6787.6986,4254808.0
2016-02-02,21.26,6774.9517,5417258.0
2016-02-03,21.48,6845.0594,4137968.0
2016-02-04,21.16,6743.0846,3624007.0
2016-02-05,20.98,6685.7238,3763549.0
2016-02-08,20.91,6663.4168,1950299.0
2016-02-09,21.24,6768.5783,2964705.0
2016-02-10,21.48,6845.0594,4691614.0
2016-02-11,21.1,6723.9643,4161717.0
2016-02-12,21.28,6781.3252,3222812.0
2016-02-16,21.11,6727.151,2595644.0
2016-02-17,21.35,6803.6322,4240518.0
2016-02-18,21.87,6992.7523,4141103.0
2016-02-19,21.87,6992.7523,3275952.0
2016-02-22,21.91,7005.542,2411707.0
2016-02-23,21.8,6970.3704,3131776.0
2016-02-24,21.75,6954.3833,2485387.0
2016-02-25,22.03,7043.911,1971561.0
2016-02-26,21.51,6877.6453,2716525.0
2016-02-29,21.48,6868.053,2250641.0
2016-03-01,21.5,6874.4478,2537063.0
2016-03-02,22.07,7056.7006,2960783.0
2016-03-03,22.34,7143.0309,2536865.0
2016-03-04,22.4,7162.2154,1996967.0
2016-03-07,22.36,7149.4258,3312632.0
2016-03-08,22.48,7187.7948,1999069.0
2016-03-09,22.62,7232.5586,1169129.0
2016-03-10,22.77,7280.5199,2101230.0
2016-03-11,22.74,7270.9276,1848784.0
2016-03-14,22.78,7283.7173,1542158.0
2016-03-15,22.67,7248.5457,2853771.0
2016-03-16,23.1,7386.0347,1985626.0
2016-03-17,23.33,7459.5753,2056440.0
2016-03-18,22.8,7290.1121,4019519.0
2016-03-21,22.89,7318.8889,2197755.0
2016-03-22,22.8,7290.1121,1285810.0
2016-03-23,23.02,7360.4553,1600076.0
2016-03-24,23.03,7363.6527,2304188.0
2016-03-28,22.92,7328.4811,1850866.0
2016-03-29,23.17,7408.4166,2304990.0
2016-03-30,23.39,7478.7598,2170227.0
2016-03-31,23.56,7533.1159,2854733.0
2016-04-01,23.82,7616.2487,2962921.0
2016-04-04,23.6,7545.9055,2348961.0
2016-04-05,23.24,7430.7985,3483453.0
2016-04-06,23.44,7494.7469,3216059.0
2016-04-07,23.42,7511.3096,2289094.0
2016-04-08,23.55,7553.0035,1469699.0
2016-04-11,23.47,7527.3457,2027436.0
2016-04-12,23.63,7578.6612,1721893.0
2016-04-13,23.4,7504.8952,2495564.0
2016-04-14,23.43,7514.5168,1670485.0
2016-04-15,23.68,7594.6973,1648704.0
2016-04-18,23.82,7639.5984,1581695.0
2016-04-19,23.98,7690.9139,1992049.0
2016-04-20,23.07,7399.0569,3960764.0
2016-04-21,22.13,7097.5782,6310153.0
2016-04-22,22.25,7136.0648,3462545.0
2016-04-25,22.33,7161.7226,3293048.0
2016-04-26,22.29,7148.8937,2392960.0
2016-04-27,22.49,7213.0381,2266100.0
2016-04-28,22.55,7232.2814,1841303.0
2016-04-29,22.71,7283.597,1937667.0
2016-05-02,22.96,7363.7775,3054145.0
2016-05-03,23.11,7430.8933,2847302.0
2016-05-04,23.53,7565.942,2929900.0
2016-05-05,23.48,7549.8647,3040531.0
2016-05-06,23.41,7527.3566,3059132.0
2016-05-09,23.6,7588.4501,2232168.0
2016-05-10,23.53,7565.942,2818834.0
2016-05-11,23.79,7649.5435,2282500.0
2016-05-12,23.96,7704.2061,2533032.0
2016-05-13,24.12,7755.6532,3361665.0
2016-05-16,24.3,7813.5312,3084714.0
2016-05-17,23.9,7684.9134,2692112.0
2016-05-18,23.45,7540.2184,4161499.0
2016-05-19,23.52,7562.7265,3049121.0
2016-05-20,23.82,7659.1899,4648167.0
2016-05-23,23.68,7614.1736,2193282.0
2016-05-24,24.07,7739.576,4063974.0
2016-05-25,23.95,7700.9906,2439737.0
2016-05-26,24.04,7729.9297,2363951.0
2016-05-27,24.12,7755.6532,2582171.0
2016-05-31,23.86,7672.0516,17694429.0
2016-06-01,24.03,7726.7142,2484752.0
2016-06-02,23.99,7713.8524,2105747.0
2016-06-03,24.46,7864.9783,2724379.0
2016-06-06,24.43,7855.332,2004139.0
2016-06-07,24.44,7858.5474,2415209.0
2016-06-08,24.64,7922.8563,2321226.0
2016-06-09,25.02,8045.0433,1530564.0
2016-06-10,24.9,8006.4579,3719540.0
2016-06-13,24.96,8025.7506,1667266.0
2016-06-14,25.21,8106.1367,1643363.0
2016-06-15,25.18,8096.4904,3512884.0
2016-06-16,25.35,8151.1529,2272424.0
2016-06-17,25.26,8122.2139,4011264.0
2016-06-20,25.09,8067.5514,3059648.0
2016-06-21,25.3,8135.0757,2666219.0
2016-06-22,25.25,8118.9985,2495902.0
2016-06-23,25.18,8096.4904,1617040.0
2016-06-24,25.31,8138.2912,5057074.0
2016-06-27,25.4,8167.2302,3159241.0
2016-06-28,25.59,8228.3236,2854664.0
2016-06-29,25.86,8315.1406,2222154.0
2016-06-30,26.52,8527.36,3534162.0
2016-07-01,26.66,8572.3762,2988347.0
2016-07-05,26.77,8607.7461,3674557.0
2016-07-06,26.65,8569.1608,2987889.0
2016-07-07,26.04,8373.0186,2915158.0
2016-07-08,26.13,8401.9576,3961326.0
2016-07-11,26.07,8382.665,2343283.0
2016-07-12,25.86,8315.1406,3369745.0
2016-07-13,26.06,8379.4495,2109754.0
2016-07-14,26.01,8363.3723,1935530.0
2016-07-15,26.1,8392.3113,1596559.0
2016-07-18,26.13,8401.9576,1538458.0
2016-07-19,26.05,8376.2341,2253806.0
2016-07-20,25.87,8318.3561,2113336.0
2016-07-21,25.93,8337.6487,4874497.0
2016-07-22,26.26,8443.7584,1807592.0
2016-07-25,26.05,8376.2341,2787220.0
2016-07-26,25.77,8286.2016,2037703.0
2016-07-27,25.46,8186.5228,2450570.0
2016-07-28,25.75,8279.7707,2267409.0
2016-07-29,25.66,8250.8317,7105925.0
2016-08-01,25.81,8299.0634,3031809.0
2016-08-02,25.94,8357.4875,3291129.0
2016-08-03,25.34,8164.1763,4429039.0
2016-08-04,25.37,8173.8419,4594816.0
2016-08-05,24.85,8006.3055,4531967.0
2016-08-08,24.81,7993.4181,2649301.0
2016-08-09,24.89,8019.1929,2464569.0
2016-08-10,25.01,8057.8552,1994850.0
2016-08-11,25.02,8061.077,2678020.0
2016-08-12,25.01,8057.8552,1726695.0
2016-08-15,24.55,7909.6499,3855514.0
2016-08-16,24.32,7835.5473,2754239.0
2016-08-17,24.72,7964.4214,3503522.0
2016-08-18,24.99,8051.4115,2525895.0
2016-08-19,24.62,7932.2029,10423741.0
2016-08-22,24.82,7996.64,2944399.0
2016-08-23,24.7,7957.9777,1972616.0
2016-08-24,24.76,7977.3089,1768279.0
2016-08-25,24.69,7954.7559,4071529.0
2016-08-26,24.19,7793.6632,3141237.0
2016-08-29,24.25,7812.9943,3678333.0
2016-08-30,23.86,7687.3421,2845259.0
2016-08-31,23.94,7713.1169,2865596.0
2016-09-01,23.83,7677.6765,1699929.0
2016-09-02,24.13,7774.3321,2063827.0
2016-09-06,24.42,7867.7658,2130576.0
2016-09-07,24.38,7854.8784,1799467.0
2016-09-08,24.39,7858.1003,2439357.0
2016-09-09,23.37,7529.4712,2394049.0
2016-09-12,23.7,7635.7924,3068128.0
2016-09-13,23.23,7484.3653,2290726.0
2016-09-14,23.42,7545.5805,2354171.0
2016-09-15,23.65,7619.6831,1577072.0
2016-09-16,24.12,7771.1102,3700801.0
2016-09-19,24.43,7870.9877,1925929.0
2016-09-20,24.6,7925.7592,3301657.0
2016-09-21,25.38,8177.0638,3268731.0
2016-09-22,25.27,8141.6234,3480105.0
2016-09-23,25.11,8090.0737,3028209.0
2016-09-26,25.1,8086.8519,2295249.0
2016-09-27,24.69,7954.7559,2358360.0
2016-09-28,24.65,7941.8685,2279450.0
2016-09-29,24.21,7800.1069,2276491.0
2016-09-30,24.11,7767.8884,2937683.0
2016-10-03,23.62,7610.0176,3239684.0
2016-10-04,22.98,7403.819,5039718.0
2016-10-05,22.85,7361.9349,3854339.0
2016-10-06,22.84,7358.713,2148304.0
2016-10-07,22.61,7284.6104,2878944.0
2016-10-10,22.91,7381.266,1851775.0
2016-10-11,22.38,7210.5078,1924380.0
2016-10-12,22.69,7310.3852,2106618.0
2016-10-13,22.9,7378.0441,2541866.0
2016-10-14,22.68,7307.1634,3120961.0
2016-10-17,22.91,7381.266,2257678.0
2016-10-18,23.06,7429.5938,1864379.0
2016-10-19,22.84,7358.713,2156570.0
2016-10-20,22.79,7342.6037,1909868.0
2016-10-21,22.61,7284.6104,2944689.0
2016-10-24,22.53,7258.8356,2959223.0
2016-10-25,22.82,7352.2693,2222469.0
2016-10-26,22.71,7316.8289,1991309.0
2016-10-27,22.48,7242.7263,2379218.0
2016-10-28,22.53,7258.8356,1542506.0
2016-10-31,23.26,7494.0309,3771953.0
2016-11-01,22.34,7209.9616,4578252.0
2016-11-02,22.09,7129.2772,3233532.0
2016-11-03,22.14,7145.4141,2173975.0
2016-11-04,21.92,7074.4118,2146894.0
2016-11-07,22.31,7200.2795,2895231.0
2016-11-08,22.58,7287.4187,2951218.0
2016-11-09,22.26,7184.1426,4317980.0
2016-11-10,21.53,6948.544,4789067.0
2016-11-11,21.41,6909.8155,2470604.0
2016-11-14,21.56,6958.2262,5346436.0
2016-11-15,21.91,7071.1844,3116292.0
2016-11-16,21.75,7019.5463,2257819.0
2016-11-17,21.61,6974.363,1454992.0
2016-11-18,21.71,7006.6368,2372397.0
2016-11-21,21.89,7064.7296,1975425.0
2016-11-22,21.83,7045.3654,2604526.0
2016-11-23,21.64,6984.0452,2228687.0
2016-11-25,22.14,7145.4141,1779173.0
2016-11-28,22.21,7168.0057,2664681.0
2016-11-29,22.37,7219.6437,3787206.0
2016-11-30,21.94,7080.8665,3416849.0
2016-12-01,21.71,7006.6368,2732275.0
2016-12-02,21.69,7000.1821,4973194.0
2016-12-05,21.64,6984.0452,3376379.0
2016-12-06,21.47,6929.1798,4653991.0
2016-12-07,21.57,6961.4535,5540556.0
2016-12-08,21.71,7006.6368,2793887.0
2016-12-09,21.78,7029.2285,3375543.0
2016-12-12,21.88,7061.5022,2703075.0
2016-12-13,22.1,7132.5046,4269592.0
2016-12-14,21.66,6990.4999,3885161.0
2016-12-15,22.01,7103.4582,3022053.0
2016-12-16,22.03,7109.9129,4934942.0
2016-12-19,22.33,7206.7342,2647699.0
2016-12-20,22.21,7168.0057,2729173.0
2016-12-21,22.33,7206.7342,2504485.0
2016-12-22,22.43,7239.008,1635488.0
2016-12-23,22.3,7197.0521,862002.0
2016-12-27,22.23,7174.4605,848578.0
2016-12-28,21.95,7084.0939,1020525.0
2016-12-29,22.24,7177.6878,1549350.0
2016-12-30,22.14,7145.4141,1764521.0
2017-01-03,22.19,7161.5509,1925191.0
2017-01-04,22.36,7216.4164,2235547.0
2017-01-05,22.68,7319.6925,5483521.0
2017-01-06,22.36,7216.4164,4398555.0
2017-01-09,22.06,7119.595,3023212.0
2017-01-10,21.94,7080.8665,2181608.0
2017-01-11,22.12,7138.9593,3292406.0
2017-01-12,22.03,7109.9129,2538079.0
2017-01-13,21.96,7087.3213,1749776.0
2017-01-17,22.35,7213.189,2960578.0
2017-01-18,22.52,7268.0544,2469972.0
2017-01-19,22.34,7209.9616,1806675.0
2017-01-20,22.51,7264.827,2533322.0
2017-01-23,22.2,7164.7783,2271421.0
2017-01-24,22.25,7180.9152,1861524.0
2017-01-25,22.2,7164.7783,1956864.0
2017-01-26,22.22,7171.2331,2298005.0
2017-01-27,22.03,7109.9129,1862910.0
2017-01-30,21.84,7048.5927,2565836.0
2017-01-31,22.37,7219.6437,2723170.0
2017-02-01,21.98,7093.776,3088471.0
2017-02-02,22.16,7151.8688,2893017.0
2017-02-03,22.26,7184.1426,2492580.0
2017-02-06,22.24,7177.6878,2789991.0
2017-02-07,22.16,7151.8688,2851040.0
2017-02-08,22.18,7158.3236,3283966.0
2017-02-09,22.23,7174.4605,2839953.0
2017-02-10,22.41,7232.5533,2713930.0
2017-02-13,22.52,7268.0544,2640184.0
2017-02-14,22.25,7180.9152,2102270.0
2017-02-15,22.23,7174.4605,2465593.0
2017-02-16,22.67,7316.4651,3382368.0
2017-02-17,22.7,7326.1472,11287198.0
2017-02-21,22.99,7419.7412,4043866.0
2017-02-22,23.17,7494.2399,3573006.0
2017-02-23,23.77,7688.3074,4395805.0
2017-02-24,24.01,7765.9344,3693833.0
2017-02-27,23.8,7698.0108,2080303.0
2017-02-28,23.91,7733.5898,3099322.0
2017-03-01,23.9,7730.3554,6108919.0
2017-03-02,24.09,7791.8101,2920328.0
2017-03-03,23.72,7672.1351,4921918.0
2017-03-06,23.58,7626.8527,3383279.0
2017-03-07,23.5,7600.977,3056784.0
2017-03-08,23.02,7445.723,2963367.0
2017-03-09,22.99,7436.0197,3495942.0
2017-03-10,23.33,7545.9912,2448009.0
2017-03-13,23.5,7600.977,3154568.0
2017-03-14,23.36,7555.6946,2256655.0
2017-03-15,23.71,7668.9007,3931790.0
2017-03-16,23.37,7558.9291,2431462.0
2017-03-17,23.5,7600.977,3826198.0
2017-03-20,23.22,7510.4122,2362548.0
2017-03-21,23.57,7623.6182,4059287.0
2017-03-22,23.81,7701.2452,3455325.0
2017-03-23,23.75,7681.8385,2432568.0
2017-03-24,23.87,7720.652,2340129.0
2017-03-27,23.81,7701.2452,2046024.0
2017-03-28,23.71,7668.9007,1973364.0
2017-03-29,23.71,7668.9007,1589020.0
2017-03-30,23.59,7630.0872,2031652.0
2017-03-31,23.79,7694.7763,2072368.0
2017-04-03,23.68,7659.1973,2264312.0
2017-04-04,23.66,7652.7284,2694518.0
2017-04-05,23.78,7697.6792,2952283.0
2017-04-06,23.84,7717.1014,2768984.0
2017-04-07,23.68,7665.3088,5453086.0
2017-04-10,23.74,7684.731,2275496.0
2017-04-11,23.85,7720.3385,2682704.0
2017-04-12,23.94,7749.4718,1817646.0
2017-04-13,23.78,7697.6792,2077778.0
2017-04-17,24.02,7775.3681,1916024.0
2017-04-18,24.21,7836.8719,3760935.0
2017-04-19,24.23,7843.3459,4656060.0
2017-04-20,24.12,7807.7385,2927820.0
2017-04-21,24.19,7830.3978,5713570.0
2017-04-24,24.26,7853.0571,4274549.0
2017-04-25,24.43,7908.0867,2914967.0
2017-04-26,24.09,7798.0274,2969039.0
2017-04-27,24.36,7885.4275,3862935.0
2017-04-28,24.25,7849.82,2420869.0
2017-05-01,24.09,7798.0274,2047918.0
2017-05-02,24.24,7846.583,2836735.0
2017-05-03,24.01,7795.2567,3091354.0
2017-05-04,24.28,7882.9168,4655084.0
2017-05-05,24.53,7964.0836,2851867.0
2017-05-08,24.38,7915.3835,1726525.0
2017-05-09,24.1,7824.4767,2015542.0
2017-05-10,24.14,7837.4634,1944447.0
2017-05-11,24.14,7837.4634,1897447.0
2017-05-12,24.3,7889.4101,1872459.0
2017-05-15,24.52,7960.8369,2689093.0
2017-05-16,24.21,7860.1901,2473793.0
2017-05-17,24.25,7873.1768,2160997.0
2017-05-18,24.5,7954.3436,4158215.0
2017-05-19,24.7,8019.277,2547672.0
2017-05-22,25.01,8119.9238,3006919.0
2017-05-23,25.14,8162.1305,2433901.0
2017-05-24,25.22,8188.1039,2374609.0
2017-05-25,25.53,8288.7506,1445382.0
2017-05-26,25.56,8298.4907,2544067.0
2017-05-30,25.82,8382.9041,3321918.0
2017-05-31,26.07,8464.0709,3414718.0
2017-06-01,26.24,8519.2643,3261963.0
2017-06-02,26.35,8554.9777,2223035.0
2017-06-05,26.38,8564.7177,3854658.0
2017-06-06,26.26,8525.7576,3153181.0
2017-06-07,26.44,8584.1977,3433902.0
2017-06-08,25.83,8386.1508,3301366.0
2017-06-09,25.77,8366.6707,2394318.0
2017-06-12,25.67,8334.204,1774338.0
2017-06-13,25.82,8382.9041,1627468.0
2017-06-14,25.92,8415.3705,2046502.0
2017-06-15,26.05,8457.5772,2083165.0
2017-06-16,26.06,8460.8239,4571688.0
2017-06-19,26.17,8496.5372,2066717.0
2017-06-20,26.23,8516.0173,1463593.0
2017-06-21,26.02,8447.8372,1677647.0
2017-06-22,25.92,8415.3705,3070239.0
2017-06-23,25.81,8379.6571,2056243.0
2017-06-26,26.08,8467.3172,1554132.0
2017-06-27,25.88,8402.3838,3499408.0
2017-06-28,25.49,8275.7636,2109211.0
2017-06-29,25.39,8243.2969,1971154.0
2017-06-30,25.36,8233.5569,2124724.0
2017-07-03,25.32,8220.5702,976025.0
2017-07-05,25.35,8230.3102,2750809.0
2017-07-06,25.2,8181.6102,1706984.0
2017-07-07,25.32,8220.5702,1074828.0
2017-07-10,25.21,8184.8569,1080339.0
2017-07-11,25.17,8171.8702,3813399.0
2017-07-12,25.57,8301.737,2107846.0
2017-07-13,25.35,8230.3102,1231286.0
2017-07-14,25.75,8360.1771,1707108.0
2017-07-17,25.81,8379.6571,899763.0
2017-07-18,25.69,8340.6971,2131716.0
2017-07-19,25.65,8327.7104,1534783.0
2017-07-20,25.82,8382.9038,2309030.0
2017-07-21,25.98,8434.8505,4424431.0
2017-07-24,26.09,8470.5639,1813577.0
2017-07-25,26.02,8447.8372,2334405.0
2017-07-26,26.51,8606.9241,3763598.0
2017-07-27,26.29,8535.4973,2275134.0
2017-07-28,26.07,8464.0705,1665035.0
2017-07-31,26.06,8460.8239,1727037.0
2017-08-01,26.24,8519.2639,2842358.0
2017-08-02,26.67,8690.9623,2791394.0
2017-08-03,26.5,8635.5644,3082153.0
2017-08-04,26.4,8602.9773,1360123.0
2017-08-07,26.36,8589.9425,1514117.0
2017-08-08,26.32,8576.9077,1891805.0
2017-08-09,26.38,8596.4599,1978415.0
2017-08-10,26.37,8593.2012,1328543.0
2017-08-11,26.35,8586.6838,1378390.0
2017-08-14,26.64,8681.1862,1751475.0
2017-08-15,26.66,8687.7036,1537483.0
2017-08-16,26.96,8785.4647,1737060.0
2017-08-17,26.69,8697.4797,2146851.0
2017-08-18,26.79,8730.0668,2622821.0
2017-08-21,26.78,8726.8081,1430404.0
2017-08-22,26.94,8778.9473,1663448.0
2017-08-23,27.03,8808.2757,1033588.0
2017-08-24,26.94,8778.9473,9490610.0
2017-08-25,27.11,8834.3453,1393070.0
2017-08-28,27.09,8827.8279,1073021.0
2017-08-29,26.98,8791.9822,940348.0
2017-08-30,26.91,8769.1712,810254.0
2017-08-31,26.87,8756.1364,1699814.0
2017-09-01,26.86,8752.8777,762900.0
2017-09-05,26.87,8756.1364,1207701.0
2017-09-06,26.79,8730.0668,904221.0
2017-09-07,26.99,8795.2409,1015267.0
2017-09-08,27.11,8834.3453,1657098.0
2017-09-11,27.23,8873.4497,1454853.0
2017-09-12,26.79,8730.0668,1198810.0
2017-09-13,26.68,8694.221,1189272.0
2017-09-14,26.92,8772.4299,1528802.0
2017-09-15,26.99,8795.2409,3532635.0
2017-09-18,26.54,8648.5992,2303262.0
2017-09-19,26.4,8602.9773,1410826.0
2017-09-20,26.19,8534.5446,1964159.0
2017-09-21,26.12,8511.7336,895630.0
2017-09-22,25.69,8371.6094,2014187.0
2017-09-25,25.91,8443.3009,3279061.0
2017-09-26,26.07,8495.4401,1624848.0
2017-09-27,25.42,8283.6244,2290549.0
2017-09-28,25.5,8309.694,1590960.0
2017-09-29,25.59,8339.0224,1646949.0
2017-10-02,25.51,8312.9527,1618759.0
2017-10-03,25.37,8267.3309,2452494.0
2017-10-04,25.71,8378.1268,2984655.0
2017-10-05,25.72,8381.3855,1893473.0
2017-10-06,25.72,8381.3855,3089634.0
2017-10-09,25.91,8443.3009,1610604.0
2017-10-10,26.35,8586.6838,2027844.0
2017-10-11,26.42,8609.4948,2757564.0
2017-10-12,26.57,8658.3753,2388269.0
2017-10-13,26.6,8668.1514,1541922.0
2017-10-16,26.37,8593.2012,2088375.0
2017-10-17,26.45,8619.2709,1720422.0
2017-10-18,26.43,8612.7535,1241166.0
2017-10-19,26.76,8720.2907,1522486.0
2017-10-20,26.66,8687.7036,1847664.0
2017-10-23,26.82,8739.8429,1225905.0
2017-10-24,26.67,8690.9623,1408264.0
2017-10-25,26.54,8648.5992,2197702.0
2017-10-26,26.47,8625.7883,1881154.0
2017-10-27,26.44,8616.0122,2724735.0
2017-10-30,26.25,8554.0968,1867308.0
2017-10-31,26.37,8593.2012,2200327.0
2017-11-01,26.58,8951.9764,3384354.0
2017-11-02,26.94,9073.2221,3368182.0
2017-11-03,27.33,9204.5716,3699443.0
2017-11-06,27.21,9164.1564,2241575.0
2017-11-07,27.47,9251.7227,1757849.0
2017-11-08,27.52,9268.5624,1462035.0
2017-11-09,27.52,9268.5624,1940666.0
2017-11-10,27.2,9160.7884,1700122.0
2017-11-13,27.32,9201.2037,2071976.0
2017-11-14,27.58,9288.7701,4529528.0
2017-11-15,27.24,9174.2602,2422316.0
2017-11-16,27.32,9201.2037,3621278.0
2017-11-17,27.08,9120.3732,6277742.0
2017-11-20,27.09,9123.7411,3164332.0
2017-11-21,27.22,9167.5243,2381719.0
2017-11-22,27.04,9106.9015,2272096.0
2017-11-24,27.04,9106.9015,611330.0
2017-11-27,27.1,9127.1091,2736967.0
2017-11-28,27.2,9160.7884,2397417.0
2017-11-29,27.17,9150.6846,2689151.0
2017-11-30,27.53,9271.9304,3768991.0
2017-12-01,27.33,9204.5716,2808754.0
2017-12-04,27.03,9103.5335,2093865.0
2017-12-05,26.8,9026.071,1817873.0
2017-12-06,27.0,9093.4297,1946075.0
2017-12-07,27.03,9103.5335,2488136.0
2017-12-08,27.14,9140.5808,3964578.0
2017-12-11,27.18,9154.0526,3491419.0
2017-12-12,26.39,8887.9856,6008143.0
2017-12-13,26.43,8901.4573,3886503.0
2017-12-14,26.48,8918.297,3304159.0
2017-12-15,26.51,8928.4008,6153663.0
2017-12-18,25.98,8749.9001,2537676.0
2017-12-19,25.3,8520.8804,1967462.0
2017-12-20,24.96,8406.3706,3390676.0
2017-12-21,24.66,8305.3325,2784115.0
2017-12-22,25.28,8514.1446,3610240.0
2017-12-26,25.06,8440.0499,1694359.0
2017-12-27,25.24,8500.6728,1765377.0
2017-12-28,25.56,8608.4468,2652617.0
2017-12-29,25.67,8645.4941,2798281.0
2018-01-02,25.36,8541.0881,2695104.0
2018-01-03,25.2,8487.2011,2130609.0
2018-01-04,25.09,8450.1538,3428804.0
2018-01-05,24.79,8349.1156,3340118.0
2018-01-08,25.0,8419.8423,2803678.0
2018-01-09,24.7,8318.8042,2335619.0
2018-01-10,24.13,8126.8318,3862391.0
2018-01-11,24.13,8126.8318,3112630.0
2018-01-12,24.07,8106.6242,2661419.0
2018-01-16,24.03,8093.1524,2401808.0
2018-01-17,24.15,8133.5677,2103660.0
2018-01-18,23.98,8076.3128,4002728.0
2018-01-19,23.94,8062.841,2586188.0
2018-01-22,23.95,8066.2089,3642243.0
2018-01-23,24.17,8140.3036,2313900.0
2018-01-24,24.18,8143.6715,3679392.0
2018-01-25,24.42,8224.502,2761780.0
2018-01-26,24.5,8251.4455,4492640.0
2018-01-29,24.22,8157.1432,3026397.0
2018-01-30,24.45,8234.6058,2758874.0
2018-01-31,24.68,8312.0683,4421969.0
2018-02-01,24.24,8163.8791,3907721.0
2018-02-02,23.97,8072.9448,2915597.0
2018-02-05,23.52,7921.3877,3939145.0
2018-02-06,23.28,7840.5572,4925081.0
2018-02-07,23.09,7776.5664,4045640.0
2018-02-08,22.51,7581.226,6438748.0
2018-02-09,23.09,7776.5664,5275003.0
2018-02-12,23.11,7783.3022,3695404.0
2018-02-13,23.13,7790.0381,2653834.0
2018-02-14,22.74,7658.6886,3187896.0
2018-02-15,23.37,7870.8686,6189161.0
2018-02-16,23.48,7907.9159,3911492.0
2018-02-20,23.02,7767.1972,4071924.0
2018-02-21,22.8,7692.9669,2851903.0
2018-02-22,23.08,7787.4419,4442023.0
2018-02-23,23.6,7962.8955,3767857.0
2018-02-26,23.59,7959.5214,4486264.0
2018-02-27,23.32,7868.4205,3909572.0
2018-02-28,23.13,7804.3124,5825031.0
2018-03-01,23.17,7817.8089,5428375.0
2018-03-02,23.17,7817.8089,4702544.0
2018-03-05,23.53,7939.2768,3926349.0
2018-03-06,23.21,7831.3053,5323483.0
2018-03-07,22.95,7743.5785,4216249.0
2018-03-08,23.08,7787.4419,2453388.0
2018-03-09,22.96,7746.9526,4872471.0
2018-03-12,23.14,7807.6865,5725475.0
2018-03-13,23.14,7807.6865,3771845.0
2018-03-14,23.31,7865.0464,3605381.0
2018-03-15,23.39,7892.0392,4420170.0
2018-03-16,23.43,7905.5357,13341070.0
2018-03-19,23.24,7841.4276,2248970.0
2018-03-20,23.18,7821.183,3244214.0
2018-03-21,23.29,7858.2982,3172189.0
2018-03-22,23.39,7892.0392,5266935.0
2018-03-23,23.06,7780.6937,3828971.0
2018-03-26,23.39,7892.0392,3653434.0
2018-03-27,23.79,8027.0036,6568194.0
2018-03-28,23.72,8003.3848,3655423.0
2018-03-29,23.91,8067.4929,2800761.0
2018-04-02,23.85,8047.2482,3460681.0
2018-04-03,24.02,8104.6081,2808684.0
2018-04-04,24.19,8161.9679,5150604.0
2018-04-05,24.43,8242.9465,3648256.0
2018-04-06,24.25,8186.0001,5764278.0
2018-04-09,24.15,8152.2434,3818480.0
2018-04-10,24.11,8138.7407,4198573.0
2018-04-11,23.98,8094.857,3608322.0
2018-04-12,23.52,7939.5762,2120062.0
2018-04-13,23.55,7949.7032,2739439.0
2018-04-16,23.89,8064.476,2436000.0
2018-04-17,24.14,8148.8677,1321154.0
2018-04-18,23.95,8084.73,2504054.0
2018-04-19,24.0,8101.6084,2962591.0
2018-04-20,23.75,8017.2166,3177688.0
2018-04-23,23.87,8057.7246,1837994.0
2018-04-24,23.93,8077.9787,3261839.0
2018-04-25,23.91,8071.2273,2172810.0
2018-04-26,24.28,8196.1271,2361479.0
2018-04-27,24.51,8273.7675,2565732.0
2018-04-30,24.39,8233.2595,2150618.0
2018-05-01,24.52,8277.1432,3922577.0
2018-05-02,25.38,8571.775,7217420.0
2018-05-03,25.57,8635.9451,4622153.0
2018-05-04,25.41,8581.9071,2840496.0
2018-05-07,25.48,8605.5487,3289072.0
2018-05-08,25.1,8477.2085,3650016.0
2018-05-09,24.65,8325.2267,3009008.0
2018-05-10,24.91,8413.0384,2152049.0
2018-05-11,24.93,8419.7932,2161718.0
2018-05-14,24.85,8392.7742,2270373.0
2018-05-15,24.69,8338.7362,2622596.0
2018-05-16,24.4,8240.7924,3740159.0
2018-05-17,24.36,8227.2829,3053738.0
2018-05-18,24.43,8250.9245,3273452.0
2018-05-21,24.4,8240.7924,2141054.0
2018-05-22,24.4,8851.3209,2229256.0
2018-05-23,24.67,8949.2659,2300180.0
2018-05-24,24.85,9014.5625,1962482.0
2018-05-25,25.1,9105.2523,2592192.0
2018-05-29,25.07,9094.3695,2625299.0
2018-05-30,25.31,9181.4317,2464913.0
2018-05-31,25.3,9177.8041,2408540.0
2018-06-01,24.74,8974.659,2873514.0
2018-06-04,24.49,8883.9692,3544144.0
2018-06-05,24.25,8796.9071,2787690.0
2018-06-06,23.54,8539.3481,2984664.0
2018-06-07,23.56,8546.6033,3157725.0
2018-06-08,23.52,8532.093,2628775.0
2018-06-11,23.27,8441.4032,1958514.0
2018-06-12,23.73,8608.2724,2510671.0
2018-06-13,23.8,8633.6655,3398204.0
2018-06-14,23.99,8702.5897,2632252.0
2018-06-15,24.26,8800.5347,4875041.0
2018-06-18,24.39,8847.6933,2101357.0
2018-06-19,24.67,8949.2659,2272745.0
2018-06-20,24.8,8996.4245,1593002.0
2018-06-21,24.78,8989.1694,2853825.0
2018-06-22,25.06,9090.7419,2958185.0
2018-06-25,25.67,9312.0249,2991058.0
2018-06-26,25.57,9275.749,2382337.0
2018-06-27,25.83,9370.0664,1645563.0
2018-06-28,26.12,9475.2665,4218641.0
2018-06-29,26.28,9533.3079,4245115.0
2018-07-02,26.52,9620.3701,4150086.0
2018-07-03,26.73,9696.5495,1450197.0
2018-07-05,26.8,9721.9426,4200469.0
2018-07-06,26.88,9750.9634,2351323.0
2018-07-09,26.06,9453.5009,3372206.0
2018-07-10,26.24,9518.7976,3181818.0
2018-07-11,26.38,9569.5838,1898533.0
2018-07-12,26.3,9540.5631,2238963.0
2018-07-13,26.3,9540.5631,1679898.0
2018-07-16,26.26,9526.0528,1404805.0
2018-07-17,26.12,9475.2665,2075414.0
2018-07-18,25.9,9395.4595,2323331.0
2018-07-19,26.15,9486.1493,2410413.0
2018-07-20,25.95,9413.5975,2724472.0
2018-07-23,25.74,9337.418,2356548.0
2018-07-24,25.79,9355.556,3561632.0
2018-07-25,25.79,9355.556,1823995.0
2018-07-26,26.12,9475.2665,1844509.0
2018-07-27,26.17,9493.4044,2212710.0
2018-07-30,25.72,9330.1629,3356754.0
2018-07-31,26.18,9497.032,3114703.0
2018-08-01,25.9,9402.6501,3274783.0
2018-08-02,26.29,9544.2344,3762320.0
2018-08-03,26.59,9653.1455,2646573.0
2018-08-06,26.79,9725.7528,3528544.0
2018-08-07,26.54,9634.9936,1778788.0
2018-08-08,26.47,9609.5811,1826902.0
2018-08-09,26.51,9624.1025,1693740.0
2018-08-10,26.61,9660.4062,2979329.0
2018-08-13,26.83,9740.2743,3024467.0
2018-08-14,26.96,9787.469,2679483.0
2018-08-15,27.19,9870.9675,3563454.0
2018-08-16,27.52,9990.7696,2062854.0
2018-08-17,27.6,10019.8125,2372670.0
2018-08-20,27.43,9958.0963,1987425.0
2018-08-21,27.17,9863.7067,1913431.0
2018-08-22,27.0,9801.9905,1346093.0
2018-08-23,27.04,9816.512,1412632.0
2018-08-24,27.06,9823.7727,1866849.0
2018-08-27,26.95,9783.8387,1867526.0
2018-08-28,26.95,9783.8387,1744162.0
2018-08-29,27.25,9892.7497,2388999.0
2018-08-30,27.15,9856.446,1669128.0
2018-08-31,27.07,9827.4031,2246218.0
2018-09-04,27.12,9845.5549,1884118.0
2018-09-05,27.54,9998.0303,1990752.0
2018-09-06,27.68,10048.8554,1135207.0
2018-09-07,27.35,9929.0533,1913711.0
2018-09-10,27.62,10027.0732,2423581.0
2018-09-11,27.73,10067.0073,1872361.0
2018-09-12,27.89,10125.0931,3913757.0
2018-09-13,28.08,10194.0701,1968419.0
2018-09-14,24.79,8999.6794,33151059.0
2018-09-17,25.73,9340.9339,15104460.0
2018-09-18,25.92,9409.9109,6549173.0
2018-09-19,25.54,9271.9569,6470425.0
2018-09-20,25.23,9159.4156,5165292.0
2018-09-21,25.55,9275.5873,11601945.0
2018-09-24,25.29,9181.1978,3352259.0
2018-09-25,24.89,9035.9831,2846936.0
2018-09-26,24.56,8916.181,2394777.0
2018-09-27,24.78,8996.0491,2457675.0
2018-09-28,24.92,9046.8742,5195036.0
2018-10-01,24.79,8999.6794,1603061.0
2018-10-02,25.06,9097.6993,2126329.0
2018-10-03,24.81,9006.9402,1776204.0
2018-10-04,25.05,9094.069,2149080.0
2018-10-05,24.97,9065.026,3706559.0
2018-10-08,25.05,9094.069,3009602.0
2018-10-09,24.99,9072.2868,2543223.0
2018-10-10,25.08,9104.9601,4296939.0
2018-10-11,24.65,8948.8543,4468711.0
2018-10-12,24.31,8825.4218,2937814.0
2018-10-15,24.75,8985.158,4902535.0
2018-10-16,25.16,9134.003,3510277.0
2018-10-17,25.03,9086.8082,1441231.0
2018-10-18,25.24,9163.0459,2707830.0
2018-10-19,25.4,9221.1318,2537533.0
2018-10-22,25.18,9141.2637,2000366.0
2018-10-23,25.3,9184.8281,3143627.0
2018-10-24,26.19,9507.9308,4193101.0
2018-10-25,25.92,9409.9109,5957408.0
2018-10-26,25.44,9235.6533,3315645.0
2018-10-29,25.81,9369.9768,2793164.0
2018-10-30,25.88,9395.3894,4449412.0
2018-10-31,25.36,9206.6103,4492695.0
2018-11-01,25.37,9216.59,5346626.0
2018-11-02,25.43,9238.4145,5558935.0
2018-11-05,25.93,9420.0585,3495402.0
2018-11-06,26.1,9481.8174,3016816.0
2018-11-07,26.16,9503.6147,3132326.0
2018-11-08,25.96,9430.9571,2657921.0
2018-11-09,26.16,9503.6147,3057783.0
2018-11-12,26.1,9481.8174,3963742.0
2018-11-13,25.96,9430.9571,5580250.0
2018-11-14,25.59,9461.7491,4773852.0
2018-11-15,25.31,9358.2208,6423892.0
2018-11-16,25.69,9498.7235,10117210.0
2018-11-19,25.93,9587.4621,3224030.0
2018-11-20,25.75,9520.9082,3597888.0
2018-11-21,25.56,9450.6568,2192778.0
2018-11-23,25.67,9491.3286,1122054.0
2018-11-26,25.79,9535.6979,2751557.0
2018-11-27,25.98,9605.9493,2169673.0
2018-11-28,25.76,9524.6056,3131656.0
2018-11-29,26.05,9689.646,3096953.0
2018-11-30,26.42,9827.2725,4024676.0
2018-12-03,26.94,10020.6934,2689792.0
2018-12-04,27.09,10076.4879,3881449.0
2018-12-06,26.81,9972.3382,3829128.0
2018-12-07,27.14,10095.0861,3112791.0
2018-12-10,27.26,10139.7217,2680151.0
2018-12-11,27.5,10228.9929,2334095.0
2018-12-12,27.19,10113.6843,2547794.0
2018-12-13,27.62,10273.6285,1665955.0
2018-12-14,27.49,10225.2733,2768202.0
2018-12-17,26.64,9909.1044,3773234.0
2018-12-18,26.48,9849.5903,2722015.0
2018-12-19,26.37,9808.6743,3538590.0
2018-12-20,26.28,9775.1976,4650742.0
2018-12-21,26.05,9689.646,4960492.0
2018-12-24,24.89,9258.1685,2130198.0
2018-12-26,25.06,9321.4023,2903646.0
2018-12-27,25.33,9421.8324,2842529.0
2018-12-28,25.48,9477.6269,2023893.0
2018-12-31,25.35,9429.2717,3537518.0
2019-01-02,25.07,9325.1219,2717400.0
2019-01-03,25.1,9336.2808,2372224.0
2019-01-04,25.54,9499.9447,2047091.0
2019-01-07,25.68,9552.0196,2536465.0
2019-01-08,26.16,9730.562,2638752.0
2019-01-09,26.14,9723.1227,2183081.0
2019-01-10,26.67,9920.2633,2400231.0
2019-01-11,26.39,9816.1136,3032938.0
2019-01-14,25.92,9641.2908,3024949.0
2019-01-15,26.34,9797.5154,2823781.0
2019-01-16,26.45,9838.4314,2747039.0
2019-01-17,26.73,9942.5811,3284707.0
2019-01-18,26.65,9912.8241,2669737.0
2019-01-22,26.55,9875.6277,2452964.0
2019-01-23,26.83,9979.7775,1913251.0
2019-01-24,26.85,9987.2167,1851531.0
2019-01-25,26.36,9804.9547,2402847.0
2019-01-28,26.19,9741.7209,2702882.0
2019-01-29,26.35,9801.235,3499791.0
2019-01-30,26.75,9950.0204,2361279.0
2019-01-31,27.28,10147.161,3486199.0
2019-02-01,26.79,9978.1927,3630208.0
2019-02-04,26.23,9769.6153,4125753.0
2019-02-05,26.4,9832.9334,3513593.0
2019-02-06,26.31,9799.4121,3017457.0
2019-02-07,26.61,9911.15,2453666.0
2019-02-08,26.58,9899.9762,2721371.0
2019-02-11,26.51,9873.904,2725571.0
2019-02-12,26.78,9974.4681,3561167.0
2019-02-13,26.77,9970.7435,4232707.0
2019-02-14,26.78,9974.4681,2397207.0
2019-02-15,27.08,10086.206,7074630.0
2019-02-19,26.94,10034.0616,6140543.0
2019-02-20,26.28,9789.1519,4932826.0
2019-02-21,26.44,9848.751,4648242.0
2019-02-22,26.64,9923.2499,3718508.0
2019-02-25,26.46,9856.2009,3286809.0
2019-02-26,26.74,9960.4993,3233653.0
2019-02-27,26.94,10034.9982,4135279.0
2019-02-28,26.98,10049.898,3346519.0
2019-03-01,26.91,10023.8234,2451350.0
2019-03-04,26.96,10042.4481,2405931.0
2019-03-05,26.91,10023.8234,2328486.0
2019-03-06,27.07,10083.4225,2664823.0
2019-03-07,27.26,10154.1964,2217080.0
2019-03-08,27.42,10213.7955,2183398.0
2019-03-11,27.78,10347.8935,3098976.0
2019-03-12,28.0,10429.8422,2079489.0
2019-03-13,27.98,10422.3923,1705702.0
2019-03-14,27.87,10381.418,2864872.0
2019-03-15,27.89,10388.8678,6268136.0
2019-03-18,28.05,10448.4669,2177312.0
2019-03-19,27.8,10355.3433,1882129.0
2019-03-20,27.95,10411.2175,2038746.0
2019-03-21,28.41,10582.5649,2472152.0
2019-03-22,28.61,10657.0638,2586864.0
2019-03-25,28.64,10668.2386,1775593.0
2019-03-26,28.82,10735.2876,1751737.0
2019-03-27,28.68,10683.1384,1744527.0
2019-03-28,28.54,10630.9892,3207709.0
2019-03-29,28.66,10675.6885,3744729.0
2019-04-01,28.18,10496.8912,2947808.0
2019-04-02,28.22,10525.1908,2115295.0
2019-04-03,28.07,10469.2454,2109894.0
2019-04-04,27.91,10409.5703,1684267.0
2019-04-05,28.26,10540.1096,2469709.0
2019-04-08,28.01,10446.8673,2687560.0
2019-04-09,27.96,10428.2188,1776065.0
2019-04-10,27.87,10394.6516,2176296.0
2019-04-11,28.04,10458.0563,2040586.0
2019-04-12,28.07,10469.2454,2055956.0
2019-04-15,27.98,10435.6782,2041278.0
2019-04-16,27.6,10293.9499,2511457.0
2019-04-17,27.59,10290.2202,2158561.0
2019-04-18,27.56,10279.0311,1878833.0
2019-04-22,27.31,10185.7888,2067285.0
2019-04-23,27.3,10182.0591,3440947.0
2019-04-24,27.51,10260.3827,2248542.0
2019-04-25,27.84,10383.4625,2643384.0
2019-04-26,27.88,10398.3813,1893844.0
2019-04-29,27.46,10241.7342,2332034.0
2019-04-30,27.78,10361.0843,7675262.0
2019-05-01,27.4,10223.0274,5158766.0
2019-05-02,27.58,10290.186,5019863.0
2019-05-03,27.86,10394.6549,2807902.0
2019-05-06,27.88,10402.1169,2968434.0
2019-05-07,27.74,10349.8825,2673966.0
2019-05-08,27.47,10249.1446,3413730.0
2019-05-09,27.51,10264.0688,2568073.0
2019-05-10,28.08,10476.7376,2047168.0
2019-05-13,28.3,10558.8203,2798724.0
2019-05-14,28.04,10461.8134,2260433.0
2019-05-15,28.06,10469.2755,1732696.0
2019-05-16,28.19,10517.7789,2178575.0
2019-05-17,28.29,10555.0892,8279353.0
2019-05-20,28.16,10506.5858,2863828.0
2019-05-21,28.12,10491.6617,1653054.0
2019-05-22,28.38,10588.6685,1462842.0
2019-05-23,28.46,10618.5168,1973600.0
2019-05-24,28.51,10637.1719,1705794.0
2019-05-28,27.87,10398.3859,2744296.0
2019-05-29,27.44,10237.9515,2757261.0
2019-05-30,27.55,10278.9929,2436434.0
2019-05-31,27.85,10390.9238,4042419.0
2019-06-03,28.13,10495.3927,2800936.0
2019-06-04,28.08,10476.7376,2103865.0
2019-06-05,28.51,10637.1719,2877008.0
2019-06-06,28.62,10678.2133,2108802.0
2019-06-07,28.54,10648.365,3615926.0
2019-06-10,28.42,10603.5927,1558226.0
2019-06-11,28.17,10510.3169,2084138.0
2019-06-12,28.53,10644.634,2116224.0
2019-06-13,28.48,10625.9789,2594043.0
2019-06-14,28.75,10726.7167,2390488.0
2019-06-17,29.16,10879.689,6361296.0
2019-06-18,28.99,10816.2615,2961953.0
2019-06-19,29.44,10984.1579,3563508.0
2019-06-20,29.42,10976.6958,2652199.0
2019-06-21,29.36,10954.3097,3722125.0
2019-06-24,29.33,10943.1166,1575933.0
2019-06-25,29.34,10946.8476,2175635.0
2019-06-26,28.69,10704.3305,2871025.0
2019-06-27,28.61,10674.4823,1933673.0
2019-06-28,28.8,10745.3719,3556870.0
2019-07-01,28.59,10667.0202,2467440.0
2019-07-02,29.08,10849.8408,2648241.0
2019-07-03,29.51,11010.2751,1344275.0
2019-07-05,29.45,10987.8889,1476093.0
2019-07-08,29.4,10969.2338,1758269.0
2019-07-09,29.56,11028.9303,2066847.0
2019-07-10,29.5,11006.5441,1977458.0
2019-07-11,29.52,11014.0062,1218986.0
2019-07-12,29.34,10946.8476,1161184.0
2019-07-15,29.42,10976.6958,1070360.0
2019-07-16,29.14,10872.227,1646554.0
2019-07-17,29.26,10916.9993,1327221.0
2019-07-18,29.59,11040.1234,1788025.0
2019-07-19,29.2,10894.6131,2245424.0
2019-07-22,29.14,10872.227,1649313.0
2019-07-23,29.22,10902.0752,2159204.0
2019-07-24,29.46,10991.62,2921475.0
2019-07-25,29.39,10965.5028,2024979.0
2019-07-26,29.5,11006.5441,2028609.0
2019-07-29,29.81,11122.2061,2258519.0
2019-07-30,29.58,11036.3924,2972771.0
2019-07-31,29.69,11077.4337,3349097.0
2019-08-01,30.04,11215.351,3812111.0
2019-08-02,29.71,11092.1464,3979412.0
2019-08-05,28.11,10494.7908,7003773.0
2019-08-06,28.1,10491.0574,11314624.0
2019-08-07,27.63,10315.5842,5241976.0
2019-08-08,28.8,10752.4004,8534523.0
2019-08-09,28.57,10666.5306,3227024.0
2019-08-12,28.65,10696.3983,4147616.0
2019-08-13,28.71,10718.7992,4202092.0
2019-08-14,28.69,10711.3322,4260624.0
2019-08-15,29.03,10838.2703,3283223.0
2019-08-16,29.42,10983.8757,9031926.0
2019-08-19,29.63,11062.2786,2716030.0
2019-08-20,29.32,10946.541,2547276.0
2019-08-21,29.66,11073.479,1809192.0
2019-08-22,29.64,11066.0121,1563450.0
2019-08-23,29.02,10834.5368,2038969.0
2019-08-26,29.42,10983.8757,1535416.0
2019-08-27,29.24,10916.6732,1967963.0
2019-08-28,29.1,10864.4046,3951716.0
2019-08-29,29.44,10991.3427,2327004.0
2019-08-30,29.55,11032.4109,1600914.0
2019-09-03,30.06,11222.8179,3530856.0
2019-09-04,30.21,11278.82,1714575.0
2019-09-05,29.67,11077.2125,2595163.0
2019-09-06,29.33,10950.2745,3532906.0
2019-09-09,28.91,10793.4686,1719704.0
2019-09-10,28.97,10815.8695,3402018.0
2019-09-11,29.14,10879.3385,2775512.0
2019-09-12,29.11,10868.1381,2433962.0
2019-09-13,29.04,10842.0038,2494495.0
2019-09-16,29.04,10842.0038,1561454.0
2019-09-17,29.43,10987.6092,1912270.0
2019-09-18,29.47,11002.5431,2610377.0
2019-09-19,29.44,10991.3427,2221773.0
2019-09-20,29.48,11006.2765,3299202.0
2019-09-23,29.62,11058.5452,1382237.0
2019-09-24,29.96,11185.4832,2417340.0
2019-09-25,30.07,11226.5514,1893632.0
2019-09-26,30.56,11409.4916,2661601.0
2019-09-27,30.03,11211.6175,2917053.0
2019-09-30,29.92,11170.5493,3700614.0
2019-10-01,29.73,11099.6134,2278906.0
2019-10-02,29.41,10980.1422,2529366.0
2019-10-03,29.37,10965.2084,3521650.0
2019-10-04,29.63,11062.2786,2635513.0
2019-10-07,29.33,10950.2745,1874698.0
2019-10-08,28.83,10763.6008,2730903.0
2019-10-09,29.04,10842.0038,2244040.0
2019-10-10,29.01,10830.8033,1790679.0
2019-10-11,29.14,10879.3385,2204967.0
2019-10-14,28.54,10655.3301,2205431.0
2019-10-15,28.14,10505.9912,3562791.0
2019-10-16,27.97,10442.5222,9406857.0
2019-10-17,27.95,10435.0553,3537146.0
2019-10-18,27.98,10446.2557,2696351.0
2019-10-21,28.05,10472.39,3267331.0
2019-10-22,28.27,10554.5264,2687645.0
2019-10-23,28.15,10509.7247,3686338.0
2019-10-24,28.2,10528.3921,3678302.0
2019-10-25,28.04,10468.6565,3278511.0
2019-10-28,27.45,10248.3817,2759738.0
2019-10-29,27.31,10196.113,4105854.0
2019-10-30,27.51,10276.1585,4860469.0
2019-10-31,28.04,10474.1362,5399649.0
2019-11-01,27.65,10328.4545,3134896.0
2019-11-04,27.31,10201.4793,4059106.0
2019-11-05,26.94,10063.2681,4674279.0
2019-11-06,27.09,10119.2997,3722046.0
2019-11-07,26.68,9966.1468,4038415.0
2019-11-08,26.41,9865.29,3582815.0
2019-11-11,26.09,9745.756,2841358.0
2019-11-12,26.09,9745.756,4460104.0
2019-11-13,26.4,9861.5545,5105572.0
2019-11-14,26.32,9831.671,4103524.0
2019-11-15,26.5,9898.9089,5107310.0
2019-11-18,26.25,9805.523,4019429.0
2019-11-19,26.04,9727.0788,4890615.0
2019-11-20,26.06,9734.5497,5497264.0
2019-11-21,26.22,9794.3167,4694644.0
2019-11-22,26.36,9846.6128,4076530.0
2019-11-25,26.55,9917.5861,10147658.0
2019-11-26,26.46,9883.9671,3807979.0
2019-11-27,26.53,9910.1152,5700211.0
2019-11-29,26.45,9880.2317,2098169.0
2019-12-02,26.18,9779.3749,4224524.0
2019-12-03,26.41,9865.29,3198364.0
2019-12-04,26.5,9898.9089,3245963.0
2019-12-05,26.65,9954.9405,3241218.0
2019-12-06,26.8,10010.972,3332223.0
2019-12-09,26.72,9981.0885,2528616.0
2019-12-10,27.0,10085.6808,4389038.0
2019-12-11,26.89,10044.591,3743848.0
2019-12-12,26.67,9962.4113,3279376.0
2019-12-13,26.88,10040.8555,3408054.0
2019-12-16,27.17,10149.1832,2896112.0
2019-12-17,27.26,10182.8021,2421015.0
2019-12-18,27.55,10291.1298,3915359.0
2019-12-19,27.61,10313.5424,2629849.0
2019-12-20,27.76,10369.574,6049902.0
2019-12-23,27.45,10253.7754,3109474.0
2019-12-24,27.43,10246.3046,711834.0
2019-12-26,27.35,10216.4211,1472200.0
2019-12-27,27.29,10194.0084,2893520.0
2019-12-30,27.52,10279.9235,5741258.0
2019-12-31,27.84,10399.4575,5308187.0
2020-01-02,27.18,10152.9186,4197853.0
2020-01-03,27.4,10235.0983,3440360.0
2020-01-06,27.39,10231.3628,4366865.0
2020-01-07,27.63,10321.0133,2937083.0
2020-01-08,27.66,10332.2196,4566451.0
2020-01-09,27.75,10365.8386,3230115.0
2020-01-10,27.64,10324.7488,2632904.0
2020-01-13,27.86,10406.9284,3127413.0
2020-01-14,28.18,10526.4624,2902856.0
2020-01-15,28.69,10716.9697,3251360.0
2020-01-16,28.84,10773.0012,2507361.0
2020-01-17,29.04,10847.71,2226428.0
2020-01-21,29.19,10903.7415,2562161.0
2020-01-22,29.06,10855.1809,2107073.0
2020-01-23,29.19,10903.7415,3374694.0
2020-01-24,29.08,10862.6517,3224728.0
2020-01-27,28.89,10791.6784,2547244.0
2020-01-28,29.12,10877.5935,2205437.0
2020-01-29,29.19,10903.7415,2303363.0
2020-01-30,29.1,10870.1226,3215863.0
2020-01-31,29.31,10948.5668,3712437.0
2020-02-03,29.79,11127.8678,3292506.0
2020-02-04,29.48,11012.0692,3965019.0
2020-02-05,29.77,11120.3969,3080430.0
2020-02-06,29.85,11150.2804,2680932.0
2020-02-07,29.8,11131.6032,2802245.0
2020-02-10,29.86,11154.0158,2213719.0
2020-02-11,29.93,11180.1639,2265494.0
2020-02-12,29.83,11142.8095,2272376.0
2020-02-13,30.19,11277.2853,1825317.0
2020-02-14,30.21,11284.7561,3826172.0
2020-02-18,30.21,11284.7561,2740977.0
2020-02-19,30.02,11213.7828,1511740.0
2020-02-20,30.05,11224.9891,1998667.0
2020-02-21,29.88,11161.4867,3735244.0
2020-02-24,29.25,10926.1542,3224675.0
2020-02-25,28.38,10601.1711,4048250.0
2020-02-26,27.75,10365.8386,10577955.0
2020-02-27,27.3,10197.7439,6725876.0
2020-02-28,27.02,10328.7557,12727807.0
2020-03-02,28.56,10917.4412,7194574.0
2020-03-03,28.38,10848.6338,4823067.0
2020-03-04,29.86,11414.3836,3591575.0
2020-03-05,29.63,11326.463,4713423.0
2020-03-06,29.46,11261.4782,6803996.0
2020-03-09,27.69,10584.8721,7440055.0
2020-03-10,28.52,10902.1507,7176098.0
2020-03-11,27.1,10359.3367,4057353.0
2020-03-12,24.02,9181.9656,5799233.0
2020-03-13,25.18,9625.3911,3373562.0
2020-03-16,20.94,8004.5945,5235900.0
2020-03-17,24.57,9392.2105,6849439.0
2020-03-18,23.6,9021.415,5782387.0
2020-03-19,23.36,8929.6718,4183289.0
2020-03-20,21.0,8027.5303,3988134.0
2020-03-23,20.86,7974.0134,5597879.0
2020-03-24,21.94,8386.8579,4950834.0
2020-03-25,22.83,8727.0722,4885522.0
2020-03-26,24.55,9384.5652,3938670.0
2020-03-27,24.76,9464.8405,4955109.0
2020-03-30,26.08,9969.4281,3376558.0
2020-03-31,24.97,9545.1158,3857023.0
2020-04-01,23.06,8814.9928,3460648.0
2020-04-02,23.49,8979.366,4229432.0
2020-04-03,22.49,8597.1027,4164967.0
2020-04-06,24.55,9384.5652,2894609.0
2020-04-07,24.11,9216.3693,3168653.0
2020-04-08,25.47,9736.2475,1920245.0
2020-04-09,26.58,10160.5598,2784648.0
2020-04-13,25.71,9838.7913,1527698.0
2020-04-14,26.62,10187.0333,2106761.0
2020-04-15,25.45,9739.2936,2286696.0
2020-04-16,25.93,9922.9817,4369550.0
2020-04-17,26.38,10095.1892,2435448.0
2020-04-20,25.48,9750.7741,2644328.0
2020-04-21,25.38,9712.5058,2636299.0
2020-04-22,26.01,9953.5964,2917618.0
2020-04-23,25.85,9892.367,3341663.0
2020-04-24,26.03,9961.25,3993112.0
2020-04-27,26.25,10045.4404,2151280.0
2020-04-28,26.85,10275.0504,3014833.0
2020-04-29,25.93,9922.9817,3219721.0
2020-04-30,25.11,9609.1813,2955662.0
2020-05-01,24.47,9364.2639,2207349.0
2020-05-04,24.4,9337.476,2369543.0
2020-05-05,24.53,9387.2249,3466556.0
2020-05-06,22.92,8773.7639,4410155.0
2020-05-07,22.9,8766.1079,4612803.0
2020-05-08,23.27,8907.7437,3748904.0
2020-05-11,23.49,8991.9596,5410316.0
2020-05-12,22.77,8716.344,3727612.0
2020-05-13,22.41,8578.5362,4270651.0
2020-05-14,22.49,8609.1601,3434655.0
2020-05-15,22.37,8563.2242,9315567.0
2020-05-18,23.17,8869.4638,3931799.0
2020-05-19,23.05,8823.5278,2647046.0
2020-05-20,23.08,8835.0118,1895159.0
2020-05-21,22.99,8800.5599,2284909.0
2020-05-22,23.09,8838.8398,1899231.0
2020-05-26,23.39,8953.6797,1890702.0
2020-05-27,23.32,8926.8837,4091811.0
2020-05-28,24.02,9194.8433,3594637.0
2020-05-29,23.83,9122.1114,5885783.0
2020-06-01,24.21,9267.5752,2402420.0
2020-06-02,24.72,9462.8029,3544611.0
2020-06-03,25.32,9692.4826,3984020.0
2020-06-04,24.62,9424.523,3247076.0
2020-06-05,25.08,9600.6108,2665559.0
2020-06-08,25.61,9803.4945,1945240.0
2020-06-09,24.83,9504.9109,2028694.0
2020-06-10,24.41,9344.1351,2504332.0
2020-06-11,23.12,8850.3238,2414892.0
2020-06-12,23.26,8903.9157,2521738.0
2020-06-15,23.48,8988.1316,3139457.0
2020-06-16,23.64,9049.3795,2606408.0
2020-06-17,23.55,9014.9276,2036943.0
2020-06-18,23.73,9083.8315,1997262.0
2020-06-19,22.97,8792.9039,5728310.0
2020-06-22,23.23,8892.4317,2114232.0
2020-06-23,22.85,8746.9679,2729870.0
2020-06-24,22.4,8574.7082,2590022.0
2020-06-25,22.33,8547.9122,3687074.0
2020-06-26,22.35,8555.5682,7111333.0
2020-06-29,22.69,8685.72,1892511.0
2020-06-30,22.74,8704.86,3340312.0
2020-07-01,23.46,8980.4756,3927665.0
2020-07-02,23.36,8942.1957,2353938.0
2020-07-06,23.29,8915.3997,2576426.0
2020-07-07,23.33,8930.7117,3190874.0
2020-07-08,23.38,8949.8517,3755550.0
2020-07-09,22.95,8785.2479,2886076.0
2020-07-10,23.57,9022.5836,3070824.0
2020-07-13,24.02,9194.8433,5628451.0
2020-07-14,23.75,9091.4875,5504811.0
2020-07-15,23.72,9080.0035,3111223.0
2020-07-16,23.85,9129.7674,1749507.0
2020-07-17,24.34,9317.3391,1867324.0
2020-07-20,23.75,9091.4875,2535926.0
2020-07-21,23.81,9114.4554,3085162.0
2020-07-22,24.64,9432.179,3395339.0
2020-07-23,24.74,9470.4589,3559152.0
2020-07-24,24.54,9393.899,2722229.0
2020-07-27,24.28,9294.3712,1422696.0
2020-07-28,24.67,9443.663,1802548.0
2020-07-29,24.76,9478.1149,1764579.0
2020-07-30,24.49,9374.7591,1880907.0
2020-07-31,24.45,9359.4471,2575703.0
2020-08-03,23.98,9179.5313,2249538.0
2020-08-04,24.15,9244.6072,3290554.0
2020-08-05,24.36,9330.4412,4103734.0
2020-08-06,24.34,9322.7807,2846448.0
2020-08-07,24.75,9479.8202,3434000.0
2020-08-10,24.81,9502.8016,2771913.0
2020-08-11,24.29,9303.6296,2918443.0
2020-08-12,24.75,9479.8202,2890266.0
2020-08-13,24.35,9326.611,2311139.0
2020-08-14,24.12,9238.5157,1504119.0
2020-08-17,23.96,9177.232,1886845.0
2020-08-18,23.58,9031.6832,2159945.0
2020-08-19,23.44,8978.06,1960052.0
2020-08-20,22.97,8798.0392,3243320.0
2020-08-21,22.72,8702.2834,2795084.0
2020-08-24,23.03,8821.0206,3208434.0
2020-08-25,22.74,8709.9439,2197009.0
2020-08-26,22.19,8499.2812,2776806.0
2020-08-27,22.18,8495.451,3324575.0
2020-08-28,22.35,8560.5649,2719850.0
2020-08-31,22.16,8487.7905,3110175.0
2020-09-01,21.39,8192.8628,3275191.0
2020-09-02,22.27,8529.9231,4552191.0
2020-09-03,22.42,8587.3765,3209312.0
2020-09-04,22.28,8533.7533,2861256.0
2020-09-08,21.97,8415.0161,3051985.0
2020-09-09,22.11,8468.6394,2647420.0
2020-09-10,21.88,8380.5441,2584746.0
2020-09-11,22.04,8441.8278,2269141.0
2020-09-14,22.38,8572.0556,3856449.0
2020-09-15,22.11,8468.6394,3245219.0
2020-09-16,22.26,8526.0928,4725943.0
2020-09-17,22.42,8587.3765,2979089.0
2020-09-18,21.98,8418.8464,5579589.0
2020-09-21,22.2,8503.1114,3942810.0
2020-09-22,22.08,8457.1487,2580264.0
2020-09-23,21.61,8277.1279,3731529.0
2020-09-24,21.65,8292.4488,2134471.0
2020-09-25,22.14,8480.1301,2787698.0
2020-09-28,21.85,8369.0534,3639908.0
2020-09-29,21.96,8411.1859,2867604.0
2020-09-30,22.0,8426.5068,3854469.0
2020-10-01,22.0,8426.5068,6901379.0
2020-10-02,22.14,8480.1301,4625123.0
2020-10-05,21.99,8422.6766,4582531.0
2020-10-06,22.41,8583.5463,2544947.0
2020-10-07,22.05,8445.658,4345465.0
2020-10-08,22.36,8564.3951,4468213.0
2020-10-09,22.49,8614.1881,2800302.0
2020-10-12,23.08,8840.1717,3341362.0
2020-10-13,23.11,8851.6624,3345732.0
2020-10-14,23.3,8924.4368,3167539.0
2020-10-15,23.39,8958.9089,2257864.0
2020-10-16,23.5,9001.0414,2100189.0
2020-10-19,23.47,8989.5507,2896923.0
2020-10-20,23.6,9039.3437,2354842.0
2020-10-21,23.58,9031.6832,2310991.0
2020-10-22,24.04,9207.8738,3060065.0
2020-10-23,24.31,9311.2901,2483747.0
2020-10-26,24.25,9288.3087,2611749.0
2020-10-27,24.26,9292.1389,3312362.0
2020-10-28,23.18,8878.474,4575877.0
2020-10-29,22.96,8794.209,3324244.0
2020-10-30,22.97,8798.0392,3603889.0
2020-11-02,23.45,8986.3259,3082856.0
2020-11-03,24.03,9208.589,2863877.0
2020-11-04,23.65,9062.9684,4166546.0
2020-11-05,23.65,9062.9684,3431476.0
2020-11-06,23.22,8898.1871,3809389.0
2020-11-09,24.11,9239.246,4572562.0
2020-11-10,25.07,9607.1297,4389648.0
2020-11-11,24.64,9442.3484,3017970.0
2020-11-12,23.87,9147.275,2842603.0
2020-11-13,24.47,9377.2024,2518399.0
2020-11-16,24.62,9434.6842,3528020.0
2020-11-17,24.75,9484.5018,3132392.0
2020-11-18,23.96,9181.7641,2450021.0
2020-11-19,23.6,9043.8078,1795504.0
2020-11-20,23.9,9158.7714,2645131.0
2020-11-23,24.31,9315.8884,3207897.0
2020-11-24,24.94,9557.3121,3416361.0
2020-11-25,24.9,9541.9836,2049134.0
2020-11-27,24.51,9392.5309,880069.0
2020-11-30,24.2,9273.7351,3601188.0
2020-12-01,24.49,9384.8666,2108485.0
2020-12-02,24.62,9434.6842,1954098.0
2020-12-03,24.36,9335.049,2566231.0
2020-12-04,24.0,9197.0926,2529724.0
2020-12-07,23.92,9166.4357,3224180.0
2020-12-08,23.21,8894.355,4285074.0
2020-12-09,23.2,8890.5229,3286673.0
2020-12-10,22.57,8649.0992,4347193.0
2020-12-11,22.89,8771.7271,3952504.0
2020-12-14,22.65,8679.7562,2694772.0
2020-12-15,23.2,8890.5229,2073287.0
2020-12-16,22.8,8737.238,1719012.0
2020-12-17,22.81,8741.0701,1731569.0
2020-12-18,22.4,8583.9531,4378886.0
2020-12-21,21.53,8250.5585,4111042.0
2020-12-22,21.71,8319.5367,2859619.0
2020-12-23,21.91,8396.1791,3564207.0
2020-12-24,22.09,8465.1573,1097752.0
2020-12-28,22.3,8545.6319,2392419.0
2020-12-29,22.34,8560.9604,2639232.0
2020-12-30,22.55,8641.435,2217440.0
2020-12-31,22.94,8790.8877,1812582.0
2021-01-04,22.58,8652.9313,3363250.0
2021-01-05,22.52,8629.9386,2731249.0
2021-01-06,23.02,8821.5447,2350461.0
2021-01-07,22.13,8480.4858,3047935.0
2021-01-08,21.81,8357.8579,3282150.0
2021-01-11,21.88,8384.6828,3242034.0
2021-01-12,21.87,8380.8507,3365186.0
2021-01-13,22.01,8434.5004,2756137.0
2021-01-14,21.86,8377.0185,2586239.0
2021-01-15,22.93,8787.0556,6053232.0
2021-01-19,22.46,8606.9459,3899888.0
2021-01-20,22.38,8576.2889,3170472.0
2021-01-21,21.92,8400.0113,2792403.0
2021-01-22,21.93,8403.8434,2175834.0
2021-01-25,22.11,8472.8216,3189226.0
2021-01-26,21.71,8319.5367,2439089.0
2021-01-27,21.26,8147.0912,3934089.0
2021-01-28,22.17,8495.8143,4151073.0
2021-01-29,22.15,8488.1501,5158897.0
2021-02-01,22.22,8514.9749,2693550.0
2021-02-02,22.47,8610.778,3318838.0
2021-02-03,22.26,8530.3034,2117289.0
2021-02-04,22.76,8721.9095,3188187.0
2021-02-05,22.8,8737.238,2870795.0
2021-02-08,22.32,8553.2961,2065149.0
2021-02-09,22.36,8568.6246,1884190.0
2021-02-10,22.47,8610.778,2112774.0
2021-02-11,22.75,8718.0774,2797605.0
2021-02-12,22.53,8633.7707,1977552.0
2021-02-16,22.38,8576.2889,3022415.0
2021-02-17,22.67,8883.4596,1996154.0
2021-02-18,22.84,8950.0758,2581981.0
2021-02-19,22.84,8950.0758,3396898.0
2021-02-22,22.38,8769.8203,2662816.0
2021-02-23,22.61,8859.9481,2359897.0
2021-02-24,22.18,8691.4484,3223179.0
2021-02-25,22.11,8664.0182,3503036.0
2021-02-26,21.6,8464.1698,5016323.0
2021-03-01,22.0,8620.9136,4104646.0
2021-03-02,21.77,8530.7859,3950206.0
2021-03-03,21.57,8452.414,5396003.0
2021-03-04,21.5,8424.9838,5467114.0
2021-03-05,21.86,8566.0533,4956836.0
2021-03-08,22.04,8636.588,6788245.0
2021-03-09,22.03,8632.6694,5633382.0
2021-03-10,22.13,8671.8554,5152792.0
2021-03-11,22.2,8699.2856,3592239.0
2021-03-12,22.55,8836.4365,3924151.0
2021-03-15,23.03,9024.5291,4065112.0
2021-03-16,23.45,9189.1102,5562309.0
2021-03-17,23.45,9189.1102,8248581.0
2021-03-18,23.57,9236.1334,6476564.0
2021-03-19,23.69,9283.1566,10310959.0
2021-03-22,23.42,9177.3544,4649750.0
2021-03-23,23.52,9216.5404,5810708.0
2021-03-24,23.88,9357.6099,6746626.0
2021-03-25,24.36,9545.7026,3945067.0
2021-03-26,23.8,9326.2611,4625538.0
2021-03-29,24.15,9463.412,3437820.0
2021-03-30,23.99,9400.7145,2282577.0
2021-03-31,24.11,9447.7376,2941568.0
2021-04-01,24.07,9432.0632,2022365.0
2021-04-05,24.43,9573.1327,2421873.0
2021-04-06,24.52,9608.4001,2042981.0
2021-04-07,24.63,9651.5047,2015820.0
2021-04-08,24.65,9659.3419,3381271.0
2021-04-09,24.71,9682.8535,2135240.0
2021-04-12,24.75,9698.5278,1922640.0
2021-04-13,24.51,9604.4815,16849902.0
2021-04-14,25.26,9898.3763,14761340.0
2021-04-15,25.58,10023.7714,4182031.0
2021-04-16,25.62,10039.4458,3938005.0
2021-04-19,25.74,10093.4228,3587389.0
2021-04-20,26.18,10265.9599,4203770.0
2021-04-21,26.03,10207.1404,5606681.0
2021-04-22,25.9,10156.1635,3253359.0
2021-04-23,25.72,10085.5802,3216837.0
2021-04-26,25.67,10065.9737,2779060.0
2021-04-27,25.56,10022.8394,3974296.0
2021-04-28,25.61,10042.4459,4469716.0
2021-04-29,25.76,10101.2653,6294645.0
2021-04-30,26.02,10203.2191,5759951.0
2021-05-03,25.9,10156.1635,3916834.0
2021-05-04,25.94,10171.8487,5108652.0
2021-05-05,25.78,10111.3554,4453939.0
2021-05-06,25.76,10103.5111,3907477.0
2021-05-07,25.98,10189.7989,3537264.0
2021-05-10,26.47,10381.9852,4859216.0
2021-05-11,25.81,10123.122,4929400.0
2021-05-12,25.4,9962.313,2221703.0
2021-05-13,25.76,10103.5111,2647037.0
2021-05-14,25.75,10099.5889,2205329.0
2021-05-17,25.45,9981.9238,3678658.0
2021-05-18,25.25,9903.4804,2527667.0
2021-05-19,25.18,9876.0252,3579741.0
2021-05-20,25.32,9930.9356,3108368.0
2021-05-21,25.42,9970.1573,2522503.0
2021-05-24,25.56,10025.0677,3622736.0
2021-05-25,25.33,9934.8578,3121222.0
2021-05-26,25.46,9985.846,3109003.0
2021-05-27,25.51,10005.4568,4494732.0
2021-05-28,25.5,10001.5347,3960172.0
2021-06-01,25.43,9974.0795,2582246.0
2021-06-02,25.55,10021.1455,4964439.0
2021-06-03,25.48,9993.6903,4438221.0
2021-06-04,25.49,9997.6125,2943953.0
2021-06-07,25.51,10005.4568,2379109.0
2021-06-08,25.42,9970.1573,2929177.0
2021-06-09,25.62,10048.6007,2430421.0
2021-06-10,25.75,10099.5889,2961289.0
2021-06-11,26.01,10201.5654,7275171.0
2021-06-14,26.03,10209.4097,3274948.0
2021-06-15,26.16,10260.3979,6423226.0
2021-06-16,25.81,10123.122,2485500.0
2021-06-17,25.88,10150.5772,2640354.0
2021-06-18,25.02,9813.2705,5017293.0
2021-06-21,25.39,9958.3908,4547969.0
2021-06-22,25.15,9864.2587,2903227.0
2021-06-23,24.86,9750.5158,2848081.0
2021-06-24,24.84,9742.6714,2687596.0
2021-06-25,25.1,9844.6479,4057598.0
2021-06-28,25.16,9868.1809,1890543.0
2021-06-29,24.64,9664.228,2556751.0
2021-06-30,24.5,9609.3176,3683444.0
2021-07-01,24.8,9726.9827,3129863.0
2021-07-02,24.83,9738.7493,2097071.0
2021-07-06,24.87,9754.4379,2583008.0
2021-07-07,25.03,9817.1927,2359066.0
2021-07-08,24.95,9785.8153,3150177.0
2021-07-09,25.14,9860.3365,2711591.0
2021-07-12,25.24,9899.5582,1945630.0
2021-07-13,24.97,9793.6596,2391360.0
2021-07-14,25.18,9876.0252,1979091.0
2021-07-15,25.56,10025.0677,3191488.0
2021-07-16,25.75,10099.5889,3135594.0
2021-07-19,24.96,9789.7375,3461653.0
2021-07-20,25.17,9872.103,4098941.0
2021-07-21,24.79,9723.0606,2303285.0
2021-07-22,24.88,9758.3601,2649609.0
2021-07-23,25.21,9887.7917,2402641.0
2021-07-26,25.24,9899.5582,2560909.0
2021-07-27,25.6,10040.7564,2528559.0
2021-07-28,25.5,10001.5347,2098276.0
2021-07-29,25.2,9883.8696,2123667.0
2021-07-30,24.77,9715.2162,10273862.0
2021-08-02,25.13,9856.4144,3218202.0
2021-08-03,25.31,9927.0134,2861254.0
2021-08-04,25.25,9908.3621,2709117.0
2021-08-05,25.44,9982.9201,1979840.0
2021-08-06,25.4,9967.2237,1570046.0
2021-08-09,25.24,9904.438,1870495.0
2021-08-10,25.07,9837.7283,2406789.0
2021-08-11,25.36,9951.5273,2277926.0
2021-08-12,25.29,9924.0585,1719604.0
2021-08-13,25.47,9994.6924,1301189.0
2021-08-16,25.64,10061.4022,2319970.0
2021-08-17,25.69,10081.0227,3190192.0
2021-08-18,25.47,9994.6924,2999474.0
2021-08-19,25.5,10006.4647,4638539.0
2021-08-20,25.71,10088.8709,2212888.0
2021-08-23,25.34,9943.6791,2526632.0
2021-08-24,25.18,9880.8934,3779073.0
2021-08-25,25.03,9822.0318,2960244.0
2021-08-26,24.77,9720.0051,4043437.0
2021-08-27,24.82,9739.6257,2510522.0
2021-08-30,24.76,9716.081,2734193.0
2021-08-31,24.65,9672.9159,4701223.0
2021-09-01,25.21,9892.6657,3221264.0
2021-09-02,25.38,9959.3755,2320430.0
2021-09-03,25.06,9833.8041,2177718.0
2021-09-07,24.72,9700.3846,3552337.0
2021-09-08,25.1,9849.5006,2686655.0
2021-09-09,25.04,9825.9559,3525337.0
2021-09-10,24.61,9657.2195,3289073.0
2021-09-13,24.71,9696.4605,3986130.0
2021-09-14,24.31,9539.4964,3594013.0
2021-09-15,24.19,9492.4071,4414977.0
2021-09-16,24.05,9437.4697,3151619.0
2021-09-17,24.03,9429.6215,6367530.0
2021-09-20,23.93,9390.3804,3180559.0
2021-09-21,24.0,9417.8491,3588633.0
2021-09-22,24.13,9468.8625,3760264.0
2021-09-23,23.91,9382.5322,3088392.0
2021-09-24,24.01,9421.7732,3415832.0
2021-09-27,23.88,9370.7599,4850866.0
2021-09-28,23.84,9355.0635,4064603.0
2021-09-29,24.23,9508.1035,3378391.0
2021-09-30,24.23,9508.1035,4207319.0
2021-10-01,24.3,9535.5723,4756959.0
2021-10-04,24.59,9649.3713,5050738.0
2021-10-05,24.39,9570.8892,4760494.0
2021-10-06,24.65,9672.9159,3324986.0
2021-10-07,24.56,9637.599,3426587.0
2021-10-08,24.43,9586.5856,2681689.0
2021-10-11,24.34,9551.2687,2184107.0
2021-10-12,24.36,9559.1169,3914797.0
2021-10-13,24.69,9688.6123,4792254.0
2021-10-14,24.9,9771.0185,4533320.0
2021-10-15,24.88,9763.1703,2991598.0
2021-10-18,24.51,9617.9784,3059519.0
2021-10-19,24.64,9668.9918,2061287.0
2021-10-20,24.91,9774.9426,2975960.0
2021-10-21,24.9,9771.0185,3952726.0
2021-10-22,25.05,9829.88,3150033.0
2021-10-25,24.97,9798.4872,2233648.0
2021-10-26,24.96,9794.5631,3200316.0
2021-10-27,24.84,9747.4739,2930970.0
2021-10-28,24.68,9684.6882,3112252.0
2021-10-29,24.67,9680.7641,3494350.0
2021-11-01,24.83,9743.5498,3017515.0
2021-11-02,24.74,9708.2328,4268628.0
2021-11-03,25.29,9931.5013,6673184.0
2021-11-04,25.07,9845.1063,5797300.0
2021-11-05,25.31,9939.3554,4811804.0
2021-11-08,25.07,9845.1063,3434466.0
2021-11-09,25.03,9829.3981,6084506.0
2021-11-10,25.31,9939.3554,3497460.0
2021-11-11,25.09,9852.9604,2748964.0
2021-11-12,25.08,9849.0333,4483708.0
2021-11-15,25.54,10029.6775,3636093.0
2021-11-16,25.28,9927.5743,2327259.0
2021-11-17,25.29,9931.5013,4132688.0
2021-11-18,25.12,9864.7415,2403974.0
2021-11-19,25.22,9904.012,10134405.0
2021-11-22,25.47,10002.1882,5689657.0
2021-11-23,25.54,10029.6775,2697158.0
2021-11-24,25.47,10002.1882,2289114.0
2021-11-26,24.99,9813.6899,1713158.0
2021-11-29,25.25,9915.7931,4959502.0
2021-11-30,24.51,9625.1917,6013779.0
2021-12-01,24.4,9581.9942,5812573.0
2021-12-02,24.82,9746.9301,5562633.0
2021-12-03,25.1,9856.8874,4730044.0
2021-12-06,25.68,10084.6562,3604521.0
2021-12-07,25.83,10143.5619,4674261.0
2021-12-08,25.81,10135.7078,5971837.0
2021-12-09,25.85,10151.416,4060283.0
2021-12-10,25.93,10182.8323,3904219.0
2021-12-13,26.27,10316.3519,3354812.0
2021-12-14,26.21,10292.7896,4437984.0
2021-12-15,26.6,10445.9445,3728247.0
2021-12-16,26.91,10567.6829,5271697.0
2021-12-17,26.88,10555.9018,7150572.0
2021-12-20,27.03,10614.8075,4300424.0
2021-12-21,26.82,10532.3395,3642850.0
2021-12-22,26.92,10571.61,1871419.0
2021-12-23,26.87,10551.9747,2113195.0
2021-12-27,27.07,10630.5157,3176567.0
2021-12-28,27.36,10744.4,1666646.0
2021-12-29,27.7,10877.9196,3222044.0
2021-12-30,27.55,10819.0139,2503755.0
2021-12-31,27.61,10842.5762,2686688.0
2022-01-03,27.52,10807.2328,2972268.0
2022-01-04,27.62,10846.5032,3840368.0
2022-01-05,27.77,10905.4089,3742699.0
2022-01-06,27.65,10858.2844,2562224.0
2022-01-07,27.87,10944.6794,3838122.0
2022-01-10,27.77,10905.4089,6248820.0
2022-01-11,27.81,10921.1171,5969616.0
2022-01-12,27.95,10976.0958,4115099.0
2022-01-13,28.33,11125.3236,5476445.0
2022-01-14,28.33,11125.3236,5641939.0
2022-01-18,28.16,11058.5638,4624373.0
2022-01-19,27.94,10972.1687,5016098.0
2022-01-20,27.84,10932.8983,4786441.0
2022-01-21,27.53,10811.1598,5027012.0
2022-01-24,27.04,10618.7345,9006650.0
2022-01-25,27.14,10658.005,8125069.0
2022-01-26,27.33,10732.6189,5749844.0
2022-01-27,27.97,10983.9499,7021207.0
2022-01-28,29.27,11494.466,16433666.0
2022-01-31,29.18,11459.1225,13156324.0
2022-02-01,28.83,11321.6759,7493782.0
2022-02-02,29.6,11624.0585,8064468.0
2022-02-03,29.74,11679.0372,9597344.0
2022-02-04,29.35,11525.8823,7231090.0
2022-02-07,28.79,11305.9677,5789295.0
2022-02-08,28.9,11349.1652,4470677.0
2022-02-09,29.02,11396.2898,4381540.0
2022-02-10,28.5,11192.0834,4793377.0
2022-02-11,28.76,11294.1866,5717886.0
2022-02-14,28.41,11156.7399,4439305.0
2022-02-15,28.26,11097.8342,4413508.0
2022-02-16,28.4,11152.8129,4802322.0
2022-02-17,28.57,11219.5727,3773310.0
2022-02-18,28.45,11172.4481,5024728.0
2022-02-22,28.36,11137.1047,5228190.0
2022-02-23,28.21,11435.9111,7648698.0
2022-02-24,28.33,11484.5573,9223155.0
2022-02-25,28.98,11748.0576,5719945.0
2022-02-28,28.93,11727.7883,5890551.0
2022-03-01,28.65,11614.2805,6395036.0
2022-03-02,29.19,11833.1884,5793620.0
2022-03-03,29.67,12027.7732,6779926.0
2022-03-04,30.48,12356.1351,4230643.0
2022-03-07,30.11,12206.1427,3602366.0
2022-03-08,29.61,12003.4501,5677870.0
2022-03-09,29.65,12019.6655,4063092.0
2022-03-10,29.92,12129.1195,4482655.0
2022-03-11,29.79,12076.4194,3941710.0
2022-03-14,29.61,12003.4501,3270059.0
2022-03-15,29.85,12100.7425,3237185.0
2022-03-16,30.09,12198.035,3921941.0
2022-03-17,30.14,12218.3042,3782316.0
2022-03-18,30.09,12198.035,8149359.0
2022-03-21,30.36,12307.4889,3384762.0
2022-03-22,30.22,12250.735,4033878.0
2022-03-23,30.25,12262.8966,4059144.0
2022-03-24,30.54,12380.4582,2892045.0
2022-03-25,31.14,12623.6892,3925960.0
2022-03-28,31.05,12587.2046,4595582.0
2022-03-29,31.43,12741.2509,2836043.0
2022-03-30,31.61,12814.2202,2541826.0
2022-03-31,31.8,12891.2433,3599775.0
2022-04-01,32.08,13004.7511,3716546.0
2022-04-04,31.72,12858.8125,4721159.0
2022-04-05,31.86,12915.5664,3551611.0
2022-04-06,32.46,13158.7974,4529556.0
2022-04-07,32.11,13016.9127,4588730.0
2022-04-08,32.05,12992.5896,3057233.0
2022-04-11,31.89,12927.728,2962926.0
2022-04-12,32.11,13016.9127,4134113.0
2022-04-13,31.68,12842.5971,3207016.0
2022-04-14,31.75,12870.9741,3756546.0
2022-04-18,31.74,12866.9202,4006115.0
2022-04-19,31.77,12890.1821,3379475.0
2022-04-20,32.1,13024.0745,4920363.0
2022-04-21,31.39,12736.0031,7613251.0
2022-04-22,30.87,12525.0212,4329532.0
2022-04-25,30.58,12407.3582,6174278.0
2022-04-26,30.2,12253.1791,4320498.0
2022-04-27,30.11,12216.663,5370111.0
2022-04-28,30.06,12196.3763,5422859.0
2022-04-29,29.12,11814.986,6169950.0
2022-05-02,28.73,11656.7495,6427325.0
2022-05-03,28.96,11750.0685,7759624.0
2022-05-04,29.67,12040.03,6482091.0
2022-05-05,29.31,11893.9426,4686051.0
2022-05-06,29.49,11966.9863,6726757.0
2022-05-09,29.44,11946.6964,6386862.0
2022-05-10,29.32,11898.0006,5875612.0
2022-05-11,29.67,12040.03,4772419.0
2022-05-12,29.61,12015.6821,4588881.0
2022-05-13,30.32,12303.7987,4029309.0
2022-05-16,30.43,12348.4365,3198044.0
2022-05-17,30.75,12478.2919,5350321.0
2022-05-18,30.56,12401.1903,4586726.0
2022-05-19,30.31,12299.7407,4617134.0
2022-05-20,30.28,12287.5668,5197635.0
2022-05-23,30.75,12478.2919,5239614.0
2022-05-24,31.24,12677.133,4684639.0
2022-05-25,31.44,12758.2926,2745189.0
2022-05-26,31.54,12798.8724,2385656.0
2022-05-27,31.76,12888.148,3507806.0
2022-05-31,31.45,12762.3506,3596260.0
2022-06-01,31.34,12717.7128,2907243.0
2022-06-02,31.41,12746.1187,1840417.0
2022-06-03,31.42,12750.1766,2176540.0
2022-06-06,31.76,12888.148,3560252.0
2022-06-07,31.77,12892.206,2633886.0
2022-06-08,31.03,12591.9154,4519131.0
2022-06-09,30.23,12267.2769,2431493.0
2022-06-10,30.05,12194.2332,3257409.0
2022-06-13,28.54,11581.4781,7239402.0
2022-06-14,27.6,11200.0279,6890208.0
2022-06-15,27.72,11248.7236,5268251.0
2022-06-16,27.17,11025.5347,4397912.0
2022-06-17,26.66,10818.5776,8691880.0
2022-06-21,26.98,10948.433,6847951.0
2022-06-22,27.39,11114.8103,3737466.0
2022-06-23,27.81,11285.2455,3542866.0
2022-06-24,28.62,11613.9419,5318453.0
2022-06-27,29.16,11833.0729,5465695.0
2022-06-28,29.35,11910.1746,3798990.0
2022-06-29,29.46,11954.8124,3362888.0
2022-06-30,29.49,11966.9863,3913457.0
2022-07-01,30.05,12194.2332,4079197.0
2022-07-05,28.55,11585.5361,4769273.0
2022-07-06,29.07,11796.5511,3135827.0
2022-07-07,28.5,11565.2462,5754940.0
2022-07-08,28.47,11553.0722,4666284.0
2022-07-11,28.8,11686.9856,2532815.0
2022-07-12,28.68,11638.2898,2643682.0
2022-07-13,28.61,11609.884,2505113.0
2022-07-14,28.71,11650.4638,4172818.0
2022-07-15,28.78,11678.8696,3497468.0
2022-07-18,28.39,11520.6084,6041016.0
2022-07-19,28.5,11565.2462,4079222.0
2022-07-20,28.29,11480.0286,5085978.0
2022-07-21,28.09,11398.8689,4391028.0
2022-07-22,28.44,11540.8983,3959358.0
2022-07-25,29.03,11780.3192,4331539.0
2022-07-26,29.2,11849.3048,3752171.0
2022-07-27,29.31,11893.9426,3618083.0
2022-07-28,29.93,12145.5375,2637564.0
2022-07-29,30.4,12336.2626,8404538.0
2022-08-01,30.34,12311.9147,3536049.0
2022-08-02,30.1,12214.5231,5415025.0
2022-08-03,30.27,12288.1973,4397927.0
2022-08-04,29.85,12117.697,4727132.0
2022-08-05,29.47,11963.4349,3041096.0
2022-08-08,29.9,12137.9947,4670215.0
2022-08-09,30.34,12316.614,3103768.0
2022-08-10,30.43,12353.1498,3042009.0
2022-08-11,30.42,12349.0902,3838103.0
2022-08-12,31.14,12641.3764,2600580.0
2022-08-15,31.36,12730.686,2188920.0
2022-08-16,31.58,12819.9957,2841301.0
2022-08-17,31.69,12864.6505,2882263.0
2022-08-18,31.71,12872.7696,2479507.0
2022-08-19,31.54,12803.7576,2458549.0
2022-08-22,31.21,12669.7931,2222369.0
2022-08-23,30.77,12491.1738,1975342.0
2022-08-24,30.94,12560.1858,1919165.0
2022-08-25,30.73,12474.9357,3130115.0
2022-08-26,30.18,12251.6615,4565737.0
2022-08-29,30.34,12316.614,3256668.0
2022-08-30,29.74,12073.0422,2921551.0
2022-08-31,29.51,11979.673,2189965.0
2022-09-01,29.73,12068.9827,2433661.0
2022-09-02,29.55,11995.9111,2171836.0
2022-09-06,29.52,11983.7325,2658577.0
2022-09-07,30.44,12357.2093,2165352.0
2022-09-08,30.24,12276.0187,2358434.0
2022-09-09,30.46,12365.3283,2338452.0
2022-09-12,30.58,12414.0427,2979243.0
2022-09-13,29.73,12068.9827,2393958.0
2022-09-14,29.86,12121.7566,2766847.0
2022-09-15,28.96,11756.3989,6340628.0
2022-09-16,28.83,11703.625,5489599.0
2022-09-19,29.29,11890.3633,3543640.0
2022-09-20,28.86,11715.8036,2585840.0
2022-09-21,28.41,11533.1247,3278062.0
2022-09-22,28.62,11618.3748,3528336.0
2022-09-23,28.04,11382.9221,3089242.0
2022-09-26,27.37,11110.9336,5408855.0
2022-09-27,26.86,10903.8976,4167650.0
2022-09-28,27.22,11050.0406,6595217.0
2022-09-29,25.97,10542.5994,4764262.0
2022-09-30,25.19,10225.956,4781982.0
2022-10-03,26.01,10558.8375,7976805.0
2022-10-04,26.9,10920.1357,5288260.0
2022-10-05,26.16,10619.7305,4350405.0
2022-10-06,25.1,10189.4203,4007520.0
2022-10-07,24.51,9949.908,2711142.0
2022-10-10,24.52,9953.9675,2944419.0
2022-10-11,24.87,10096.0511,5663327.0
2022-10-12,24.19,9820.003,4083307.0
2022-10-13,25.24,10246.2537,7062018.0
2022-10-14,24.49,9941.7889,5675674.0
2022-10-17,24.89,10104.1701,6351133.0
2022-10-18,25.27,10258.4323,4795268.0
2022-10-19,24.88,10100.1106,6125088.0
2022-10-20,24.15,9803.7649,6303178.0
2022-10-21,24.49,9941.7889,6783070.0
2022-10-24,24.67,10014.8605,3047958.0
2022-10-25,25.13,10201.5989,5149585.0
2022-10-26,25.17,10217.837,5953654.0
2022-10-27,25.37,10299.0276,4798236.0
2022-10-28,25.89,10510.1231,5972372.0
2022-10-31,25.69,10428.9325,7803104.0
2022-11-01,25.83,10485.766,5704344.0
2022-11-02,25.62,10400.5158,5698133.0
2022-11-03,25.66,10416.754,3754947.0
2022-11-04,25.89,10510.1231,5975682.0
2022-11-07,24.37,9897.4939,9661507.0
2022-11-08,24.93,10124.9291,8816449.0
2022-11-09,24.89,10108.6838,7767313.0
2022-11-10,26.09,10596.045,4966264.0
2022-11-11,25.81,10482.3274,4527392.0
2022-11-14,25.76,10462.0206,5185108.0
2022-11-15,25.68,10429.5299,4736598.0
2022-11-16,26.0,10559.4929,4103189.0
2022-11-17,25.56,10380.7938,5516398.0
2022-11-18,26.32,10689.4559,3519109.0
2022-11-21,26.55,10782.8668,4256339.0
2022-11-22,26.8,10884.4004,3297601.0
2022-11-23,27.18,11038.7314,3554965.0
2022-11-25,27.29,11083.4062,923800.0
2022-11-28,27.22,11054.9768,5751792.0
2022-11-29,27.23,11059.0381,6266747.0
2022-11-30,27.94,11347.3935,6166744.0
2022-12-01,27.75,11270.228,6617915.0
2022-12-02,27.57,11197.1238,4353548.0
2022-12-05,27.51,11172.7557,3504204.0
2022-12-06,27.84,11306.7801,3290235.0
2022-12-07,27.67,11237.7372,5748756.0
2022-12-08,27.77,11278.3507,4607834.0
2022-12-09,27.39,11124.0196,4220802.0
2022-12-12,28.08,11404.2523,4715291.0
2022-12-13,27.93,11343.3322,4109935.0
2022-12-14,27.82,11298.6574,3473756.0
2022-12-15,27.44,11144.3263,4250475.0
2022-12-16,27.19,11042.7928,6488306.0
2022-12-19,27.05,10985.934,3204728.0
2022-12-20,27.07,10994.0566,4109625.0
2022-12-21,27.55,11189.0011,2790226.0
2022-12-22,27.42,11136.2037,2005542.0
2022-12-23,27.71,11253.9826,1588436.0
2022-12-27,27.8,11290.5347,1994863.0
2022-12-28,27.55,11189.0011,1944056.0
2022-12-29,27.84,11306.7801,1431577.0
2022-12-30,27.42,11136.2037,2526860.0
2023-01-03,27.44,11144.3263,2385515.0
2023-01-04,27.78,11282.412,2654991.0
2023-01-05,27.13,11018.4247,2678386.0
2023-01-06,27.61,11213.3692,3376382.0
2023-01-09,27.88,11323.0255,6113445.0
2023-01-10,27.56,11193.0625,5888622.0
2023-01-11,27.93,11343.3322,3715420.0
2023-01-12,27.9,11331.1481,3170188.0
2023-01-13,27.79,11286.4734,2977151.0
2023-01-17,27.62,11217.4305,3625509.0
2023-01-18,27.04,10981.8726,2558036.0
2023-01-19,26.83,10896.5844,2191329.0
2023-01-20,27.21,11050.9154,8867422.0
2023-01-23,27.09,11002.1793,4749913.0
2023-01-24,27.32,11095.5902,3562503.0
2023-01-25,27.58,11201.1852,4197463.0
2023-01-26,27.54,11184.9398,7287730.0
2023-01-27,27.52,11176.8171,2040344.0
2023-01-30,27.55,11189.0011,2884494.0
2023-01-31,27.75,11270.228,4564397.0
2023-02-01,27.86,11314.9028,3763356.0
2023-02-02,27.77,11278.3507,2949222.0
2023-02-03,27.31,11091.5289,3499135.0
2023-02-06,27.27,11075.2835,1876881.0
2023-02-07,27.23,11059.0381,3001435.0
2023-02-08,26.79,10880.339,1811040.0
2023-02-09,26.33,10693.5172,3353023.0
2023-02-10,26.88,10916.8911,2763042.0
2023-02-13,27.14,11022.486,3194635.0
2023-02-14,26.93,10937.1978,2086374.0
2023-02-15,27.0,10965.6272,4387081.0
2023-02-16,26.88,10916.8911,3271642.0
2023-02-17,27.14,11022.486,4027987.0
2023-02-21,26.95,10945.3205,4805886.0
2023-02-22,27.61,11389.3443,6279821.0
2023-02-23,27.9,11508.9716,6508729.0
2023-02-24,27.82,11475.971,4552550.0
2023-02-27,27.49,11339.8434,5610119.0
2023-02-28,27.43,11315.0929,6308145.0
2023-03-01,26.83,11067.5881,5771423.0
2023-03-02,27.27,11249.0916,3269569.0
2023-03-03,27.7,11426.47,4132712.0
2023-03-06,27.56,11368.7189,3366407.0
2023-03-07,27.31,11265.592,3017300.0
2023-03-08,27.7,11426.47,3666573.0
2023-03-09,27.38,11294.4675,3358765.0
2023-03-10,26.71,11018.0872,3850791.0
2023-03-13,27.33,11273.8421,4847088.0
2023-03-14,27.76,11451.2205,4810545.0
2023-03-15,27.85,11488.3462,5493628.0
2023-03-16,27.96,11533.7221,3723541.0
2023-03-17,27.47,11331.5932,7542600.0
2023-03-20,27.82,11475.971,3413403.0
2023-03-21,26.98,11129.4643,4211063.0
2023-03-22,26.37,10877.8345,3620631.0
2023-03-23,25.98,10716.9564,3592518.0
2023-03-24,26.75,11034.5875,2651366.0
2023-03-27,27.05,11158.3399,2945208.0
2023-03-28,27.22,11228.4662,2797343.0
2023-03-29,27.6,11385.2193,2681804.0
2023-03-30,27.84,11484.2212,2893539.0
2023-03-31,27.96,11533.7221,4280969.0
2023-04-03,27.76,11451.2205,3917312.0
2023-04-04,27.76,11451.2205,2604725.0
2023-04-05,28.69,11834.8529,2992308.0
2023-04-06,28.82,11888.4789,3067967.0
2023-04-10,28.69,11834.8529,2131780.0
2023-04-11,28.64,11814.2275,2094047.0
2023-04-12,28.66,11822.4777,3280496.0
2023-04-13,28.34,11690.4751,4210198.0
2023-04-14,27.85,11488.3462,2217043.0
2023-04-17,28.3,11673.9748,2494499.0
2023-04-18,28.19,11628.5989,5274319.0
2023-04-19,28.55,11777.1018,3325701.0
2023-04-20,28.59,11793.6021,3486308.0
2023-04-21,28.64,11814.2275,5092121.0
2023-04-24,28.53,11768.8516,3192472.0
2023-04-25,28.65,11818.3526,2858061.0
2023-04-26,28.29,11669.8497,4619656.0
2023-04-27,28.55,11777.1018,2940822.0
2023-04-28,28.46,11739.9761,3016150.0
2023-05-01,28.51,11760.6015,3592698.0
2023-05-02,27.91,11513.0967,4714418.0
2023-05-03,28.12,11615.3377,4425482.0
2023-05-04,28.37,11718.6035,4759657.0
2023-05-05,28.54,11788.8243,3462270.0
2023-05-08,28.45,11751.6486,3460340.0
2023-05-09,28.45,11751.6486,3047945.0
2023-05-10,28.89,11933.3964,3103245.0
2023-05-11,28.16,11631.8602,4283697.0
2023-05-12,28.49,11768.1711,4563828.0
2023-05-15,28.04,11582.2927,2473692.0
2023-05-16,27.54,11375.7611,4459955.0
2023-05-17,27.43,11330.3241,3666543.0
2023-05-18,27.36,11301.4097,3551200.0
2023-05-19,27.36,11301.4097,5145138.0
2023-05-22,27.39,11313.8016,7264756.0
2023-05-23,27.36,11301.4097,5623639.0
2023-05-24,27.25,11255.9727,4372251.0
2023-05-25,27.01,11156.8375,4057499.0
2023-05-26,26.85,11090.7474,2923934.0
2023-05-30,26.6,10987.4816,3406675.0
2023-05-31,26.89,11107.27,5231930.0
2023-06-01,26.67,11016.3961,6363632.0
2023-06-02,26.76,11053.5717,5885240.0
2023-06-05,26.77,11057.7024,4297684.0
2023-06-06,26.96,11136.1844,4737564.0
2023-06-07,27.4,11317.9322,4659413.0
2023-06-08,27.33,11289.0178,2924204.0
2023-06-09,27.09,11189.8826,2975569.0
2023-06-12,27.12,11202.2745,2938496.0
2023-06-13,27.05,11173.3601,3079460.0
2023-06-14,27.16,11218.797,2986502.0
2023-06-15,27.34,11293.1484,3046562.0
2023-06-16,27.38,11309.6709,5456238.0
2023-06-20,27.22,11243.5808,6087987.0
2023-06-21,27.5,11359.2385,4091885.0
2023-06-22,27.15,11214.6664,2173903.0
2023-06-23,26.72,11037.0492,3303547.0
2023-06-26,27.25,11255.9727,3694951.0
2023-06-27,27.44,11334.4547,2969028.0
2023-06-28,27.13,11206.4051,3615662.0
2023-06-29,27.17,11222.9277,3593040.0
2023-06-30,27.35,11297.279,3740915.0
2023-07-03,27.42,11326.1935,1472293.0
2023-07-05,27.88,11516.2025,4780121.0
2023-07-06,27.73,11454.2431,3417746.0
2023-07-07,27.52,11367.4998,5406729.0
2023-07-10,27.21,11239.4502,3227058.0
2023-07-11,27.56,11384.0223,2012199.0
2023-07-12,28.07,11594.6846,2707820.0
2023-07-13,28.16,11631.8602,3336543.0
2023-07-14,27.94,11540.9863,4771820.0
2023-07-17,27.47,11346.8466,5060198.0
2023-07-18,27.29,11272.4952,3576653.0
2023-07-19,27.7,11441.8512,4262712.0
2023-07-20,28.02,11574.0314,6020269.0
2023-07-21,28.08,11598.8152,6760833.0
2023-07-24,28.05,11586.4233,4731959.0
2023-07-25,28.12,11615.3377,2960295.0
2023-07-26,28.43,11743.3873,5014200.0
2023-07-27,27.98,11557.5089,3939490.0
2023-07-28,27.75,11462.5043,4105461.0
2023-07-31,27.84,11499.68,5821190.0
2023-08-01,27.48,11350.9773,5048698.0
2023-08-02,27.71,11451.2905,5550816.0
2023-08-03,26.95,11137.2168,4177725.0
2023-08-04,26.51,10955.3847,3095582.0
2023-08-07,26.67,11021.5055,3231138.0
2023-08-08,26.74,11050.4333,4775905.0
2023-08-09,26.98,11149.6145,5118930.0
2023-08-10,26.73,11046.3008,2684298.0
2023-08-11,26.83,11087.6262,2340250.0
2023-08-14,26.51,10955.3847,2151593.0
2023-08-15,26.09,10781.8177,2704035.0
2023-08-16,26.22,10835.5408,2367538.0
2023-08-17,26.2,10827.2757,2636226.0
2023-08-18,26.44,10926.4569,3305926.0
2023-08-21,26.34,10885.1314,2387540.0
2023-08-22,26.37,10897.529,1728241.0
2023-08-23,26.52,10959.5172,1782665.0
2023-08-24,26.33,10880.9988,2220024.0
2023-08-25,26.58,10984.3125,1784482.0
2023-08-28,26.6,10992.5776,2336449.0
2023-08-29,26.75,11054.5658,1739816.0
2023-08-30,26.75,11054.5658,3548502.0
2023-08-31,26.76,11058.6984,3471992.0
2023-09-01,26.56,10976.0474,4291215.0
2023-09-05,26.19,10823.1432,4423747.0
2023-09-06,26.31,10872.7337,3505360.0
2023-09-07,26.81,11079.3611,4669955.0
2023-09-08,26.97,11145.4819,4419074.0
2023-09-11,27.08,11190.9399,3147193.0
2023-09-12,27.13,11211.6027,4746140.0
2023-09-13,27.41,11327.314,4564640.0
2023-09-14,27.74,11463.6881,3139030.0
2023-09-15,27.67,11434.7603,5585462.0
2023-09-18,27.55,11385.1697,3195144.0
2023-09-19,27.55,11385.1697,4436201.0
2023-09-20,27.59,11401.6999,3628517.0
2023-09-21,27.06,11182.6748,8283849.0
2023-09-22,26.69,11029.7706,8520137.0
2023-09-25,26.7,11033.9031,5752671.0
2023-09-26,25.74,10637.1785,6653190.0
2023-09-27,25.18,10405.7558,8436796.0
2023-09-28,24.6,10166.068,8997020.0
2023-09-29,24.68,10199.1284,6384457.0
2023-10-02,23.18,9579.2462,13046002.0
2023-10-03,23.96,9901.585,14559195.0
2023-10-04,24.01,9922.2477,7414998.0
2023-10-05,23.83,9847.8618,6294218.0
2023-10-06,24.59,10161.9355,10498459.0
2023-10-09,25.14,10389.2256,6696636.0
2023-10-10,25.46,10521.4672,6447001.0
2023-10-11,26.05,10765.2875,6509249.0
2023-10-12,25.39,10492.5393,6905406.0
2023-10-13,25.78,10653.7087,3964923.0
2023-10-16,26.11,10790.0828,3757509.0
2023-10-17,26.13,10798.3479,3259565.0
2023-10-18,25.98,10736.3597,6019071.0
2023-10-19,25.63,10591.7205,5411126.0
2023-10-20,25.22,10422.286,6237671.0
2023-10-23,24.68,10199.1284,9108549.0
2023-10-24,25.23,10426.4186,5271782.0
2023-10-25,25.31,10459.4789,3775661.0
2023-10-26,25.72,10628.9134,6128415.0
2023-10-27,25.15,10393.3582,4646327.0
2023-10-30,25.12,10380.9605,5433937.0
2023-10-31,25.16,10397.4907,5358855.0
2023-11-01,25.4,10500.7522,6445435.0
2023-11-02,25.78,10657.8501,6932638.0
2023-11-03,25.72,10633.0451,7180787.0
2023-11-06,25.29,10455.2765,5096384.0
2023-11-07,25.06,10360.191,5105819.0
2023-11-08,24.98,10327.1177,5748938.0
2023-11-09,24.82,10260.9712,5798681.0
2023-11-10,25.0,10335.386,5785256.0
2023-11-13,24.81,10256.8371,7709682.0
2023-11-14,25.97,10736.399,11983594.0
2023-11-15,25.75,10645.4476,8515891.0
2023-11-16,25.77,10653.7159,6235289.0
2023-11-17,26.08,10781.8747,11175519.0
2023-11-20,26.06,10773.6064,5482544.0
2023-11-21,26.01,10752.9356,5089053.0
2023-11-22,26.19,10827.3504,4514951.0
2023-11-24,26.1,10790.143,2349672.0
2023-11-27,26.2,10831.4846,6925834.0
2023-11-28,26.18,10823.2162,4604642.0
2023-11-29,25.81,10670.2525,6136155.0
2023-11-30,25.64,10599.9719,11197903.0
2023-12-01,26.2,10831.4846,8937383.0
2023-12-04,26.44,10930.7043,7242664.0
2023-12-05,26.14,10806.6796,3965007.0
2023-12-06,26.41,10918.3018,4465851.0
2023-12-07,26.43,10926.5701,4085930.0
2023-12-08,26.3,10872.8261,4011734.0
2023-12-11,26.34,10889.3627,3337090.0
2023-12-12,26.18,10823.2162,3048250.0
2023-12-13,27.03,11174.6194,5804089.0
2023-12-14,26.68,11029.924,5716726.0
2023-12-15,26.48,10947.2409,9785812.0
2023-12-18,26.39,10910.0335,4262619.0
2023-12-19,26.54,10972.0458,5211599.0
2023-12-20,26.08,10781.8747,5029406.0
2023-12-21,26.04,10765.3381,3082825.0
2023-12-22,26.25,10852.1553,3440115.0
2023-12-26,26.43,10926.5701,1946777.0
2023-12-27,26.28,10864.5578,1928194.0
2023-12-28,26.55,10976.18,2735823.0
2023-12-29,26.55,10976.18,2197891.0
