,ON US Equity,ON US Equity,ON US Equity
,PX_LAST,CUR_MKT_CAP,PX_VOLUME
2014-01-02,8.01,3559.8659,11104645.0
2014-01-03,8.05,3577.643,4825688.0
2014-01-06,8.03,3568.7545,3523009.0
2014-01-07,8.095,3597.6423,11341101.0
2014-01-08,8.54,3795.4126,18823970.0
2014-01-09,8.48,3768.7469,6067956.0
2014-01-10,8.61,3826.5225,7814130.0
2014-01-13,8.64,3839.8554,9220053.0
2014-01-14,8.795,3908.7417,14206486.0
2014-01-15,8.86,3937.6295,7294352.0
2014-01-16,8.86,3937.6295,4993218.0
2014-01-17,8.79,3906.5195,4588106.0
2014-01-21,8.83,3924.2966,3728690.0
2014-01-22,8.85,3933.1852,8658067.0
2014-01-23,8.71,3870.9653,7085151.0
2014-01-24,8.42,3742.0813,7528208.0
2014-01-27,8.41,3737.637,5663178.0
2014-01-28,8.45,3755.4141,4155712.0
2014-01-29,8.41,3737.637,5950988.0
2014-01-30,8.55,3799.8569,3446730.0
2014-01-31,8.36,3715.4156,5289778.0
2014-02-03,8.07,3586.5316,4940284.0
2014-02-04,8.21,3648.7514,4825710.0
2014-02-05,8.11,3604.3087,2621276.0
2014-02-06,8.32,3697.6385,8878862.0
2014-02-07,9.035,4015.4043,29480927.0
2014-02-10,8.88,3946.518,9198927.0
2014-02-11,8.97,3986.5165,9451731.0
2014-02-12,8.94,3973.1837,7213519.0
2014-02-13,9.28,4124.2891,9759249.0
2014-02-14,9.42,4186.509,7216707.0
2014-02-18,9.45,4199.8418,7557697.0
2014-02-19,9.46,4204.2861,7211537.0
2014-02-20,9.47,4208.7304,6590115.0
2014-02-21,9.38,4131.1575,8447860.0
2014-02-24,9.42,4148.7743,4503070.0
2014-02-25,9.31,4100.3279,4958641.0
2014-02-26,9.44,4157.5828,3624371.0
2014-02-27,9.3,4095.9237,4523164.0
2014-02-28,9.34,4113.5406,5496951.0
2014-03-03,9.35,4117.9448,3577081.0
2014-03-04,9.6,4228.0503,4207853.0
2014-03-05,9.64,4245.6672,4537657.0
2014-03-06,9.7,4272.0925,5078867.0
2014-03-07,9.68,4263.284,5282411.0
2014-03-10,9.53,4197.2208,5893515.0
2014-03-11,9.4,4139.9659,4988930.0
2014-03-12,9.41,4144.3701,5840431.0
2014-03-13,9.2,4051.8815,3645272.0
2014-03-14,9.18,4043.0731,4391986.0
2014-03-17,9.26,4078.3068,4054467.0
2014-03-18,9.45,4161.987,5188035.0
2014-03-19,9.53,4197.2208,5360710.0
2014-03-20,9.45,4161.987,11730155.0
2014-03-21,9.36,4122.349,7116315.0
2014-03-24,9.39,4135.5617,13407233.0
2014-03-25,9.27,4082.7111,8484242.0
2014-03-26,9.15,4029.8604,5469685.0
2014-03-27,9.11,4012.2436,5852827.0
2014-03-28,9.19,4047.4773,4044411.0
2014-03-31,9.4,4139.9659,5629550.0
2014-04-01,9.45,4161.987,9476827.0
2014-04-02,9.5,4184.0081,12677858.0
2014-04-03,9.75,4294.1136,20924627.0
2014-04-04,9.51,4188.4123,15322581.0
2014-04-07,9.58,4219.2419,7682516.0
2014-04-08,9.89,4355.7726,10444035.0
2014-04-09,10.0,4404.2191,7183095.0
2014-04-10,9.69,4267.6883,9780493.0
2014-04-11,9.58,4221.4021,6731627.0
2014-04-14,9.56,4212.5891,4942832.0
2014-04-15,9.71,4278.6863,5374131.0
2014-04-16,9.51,4190.5568,10563805.0
2014-04-17,9.56,4212.5891,7734008.0
2014-04-21,9.57,4216.9956,3679357.0
2014-04-22,9.7,4274.2798,5493733.0
2014-04-23,9.73,4287.4992,3988234.0
2014-04-24,9.77,4305.1251,2864503.0
2014-04-25,9.45,4164.1179,7941925.0
2014-04-28,9.27,4084.8014,4959478.0
2014-04-29,9.38,4133.2726,3557718.0
2014-04-30,9.41,4146.492,5740569.0
2014-05-01,9.38,4133.2726,7919060.0
2014-05-02,8.88,3915.9865,23854607.0
2014-05-05,9.0,3968.9052,6579229.0
2014-05-06,8.95,3946.8558,6764522.0
2014-05-07,8.925,3935.831,6301388.0
2014-05-08,8.85,3902.7568,11658311.0
2014-05-09,8.7,3836.6084,11017798.0
2014-05-12,8.78,3871.8876,12612918.0
2014-05-13,8.71,3841.0183,9717860.0
2014-05-14,8.54,3766.0501,9652802.0
2014-05-15,8.43,3717.5412,10265710.0
2014-05-16,8.45,3726.361,6255636.0
2014-05-19,8.57,3779.2798,5080726.0
2014-05-20,8.42,3713.1313,6930096.0
2014-05-21,8.45,3726.361,4751440.0
2014-05-22,8.51,3752.8204,6847223.0
2014-05-23,8.54,3766.0501,7245138.0
2014-05-27,8.73,3849.8381,7339793.0
2014-05-28,8.69,3832.1985,6197663.0
2014-05-29,8.7,3836.6084,6493471.0
2014-05-30,8.69,3832.1985,3938261.0
2014-06-02,8.66,3818.9688,4597664.0
2014-06-03,8.81,3885.1172,5375884.0
2014-06-04,8.96,3951.2657,6661219.0
2014-06-05,8.95,3946.8558,4831695.0
2014-06-06,8.92,3933.6261,2963149.0
2014-06-09,8.98,3960.0855,4917980.0
2014-06-10,9.06,3995.3646,14135744.0
2014-06-11,9.06,3995.3646,6830430.0
2014-06-12,8.97,3955.6756,5479492.0
2014-06-13,9.14,4030.6438,6579096.0
2014-06-16,8.98,3960.0855,5519259.0
2014-06-17,9.18,4048.2833,8364610.0
2014-06-18,9.05,3990.9547,6696713.0
2014-06-19,9.08,4004.1844,4669966.0
2014-06-20,9.13,4026.2339,4819603.0
2014-06-23,9.14,4030.6438,4678805.0
2014-06-24,8.95,3946.8558,8323252.0
2014-06-25,9.065,3997.5696,6392648.0
2014-06-26,9.01,3973.3151,6604389.0
2014-06-27,9.09,4008.5943,7131059.0
2014-06-30,9.14,4030.6438,3453027.0
2014-07-01,9.27,4087.9724,7006699.0
2014-07-02,9.32,4110.0219,4633364.0
2014-07-03,9.38,4136.4812,3261968.0
2014-07-07,9.25,4079.1526,4329724.0
2014-07-08,9.19,4052.6932,7131088.0
2014-07-09,9.13,4026.2339,4053421.0
2014-07-10,9.11,4017.4141,3044363.0
2014-07-11,9.12,4021.824,4070965.0
2014-07-14,9.05,3990.9547,3956643.0
2014-07-15,9.11,4017.4141,3840780.0
2014-07-16,9.27,4087.9724,9309607.0
2014-07-17,9.04,3986.5448,6455000.0
2014-07-18,9.34,4118.8417,6973395.0
2014-07-21,9.44,4162.9406,6592311.0
2014-07-22,9.645,4253.3435,8800608.0
2014-07-23,9.09,4008.5943,15186800.0
2014-07-24,9.085,4006.3893,8332327.0
2014-07-25,8.66,3818.9688,9838441.0
2014-07-28,8.8,3880.7073,6948023.0
2014-07-29,8.69,3832.1985,4338790.0
2014-07-30,8.81,3885.1172,4779340.0
2014-07-31,8.56,3774.8699,7208948.0
2014-08-01,8.79,3877.5089,9765973.0
2014-08-04,8.53,3762.8158,7222945.0
2014-08-05,8.64,3811.3398,6692583.0
2014-08-06,8.67,3824.5736,4173361.0
2014-08-07,8.34,3679.0016,6619016.0
2014-08-08,8.46,3731.9369,6033644.0
2014-08-11,8.58,3784.8721,2777027.0
2014-08-12,8.615,3800.3116,4339340.0
2014-08-13,8.63,3806.9285,3414518.0
2014-08-14,8.7,3837.8074,4017071.0
2014-08-15,8.81,3886.3314,4002518.0
2014-08-18,8.92,3934.8554,4333103.0
2014-08-19,9.05,3992.202,7660557.0
2014-08-20,9.2,4058.3711,6049627.0
2014-08-21,9.44,4164.2416,8360612.0
2014-08-22,9.47,4177.4754,5211755.0
2014-08-25,9.44,4164.2416,3637448.0
2014-08-26,9.525,4201.7374,6424423.0
2014-08-27,9.53,4203.9431,5210032.0
2014-08-28,9.66,4261.2896,4237579.0
2014-08-29,9.76,4305.4023,5929217.0
2014-09-02,9.79,4318.6362,5587926.0
2014-09-03,9.78,4314.2249,5392103.0
2014-09-04,9.88,4358.3376,6288968.0
2014-09-05,9.88,4358.3376,7199322.0
2014-09-08,9.91,4371.5714,6761587.0
2014-09-09,9.82,4331.87,8313329.0
2014-09-10,9.69,4274.5234,14484753.0
2014-09-11,9.71,4283.346,6527069.0
2014-09-12,9.64,4252.4671,5860496.0
2014-09-15,9.465,4175.2698,7777492.0
2014-09-16,9.66,4261.2896,8118576.0
2014-09-17,9.75,4300.9911,7915778.0
2014-09-18,9.84,4340.6925,3856182.0
2014-09-19,9.78,4314.2249,7950973.0
2014-09-22,9.6,4234.822,7717190.0
2014-09-23,9.47,4177.4754,7546707.0
2014-09-24,9.55,4212.7656,5925317.0
2014-09-25,9.33,4115.7176,6064772.0
2014-09-26,9.32,4111.3063,3252033.0
2014-09-29,9.26,4084.8387,5151030.0
2014-09-30,8.94,3943.678,10632299.0
2014-10-01,8.77,3868.6863,6451057.0
2014-10-02,8.8,3881.9201,6666338.0
2014-10-03,8.95,3948.0892,7060859.0
2014-10-06,8.8,3881.9201,4957029.0
2014-10-07,8.5,3749.582,7330125.0
2014-10-08,8.68,3828.9849,5921531.0
2014-10-09,8.37,3692.2354,6765649.0
2014-10-10,7.48,3299.6321,16741976.0
2014-10-13,6.94,3061.4234,17335394.0
2014-10-14,6.97,3074.6572,16285303.0
2014-10-15,6.99,3083.4797,10661219.0
2014-10-16,7.19,3171.7052,13810931.0
2014-10-17,7.44,3281.987,11932145.0
2014-10-20,7.48,3299.6321,5202308.0
2014-10-21,7.79,3436.3816,7889787.0
2014-10-22,7.72,3405.5027,8618354.0
2014-10-23,7.81,3445.2041,5095242.0
2014-10-24,7.95,3506.9619,7274705.0
2014-10-27,7.95,3506.9619,4082767.0
2014-10-28,8.16,3599.5987,4086431.0
2014-10-29,8.15,3595.1874,4799303.0
2014-10-30,8.01,3533.4296,14833600.0
2014-10-31,8.29,3613.4225,14030252.0
2014-11-03,8.17,3561.1172,8005305.0
2014-11-04,8.09,3526.247,7203038.0
2014-11-05,8.21,3578.5523,6669672.0
2014-11-06,8.28,3609.0637,4552949.0
2014-11-07,8.25,3595.9874,6706589.0
2014-11-10,8.25,3595.9874,2531134.0
2014-11-11,8.275,3606.8843,6306032.0
2014-11-12,8.29,3613.4225,3111194.0
2014-11-13,8.19,3569.8347,2583113.0
2014-11-14,8.285,3611.2431,1969451.0
2014-11-17,8.39,3657.0102,7551346.0
2014-11-18,8.52,3713.6742,4376709.0
2014-11-19,8.46,3687.5216,5218996.0
2014-11-20,8.46,3687.5216,3506643.0
2014-11-21,8.615,3755.0826,4162196.0
2014-11-24,8.82,3844.4374,4111345.0
2014-11-25,8.83,3848.7962,3493648.0
2014-11-26,9.08,3957.7655,3632165.0
2014-11-28,9.03,3935.9716,1309659.0
2014-12-01,9.54,4158.269,11436725.0
2014-12-02,9.45,4119.0401,6902706.0
2014-12-03,9.8,4271.5971,11979510.0
2014-12-04,9.84,4289.0322,10396435.0
2014-12-05,10.22,4454.6656,21150487.0
2014-12-08,10.01,4363.1314,8609585.0
2014-12-09,10.01,4363.1314,7513902.0
2014-12-10,9.73,4241.0857,6846919.0
2014-12-11,9.77,4258.5208,4156939.0
2014-12-12,9.65,4206.2155,4589788.0
2014-12-15,9.64,4201.8568,4159551.0
2014-12-16,9.565,4169.166,4291229.0
2014-12-17,9.66,4210.5743,7557024.0
2014-12-18,10.04,4376.2077,7276840.0
2014-12-19,10.08,4393.6428,4400968.0
2014-12-22,10.21,4450.3068,3780373.0
2014-12-23,10.17,4432.8717,2993005.0
2014-12-24,10.22,4454.6656,1075334.0
2014-12-26,10.21,4450.3068,1313604.0
2014-12-29,10.2,4445.948,1435464.0
2014-12-30,10.1,4402.3603,2322143.0
2014-12-31,10.13,4415.4366,2741626.0
2015-01-02,10.2,4445.948,3009371.0
2015-01-05,9.93,4328.2612,3619334.0
2015-01-06,9.96,4341.3375,9144995.0
2015-01-07,10.12,4411.0779,5211477.0
2015-01-08,10.37,4520.0472,8890375.0
2015-01-09,10.355,4513.509,4546811.0
2015-01-12,10.39,4528.7647,6298721.0
2015-01-13,10.08,4393.6428,6386942.0
2015-01-14,9.97,4345.6963,5549045.0
2015-01-15,9.68,4219.2919,5663983.0
2015-01-16,9.84,4289.0322,5302862.0
2015-01-20,9.96,4341.3375,3705211.0
2015-01-21,9.93,4328.2612,6859378.0
2015-01-22,10.13,4415.4366,6154900.0
2015-01-23,10.07,4389.284,5595904.0
2015-01-26,10.16,4428.5129,6034115.0
2015-01-27,10.03,4371.8489,6339060.0
2015-01-28,10.1,4402.3603,5145717.0
2015-01-29,10.03,4371.8489,7446662.0
2015-01-30,10.01,4363.1314,4787636.0
2015-02-02,9.94,4332.6199,6144451.0
2015-02-03,10.25,4467.7419,4729073.0
2015-02-04,10.39,4528.7647,4962826.0
2015-02-05,10.27,4476.4594,8785490.0
2015-02-06,11.39,4964.642,23468762.0
2015-02-09,11.54,5030.0236,10411026.0
2015-02-10,11.6,5056.1762,9908870.0
2015-02-11,11.55,5034.3823,7940477.0
2015-02-12,11.61,5060.535,7637248.0
2015-02-13,11.945,5206.5539,5980041.0
2015-02-17,11.99,5226.1683,5725505.0
2015-02-18,12.16,5300.2675,6528078.0
2015-02-19,11.91,5191.2981,7429216.0
2015-02-20,12.02,5239.2446,9427793.0
2015-02-23,12.02,5239.2446,10867035.0
2015-02-24,12.24,5335.1376,6444649.0
2015-02-25,12.02,5239.2446,10657611.0
2015-02-26,12.86,5605.3815,18745437.0
2015-02-27,12.75,5499.2678,7390267.0
2015-03-02,13.16,5676.107,12817419.0
2015-03-03,12.87,5551.0257,7074838.0
2015-03-04,13.02,5615.7229,7430994.0
2015-03-05,13.04,5624.3492,6049174.0
2015-03-06,12.9,5563.9651,7560613.0
2015-03-09,12.9,5563.9651,4789745.0
2015-03-10,12.74,5494.9547,4797309.0
2015-03-11,12.675,5466.9192,7069521.0
2015-03-12,12.66,5460.4495,6143193.0
2015-03-13,12.55,5413.0048,6032474.0
2015-03-16,12.84,5538.0862,5771209.0
2015-03-17,12.66,5460.4495,4504649.0
2015-03-18,12.76,5503.581,3989825.0
2015-03-19,12.73,5490.6415,2683646.0
2015-03-20,12.93,5576.9046,5490675.0
2015-03-23,12.7,5477.7021,3117670.0
2015-03-24,12.375,5337.5247,8404993.0
2015-03-25,11.905,5134.8066,12645617.0
2015-03-26,11.63,5016.1949,9095774.0
2015-03-27,11.8,5089.5185,7660336.0
2015-03-30,12.13,5231.8525,11237660.0
2015-03-31,12.11,5223.2262,10621277.0
2015-04-01,11.485,4953.6542,21684763.0
2015-04-02,11.7,5046.387,6482398.0
2015-04-06,11.54,4977.3765,3067076.0
2015-04-07,11.54,4977.3765,3774007.0
2015-04-08,11.52,4968.7502,2957687.0
2015-04-09,11.57,4990.316,2148169.0
2015-04-10,11.58,4984.8804,1858476.0
2015-04-13,11.64,5010.7088,2112935.0
2015-04-14,11.46,4933.2236,2664856.0
2015-04-15,11.94,5139.8508,4960423.0
2015-04-16,12.37,5324.9543,7829686.0
2015-04-17,11.84,5096.8035,4353593.0
2015-04-20,11.81,5083.8893,3512973.0
2015-04-21,12.17,5238.8597,5633081.0
2015-04-22,12.36,5320.6496,6454017.0
2015-04-23,12.245,5271.1451,6275767.0
2015-04-24,11.62,5002.0994,8253119.0
2015-04-27,11.59,4989.1852,3074881.0
2015-04-28,11.56,4976.271,3349189.0
2015-04-29,11.67,5023.623,2075564.0
2015-04-30,11.52,4959.052,2390020.0
2015-05-01,11.81,5083.8893,5236902.0
2015-05-04,12.5,5365.0993,13465814.0
2015-05-05,12.06,5176.2478,5235800.0
2015-05-06,12.1,5193.4162,2628116.0
2015-05-07,12.09,5189.1241,3860612.0
2015-05-08,12.3,5279.2577,2971042.0
2015-05-11,12.43,5335.0548,2572229.0
2015-05-12,12.41,5326.4706,2955261.0
2015-05-13,12.37,5309.3023,4061726.0
2015-05-14,12.44,5339.3469,3256928.0
2015-05-15,12.61,5412.3122,3894948.0
2015-05-18,12.81,5498.1538,2715977.0
2015-05-19,12.77,5480.9855,3742298.0
2015-05-20,12.61,5412.3122,3488529.0
2015-05-21,12.57,5395.1439,2119109.0
2015-05-22,12.66,5433.7726,2067798.0
2015-05-26,12.465,5350.0771,2497827.0
2015-05-27,13.01,5583.9954,4858687.0
2015-05-28,12.99,5575.4112,3756333.0
2015-05-29,13.26,5691.2974,5035199.0
2015-06-01,13.09,5618.332,3963456.0
2015-06-02,12.98,5571.1191,11354429.0
2015-06-03,13.26,5691.2974,32642094.0
2015-06-04,12.88,5528.1984,7787998.0
2015-06-05,12.93,5549.6588,3744467.0
2015-06-08,12.48,5356.5152,6491327.0
2015-06-09,12.47,5352.2231,8315834.0
2015-06-10,12.64,5425.1884,6783864.0
2015-06-11,12.78,5485.2776,5922198.0
2015-06-12,12.39,5317.8865,6225604.0
2015-06-15,12.41,5326.4706,5073161.0
2015-06-16,12.51,5369.3914,4264427.0
2015-06-17,12.37,5309.3023,6328328.0
2015-06-18,12.59,5403.728,4928942.0
2015-06-19,12.51,5369.3914,5488240.0
2015-06-22,12.55,5386.5597,3106425.0
2015-06-23,12.58,5399.436,5162200.0
2015-06-24,12.52,5373.6835,5505136.0
2015-06-25,12.51,5369.3914,2948799.0
2015-06-26,12.0,5150.4954,10679474.0
2015-06-29,11.72,5030.3171,5731297.0
2015-06-30,11.69,5017.4409,4275156.0
2015-07-01,11.57,4965.9359,4952593.0
2015-07-02,11.46,4918.7231,4866908.0
2015-07-06,11.26,4832.8815,4234508.0
2015-07-07,11.35,4871.5102,5840161.0
2015-07-08,11.06,4747.0399,8060962.0
2015-07-09,10.9,4678.3666,8991994.0
2015-07-10,11.34,4867.2181,7221806.0
2015-07-13,11.17,4794.2528,6219202.0
2015-07-14,11.22,4815.7132,5520992.0
2015-07-15,11.08,4755.6241,6557514.0
2015-07-16,10.86,4661.1983,12304646.0
2015-07-17,10.87,4665.4904,5906061.0
2015-07-20,10.74,4609.6933,4262802.0
2015-07-21,10.84,4652.6141,5064123.0
2015-07-22,10.3,4420.8419,11986679.0
2015-07-23,10.53,4519.5597,6931284.0
2015-07-24,10.31,4425.1339,5472164.0
2015-07-27,10.14,4352.1686,5424273.0
2015-07-28,10.54,4523.8518,8670795.0
2015-07-29,10.73,4605.4013,6065923.0
2015-07-30,10.72,4601.1092,3858996.0
2015-07-31,10.62,4558.1884,4559934.0
2015-08-03,10.34,4269.0275,11218551.0
2015-08-04,10.21,4215.355,14133569.0
2015-08-05,10.31,4256.6415,6224088.0
2015-08-06,10.16,4194.7117,4855914.0
2015-08-07,10.25,4231.8696,4393093.0
2015-08-10,10.43,4306.1853,3898143.0
2015-08-11,10.01,4132.7819,5813176.0
2015-08-12,10.1,4169.9398,4797676.0
2015-08-13,9.87,4074.9808,2561145.0
2015-08-14,9.91,4091.4954,2984006.0
2015-08-17,10.1,4169.9398,2566862.0
2015-08-18,9.85,4066.7235,3845285.0
2015-08-19,9.67,3992.4077,2892680.0
2015-08-20,9.27,3827.2616,3513161.0
2015-08-21,9.18,3790.1037,7429395.0
2015-08-24,8.95,3695.1447,6453505.0
2015-08-25,8.89,3670.3727,6560560.0
2015-08-26,9.44,3897.4487,5850163.0
2015-08-27,9.79,4041.9515,8061788.0
2015-08-28,9.88,4079.1094,3736456.0
2015-08-31,9.555,3944.9282,6670459.0
2015-09-01,9.22,3806.6183,4056911.0
2015-09-02,9.37,3868.5481,4422533.0
2015-09-03,9.86,4070.8521,6597927.0
2015-09-04,9.66,3988.279,3179180.0
2015-09-08,10.47,4322.7,8559181.0
2015-09-09,10.23,4223.6123,5130137.0
2015-09-10,10.14,4186.4544,6157664.0
2015-09-11,10.22,4219.4836,5874650.0
2015-09-14,10.08,4161.6825,2030957.0
2015-09-15,10.23,4223.6123,2368087.0
2015-09-16,10.25,4231.8696,2580198.0
2015-09-17,10.17,4198.8404,2779674.0
2015-09-18,9.92,4095.624,4949056.0
2015-09-21,9.78,4037.8229,3334849.0
2015-09-22,9.5,3922.2206,4296499.0
2015-09-23,9.38,3872.6768,2136821.0
2015-09-24,9.26,3823.1329,5603001.0
2015-09-25,9.33,3852.0335,3706966.0
2015-09-28,8.97,3703.402,4132115.0
2015-09-29,9.08,3748.8172,3365071.0
2015-09-30,9.4,3880.9341,4902511.0
2015-10-01,9.29,3835.5189,3314163.0
2015-10-02,9.53,3934.6066,3536556.0
2015-10-05,9.83,4058.4662,3926258.0
2015-10-06,9.89,4083.2381,5932507.0
2015-10-07,10.28,4244.2556,8798214.0
2015-10-08,10.3,4252.5129,4053244.0
2015-10-09,10.0,4128.6533,4309613.0
2015-10-12,9.89,4083.2381,5742144.0
2015-10-13,10.03,4141.0392,6378236.0
2015-10-14,10.74,4434.1736,12539665.0
2015-10-15,10.6,4376.3725,8203176.0
2015-10-16,10.49,4330.9573,3871768.0
2015-10-19,10.39,4289.6707,3517514.0
2015-10-20,10.56,4359.8578,3509213.0
2015-10-21,10.3,4252.5129,4243386.0
2015-10-22,10.875,4489.9104,4909398.0
2015-10-23,11.48,4739.6939,8640234.0
2015-10-26,10.99,4537.3899,3969812.0
2015-10-27,10.81,4463.0742,3693182.0
2015-10-28,11.03,4553.9045,5186078.0
2015-10-29,10.28,4244.2556,11795447.0
2015-10-30,11.0,4539.7226,11878225.0
2015-11-02,11.18,4614.009,4221870.0
2015-11-03,11.21,4626.3901,3980612.0
2015-11-04,11.54,4762.5817,4742088.0
2015-11-05,11.28,4655.2792,5043753.0
2015-11-06,11.6,4787.3439,3044012.0
2015-11-09,11.505,4748.1372,2913655.0
2015-11-10,11.22,4630.5171,3293483.0
2015-11-11,11.225,4632.5806,4106374.0
2015-11-12,10.85,4477.8173,4437392.0
2015-11-13,10.72,4424.166,6061874.0
2015-11-16,10.67,4403.5309,6126005.0
2015-11-17,10.74,4432.4201,3589381.0
2015-11-18,9.89,4081.6233,29358170.0
2015-11-19,10.1,4168.2908,8826014.0
2015-11-20,10.16,4193.0529,6102679.0
2015-11-23,10.15,4188.9259,6186935.0
2015-11-24,10.35,4271.4663,9718961.0
2015-11-25,10.46,4316.8635,8874082.0
2015-11-27,10.73,4428.2931,2375960.0
2015-11-30,10.96,4523.2145,9517352.0
2015-12-01,11.27,4651.1522,10069915.0
2015-12-02,11.33,4675.9143,9036045.0
2015-12-03,11.08,4572.7388,5813982.0
2015-12-04,11.37,4692.4224,4536485.0
2015-12-07,11.24,4638.7711,6934200.0
2015-12-08,10.46,4316.8635,12625996.0
2015-12-09,10.125,4178.6083,6247349.0
2015-12-10,10.15,4188.9259,6459770.0
2015-12-11,9.9,4085.7504,4837852.0
2015-12-14,10.11,4172.4178,9334881.0
2015-12-15,10.27,4238.4501,5017032.0
2015-12-16,10.32,4259.0852,2550030.0
2015-12-17,9.96,4110.5125,4101175.0
2015-12-18,10.01,4131.1476,5777505.0
2015-12-21,10.09,4164.1638,2127357.0
2015-12-22,10.07,4155.9097,3477613.0
2015-12-23,10.09,4164.1638,3158801.0
2015-12-24,10.14,4184.7989,1606870.0
2015-12-28,10.0,4127.0206,2243959.0
2015-12-29,10.11,4172.4178,3146476.0
2015-12-30,9.95,4106.3855,3025628.0
2015-12-31,9.8,4044.4802,2390854.0
2016-01-04,9.7,4003.21,4023234.0
2016-01-05,9.68,3994.9559,5727444.0
2016-01-06,9.19,3792.7319,7066771.0
2016-01-07,8.64,3565.7458,9524767.0
2016-01-08,8.53,3520.3485,5103712.0
2016-01-11,8.57,3536.8566,5474642.0
2016-01-12,8.55,3528.6026,3918247.0
2016-01-13,8.3,3425.4271,6126909.0
2016-01-14,8.5,3507.9675,6459227.0
2016-01-15,8.22,3392.4109,6615188.0
2016-01-19,8.07,3330.5056,4572165.0
2016-01-20,8.27,3413.046,6061988.0
2016-01-21,8.39,3462.5703,7807908.0
2016-01-22,8.34,3441.9352,5319269.0
2016-01-25,8.25,3404.792,4347257.0
2016-01-26,8.4,3466.6973,3830876.0
2016-01-27,8.25,3404.792,2613074.0
2016-01-28,8.11,3347.0137,3535218.0
2016-01-29,8.56,3532.7296,6360978.0
2016-02-01,8.67,3578.1268,3191927.0
2016-02-02,8.175,3373.8393,3713218.0
2016-02-03,8.27,3413.046,3147663.0
2016-02-04,8.49,3503.8405,3347856.0
2016-02-05,8.05,3322.2516,7708948.0
2016-02-08,7.4,3053.9952,8967634.0
2016-02-09,7.08,2921.9306,11642350.0
2016-02-10,7.15,2950.8197,7484872.0
2016-02-11,7.05,2909.5495,6075672.0
2016-02-12,7.07,2917.8035,5676280.0
2016-02-16,7.51,3099.3924,8388261.0
2016-02-17,7.9,3260.3462,6120725.0
2016-02-18,7.61,3140.6627,9800490.0
2016-02-19,7.68,3169.5518,6217786.0
2016-02-22,7.97,3289.2354,4681723.0
2016-02-23,8.02,3309.8705,5810609.0
2016-02-24,8.3,3420.39,5749489.0
2016-02-25,8.29,3416.2691,3378009.0
2016-02-26,8.39,3457.4786,2339714.0
2016-02-29,8.39,3457.4786,2740950.0
2016-03-01,8.65,3564.6233,4147714.0
2016-03-02,8.82,3634.6795,3991940.0
2016-03-03,8.94,3684.1309,4801707.0
2016-03-04,8.87,3655.2843,4321169.0
2016-03-07,9.01,3712.9776,3595890.0
2016-03-08,8.7,3585.2281,4943658.0
2016-03-09,8.86,3651.1633,3928406.0
2016-03-10,8.88,3659.4052,4569517.0
2016-03-11,9.26,3816.0014,3342554.0
2016-03-14,9.1,3750.0662,3184056.0
2016-03-15,9.08,3741.8243,2030818.0
2016-03-16,9.19,3787.1547,2464485.0
2016-03-17,9.26,3816.0014,1694848.0
2016-03-18,9.48,3906.6623,5841797.0
2016-03-21,9.44,3890.1785,1731505.0
2016-03-22,9.53,3927.2671,2969765.0
2016-03-23,9.38,3865.4528,3829892.0
2016-03-24,9.39,3869.5738,1615551.0
2016-03-28,9.41,3877.8157,2087389.0
2016-03-29,9.88,4071.5004,5904529.0
2016-03-30,9.71,4001.4442,3785775.0
2016-03-31,9.59,3951.9928,4099551.0
2016-04-01,9.7,3997.3233,4044762.0
2016-04-04,9.58,3947.8719,2306229.0
2016-04-05,9.59,3951.9928,2798908.0
2016-04-06,9.75,4017.928,2911365.0
2016-04-07,9.52,3923.1462,2429243.0
2016-04-08,9.51,3919.0252,1935146.0
2016-04-11,9.46,3898.4204,2260074.0
2016-04-12,9.43,3886.0576,1993390.0
2016-04-13,9.72,4026.3762,1984952.0
2016-04-14,9.75,4038.8033,2501119.0
2016-04-15,9.66,4001.522,2311470.0
2016-04-18,9.65,3997.3797,2618708.0
2016-04-19,9.58,3968.3831,2752530.0
2016-04-20,9.86,4084.3693,3108050.0
2016-04-21,9.81,4063.6575,3901328.0
2016-04-22,9.83,4071.9422,2799464.0
2016-04-25,9.59,3972.5255,2457530.0
2016-04-26,9.99,4138.22,10858535.0
2016-04-27,10.0,4142.3624,4269963.0
2016-04-28,9.75,4038.8033,3491472.0
2016-04-29,9.47,3922.8172,3554871.0
2016-05-02,9.68,4009.8068,5917123.0
2016-05-03,9.49,3931.1019,2958743.0
2016-05-04,9.27,3839.9699,2975191.0
2016-05-05,9.29,3848.2546,2777134.0
2016-05-06,9.41,3897.963,3664574.0
2016-05-09,9.11,3778.7403,7277080.0
2016-05-10,9.38,3890.7337,4005183.0
2016-05-11,9.39,3894.8816,3541776.0
2016-05-12,8.97,3720.6697,4928027.0
2016-05-13,8.95,3712.3739,3484854.0
2016-05-16,9.0,3733.1134,3886789.0
2016-05-17,8.95,3712.3739,2855452.0
2016-05-18,9.21,3820.2194,4638966.0
2016-05-19,9.03,3745.5571,2610341.0
2016-05-20,9.19,3811.9235,3301984.0
2016-05-23,9.18,3807.7756,2552117.0
2016-05-24,9.38,3890.7337,5087629.0
2016-05-25,9.51,3944.6565,2647065.0
2016-05-26,9.51,3944.6565,2386766.0
2016-05-27,9.66,4006.875,2498563.0
2016-05-31,9.77,4052.502,3541853.0
2016-06-01,9.95,4127.1642,4231323.0
2016-06-02,9.86,4089.8331,3201747.0
2016-06-03,9.71,4027.6145,2263478.0
2016-06-06,9.81,4069.0936,3929757.0
2016-06-07,10.07,4176.9391,5911853.0
2016-06-08,10.02,4156.1996,1898951.0
2016-06-09,10.02,4156.1996,4451869.0
2016-06-10,9.8,4064.9457,4001755.0
2016-06-13,9.98,4139.6079,7231668.0
2016-06-14,9.77,4052.502,11463141.0
2016-06-15,9.7,4023.4666,8605624.0
2016-06-16,9.49,3936.3607,12189518.0
2016-06-17,9.45,3919.769,6063394.0
2016-06-20,9.78,4056.6499,5590921.0
2016-06-21,9.78,4056.6499,2669886.0
2016-06-22,9.69,4019.3187,2633619.0
2016-06-23,9.87,4093.981,2316451.0
2016-06-24,9.09,3770.4445,14290589.0
2016-06-27,8.24,3417.8727,10065290.0
2016-06-28,8.67,3596.2325,5863945.0
2016-06-29,8.69,3604.5284,3631945.0
2016-06-30,8.82,3658.4511,3047121.0
2016-07-01,8.78,3641.8595,2324416.0
2016-07-05,8.46,3509.1266,3202239.0
2016-07-06,8.47,3513.2745,4442262.0
2016-07-07,8.72,3616.9721,5525450.0
2016-07-08,8.91,3695.7822,6591448.0
2016-07-11,9.17,3803.6277,3937714.0
2016-07-12,9.31,3861.6984,2832684.0
2016-07-13,9.3,3857.5505,2418556.0
2016-07-14,9.44,3915.6211,2170188.0
2016-07-15,9.39,3894.8816,1816383.0
2016-07-18,9.51,3944.6565,1636609.0
2016-07-19,9.47,3928.0648,3148230.0
2016-07-20,9.66,4006.875,2418246.0
2016-07-21,9.53,3952.9523,3669269.0
2016-07-22,9.56,3965.396,2001164.0
2016-07-25,9.6,3981.9876,1853107.0
2016-07-26,10.17,4218.4181,8474563.0
2016-07-27,10.2,4230.8618,6495966.0
2016-07-28,10.07,4176.9391,3874509.0
2016-07-29,10.03,4160.3475,2717530.0
2016-08-01,10.03,4160.3475,3016936.0
2016-08-02,9.71,4027.6145,2421735.0
2016-08-03,9.7,4023.4666,2218578.0
2016-08-04,9.78,4056.6499,1762707.0
2016-08-05,9.99,4143.7558,4389454.0
2016-08-08,10.11,4201.2215,8989077.0
2016-08-09,10.33,4292.6427,8332839.0
2016-08-10,10.3,4280.1762,5632811.0
2016-08-11,10.27,4267.7097,5836077.0
2016-08-12,10.1,4197.066,2716291.0
2016-08-15,10.38,4313.4203,4236106.0
2016-08-16,10.22,4246.9321,2615661.0
2016-08-17,10.3,4280.1762,2684788.0
2016-08-18,10.23,4251.0876,2664584.0
2016-08-19,10.24,4255.2431,3474372.0
2016-08-22,10.36,4305.1093,3038783.0
2016-08-23,10.61,4408.997,4319301.0
2016-08-24,10.71,4450.5521,5566207.0
2016-08-25,11.01,4575.2175,8912816.0
2016-08-26,11.03,4583.5285,12254902.0
2016-08-29,10.98,4562.7509,4045582.0
2016-08-30,10.89,4525.3513,5040828.0
2016-08-31,10.8,4487.9517,3725154.0
2016-09-01,10.99,4566.9064,2670701.0
2016-09-02,11.03,4583.5285,2819674.0
2016-09-06,10.88,4521.1958,2077513.0
2016-09-07,10.92,4537.8179,3886791.0
2016-09-08,10.74,4463.0187,4156777.0
2016-09-09,10.26,4263.5541,5178418.0
2016-09-12,10.44,4338.3533,4646971.0
2016-09-13,10.24,4255.2431,4756485.0
2016-09-14,10.39,4317.5758,4059543.0
2016-09-15,10.78,4479.6407,4614372.0
2016-09-16,11.31,4699.8828,15007487.0
2016-09-19,11.52,4787.1485,10953299.0
2016-09-20,11.58,4812.0816,9069871.0
2016-09-21,11.78,4895.1918,4021229.0
2016-09-22,12.04,5003.2351,11686553.0
2016-09-23,11.71,4866.1032,7093553.0
2016-09-26,11.61,4824.5481,4245247.0
2016-09-27,11.79,4899.3473,4701430.0
2016-09-28,11.93,4957.5245,3393032.0
2016-09-29,12.1,5028.1681,6707917.0
2016-09-30,12.32,5119.5894,6265280.0
2016-10-03,12.22,5078.0343,6396860.0
2016-10-04,12.18,5061.4122,4740045.0
2016-10-05,12.4,5152.8335,4563623.0
2016-10-06,12.43,5165.3,6259948.0
2016-10-07,12.28,5102.9673,3271622.0
2016-10-10,12.13,5040.6347,3288070.0
2016-10-11,11.79,4899.3473,6497671.0
2016-10-12,11.65,4841.1702,3973438.0
2016-10-13,11.57,4807.9261,5066051.0
2016-10-14,11.59,4816.2371,3046404.0
2016-10-17,11.51,4782.993,2194531.0
2016-10-18,11.67,4849.4812,4479111.0
2016-10-19,11.72,4870.2587,2643222.0
2016-10-20,11.81,4907.6583,2507444.0
2016-10-21,11.82,4911.8138,2206292.0
2016-10-24,12.09,5024.0126,2331425.0
2016-10-25,11.91,4949.2134,3397830.0
2016-10-26,11.71,4866.1032,4772385.0
2016-10-27,11.64,4837.0146,3953977.0
2016-10-28,11.53,4791.304,5542435.0
2016-10-31,11.67,4849.4812,2207350.0
2016-11-01,11.69,4857.7922,2670938.0
2016-11-02,11.48,4770.5265,7043949.0
2016-11-03,11.51,4782.993,2489086.0
2016-11-04,11.57,4807.9261,4570997.0
2016-11-07,11.46,4778.3937,11853253.0
2016-11-08,11.18,4661.6441,8650434.0
2016-11-09,11.22,4678.3226,4938904.0
2016-11-10,10.95,4565.7426,7848092.0
2016-11-11,11.22,4678.3226,5486259.0
2016-11-14,11.4,4753.3759,5257345.0
2016-11-15,11.53,4807.5811,4350576.0
2016-11-16,11.45,4774.224,5147297.0
2016-11-17,11.48,4786.7329,3984328.0
2016-11-18,11.17,4657.4745,6995195.0
2016-11-21,11.47,4782.5633,6285491.0
2016-11-22,11.88,4953.5181,9800326.0
2016-11-23,12.44,5187.0172,11628881.0
2016-11-25,12.43,5182.8476,2024998.0
2016-11-28,12.12,5053.5891,7915454.0
2016-11-29,11.91,4966.0269,3946047.0
2016-11-30,11.78,4911.8218,5982891.0
2016-12-01,10.97,4574.0819,11304894.0
2016-12-02,11.12,4636.6263,5502811.0
2016-12-05,11.23,4682.4922,4723028.0
2016-12-06,11.36,4736.6974,3641590.0
2016-12-07,11.82,4928.5003,16055684.0
2016-12-08,11.91,4966.0269,6953955.0
2016-12-09,12.22,5095.2854,12070637.0
2016-12-12,11.96,4986.8751,10674119.0
2016-12-13,12.41,5174.5083,14634415.0
2016-12-14,12.48,5203.6957,10732746.0
2016-12-15,13.03,5433.0253,31143030.0
2016-12-16,12.84,5353.8023,10076792.0
2016-12-19,12.82,5345.4631,3387010.0
2016-12-20,12.81,5341.2935,3745845.0
2016-12-21,12.69,5291.2579,5066770.0
2016-12-22,12.73,5307.9364,4668444.0
2016-12-23,12.97,5408.0075,4130724.0
2016-12-27,13.13,5474.7216,4798092.0
2016-12-28,13.07,5449.7038,5671898.0
2016-12-29,12.97,5408.0075,5476077.0
2016-12-30,12.76,5320.4453,5866331.0
2017-01-03,12.69,5291.2579,10438467.0
2017-01-04,13.0,5420.5164,9216797.0
2017-01-05,12.85,5357.972,7193409.0
2017-01-06,13.01,5424.686,5747162.0
2017-01-09,13.34,5562.2837,7460804.0
2017-01-10,13.45,5608.1496,4244703.0
2017-01-11,13.51,5633.1674,6130419.0
2017-01-12,13.43,5599.8104,5056954.0
2017-01-13,13.47,5616.4889,6286991.0
2017-01-17,13.18,5495.5697,4952348.0
2017-01-18,13.26,5528.9267,6045833.0
2017-01-19,13.11,5466.3823,8526676.0
2017-01-20,13.4,5587.3015,6418863.0
2017-01-23,13.5,5628.9978,5861854.0
2017-01-24,13.62,5679.0333,4785842.0
2017-01-25,13.9,5795.7829,5674444.0
2017-01-26,13.86,5779.1044,4378503.0
2017-01-27,13.88,5787.4437,2322016.0
2017-01-30,13.75,5733.2385,4812892.0
2017-01-31,13.32,5553.9445,8658476.0
2017-02-01,13.7,5712.3903,6335613.0
2017-02-02,13.69,5708.2207,2770747.0
2017-02-03,13.94,5812.4614,4404351.0
2017-02-06,13.87,5783.274,2600151.0
2017-02-07,13.96,5820.8007,3611222.0
2017-02-08,14.01,5841.6488,5614026.0
2017-02-09,13.96,5820.8007,3073887.0
2017-02-10,14.14,5895.854,7156947.0
2017-02-13,14.94,6229.4242,21425597.0
2017-02-14,15.31,6383.7005,16200869.0
2017-02-15,15.625,6515.0437,6417292.0
2017-02-16,15.53,6475.4323,5228077.0
2017-02-17,15.6,6504.6197,4135542.0
2017-02-21,15.98,6663.0655,5476731.0
2017-02-22,16.0,6671.4048,6447900.0
2017-02-23,15.62,6512.9589,6867339.0
2017-02-24,15.33,6392.0397,8551178.0
2017-02-27,15.53,6475.4323,6502396.0
2017-02-28,15.13,6348.7125,4946040.0
2017-03-01,15.33,6432.6346,5924848.0
2017-03-02,15.16,6361.3008,5679319.0
2017-03-03,15.21,6382.2813,5733670.0
2017-03-06,15.26,6403.2619,4412717.0
2017-03-07,15.29,6415.8502,4007770.0
2017-03-08,15.03,6306.7514,8205904.0
2017-03-09,15.2,6378.0852,5110887.0
2017-03-10,15.22,6386.4774,7350300.0
2017-03-13,15.31,6424.2424,4395349.0
2017-03-14,15.35,6441.0269,9088407.0
2017-03-15,15.22,6386.4774,21704281.0
2017-03-16,15.24,6394.8697,13976573.0
2017-03-17,15.25,6399.0658,6749390.0
2017-03-20,15.25,6399.0658,4967838.0
2017-03-21,14.66,6151.4954,6288357.0
2017-03-22,14.91,6256.3981,6334466.0
2017-03-23,14.96,6277.3786,5103558.0
2017-03-24,15.18,6369.693,6157218.0
2017-03-27,15.01,6305.7176,5189665.0
2017-03-28,15.29,6423.3459,6057665.0
2017-03-29,15.18,6377.1348,4204322.0
2017-03-30,15.42,6477.959,4643610.0
2017-03-31,15.49,6507.3661,5703203.0
2017-04-03,15.07,6330.9236,6102347.0
2017-04-04,14.9,6259.5065,5744291.0
2017-04-05,14.79,6213.2953,6905058.0
2017-04-06,15.08,6335.1247,4320343.0
2017-04-07,15.15,6364.5317,4940769.0
2017-04-10,15.1,6343.5267,3059457.0
2017-04-11,14.6,6133.4761,18484931.0
2017-04-12,14.24,5982.2363,11362537.0
2017-04-13,14.11,5927.6231,6974032.0
2017-04-17,14.28,5999.0403,4825014.0
2017-04-18,14.45,6070.4574,5998989.0
2017-04-19,14.5,6091.4625,8170188.0
2017-04-20,14.83,6230.0958,5166826.0
2017-04-21,14.19,5961.2312,13796398.0
2017-04-24,14.65,6154.4776,7249723.0
2017-04-25,14.52,6099.8645,7214259.0
2017-04-26,14.42,6057.8544,8344721.0
2017-04-27,14.66,6158.6786,6066805.0
2017-04-28,14.18,5957.0302,4845083.0
2017-05-01,14.35,6028.4473,3868938.0
2017-05-02,13.95,5860.407,7992648.0
2017-05-03,13.9,5839.402,6014505.0
2017-05-04,14.07,5910.8191,4102994.0
2017-05-05,14.42,6057.8544,7350102.0
2017-05-08,14.43,6071.2979,8503933.0
2017-05-09,15.01,6315.3279,7140420.0
2017-05-10,14.79,6222.7648,3987745.0
2017-05-11,14.88,6260.6315,5909267.0
2017-05-12,14.82,6235.387,3608300.0
2017-05-15,15.32,6445.7577,5936270.0
2017-05-16,15.94,6706.6173,7967721.0
2017-05-17,15.06,6336.3649,5868224.0
2017-05-18,15.18,6386.8539,5720262.0
2017-05-19,15.42,6487.8318,4646267.0
2017-05-22,15.57,6550.943,3657428.0
2017-05-23,15.29,6433.1354,4960659.0
2017-05-24,15.5,6521.4911,3714951.0
2017-05-25,15.5,6521.4911,4263460.0
2017-05-26,15.49,6517.2837,4448945.0
2017-05-30,15.59,6559.3579,5772968.0
2017-05-31,15.48,6513.0763,4501234.0
2017-06-01,15.58,6555.1504,5071873.0
2017-06-02,15.86,6672.958,4336937.0
2017-06-05,16.11,6778.1434,6394505.0
2017-06-06,16.09,6769.7285,3895329.0
2017-06-07,16.25,6837.0472,5507369.0
2017-06-08,16.65,7005.3437,4961885.0
2017-06-09,16.1,6773.936,10954531.0
2017-06-12,15.73,6618.2616,9762460.0
2017-06-13,15.97,6719.2396,5849808.0
2017-06-14,15.67,6593.017,5129680.0
2017-06-15,15.43,6492.0391,8219640.0
2017-06-16,15.38,6471.002,5226872.0
2017-06-19,15.65,6584.6022,4018127.0
2017-06-20,15.08,6344.7796,9346021.0
2017-06-21,15.1,6353.1944,5230413.0
2017-06-22,14.96,6294.2907,7206636.0
2017-06-23,15.07,6340.5722,13698204.0
2017-06-26,14.97,6298.4981,4478827.0
2017-06-27,14.37,6046.0533,6001907.0
2017-06-28,14.65,6163.8608,6750902.0
2017-06-29,14.22,5982.9421,6519322.0
2017-06-30,14.04,5907.2086,5280456.0
2017-07-03,13.8,5806.2307,1492008.0
2017-07-05,14.05,5911.416,5478550.0
2017-07-06,14.07,5919.8309,6227326.0
2017-07-07,14.3,6016.6014,7070080.0
2017-07-10,14.45,6079.7126,5225669.0
2017-07-11,14.46,6083.92,3270176.0
2017-07-12,14.93,6281.6684,7869428.0
2017-07-13,14.9,6269.0462,4427521.0
2017-07-14,15.08,6344.7796,3480568.0
2017-07-17,15.01,6315.3277,2937534.0
2017-07-18,15.35,6458.3798,5621816.0
2017-07-19,15.66,6588.8096,4464773.0
2017-07-20,15.72,6614.0541,3621103.0
2017-07-21,15.2,6395.2686,6908113.0
2017-07-24,15.13,6365.8167,3635299.0
2017-07-25,15.08,6344.7796,5673689.0
2017-07-26,15.64,6580.3948,7786493.0
2017-07-27,15.24,6412.0982,5781242.0
2017-07-28,15.08,6344.7796,3338988.0
2017-07-31,14.95,6290.0832,3029671.0
2017-08-01,15.05,6332.1574,3754350.0
2017-08-02,14.8,6226.972,4637081.0
2017-08-03,14.91,6273.2536,6447040.0
2017-08-04,15.1,6353.1944,7379277.0
2017-08-07,16.33,6884.139,15219914.0
2017-08-08,16.44,6930.511,10592433.0
2017-08-09,16.36,6896.7859,9036728.0
2017-08-10,15.57,6563.7504,7634970.0
2017-08-11,15.94,6719.7291,7609144.0
2017-08-14,16.45,6934.7267,7865137.0
2017-08-15,16.45,6934.7267,6002379.0
2017-08-16,16.5,6955.8049,8788043.0
2017-08-17,15.99,6740.8073,6797733.0
2017-08-18,15.94,6719.7291,4132975.0
2017-08-21,15.75,6639.6319,5815151.0
2017-08-22,16.04,6761.8855,4264858.0
2017-08-23,16.3,6871.4921,5297549.0
2017-08-24,16.33,6884.139,3694917.0
2017-08-25,16.03,6757.6698,4265279.0
2017-08-28,16.14,6804.0419,2762247.0
2017-08-29,16.18,6820.9044,3877075.0
2017-08-30,17.06,7191.8807,10110137.0
2017-08-31,17.08,7200.312,4922041.0
2017-09-01,17.25,7271.9778,4499830.0
2017-09-05,16.8,7082.2741,6443373.0
2017-09-06,16.56,6981.0987,4269414.0
2017-09-07,16.75,7061.1959,7454632.0
2017-09-08,16.6,6997.9613,2920946.0
2017-09-11,17.12,7217.1745,3726495.0
2017-09-12,16.99,7162.3712,4019510.0
2017-09-13,16.82,7090.7053,6598540.0
2017-09-14,16.9,7124.4305,3726316.0
2017-09-15,17.38,7326.7811,7792790.0
2017-09-18,17.46,7360.5063,4319570.0
2017-09-19,17.62,7427.9565,6485961.0
2017-09-20,17.38,7326.7811,6018830.0
2017-09-21,17.39,7330.9968,5596225.0
2017-09-22,17.64,7436.3878,3937791.0
2017-09-25,17.67,7449.0347,11090040.0
2017-09-26,17.7,7461.6816,5099391.0
2017-09-27,18.15,7651.3854,6072673.0
2017-09-28,18.34,7731.4825,3985665.0
2017-09-29,18.47,7786.2858,3689043.0
2017-10-02,18.79,7921.1863,9050315.0
2017-10-03,18.91,7971.774,9823189.0
2017-10-04,19.08,8043.4398,5189351.0
2017-10-05,19.2,8094.0275,3364676.0
2017-10-06,19.23,8106.6744,3433109.0
2017-10-09,19.31,8140.3995,4324234.0
2017-10-10,19.38,8169.909,5849597.0
2017-10-11,19.42,8186.7716,7034957.0
2017-10-12,19.24,8110.8901,4954817.0
2017-10-13,19.57,8250.0061,6992675.0
2017-10-16,19.59,8258.4374,4925679.0
2017-10-17,19.6,8262.6531,3853996.0
2017-10-18,19.71,8309.0251,3969542.0
2017-10-19,19.67,8292.1625,6473003.0
2017-10-20,20.07,8460.7881,7431494.0
2017-10-23,20.08,8465.0038,6209442.0
2017-10-24,20.37,8587.2573,3406602.0
2017-10-25,20.22,8524.0227,5177776.0
2017-10-26,20.4,8599.9042,3099965.0
2017-10-27,20.75,8747.4516,5284714.0
2017-10-30,20.96,8835.98,6319283.0
2017-10-31,21.32,8987.743,7940419.0
2017-11-01,21.17,8924.5084,9163552.0
2017-11-02,21.24,8954.0179,5478126.0
2017-11-03,21.65,9126.8591,8448966.0
2017-11-06,21.41,9081.3138,16578486.0
2017-11-07,21.61,9166.1462,9532929.0
2017-11-08,21.85,9267.9452,6093834.0
2017-11-09,21.43,9089.797,6647739.0
2017-11-10,21.56,9144.9381,6375784.0
2017-11-13,21.58,9153.4214,6357574.0
2017-11-14,21.42,9085.5554,6076347.0
2017-11-15,21.1,8949.8235,5350540.0
2017-11-16,21.39,9072.8305,4276176.0
2017-11-17,21.44,9094.0386,4791913.0
2017-11-20,21.72,9212.8041,3689175.0
2017-11-21,21.94,9306.1198,4275081.0
2017-11-22,21.37,9064.3473,5619515.0
2017-11-24,21.53,9132.2132,2192499.0
2017-11-27,21.11,8954.0651,5354983.0
2017-11-28,21.12,8958.3067,6044644.0
2017-11-29,19.98,8474.7618,9832609.0
2017-11-30,20.08,8517.178,6416949.0
2017-12-01,19.86,8423.8623,7169062.0
2017-12-04,18.98,8050.5995,9796661.0
2017-12-05,19.16,8126.9487,9095110.0
2017-12-06,19.22,8152.3984,5007026.0
2017-12-07,19.5,8271.1639,6012505.0
2017-12-08,19.42,8237.2309,4795060.0
2017-12-11,19.48,8262.6806,5362821.0
2017-12-12,19.36,8211.7812,7154296.0
2017-12-13,19.51,8275.4055,4882363.0
2017-12-14,19.54,8288.1304,6367537.0
2017-12-15,19.9,8440.8288,5127422.0
2017-12-18,20.84,8839.5413,7307449.0
2017-12-19,20.8,8822.5748,7821893.0
2017-12-20,20.96,8890.4408,3521947.0
2017-12-21,20.9,8864.991,2888929.0
2017-12-22,20.86,8848.0245,2558279.0
2017-12-26,20.87,8852.2662,2475366.0
2017-12-27,21.16,8975.2732,4120525.0
2017-12-28,21.13,8962.5483,2588288.0
2017-12-29,20.94,8881.9575,3996265.0
2018-01-02,21.81,9250.9787,7027432.0
2018-01-03,22.78,9662.4161,7889811.0
2018-01-04,22.78,9662.4161,5719730.0
2018-01-05,22.83,9683.6242,4773694.0
2018-01-08,22.97,9743.0069,3271438.0
2018-01-09,22.92,9721.7988,5407256.0
2018-01-10,22.64,9603.0333,6137320.0
2018-01-11,23.08,9789.6647,6446558.0
2018-01-12,23.57,9997.5042,5906385.0
2018-01-16,23.5,9967.8129,6673803.0
2018-01-17,23.92,10145.961,6988654.0
2018-01-18,24.74,10493.7741,12371052.0
2018-01-19,25.04,10621.0227,6543511.0
2018-01-22,25.37,10760.9963,6865979.0
2018-01-23,25.15,10667.6806,7291995.0
2018-01-24,24.59,10430.1497,14479016.0
2018-01-25,23.82,10103.5448,11520524.0
2018-01-26,25.14,10663.439,10204065.0
2018-01-29,25.42,10782.2044,6563237.0
2018-01-30,24.74,10493.7741,7248619.0
2018-01-31,24.74,10493.7741,6185372.0
2018-02-01,24.32,10315.6259,7450047.0
2018-02-02,23.69,10048.4037,13296413.0
2018-02-05,22.64,9603.0333,12579854.0
2018-02-06,22.68,9619.9998,14763363.0
2018-02-07,22.06,9357.0192,12055660.0
2018-02-08,20.81,8826.8164,9966768.0
2018-02-09,21.15,8971.0316,13112366.0
2018-02-12,21.34,9051.6224,7660937.0
2018-02-13,21.76,9229.7706,7843683.0
2018-02-14,22.34,9475.7847,7454596.0
2018-02-15,22.8,9670.8993,6622765.0
2018-02-16,22.54,9560.6171,4446741.0
2018-02-20,23.56,9993.2626,7358915.0
2018-02-21,23.23,9882.987,6146963.0
2018-02-22,23.14,9844.6973,4563931.0
2018-02-23,23.74,10099.9617,4417141.0
2018-02-26,24.37,10367.9893,7090499.0
2018-02-27,24.33,10350.9717,9704611.0
2018-02-28,23.92,10176.541,7267833.0
2018-03-01,23.86,10151.0146,8275949.0
2018-03-02,24.43,10393.5158,5281794.0
2018-03-05,24.46,10406.279,5872781.0
2018-03-06,25.47,10835.9741,13350814.0
2018-03-07,25.76,10959.3519,9042493.0
2018-03-08,26.06,11086.9841,6675320.0
2018-03-09,26.59,11312.4677,8616731.0
2018-03-12,26.8,11401.8102,4681447.0
2018-03-13,26.02,11069.9665,6030599.0
2018-03-14,25.74,10950.8431,5858971.0
2018-03-15,25.76,10959.3519,3611520.0
2018-03-16,25.87,11006.1504,5560857.0
2018-03-19,25.51,10852.9917,7717316.0
2018-03-20,25.95,11040.1856,5566589.0
2018-03-21,26.5,11274.178,11340791.0
2018-03-22,25.9,11018.9136,7598298.0
2018-03-23,25.04,10653.0346,9466248.0
2018-03-26,26.12,11112.5105,6623161.0
2018-03-27,24.96,10618.9993,7900607.0
2018-03-28,23.81,10129.7426,9042849.0
2018-03-29,24.46,10406.279,5503665.0
2018-04-02,23.37,9942.5487,5612466.0
2018-04-03,23.53,10010.6192,6450882.0
2018-04-04,24.33,10350.9717,5708557.0
2018-04-05,24.22,10304.1732,5375461.0
2018-04-06,23.42,9963.8207,5948537.0
2018-04-09,23.56,10023.3824,5850548.0
2018-04-10,24.54,10440.3143,4481952.0
2018-04-11,24.59,10511.2231,4421794.0
2018-04-12,25.36,10840.3667,5355300.0
2018-04-13,25.01,10690.756,3695273.0
2018-04-16,25.05,10707.8543,3515372.0
2018-04-17,25.74,11002.8012,5115264.0
2018-04-18,25.56,10925.8586,4565475.0
2018-04-19,24.01,10263.2967,9482572.0
2018-04-20,23.63,10100.8622,6785823.0
2018-04-23,23.48,10036.7433,7058344.0
2018-04-24,23.31,9964.0752,5092193.0
2018-04-25,23.12,9882.858,7101679.0
2018-04-26,23.75,10152.1573,5759038.0
2018-04-27,22.98,9823.0137,9211005.0
2018-04-30,22.08,9440.5881,13208712.0
2018-05-01,22.16,9474.7931,9773822.0
2018-05-02,22.2,9491.8956,7418984.0
2018-05-03,22.08,9440.5881,9870298.0
2018-05-04,22.64,9680.0233,5098282.0
2018-05-07,22.86,9774.0871,4494477.0
2018-05-08,22.92,9799.7409,5089359.0
2018-05-09,23.26,9945.1123,5635852.0
2018-05-10,23.61,10094.7593,3351148.0
2018-05-11,23.39,10000.6954,3718762.0
2018-05-14,23.69,10128.9643,3424033.0
2018-05-15,23.66,10116.1374,5444443.0
2018-05-16,23.82,10184.5475,4002239.0
2018-05-17,23.7,10133.2399,4151380.0
2018-05-18,23.7,10133.2399,4347250.0
2018-05-21,23.84,10193.0987,3185846.0
2018-05-22,24.18,10338.4701,5094594.0
2018-05-23,24.15,10325.6432,4189928.0
2018-05-24,25.02,10697.6229,17947728.0
2018-05-25,25.85,11052.5001,11413002.0
2018-05-29,25.47,10890.0262,9934041.0
2018-05-30,25.58,10937.0581,6636438.0
2018-05-31,25.13,10744.6548,27704072.0
2018-06-01,25.75,11009.7438,7433482.0
2018-06-04,26.2,11202.1471,9466374.0
2018-06-05,26.22,11210.6983,6798750.0
2018-06-06,26.16,11185.0446,4943229.0
2018-06-07,25.72,10996.9169,8260578.0
2018-06-08,25.2,10774.5842,7076821.0
2018-06-11,25.1,10731.8279,4968899.0
2018-06-12,25.11,10736.1036,7999886.0
2018-06-13,25.3,10817.3405,6352197.0
2018-06-14,25.89,11069.6026,5622231.0
2018-06-15,25.61,10949.885,6608961.0
2018-06-18,25.37,10847.2699,3856735.0
2018-06-19,24.76,10586.4566,6590277.0
2018-06-20,25.17,10761.7573,3612635.0
2018-06-21,24.69,10556.5272,5186171.0
2018-06-22,24.08,10295.7138,7446984.0
2018-06-25,23.17,9906.6316,8921871.0
2018-06-26,23.1,9876.7022,7617836.0
2018-06-27,22.47,9607.3376,4900852.0
2018-06-28,22.28,9526.1007,11984048.0
2018-06-29,22.235,9506.8603,6424993.0
2018-07-02,22.59,9658.6451,4726737.0
2018-07-03,22.15,9470.5175,2400526.0
2018-07-05,22.82,9756.9846,7132428.0
2018-07-06,23.1,9876.7022,4202174.0
2018-07-09,23.33,9975.0417,3749427.0
2018-07-10,23.88,10210.2012,4737219.0
2018-07-11,23.02,9842.4972,4574915.0
2018-07-12,23.51,10052.003,3607977.0
2018-07-13,23.48,10039.1761,4556709.0
2018-07-16,23.3,9962.2148,4799175.0
2018-07-17,23.91,10223.0281,4393744.0
2018-07-18,24.24,10364.1239,5635059.0
2018-07-19,24.01,10265.7844,5011782.0
2018-07-20,24.04,10278.6113,3689462.0
2018-07-23,23.78,10167.445,5728762.0
2018-07-24,23.53,10060.5542,4133591.0
2018-07-25,23.3,9962.2148,8872944.0
2018-07-26,23.61,10094.7593,8352129.0
2018-07-27,23.15,9898.0803,9665306.0
2018-07-30,22.36,9530.179,10269462.0
2018-07-31,22.05,9398.0522,6282874.0
2018-08-01,22.26,9487.5575,6277072.0
2018-08-02,22.28,9496.0818,6515486.0
2018-08-03,21.59,9201.9931,10798682.0
2018-08-06,22.11,9423.6251,5408654.0
2018-08-07,22.41,9551.4898,3944056.0
2018-08-08,22.42,9555.752,3769697.0
2018-08-09,21.92,9342.6442,6522565.0
2018-08-10,21.34,9095.4392,8249718.0
2018-08-13,21.01,8954.7881,3740192.0
2018-08-14,21.0,8950.5259,5598955.0
2018-08-15,20.45,8716.1074,8406288.0
2018-08-16,20.34,8669.2237,6616858.0
2018-08-17,20.32,8660.6994,3905667.0
2018-08-20,20.34,8669.2237,3470859.0
2018-08-21,21.0,8950.5259,6116769.0
2018-08-22,20.84,8882.3314,5266052.0
2018-08-23,20.65,8801.3505,4129697.0
2018-08-24,21.12,9001.6718,2981053.0
2018-08-27,21.5,9163.6337,4140811.0
2018-08-28,21.61,9210.5174,3216829.0
2018-08-29,21.58,9197.7309,3140223.0
2018-08-30,21.11,8997.4096,3078843.0
2018-08-31,21.34,9095.4392,4432873.0
2018-09-04,21.38,9112.4878,4244271.0
2018-09-05,20.49,8733.156,5824879.0
2018-09-06,19.86,8464.6402,7082092.0
2018-09-07,19.48,8302.6783,7013916.0
2018-09-10,19.32,8234.4838,3966330.0
2018-09-11,19.2,8183.338,4802352.0
2018-09-12,19.25,8204.6488,9514767.0
2018-09-13,19.51,8315.4648,4249939.0
2018-09-14,19.87,8468.9024,5113995.0
2018-09-17,19.06,8123.6678,4667721.0
2018-09-18,19.0,8098.0949,6147093.0
2018-09-19,19.12,8149.2407,8348041.0
2018-09-20,19.5,8311.2026,10327362.0
2018-09-21,19.15,8162.0272,6154916.0
2018-09-24,19.1,8140.7164,3558046.0
2018-09-25,18.42,7850.8899,6567055.0
2018-09-26,18.42,7850.8899,4124790.0
2018-09-27,18.24,7774.1711,5209322.0
2018-09-28,18.43,7855.152,5270960.0
2018-10-01,18.41,7846.6277,4191363.0
2018-10-02,18.75,7991.541,5145064.0
2018-10-03,18.46,7867.9385,6517690.0
2018-10-04,17.87,7616.4713,7463142.0
2018-10-05,17.54,7475.8202,7725403.0
2018-10-08,17.09,7284.0232,7608271.0
2018-10-09,16.85,7181.7315,7780239.0
2018-10-10,16.12,6870.5942,9199620.0
2018-10-11,16.36,6972.8859,10997545.0
2018-10-12,16.65,7096.4884,6001758.0
2018-10-15,16.51,7036.8182,4471866.0
2018-10-16,16.92,7211.5666,4476013.0
2018-10-17,16.77,7147.6343,5572412.0
2018-10-18,16.0,6819.4483,9862026.0
2018-10-19,15.84,6751.2538,5610905.0
2018-10-22,15.89,6772.5646,4351185.0
2018-10-23,16.09,6857.8077,8135402.0
2018-10-24,14.75,6286.6789,10385223.0
2018-10-25,15.34,6538.1461,6155234.0
2018-10-26,14.62,6231.2709,13803353.0
2018-10-29,15.91,6696.9822,18075834.0
2018-10-30,16.87,7101.0742,12549962.0
2018-10-31,17.0,7155.795,12191539.0
2018-11-01,18.4,7745.0957,14415001.0
2018-11-02,18.11,7623.0263,9309954.0
2018-11-05,17.72,7458.8639,6646217.0
2018-11-06,17.91,7538.8404,5517535.0
2018-11-07,18.38,7736.6771,7480851.0
2018-11-08,18.4,7745.0957,5807116.0
2018-11-09,17.88,7526.2126,6048994.0
2018-11-12,16.83,7084.237,8652065.0
2018-11-13,17.35,7303.1201,7259867.0
2018-11-14,17.48,7357.8409,6922345.0
2018-11-15,18.4,7745.0957,8346729.0
2018-11-16,18.79,7909.2581,7776264.0
2018-11-19,17.61,7412.5617,7854888.0
2018-11-20,18.02,7585.1427,6380184.0
2018-11-21,18.58,7820.863,5675802.0
2018-11-23,18.67,7858.7466,2450926.0
2018-11-26,18.81,7917.6767,6085288.0
2018-11-27,18.33,7715.6307,4884388.0
2018-11-28,18.87,7942.9324,8743895.0
2018-11-29,18.5,7787.1886,6026062.0
2018-11-30,19.18,8073.4204,7842856.0
2018-12-03,19.35,8144.9784,8685537.0
2018-12-04,18.47,7774.5608,6164319.0
2018-12-06,18.27,7690.3749,5968035.0
2018-12-07,17.37,7311.5387,5933662.0
2018-12-10,17.59,7404.1431,5321962.0
2018-12-11,17.51,7370.4688,4735728.0
2018-12-12,17.87,7522.0033,3110138.0
2018-12-13,17.47,7353.6316,3783347.0
2018-12-14,17.53,7378.8874,5300580.0
2018-12-17,17.32,7290.4923,6129754.0
2018-12-18,17.73,7463.0732,5038769.0
2018-12-19,16.43,6915.8654,8519155.0
2018-12-20,16.1,6776.9588,8280709.0
2018-12-21,15.48,6515.9827,7536388.0
2018-12-24,15.06,6339.1925,3135095.0
2018-12-26,16.16,6802.2145,5864086.0
2018-12-27,16.17,6806.4238,5374173.0
2018-12-28,16.33,6873.7724,6436419.0
2018-12-31,16.51,6949.5397,2985432.0
2019-01-02,16.78,7063.1905,4034112.0
2019-01-03,15.65,6587.5406,7677923.0
2019-01-04,16.5,6945.3304,9869903.0
2019-01-07,17.0,7155.795,5980663.0
2019-01-08,16.54,6962.1676,10946712.0
2019-01-09,17.81,7496.7475,11321958.0
2019-01-10,17.89,7530.4219,6477311.0
2019-01-11,18.49,7782.9793,10001883.0
2019-01-14,17.71,7454.6546,6465309.0
2019-01-15,17.84,7509.3754,4061217.0
2019-01-16,17.63,7420.9803,3422834.0
2019-01-17,17.82,7500.9568,6039729.0
2019-01-18,18.41,7749.305,5807748.0
2019-01-22,17.76,7475.7011,5946856.0
2019-01-23,17.61,7412.5617,4549300.0
2019-01-24,18.99,7993.4439,11712233.0
2019-01-25,20.12,8469.0938,10193170.0
2019-01-28,19.66,8275.4664,6704614.0
2019-01-29,19.38,8157.6062,5996590.0
2019-01-30,20.04,8435.4195,7143521.0
2019-01-31,20.04,8435.4195,5948586.0
2019-02-01,20.8,8755.3256,12744852.0
2019-02-04,21.59,9087.8596,15699875.0
2019-02-05,21.88,9209.929,9653782.0
2019-02-06,22.82,9605.6024,15122431.0
2019-02-07,22.25,9365.6728,7778040.0
2019-02-08,21.84,9193.0919,9003614.0
2019-02-11,22.24,9361.4635,7284095.0
2019-02-12,22.73,9567.7188,4698451.0
2019-02-13,22.93,9651.9046,5720942.0
2019-02-14,22.91,9643.486,4495287.0
2019-02-15,22.97,9668.7418,3900197.0
2019-02-19,22.78,9588.7652,4299527.0
2019-02-20,22.59,9255.3572,5760161.0
2019-02-21,22.46,9202.0948,4909309.0
2019-02-22,22.84,9357.7848,3748054.0
2019-02-25,22.97,9411.0471,3988308.0
2019-02-26,22.52,9226.6774,3781538.0
2019-02-27,21.57,8837.4526,9581349.0
2019-02-28,21.48,8800.5787,5344147.0
2019-03-01,21.67,8878.4236,4719002.0
2019-03-04,21.92,8980.8512,5964275.0
2019-03-05,21.84,8948.0744,5146713.0
2019-03-06,21.4,8767.8018,7194762.0
2019-03-07,21.33,8739.1221,7988069.0
2019-03-08,22.14,9070.9875,10425303.0
2019-03-11,22.61,9263.5514,6755540.0
2019-03-12,22.47,9206.1919,6132542.0
2019-03-13,22.31,9140.6383,4866401.0
2019-03-14,22.06,9038.2107,4609999.0
2019-03-15,22.17,9083.2788,7361890.0
2019-03-18,21.91,8976.7541,7026828.0
2019-03-19,22.01,9017.7252,7833470.0
2019-03-20,21.36,8751.4134,9073276.0
2019-03-21,22.45,9197.9977,7926696.0
2019-03-22,21.64,8866.1323,4675502.0
2019-03-25,20.96,8587.5293,6036038.0
2019-03-26,21.0,8603.9177,3562552.0
2019-03-27,20.56,8423.6451,12921912.0
2019-03-28,20.27,8304.8291,8461148.0
2019-03-29,20.57,8474.7824,6189068.0
2019-04-01,21.5,8857.9398,7207484.0
2019-04-02,21.46,8841.4599,6812862.0
2019-04-03,22.37,9216.3773,11109896.0
2019-04-04,22.43,9241.0972,4116116.0
2019-04-05,22.81,9397.6561,3345659.0
2019-04-08,22.92,9442.9758,4902569.0
2019-04-09,22.64,9327.6166,4556590.0
2019-04-10,22.99,9471.8156,4898804.0
2019-04-11,22.75,9372.9363,4338984.0
2019-04-12,22.83,9405.896,5790468.0
2019-04-15,22.44,9245.2171,5370993.0
2019-04-16,22.74,9368.8163,5214623.0
2019-04-17,22.59,9307.0167,5928645.0
2019-04-18,22.62,9319.3766,5253280.0
2019-04-22,22.46,9253.4571,7112307.0
2019-04-23,22.6,9311.1367,6015288.0
2019-04-24,23.02,9484.1755,8209588.0
2019-04-25,22.41,9232.8572,7455678.0
2019-04-26,22.44,9245.2171,7365176.0
2019-04-29,22.2,9155.5852,11892267.0
2019-04-30,23.06,9510.2611,9885978.0
2019-05-01,22.6,9320.5507,6951340.0
2019-05-02,22.93,9456.6473,5128764.0
2019-05-03,23.52,9699.9714,6101056.0
2019-05-06,22.96,9469.0197,7156608.0
2019-05-07,22.12,9122.5921,9438536.0
2019-05-08,21.75,8969.999,6368959.0
2019-05-09,21.15,8722.5508,8226947.0
2019-05-10,20.98,8652.4405,5180836.0
2019-05-13,19.6,8083.3095,12867950.0
2019-05-14,19.98,8240.0267,7234550.0
2019-05-15,20.24,8347.2543,6193330.0
2019-05-16,19.75,8145.1715,8994691.0
2019-05-17,18.77,7741.0061,9043742.0
2019-05-20,18.33,7559.544,10997900.0
2019-05-21,18.75,7732.7578,9100929.0
2019-05-22,18.16,7489.4337,7294592.0
2019-05-23,17.9,7382.2061,10002417.0
2019-05-24,17.68,7291.4751,5280196.0
2019-05-28,17.72,7307.9716,6985600.0
2019-05-29,18.07,7452.3164,8650694.0
2019-05-30,18.11,7468.813,5250676.0
2019-05-31,17.76,7324.4682,8159922.0
2019-06-03,18.08,7456.4406,7351442.0
2019-06-04,18.96,7819.3647,7348183.0
2019-06-05,18.83,7765.7509,6119501.0
2019-06-06,19.01,7839.9854,4937635.0
2019-06-07,19.06,7860.6061,6043379.0
2019-06-10,19.82,8174.0405,6315139.0
2019-06-11,20.03,8260.6474,5838097.0
2019-06-12,19.82,8174.0405,6363020.0
2019-06-13,20.14,8306.0129,5233945.0
2019-06-14,19.05,7856.4819,8569416.0
2019-06-17,18.8,7753.3785,5010427.0
2019-06-18,19.59,8079.1853,7756704.0
2019-06-19,19.54,8058.5647,5739584.0
2019-06-20,20.0,8248.275,5750350.0
2019-06-21,19.48,8033.8198,5687279.0
2019-06-24,19.46,8025.5716,2615494.0
2019-06-25,19.24,7934.8405,4439606.0
2019-06-26,20.05,8268.8957,6614589.0
2019-06-27,20.39,8409.1163,4525534.0
2019-06-28,20.21,8334.8819,17355225.0
2019-07-01,20.55,8475.1025,7403438.0
2019-07-02,19.99,8244.1508,4003253.0
2019-07-03,19.83,8178.1646,2331020.0
2019-07-05,20.07,8277.1439,3973794.0
2019-07-08,19.51,8046.1922,2730431.0
2019-07-09,19.64,8099.806,3207689.0
2019-07-10,19.69,8120.4267,3149224.0
2019-07-11,19.65,8103.9302,3626865.0
2019-07-12,20.24,8347.2543,3396039.0
2019-07-15,20.29,8367.875,2721616.0
2019-07-16,20.35,8392.6198,6083135.0
2019-07-17,20.29,8367.875,5566100.0
2019-07-18,20.52,8462.7301,3751808.0
2019-07-19,20.22,8339.006,4173051.0
2019-07-22,20.55,8475.1025,2740173.0
2019-07-23,20.99,8656.5646,3662934.0
2019-07-24,22.32,9205.0749,11630132.0
2019-07-25,21.86,9015.3646,5222948.0
2019-07-26,22.04,9089.599,4495055.0
2019-07-29,22.22,9163.8335,4064054.0
2019-07-30,22.21,9159.7094,4795993.0
2019-07-31,21.51,8871.0197,5530209.0
2019-08-01,20.48,8446.2336,8927055.0
2019-08-02,19.98,8240.0267,6694955.0
2019-08-05,17.85,7327.0573,19737596.0
2019-08-06,17.66,7249.0662,9958973.0
2019-08-07,17.56,7208.0182,9483712.0
2019-08-08,17.93,7359.8956,7378572.0
2019-08-09,17.08,7010.9881,6427634.0
2019-08-12,16.83,6908.3683,5862495.0
2019-08-13,17.79,7302.4285,9190091.0
2019-08-14,17.13,7031.5121,5130383.0
2019-08-15,16.87,6924.7874,4086210.0
2019-08-16,17.54,7199.8086,5947835.0
2019-08-19,18.01,7392.734,6353233.0
2019-08-20,18.17,7458.4107,5723753.0
2019-08-21,18.44,7569.2401,5384481.0
2019-08-22,18.56,7618.4976,6029176.0
2019-08-23,17.64,7240.8566,6410803.0
2019-08-26,17.37,7130.0271,4189581.0
2019-08-27,17.23,7072.56,3790707.0
2019-08-28,17.4,7142.3415,3359223.0
2019-08-29,17.88,7339.3716,3479131.0
2019-08-30,17.8,7306.5333,2817572.0
2019-09-03,17.45,7162.8655,4668831.0
2019-09-04,17.86,7331.162,4713578.0
2019-09-05,18.33,7524.0874,7659797.0
2019-09-06,18.57,7622.6024,5167889.0
2019-09-09,18.72,7684.1743,4580891.0
2019-09-10,19.47,7992.0339,7061767.0
2019-09-11,19.85,8148.0161,5157964.0
2019-09-12,20.03,8221.9023,5110591.0
2019-09-13,20.12,8258.8455,15107196.0
2019-09-16,19.99,8205.4832,6342270.0
2019-09-17,19.65,8065.9202,4245986.0
2019-09-18,19.67,8074.1298,4455536.0
2019-09-19,19.56,8028.977,4059258.0
2019-09-20,19.32,7930.462,4849950.0
2019-09-23,19.38,7955.0907,3626294.0
2019-09-24,18.8,7717.0127,4929769.0
2019-09-25,19.2,7881.2044,3198404.0
2019-09-26,19.095,7838.1041,2837272.0
2019-09-27,18.68,7667.7552,3607083.0
2019-09-30,19.21,7885.3092,3234931.0
2019-10-01,18.76,7700.5935,3847386.0
2019-10-02,18.115,7435.8343,5060957.0
2019-10-03,18.33,7524.0874,4621987.0
2019-10-04,18.575,7624.6548,5234202.0
2019-10-07,18.03,7400.9435,4816358.0
2019-10-08,17.12,7027.4073,10708768.0
2019-10-09,17.91,7351.686,5587543.0
2019-10-10,18.06,7413.2579,5588014.0
2019-10-11,18.75,7696.4887,9463257.0
2019-10-14,18.87,7745.7462,5029216.0
2019-10-15,19.39,7959.1955,4842705.0
2019-10-16,18.965,7784.7418,4817126.0
2019-10-17,19.11,7844.2613,4138610.0
2019-10-18,18.84,7733.4319,4505389.0
2019-10-21,19.48,7996.1387,3820194.0
2019-10-22,19.27,7909.938,5828972.0
2019-10-23,18.58,7626.7072,9208863.0
2019-10-24,18.57,7622.6024,8601165.0
2019-10-25,19.18,7872.9949,8108489.0
2019-10-28,21.21,8711.4165,14862617.0
2019-10-29,21.04,8641.5937,9159500.0
2019-10-30,20.98,8616.9504,7251074.0
2019-10-31,20.4,8378.7316,6154396.0
2019-11-01,21.07,8653.9154,4757827.0
2019-11-04,21.71,8916.7776,8194502.0
2019-11-05,21.79,8949.6353,10067303.0
2019-11-06,21.51,8834.6331,5806181.0
2019-11-07,21.54,8846.9548,3496852.0
2019-11-08,21.63,8883.9198,2639702.0
2019-11-11,21.5,8830.5259,2166660.0
2019-11-12,21.69,8908.5631,4298523.0
2019-11-13,21.54,8846.9548,3304718.0
2019-11-14,21.48,8822.3115,2410996.0
2019-11-15,21.79,8949.6353,4792299.0
2019-11-18,21.135,8680.6123,3350592.0
2019-11-19,21.12,8674.4515,2704789.0
2019-11-20,20.78,8534.806,4259313.0
2019-11-21,20.77,8530.6987,3092431.0
2019-11-22,20.81,8547.1276,2351796.0
2019-11-25,21.72,8920.8848,6087053.0
2019-11-26,21.92,9003.0292,6382423.0
2019-11-27,22.02,9044.1014,3025267.0
2019-11-29,21.47,8818.2042,1224125.0
2019-12-02,21.36,8773.0248,2908317.0
2019-12-03,20.67,8489.6265,6389455.0
2019-12-04,21.39,8785.3465,4520733.0
2019-12-05,21.65,8892.1342,4324108.0
2019-12-06,22.14,9093.3881,3297772.0
2019-12-09,21.83,8966.0642,2839023.0
2019-12-10,21.98,9027.6725,2582736.0
2019-12-11,22.42,9208.3903,2542024.0
2019-12-12,23.16,9512.3246,4278195.0
2019-12-13,23.13,9500.003,4653017.0
2019-12-16,23.46,9635.5413,3249369.0
2019-12-17,23.63,9705.3641,4132689.0
2019-12-18,23.8,9775.1868,4256485.0
2019-12-19,23.88,9808.0446,4389226.0
2019-12-20,24.12,9906.6179,4963441.0
2019-12-23,24.45,10042.1562,4185682.0
2019-12-24,24.47,10050.3706,1308824.0
2019-12-26,24.55,10083.2284,2457733.0
2019-12-27,24.49,10058.5851,3432392.0
2019-12-30,24.29,9976.4407,2734549.0
2019-12-31,24.38,10013.4057,2451534.0
2020-01-02,25.06,10292.6967,5651181.0
2020-01-03,24.69,10140.7295,4413234.0
2020-01-06,24.07,9886.0818,8586622.0
2020-01-07,24.66,10128.4078,10549966.0
2020-01-08,24.82,10194.1234,6660878.0
2020-01-09,24.86,10210.5523,4118234.0
2020-01-10,24.58,10095.5501,4065526.0
2020-01-13,25.32,10399.4845,5471777.0
2020-01-14,25.62,10522.7011,9298709.0
2020-01-15,24.88,10218.7667,7302793.0
2020-01-16,25.03,10280.375,5712646.0
2020-01-17,25.0,10268.0534,5149029.0
2020-01-21,24.79,10181.8017,4599302.0
2020-01-22,24.79,10181.8017,3520891.0
2020-01-23,25.47,10461.0928,5936219.0
2020-01-24,24.99,10263.9462,5426048.0
2020-01-27,23.66,9717.6857,7665994.0
2020-01-28,24.17,9927.154,5615033.0
2020-01-29,23.88,9808.0446,5717932.0
2020-01-30,23.94,9832.6879,8514053.0
2020-01-31,23.15,9508.2174,7994698.0
2020-02-03,19.905,8175.4241,34727486.0
2020-02-04,19.82,8140.5127,22432097.0
2020-02-05,21.15,8686.7732,18620900.0
2020-02-06,20.91,8588.1998,9550952.0
2020-02-07,20.45,8399.2677,9186218.0
2020-02-10,20.54,8436.2327,6650163.0
2020-02-11,21.4,8789.4537,8215496.0
2020-02-12,21.385,8783.2929,5323643.0
2020-02-13,21.63,8883.9198,6131701.0
2020-02-14,21.44,8805.8826,5629126.0
2020-02-18,21.11,8670.3443,5020590.0
2020-02-19,20.9,8591.2718,7905734.0
2020-02-20,20.6,8467.9521,10806483.0
2020-02-21,20.015,8227.4787,13925731.0
2020-02-24,19.35,7954.1201,9111866.0
2020-02-25,18.62,7654.0421,9452955.0
2020-02-26,18.36,7547.1651,7466327.0
2020-02-27,17.54,7210.0913,8843713.0
2020-02-28,18.66,7670.4848,13505754.0
2020-03-02,18.93,7781.4725,8422122.0
2020-03-03,18.13,7452.62,9669519.0
2020-03-04,18.73,7699.2594,5615553.0
2020-03-05,17.83,7329.3003,7134745.0
2020-03-06,17.28,7103.2142,11756344.0
2020-03-09,15.53,6383.8493,13614707.0
2020-03-10,16.89,6942.8986,9504476.0
2020-03-11,15.07,6194.7591,10587573.0
2020-03-12,12.93,5315.0787,15397784.0
2020-03-13,14.49,5956.3411,12869717.0
2020-03-16,11.81,4854.6852,11719793.0
2020-03-17,11.55,4747.8081,16903868.0
2020-03-18,8.45,3473.5046,15551104.0
2020-03-19,10.51,4320.2998,15907353.0
2020-03-20,10.82,4447.7302,15008566.0
2020-03-23,11.49,4723.1442,8972288.0
2020-03-24,13.85,5693.2591,13318664.0
2020-03-25,14.79,6079.6608,14851333.0
2020-03-26,14.16,5820.6894,12689729.0
2020-03-27,12.89,5298.636,9738498.0
2020-03-30,12.97,5331.5213,9251445.0
2020-03-31,12.44,5113.6565,10982252.0
2020-04-01,11.0,4521.722,12326494.0
2020-04-02,11.27,4632.7097,13409889.0
2020-04-03,10.94,4497.0581,8374133.0
2020-04-06,12.87,5269.639,13508965.0
2020-04-07,12.78,5232.7884,10856066.0
2020-04-08,13.73,5621.7672,10651609.0
2020-04-09,13.73,5621.7672,13127055.0
2020-04-13,14.21,5818.3039,6298479.0
2020-04-14,14.58,5969.8009,7184810.0
2020-04-15,13.62,5576.7276,9285148.0
2020-04-16,13.335,5460.0339,7408342.0
2020-04-17,13.73,5621.7672,6222106.0
2020-04-20,13.36,5470.2702,5184681.0
2020-04-21,12.83,5253.261,6079055.0
2020-04-22,14.11,5777.3587,10389560.0
2020-04-23,13.92,5699.563,5998738.0
2020-04-24,14.66,6002.557,5297071.0
2020-04-27,15.39,6301.4565,6359903.0
2020-04-28,15.84,6485.7096,8778640.0
2020-04-29,17.25,7063.036,8465737.0
2020-04-30,16.045,6569.6471,6101454.0
2020-05-01,15.12,6190.9046,8141142.0
2020-05-04,14.87,6088.5418,8989836.0
2020-05-05,15.15,6203.1881,5632400.0
2020-05-06,15.44,6321.929,4367706.0
2020-05-07,15.98,6543.0328,5291428.0
2020-05-08,17.12,7009.8073,11780000.0
2020-05-11,15.66,6420.9238,15549709.0
2020-05-12,14.95,6129.8092,10484742.0
2020-05-13,14.05,5760.7905,11474475.0
2020-05-14,14.715,6033.4543,11469356.0
2020-05-15,14.15,5801.7926,6864605.0
2020-05-18,15.61,6400.4228,9284713.0
2020-05-19,15.48,6347.1201,6917621.0
2020-05-20,16.27,6671.0364,6300992.0
2020-05-21,15.625,6406.5731,6306699.0
2020-05-22,15.74,6453.7255,4140265.0
2020-05-26,16.68,6839.1449,7713445.0
2020-05-27,17.435,7148.7105,9595348.0
2020-05-28,16.06,6584.9321,6739670.0
2020-05-29,16.49,6761.241,8393144.0
2020-06-01,16.78,6880.147,4754763.0
2020-06-02,17.14,7027.7544,6719040.0
2020-06-03,18.83,7720.6894,16779841.0
2020-06-04,18.98,7782.1925,7616601.0
2020-06-05,20.16,8266.0169,14448776.0
2020-06-08,20.82,8536.6305,18290832.0
2020-06-09,20.17,8270.1171,10005242.0
2020-06-10,19.46,7979.0024,10352867.0
2020-06-11,18.13,7433.6749,7724422.0
2020-06-12,18.99,7786.2927,9365504.0
2020-06-15,19.56,8020.0045,9866541.0
2020-06-16,19.94,8175.8123,16437614.0
2020-06-17,19.79,8114.3092,18130526.0
2020-06-18,19.62,8044.6057,5942846.0
2020-06-19,19.39,7950.301,7333717.0
2020-06-22,19.59,8032.3051,10001247.0
2020-06-23,20.18,8274.2173,7986389.0
2020-06-24,19.29,7909.2989,8267692.0
2020-06-25,19.48,7987.2028,5699201.0
2020-06-26,19.09,7827.2948,7264064.0
2020-06-29,19.52,8003.6037,12303831.0
2020-06-30,19.82,8126.6099,10176944.0
2020-07-01,19.05,7810.8939,8119248.0
2020-07-02,19.18,7864.1966,7108653.0
2020-07-06,19.66,8061.0065,7969856.0
2020-07-07,19.27,7901.0985,10559966.0
2020-07-08,19.97,8188.113,9845818.0
2020-07-09,20.76,8512.0293,14886012.0
2020-07-10,20.49,8401.3237,12939807.0
2020-07-13,20.55,8425.925,12975847.0
2020-07-14,20.69,8483.3278,11842917.0
2020-07-15,21.53,8827.7452,9645771.0
2020-07-16,21.34,8749.8413,8204183.0
2020-07-17,21.19,8688.3382,8309167.0
2020-07-20,21.63,8868.7473,6162689.0
2020-07-21,21.66,8881.0479,8318846.0
2020-07-22,21.45,8794.9436,7460910.0
2020-07-23,20.86,8553.0314,7876727.0
2020-07-24,20.47,8393.1233,5725034.0
2020-07-27,21.28,8725.24,5373918.0
2020-07-28,20.5,8405.4239,3692473.0
2020-07-29,20.96,8594.0334,3753703.0
2020-07-30,20.77,8516.1295,8131326.0
2020-07-31,20.6,8446.426,5854956.0
2020-08-03,21.24,8708.8392,4227622.0
2020-08-04,21.69,8893.3485,4280524.0
2020-08-05,21.26,8717.0396,7743776.0
2020-08-06,21.13,8663.7369,4629018.0
2020-08-07,20.84,8544.831,10297613.0
2020-08-10,21.92,9005.213,10311854.0
2020-08-11,22.19,9116.1349,9482886.0
2020-08-12,22.38,9194.1911,4794352.0
2020-08-13,21.9,8996.9966,7336854.0
2020-08-14,22.04,9054.5117,4072442.0
2020-08-17,21.96,9021.6459,4566469.0
2020-08-18,21.75,8935.3733,3917225.0
2020-08-19,21.66,8898.3994,4975347.0
2020-08-20,21.06,8651.9063,4527855.0
2020-08-21,20.91,8590.2831,8875213.0
2020-08-24,21.385,8785.4234,3066590.0
2020-08-25,21.59,8869.6419,2977688.0
2020-08-26,21.68,8906.6158,3838586.0
2020-08-27,21.33,8762.8282,3263886.0
2020-08-28,22.025,9048.3493,4013000.0
2020-08-31,21.37,8779.2611,4128354.0
2020-09-01,21.75,8935.3733,7054254.0
2020-09-02,22.38,9194.1911,7101468.0
2020-09-03,21.45,8812.1268,6600215.0
2020-09-04,22.68,9317.4376,14139438.0
2020-09-08,20.93,8598.4995,11540979.0
2020-09-09,21.82,8964.1309,7289960.0
2020-09-10,21.52,8840.8843,5954667.0
2020-09-11,21.575,8863.4795,4347448.0
2020-09-14,22.01,9042.187,3426619.0
2020-09-15,22.02,9046.2952,4589766.0
2020-09-16,22.05,9058.6199,4733805.0
2020-09-17,21.9,8996.9966,4542913.0
2020-09-18,21.42,8799.8022,5513565.0
2020-09-21,20.61,8467.0365,6529453.0
2020-09-22,20.82,8553.3091,7966151.0
2020-09-23,20.08,8249.301,4578005.0
2020-09-24,20.31,8343.79,5377312.0
2020-09-25,20.49,8417.7379,5166359.0
2020-09-28,21.725,8925.1028,5079528.0
2020-09-29,21.78,8947.698,4780902.0
2020-09-30,21.69,8910.724,3635804.0
2020-10-01,22.91,9411.9266,10092834.0
2020-10-02,22.44,9218.8404,6980671.0
2020-10-05,23.15,9510.5238,4960422.0
2020-10-06,22.89,9403.7102,5289035.0
2020-10-07,23.35,9592.6882,5890686.0
2020-10-08,26.04,10697.7987,22188141.0
2020-10-09,26.35,10825.1535,14617746.0
2020-10-12,26.51,10890.8849,5826611.0
2020-10-13,25.905,10642.3378,7619449.0
2020-10-14,25.93,10652.6083,3884307.0
2020-10-15,26.07,10710.1234,5773593.0
2020-10-16,26.07,10710.1234,4486450.0
2020-10-19,26.21,10767.6384,5466831.0
2020-10-20,26.1,10722.448,5999762.0
2020-10-21,25.53,10488.2796,4547679.0
2020-10-22,25.92,10648.5001,3095486.0
2020-10-23,26.16,10747.0973,3608752.0
2020-10-26,25.55,10496.496,7651034.0
2020-10-27,25.17,10340.3838,4011783.0
2020-10-28,24.54,10081.5661,4529668.0
2020-10-29,25.19,10348.6002,9795568.0
2020-10-30,25.09,10307.518,10703795.0
2020-11-02,24.36,10017.4052,12688657.0
2020-11-03,25.05,10301.1495,8822905.0
2020-11-04,25.89,10646.5772,11950679.0
2020-11-05,26.45,10876.8624,10102089.0
2020-11-06,26.58,10930.3215,7976674.0
2020-11-09,27.53,11320.9838,14243685.0
2020-11-10,27.09,11140.0455,8515924.0
2020-11-11,27.93,11485.4732,8684965.0
2020-11-12,27.48,11300.4227,7139646.0
2020-11-13,28.055,11536.8762,7722638.0
2020-11-16,28.58,11752.7685,8538319.0
2020-11-17,28.16,11580.0547,6701299.0
2020-11-18,27.6,11349.7695,9452676.0
2020-11-19,27.85,11452.5754,7610577.0
2020-11-20,27.44,11283.9737,5843570.0
2020-11-23,28.41,11682.8605,8096427.0
2020-11-24,28.61,11765.1053,7779914.0
2020-11-25,28.58,11752.7685,7426826.0
2020-11-27,28.65,11781.5542,2672996.0
2020-11-30,28.75,11822.6765,6078857.0
2020-12-01,29.27,12036.5128,6168178.0
2020-12-02,28.96,11909.0335,4724090.0
2020-12-03,29.1,11966.6048,4657009.0
2020-12-04,29.92,12303.8081,7681586.0
2020-12-07,30.575,12573.1595,7978488.0
2020-12-08,31.39,12908.3067,16728298.0
2020-12-09,30.67,12612.2257,8556228.0
2020-12-10,30.54,12558.7667,4962177.0
2020-12-11,30.66,12608.1135,4596400.0
2020-12-14,30.82,12673.9093,4359224.0
2020-12-15,31.37,12900.0822,4705373.0
2020-12-16,31.11,12793.1641,4982522.0
2020-12-17,31.6,12994.6636,4898540.0
2020-12-18,31.54,12969.9902,6762291.0
2020-12-21,31.58,12986.4391,4855110.0
2020-12-22,31.85,13097.4695,4118153.0
2020-12-23,31.8,13076.9083,3794540.0
2020-12-24,31.99,13155.0408,1776077.0
2020-12-28,31.95,13138.5918,3676525.0
2020-12-29,31.66,13019.337,4088053.0
2020-12-30,32.48,13356.5403,3839820.0
2020-12-31,32.73,13459.3462,3987746.0
2021-01-04,32.67,13434.6728,8090144.0
2021-01-05,33.22,13660.8457,4261684.0
2021-01-06,34.06,14006.2735,9206147.0
2021-01-07,35.36,14540.8641,8294058.0
2021-01-08,35.52,14606.6599,6827478.0
2021-01-11,36.05,14824.6083,4746688.0
2021-01-12,36.41,14972.6488,11886322.0
2021-01-13,36.99,15211.1584,6420865.0
2021-01-14,37.9,15585.3719,9298971.0
2021-01-15,36.71,15096.0159,7565688.0
2021-01-19,38.52,15840.3305,7666014.0
2021-01-20,37.94,15601.8208,10752822.0
2021-01-21,37.84,15560.6985,6564137.0
2021-01-22,37.295,15336.5816,5252620.0
2021-01-25,36.97,15202.934,6313861.0
2021-01-26,36.1,14845.1695,8546282.0
2021-01-27,34.07,14010.3857,12694774.0
2021-01-28,35.25,14495.6295,9481219.0
2021-01-29,34.49,14183.0996,7948455.0
2021-02-01,36.71,15096.0159,13481576.0
2021-02-02,36.85,15153.5872,6901655.0
2021-02-03,36.9,15174.1483,5916531.0
2021-02-04,38.11,15671.7288,7132721.0
2021-02-05,38.39,15786.8714,5631109.0
2021-02-08,39.81,16370.8088,7757466.0
2021-02-09,40.61,16699.7876,6584955.0
2021-02-10,39.93,16420.1556,8596829.0
2021-02-11,40.45,16633.9919,7925939.0
2021-02-12,41.27,16971.1952,6511122.0
2021-02-16,41.85,17237.2228,5127537.0
2021-02-17,41.08,16920.0744,5227743.0
2021-02-18,39.87,16421.6983,4400625.0
2021-02-19,41.87,17245.4604,8362956.0
2021-02-22,40.44,16656.4705,6879062.0
2021-02-23,40.28,16590.5695,11498655.0
2021-02-24,40.66,16747.0843,7426506.0
2021-02-25,37.74,15544.3916,6097500.0
2021-02-26,40.27,16586.4507,9916316.0
2021-03-01,42.27,17410.2129,8243210.0
2021-03-02,40.43,16652.3517,6270580.0
2021-03-03,39.68,16343.4409,5750402.0
2021-03-04,37.04,15256.0749,9117365.0
2021-03-05,38.81,15985.1044,10937482.0
2021-03-08,35.99,14823.5997,8818926.0
2021-03-09,37.93,15622.649,12182353.0
2021-03-10,37.55,15466.1342,4775528.0
2021-03-11,38.8,15980.9856,7992945.0
2021-03-12,38.49,15853.3024,5551346.0
2021-03-15,39.27,16174.5697,5116447.0
2021-03-16,40.66,16747.0843,11908925.0
2021-03-17,41.83,17228.9852,7231456.0
2021-03-18,39.14,16121.0251,6866419.0
2021-03-19,40.09,16512.3121,8503843.0
2021-03-22,40.82,16812.9853,6926069.0
2021-03-23,38.58,15890.3717,6965096.0
2021-03-24,38.12,15700.9064,4613260.0
2021-03-25,38.19,15729.7381,7038295.0
2021-03-26,40.64,16738.8467,5919476.0
2021-03-29,39.1,16104.5499,5121389.0
2021-03-30,39.87,16421.6983,3782308.0
2021-03-31,41.61,17138.3714,7971678.0
2021-04-01,42.89,17665.5791,6700197.0
2021-04-05,44.03,18135.1236,6326751.0
2021-04-06,43.57,18215.6127,5954355.0
2021-04-07,42.93,17948.0434,4416621.0
2021-04-08,43.06,18002.3934,4483671.0
2021-04-09,42.96,17960.5857,3282009.0
2021-04-12,42.4,17726.4626,4151303.0
2021-04-13,42.04,17575.9549,3625321.0
2021-04-14,42.1,17601.0396,3889918.0
2021-04-15,42.63,17822.6203,3995006.0
2021-04-16,42.18,17634.4857,4630257.0
2021-04-19,41.07,17170.4203,4554869.0
2021-04-20,39.7,16597.6549,7978315.0
2021-04-21,41.37,17295.8434,4518298.0
2021-04-22,40.93,17111.8895,5697451.0
2021-04-23,42.55,17789.1742,4373960.0
2021-04-26,43.8,18311.7704,5231457.0
2021-04-27,43.295,18100.6415,3608817.0
2021-04-28,41.45,17329.2895,10343976.0
2021-04-29,41.0,17141.1549,7572115.0
2021-04-30,39.0,16305.001,11393025.0
2021-05-03,37.57,16042.6943,11020024.0
2021-05-04,37.25,15906.0517,11132261.0
2021-05-05,37.55,16034.1542,6034669.0
2021-05-06,37.59,16051.2345,4863286.0
2021-05-07,38.63,16495.3229,4580856.0
2021-05-10,37.02,15807.8399,6486801.0
2021-05-11,37.17,15871.8911,11405947.0
2021-05-12,35.67,15231.3789,12062642.0
2021-05-13,36.52,15594.3358,7666634.0
2021-05-14,37.45,15991.4533,6513797.0
2021-05-17,36.74,15688.2776,4972226.0
2021-05-18,36.69,15666.9272,3407885.0
2021-05-19,37.46,15995.7234,6779516.0
2021-05-20,38.53,16452.6221,6788139.0
2021-05-21,38.22,16320.2496,3513797.0
2021-05-24,39.34,16798.4987,4009114.0
2021-05-25,38.94,16627.6954,5168950.0
2021-05-26,39.0,16653.3159,3899444.0
2021-05-27,40.27,17195.6162,8160197.0
2021-05-28,40.04,17097.4043,5287188.0
2021-06-01,39.91,17041.8933,3615820.0
2021-06-02,39.39,16819.8491,3819264.0
2021-06-03,37.74,16115.2857,5372534.0
2021-06-04,38.21,16315.9795,5550120.0
2021-06-07,37.97,16213.4976,3493633.0
2021-06-08,37.59,16051.2345,3972365.0
2021-06-09,37.24,15901.7816,4355127.0
2021-06-10,37.77,16128.0959,6965694.0
2021-06-11,37.78,16132.366,4232072.0
2021-06-14,38.32,16362.9504,8941891.0
2021-06-15,37.44,15987.1833,5318397.0
2021-06-16,37.29,15923.132,4949281.0
2021-06-17,37.0,15799.2997,4238768.0
2021-06-18,35.78,15278.3498,8732060.0
2021-06-21,36.49,15581.5256,5839963.0
2021-06-22,36.84,15730.9784,5144309.0
2021-06-23,36.9,15756.5989,4975627.0
2021-06-24,37.76,16123.8259,3463005.0
2021-06-25,37.51,16017.0738,8988114.0
2021-06-28,38.66,16508.1331,3916477.0
2021-06-29,38.76,16550.834,3879763.0
2021-06-30,38.28,16345.8701,4814225.0
2021-07-01,37.91,16187.8771,3678578.0
2021-07-02,38.4,16397.111,3410072.0
2021-07-06,38.23,16324.5197,4612823.0
2021-07-07,37.07,15829.1903,3655537.0
2021-07-08,36.72,15679.7374,4988160.0
2021-07-09,37.75,16119.5558,2892447.0
2021-07-12,38.44,16414.1914,4250235.0
2021-07-13,37.92,16192.1472,2840971.0
2021-07-14,37.66,16081.125,3711669.0
2021-07-15,36.3,15500.394,7195401.0
2021-07-16,35.15,15009.3347,5537717.0
2021-07-19,34.79,14855.6118,5578112.0
2021-07-20,35.51,15163.0576,7289047.0
2021-07-21,36.87,15743.7886,7055793.0
2021-07-22,35.87,15316.7805,3397249.0
2021-07-23,36.35,15521.7444,3666674.0
2021-07-26,36.69,15666.9272,3783054.0
2021-07-27,35.82,15295.4301,4434377.0
2021-07-28,37.06,15824.9202,5288184.0
2021-07-29,38.61,16486.7827,7263047.0
2021-07-30,39.06,16678.9364,7539990.0
2021-08-02,43.64,18788.4257,17480179.0
2021-08-03,45.38,19537.5517,13185550.0
2021-08-04,45.67,19662.4061,7843404.0
2021-08-05,44.82,19296.4537,10222181.0
2021-08-06,45.28,19494.4985,6067452.0
2021-08-09,45.41,19550.4677,4751075.0
2021-08-10,44.39,19111.3248,5634027.0
2021-08-11,44.79,19283.5377,3936850.0
2021-08-12,43.4,18685.098,7309221.0
2021-08-13,43.45,18706.6246,6034407.0
2021-08-16,43.41,18689.4033,4012380.0
2021-08-17,41.98,18073.7422,5589317.0
2021-08-18,41.75,17974.7198,6442326.0
2021-08-19,40.98,17643.21,7146900.0
2021-08-20,41.5,17867.0868,5450655.0
2021-08-23,42.43,18267.4817,4309507.0
2021-08-24,43.6,18771.2044,5570087.0
2021-08-25,43.51,18732.4565,5358233.0
2021-08-26,44.03,18956.3333,6355636.0
2021-08-27,45.5,19589.2156,5598915.0
2021-08-30,45.27,19490.1932,3469913.0
2021-08-31,44.36,19098.4089,6976229.0
2021-09-01,44.68,19236.1792,4716543.0
2021-09-02,45.4,19546.1624,3459832.0
2021-09-03,45.71,19679.6274,3663593.0
2021-09-07,45.66,19658.1008,4128910.0
2021-09-08,44.85,19309.3697,3559291.0
2021-09-09,45.24,19477.2772,2976589.0
2021-09-10,46.89,20187.6554,6946815.0
2021-09-13,47.64,20510.5545,5018198.0
2021-09-14,47.85,20600.9663,5553444.0
2021-09-15,49.21,21186.4901,5534041.0
2021-09-16,49.4,21268.2912,5785625.0
2021-09-17,48.89,21048.7198,7267963.0
2021-09-20,47.67,20523.4705,5472615.0
2021-09-21,47.68,20527.7758,4289659.0
2021-09-22,48.6,20923.8655,3825974.0
2021-09-23,49.36,21251.0699,3799981.0
2021-09-24,49.29,21220.9327,3434543.0
2021-09-27,49.48,21302.7338,5005180.0
2021-09-28,47.33,20377.0895,7465198.0
2021-09-29,45.84,19735.5966,8159082.0
2021-09-30,45.77,19705.4593,4908915.0
2021-10-01,45.61,19636.5741,6209089.0
2021-10-04,44.89,19326.591,4666714.0
2021-10-05,45.64,19649.4901,5068487.0
2021-10-06,44.7,19244.7898,3735710.0
2021-10-07,45.39,19541.8571,4553187.0
2021-10-08,44.48,19150.0727,3279486.0
2021-10-11,43.35,18663.5713,4143537.0
2021-10-12,42.35,18233.0391,6726220.0
2021-10-13,41.9,18039.2996,4630825.0
2021-10-14,43.01,18517.1904,6319791.0
2021-10-15,43.33,18654.9607,3750483.0
2021-10-18,44.16,19012.3024,4047133.0
2021-10-19,44.95,19352.4229,4420497.0
2021-10-20,45.56,19615.0475,4768357.0
2021-10-21,46.32,19942.252,2759733.0
2021-10-22,45.97,19791.5657,3076427.0
2021-10-25,46.22,19899.1988,1930233.0
2021-10-26,45.14,19434.224,3192772.0
2021-10-27,44.55,19180.21,5390150.0
2021-10-28,47.1,20278.0671,7547711.0
2021-10-29,48.07,20695.6834,10021116.0
2021-11-01,54.99,23691.5427,23265155.0
2021-11-02,57.14,24617.8351,11103581.0
2021-11-03,57.85,24923.727,7836905.0
2021-11-04,59.86,25789.7026,9286686.0
2021-11-05,59.13,25475.1941,7269884.0
2021-11-08,58.72,25298.5523,6016501.0
2021-11-09,58.2,25074.5188,4864694.0
2021-11-10,56.82,24479.9683,5782103.0
2021-11-11,58.2,25074.5188,4802795.0
2021-11-12,58.6,25246.8522,3038545.0
2021-11-15,59.2,25505.3524,4991645.0
2021-11-16,62.13,26767.695,6342938.0
2021-11-17,62.4,26884.0201,7173470.0
2021-11-18,63.46,27340.7038,5479032.0
2021-11-19,63.34,27289.0038,5342191.0
2021-11-22,61.71,26586.7449,5679854.0
2021-11-23,61.54,26513.5032,6360626.0
2021-11-24,62.37,26871.0951,4098222.0
2021-11-26,60.3,25979.2695,4053657.0
2021-11-29,63.02,27151.137,5530009.0
2021-11-30,61.43,26466.1115,5595923.0
2021-12-01,61.7,26582.4366,8038833.0
2021-12-02,62.54,26944.3368,6614005.0
2021-12-03,64.05,27594.8957,9888044.0
2021-12-06,61.92,26677.22,8607826.0
2021-12-07,65.45,28198.0628,8040897.0
2021-12-08,64.24,27676.7541,5308911.0
2021-12-09,63.3,27271.7704,5605522.0
2021-12-10,65.26,28116.2044,5139535.0
2021-12-13,62.58,26961.5702,5783346.0
2021-12-14,62.98,27133.9037,4614168.0
2021-12-15,65.28,28124.8211,7392808.0
2021-12-16,60.84,26211.9196,9498330.0
2021-12-17,61.99,26707.3783,8965412.0
2021-12-20,60.94,26255.003,5998409.0
2021-12-21,64.79,27913.7126,9973504.0
2021-12-22,65.53,28232.5295,3839253.0
2021-12-23,66.76,28762.4549,7613267.0
2021-12-27,69.78,30063.5725,6981760.0
2021-12-28,68.32,29434.5554,4216222.0
2021-12-29,68.93,29697.3639,2573140.0
2021-12-30,67.61,29128.6635,2506623.0
2021-12-31,67.92,29262.2219,2489651.0
2022-01-03,70.17,30231.5976,7054518.0
2022-01-04,70.95,30567.6479,7792088.0
2022-01-05,67.42,29046.8051,7227192.0
2022-01-06,67.25,28973.5634,5442742.0
2022-01-07,64.56,27814.6208,6794388.0
2022-01-10,65.12,28055.8877,6096450.0
2022-01-11,65.93,28404.8629,4907886.0
2022-01-12,66.49,28646.1298,5361644.0
2022-01-13,64.64,27849.0875,6707910.0
2022-01-14,66.2,28521.188,5890487.0
2022-01-18,63.03,27155.4453,6499105.0
2022-01-19,59.01,25423.494,8193110.0
2022-01-20,55.54,23928.5013,8818797.0
2022-01-21,54.73,23579.526,8791146.0
2022-01-24,55.34,23842.3345,10171346.0
2022-01-25,53.32,22972.0505,8274157.0
2022-01-26,55.76,24023.2847,11956482.0
2022-01-27,53.67,23122.8423,8621848.0
2022-01-28,53.76,23161.6173,9879559.0
2022-01-31,59.0,25419.1857,9784484.0
2022-02-01,59.65,25699.2276,5488640.0
2022-02-02,61.08,26315.3197,7742575.0
2022-02-03,56.21,24217.1598,7940055.0
2022-02-04,57.42,24738.4685,10143966.0
2022-02-07,62.26,26823.7034,20500359.0
2022-02-08,65.97,28422.0963,11581728.0
2022-02-09,67.08,28900.3216,9830493.0
2022-02-10,63.42,27323.4705,9463384.0
2022-02-11,58.97,25406.2607,12377872.0
2022-02-14,58.66,25370.3222,6847597.0
2022-02-15,62.24,26918.6644,6390252.0
2022-02-16,63.11,27294.9375,4197485.0
2022-02-17,60.19,26032.0439,6399755.0
2022-02-18,60.2,26036.3689,4596013.0
2022-02-22,58.44,25275.1727,7242746.0
2022-02-23,57.75,24976.7492,6119209.0
2022-02-24,61.08,26416.967,7450289.0
2022-02-25,63.5,27463.6117,6917475.0
2022-02-28,62.61,27078.6886,6776993.0
2022-03-01,59.65,25798.4951,7336857.0
2022-03-02,62.87,27191.1381,6254233.0
2022-03-03,61.51,26602.941,5651920.0
2022-03-04,58.33,25227.598,6569563.0
2022-03-07,53.52,23147.2834,10019277.0
2022-03-08,55.79,24129.0535,7527111.0
2022-03-09,58.43,25270.8477,5593527.0
2022-03-10,57.63,24924.8495,2999149.0
2022-03-11,55.89,24172.3033,4233179.0
2022-03-14,53.91,23315.9576,6042896.0
2022-03-15,56.66,24505.3266,5979379.0
2022-03-16,60.11,25997.4441,6352412.0
2022-03-17,60.76,26278.5677,4880641.0
2022-03-18,61.93,26784.5901,10766091.0
2022-03-21,61.93,26784.5901,4694327.0
2022-03-22,62.18,26892.7146,5471654.0
2022-03-23,60.39,26118.5435,4109046.0
2022-03-24,63.58,27498.2115,7553427.0
2022-03-25,63.81,27597.686,6190426.0
2022-03-28,65.32,28250.7577,6483023.0
2022-03-29,67.36,29133.0533,7137172.0
2022-03-30,64.43,27865.8347,5658271.0
2022-03-31,62.61,27078.6886,6176415.0
2022-04-01,59.63,25789.8451,7009326.0
2022-04-04,59.59,25772.5452,7773759.0
2022-04-05,55.7,24090.1287,9531591.0
2022-04-06,53.7,23324.9493,8652679.0
2022-04-07,54.09,23494.3483,5857232.0
2022-04-08,52.73,22903.6234,5967081.0
2022-04-11,52.33,22729.8807,6789238.0
2022-04-12,53.14,23081.7096,6967202.0
2022-04-13,54.25,23563.8454,4001195.0
2022-04-14,53.26,23133.8324,3942648.0
2022-04-18,54.57,23702.8395,4539012.0
2022-04-19,56.38,24489.0249,4454139.0
2022-04-20,55.4,24063.3555,4904443.0
2022-04-21,53.26,23133.8324,6365979.0
2022-04-22,51.78,22490.9846,5455834.0
2022-04-25,53.48,23229.3908,4328645.0
2022-04-26,51.36,22308.5548,4327864.0
2022-04-27,51.21,22243.4013,4782411.0
2022-04-28,54.48,23663.7474,6440886.0
2022-04-29,52.11,22634.3223,6886271.0
2022-05-02,55.62,24167.205,11364115.0
2022-05-03,56.51,24553.915,6933289.0
2022-05-04,58.92,25601.0737,6496376.0
2022-05-05,55.23,23997.7478,8606294.0
2022-05-06,55.13,23954.2972,5843470.0
2022-05-09,50.82,22081.5778,7720547.0
2022-05-10,53.87,23406.8201,10675646.0
2022-05-11,51.77,22494.3582,6716205.0
2022-05-12,52.98,23020.11,5759820.0
2022-05-13,56.18,24410.5281,6291183.0
2022-05-16,55.15,23962.9873,3797983.0
2022-05-17,58.5,25418.5813,5976622.0
2022-05-18,55.83,24258.4512,6296749.0
2022-05-19,56.07,24362.7325,4941887.0
2022-05-20,56.46,24532.1897,6272139.0
2022-05-23,55.89,24284.5215,4018706.0
2022-05-24,54.5,23680.5586,4998823.0
2022-05-25,56.24,24436.5985,4124930.0
2022-05-26,59.33,25779.221,5348730.0
2022-05-27,61.14,26565.6762,6779222.0
2022-05-31,60.68,26365.8036,7175012.0
2022-06-01,59.27,25753.1506,5488444.0
2022-06-02,63.59,27630.2151,9046137.0
2022-06-03,62.94,27347.7864,7173329.0
2022-06-06,66.01,28681.7188,21894799.0
2022-06-07,65.48,28451.4308,8354904.0
2022-06-08,63.81,27725.8064,8190782.0
2022-06-09,62.66,27226.1248,9903192.0
2022-06-10,60.14,26131.1706,9227952.0
2022-06-13,56.07,24362.7325,10050801.0
2022-06-14,56.65,24614.7458,7494574.0
2022-06-15,58.04,25218.7087,9288739.0
2022-06-16,53.46,23228.6727,17643439.0
2022-06-17,52.46,22794.1671,93180905.0
2022-06-21,51.95,22572.5692,11186919.0
2022-06-22,51.01,22164.1339,9495362.0
2022-06-23,50.47,21929.5008,8182715.0
2022-06-24,52.97,23015.765,9146635.0
2022-06-27,54.17,23537.1718,6440232.0
2022-06-28,52.81,22946.2441,6716560.0
2022-06-29,51.12,22211.9295,6450643.0
2022-06-30,50.31,21859.9799,6871920.0
2022-07-01,46.84,20352.2453,11224422.0
2022-07-05,47.3,20552.1179,7772953.0
2022-07-06,47.61,20686.8146,7668794.0
2022-07-07,52.01,22598.6395,9846702.0
2022-07-08,53.47,23233.0178,7080001.0
2022-07-11,52.6,22854.9979,7503013.0
2022-07-12,52.77,22928.8638,4474223.0
2022-07-13,52.48,22802.8572,5664114.0
2022-07-14,54.05,23485.0311,5358131.0
2022-07-15,56.07,24362.7325,7055178.0
2022-07-18,54.95,23876.0862,6459821.0
2022-07-19,58.78,25540.2429,9855752.0
2022-07-20,60.09,26109.4453,7305691.0
2022-07-21,61.17,26578.7114,4519362.0
2022-07-22,59.42,25818.3265,5484147.0
2022-07-25,59.34,25783.566,3483450.0
2022-07-26,58.25,25309.9549,4666321.0
2022-07-27,62.51,27160.949,7814415.0
2022-07-28,64.56,28051.6856,6430928.0
2022-07-29,66.78,29016.2882,9698563.0
2022-08-01,63.66,27579.8291,16129269.0
2022-08-02,65.59,28415.9753,10420441.0
2022-08-03,68.83,29819.6613,8866748.0
2022-08-04,68.05,29481.7369,6202017.0
2022-08-05,67.63,29299.7776,7299498.0
2022-08-08,67.34,29174.139,6289936.0
2022-08-09,63.08,27328.552,11019391.0
2022-08-10,66.2,28680.2495,8889098.0
2022-08-11,66.36,28749.5674,7466058.0
2022-08-12,71.16,30829.1021,13408569.0
2022-08-15,71.24,30863.761,5713005.0
2022-08-16,70.71,30634.1457,4728432.0
2022-08-17,68.29,29585.7136,8593647.0
2022-08-18,73.25,31734.5662,18696631.0
2022-08-19,72.53,31422.6359,9334894.0
2022-08-22,68.8,29806.6642,7528113.0
2022-08-23,71.25,30868.0934,5542305.0
2022-08-24,72.03,31206.0177,4300047.0
2022-08-25,76.71,33233.5641,8534069.0
2022-08-26,71.58,31011.0614,9243349.0
2022-08-29,69.52,30118.5944,6966307.0
2022-08-30,68.97,29880.3144,8233720.0
2022-08-31,68.77,29793.6671,7077009.0
2022-09-01,68.22,29555.3871,9855152.0
2022-09-02,67.51,29247.7892,6662249.0
2022-09-06,66.05,28615.2641,6896297.0
2022-09-07,67.36,29182.8038,5836514.0
2022-09-08,70.55,30564.8279,9769241.0
2022-09-09,71.67,31050.0526,8264878.0
2022-09-12,71.9,31149.697,5592445.0
2022-09-13,66.87,28970.5179,9889023.0
2022-09-14,68.57,29707.0198,6009229.0
2022-09-15,68.15,29525.0605,4640140.0
2022-09-16,68.94,29867.3173,8521180.0
2022-09-19,70.16,30395.8657,6672944.0
2022-09-20,68.48,29668.0285,5053686.0
2022-09-21,68.34,29607.3754,6728773.0
2022-09-22,64.96,28143.0364,6955518.0
2022-09-23,63.31,27428.1964,8228179.0
2022-09-26,62.7,27163.9222,5272348.0
2022-09-27,64.29,27852.768,4905937.0
2022-09-28,65.5,28376.9841,5070524.0
2022-09-29,62.94,27267.8989,7078839.0
2022-09-30,62.33,27003.6247,5847534.0
2022-10-03,64.79,28069.3862,6357595.0
2022-10-04,68.92,29858.6526,6281872.0
2022-10-05,69.505,30112.0958,5887893.0
2022-10-06,70.25,30434.857,6465426.0
2022-10-07,64.83,28086.7157,10339315.0
2022-10-10,61.93,26830.3301,8861535.0
2022-10-11,59.47,25764.5686,9114236.0
2022-10-12,58.95,25539.2857,4573714.0
2022-10-13,60.63,26267.1228,10023130.0
2022-10-14,57.77,25028.0667,6374545.0
2022-10-17,59.79,25903.2042,5882533.0
2022-10-18,60.73,26310.4465,5006902.0
2022-10-19,60.77,26327.7759,4201224.0
2022-10-20,61.52,26652.7032,5535188.0
2022-10-21,65.68,28454.9666,8204031.0
2022-10-24,65.35,28311.9986,5918725.0
2022-10-25,66.59,28849.2117,7056578.0
2022-10-26,67.74,29347.4336,9203792.0
2022-10-27,64.85,28095.3804,10071086.0
2022-10-28,67.48,29234.7921,9835737.0
2022-10-31,61.43,26563.7801,17974649.0
2022-11-01,61.74,26697.8314,8319113.0
2022-11-02,60.11,25992.981,8275751.0
2022-11-03,59.19,25595.1513,6630321.0
2022-11-04,63.19,27324.8456,8120158.0
2022-11-07,65.47,28310.7713,6388335.0
2022-11-08,67.09,29011.2975,5588889.0
2022-11-09,63.83,27601.5967,6384686.0
2022-11-10,72.79,31476.1119,10452909.0
2022-11-11,75.05,32453.3892,7264443.0
2022-11-14,72.83,31493.4088,9269846.0
2022-11-15,74.3,32129.0715,7024950.0
2022-11-16,70.29,30395.0529,7869502.0
2022-11-17,71.11,30749.6403,5802718.0
2022-11-18,72.46,31333.4121,4745473.0
2022-11-21,71.15,30766.9372,4135690.0
2022-11-22,73.74,31886.9143,4756527.0
2022-11-23,74.0,31999.3444,4304114.0
2022-11-25,73.4,31739.8903,2005984.0
2022-11-28,69.96,30252.3532,6495471.0
2022-11-29,70.72,30580.9951,3992023.0
2022-11-30,75.2,32518.2527,7606480.0
2022-12-01,73.99,31995.0202,4904585.0
2022-12-02,73.04,31584.2178,4801242.0
2022-12-05,71.57,30948.5551,4064818.0
2022-12-06,69.74,30157.22,4905695.0
2022-12-07,70.14,30330.1894,3030504.0
2022-12-08,72.16,31203.685,4364634.0
2022-12-09,70.53,30498.8346,3530212.0
2022-12-12,70.99,30697.7494,5151743.0
2022-12-13,71.56,30944.2309,4856186.0
2022-12-14,67.59,29227.5093,10941625.0
2022-12-15,64.26,27787.5388,12352840.0
2022-12-16,65.38,28271.8532,8463410.0
2022-12-19,64.15,27739.9722,6366709.0
2022-12-20,64.03,27688.0814,4571225.0
2022-12-21,65.04,28124.8292,5063329.0
2022-12-22,62.12,26862.1524,9874712.0
2022-12-23,62.39,26978.9067,3351499.0
2022-12-27,61.36,26533.5104,5072470.0
2022-12-28,60.28,26066.493,3576359.0
2022-12-29,62.71,27117.2823,5253409.0
2022-12-30,62.37,26970.2582,2650184.0
2023-01-03,61.61,26641.6163,4364519.0
2023-01-04,62.2,26896.7462,6189656.0
2023-01-05,59.74,25832.9843,9253774.0
2023-01-06,62.47,27013.5006,7144436.0
2023-01-09,64.65,27956.184,6407958.0
2023-01-10,64.27,27791.863,8248195.0
2023-01-11,64.63,27947.5355,4889074.0
2023-01-12,64.93,28077.2626,4807152.0
2023-01-13,65.15,28172.3958,3409021.0
2023-01-17,65.87,28483.7408,3902213.0
2023-01-18,66.33,28682.6556,5834299.0
2023-01-19,63.49,27454.5726,5883596.0
2023-01-20,66.26,28652.3859,5133428.0
2023-01-23,70.8,30615.589,7583255.0
2023-01-24,70.08,30304.244,4543380.0
2023-01-25,71.81,31052.3368,5100561.0
2023-01-26,73.68,31860.9689,5875410.0
2023-01-27,73.67,31856.6446,4376469.0
2023-01-30,71.02,30710.7222,4783374.0
2023-01-31,73.45,31761.5114,5066729.0
2023-02-01,77.84,33659.8509,9111222.0
2023-02-02,82.12,35510.6238,9221350.0
2023-02-03,80.89,34978.7428,8475441.0
2023-02-06,80.4,34730.2197,15910323.0
2023-02-07,85.53,36946.2151,11489164.0
2023-02-08,83.6,36112.517,9982492.0
2023-02-09,84.75,36609.2801,9180102.0
2023-02-10,83.8,36198.9106,6678158.0
2023-02-13,84.38,36449.452,5708520.0
2023-02-14,86.88,37529.3718,6033126.0
2023-02-15,86.71,37455.9372,6711540.0
2023-02-16,84.13,36341.46,5871810.0
2023-02-17,81.86,35360.8929,7136689.0
2023-02-21,79.28,34246.4157,6312844.0
2023-02-22,78.56,33935.3988,5674893.0
2023-02-23,78.39,33861.9642,14747876.0
2023-02-24,76.28,32950.5119,16699950.0
2023-02-27,77.73,33576.8654,6844516.0
2023-02-28,77.41,33438.6357,6796314.0
2023-03-01,78.23,33792.8494,4733304.0
2023-03-02,76.75,33153.5369,14200393.0
2023-03-03,78.94,34099.5466,6046658.0
2023-03-06,77.41,33438.6357,4968026.0
2023-03-07,78.7,33995.8743,6445460.0
2023-03-08,83.1,35896.5331,8939427.0
2023-03-09,81.41,35166.5073,8241954.0
2023-03-10,78.38,33857.6446,6366526.0
2023-03-13,77.75,33585.5048,6913780.0
2023-03-14,81.2,35075.794,6098815.0
2023-03-15,78.0,33693.4967,7514841.0
2023-03-16,80.5,34773.4165,7266482.0
2023-03-17,78.28,33814.4478,6981769.0
2023-03-20,79.98,34548.7932,4822238.0
2023-03-21,81.35,35140.5892,4828252.0
2023-03-22,78.82,34047.7104,5511940.0
2023-03-23,80.97,34976.4414,6181490.0
2023-03-24,77.81,33611.4228,5794099.0
2023-03-27,75.67,32687.0115,10190966.0
2023-03-28,76.53,33058.5039,12414143.0
2023-03-29,79.87,34501.2767,7228351.0
2023-03-30,81.83,35347.9338,6133079.0
2023-03-31,82.32,35559.5981,5852335.0
2023-04-03,81.14,35049.876,4431067.0
2023-04-04,78.49,33905.161,5617946.0
2023-04-05,76.54,33062.8236,4944307.0
2023-04-06,75.34,32544.4621,3530706.0
2023-04-10,77.7,33533.2568,4284608.0
2023-04-11,77.22,33326.1015,3608691.0
2023-04-12,76.46,32998.1057,4850294.0
2023-04-13,77.59,33485.7837,3290259.0
2023-04-14,77.92,33628.2029,3725291.0
2023-04-17,78.41,33839.6739,3808807.0
2023-04-18,79.21,34184.9327,4168431.0
2023-04-19,76.92,33196.6295,4336241.0
2023-04-20,74.26,32048.6441,7685331.0
2023-04-21,73.74,31824.2259,4078275.0
2023-04-24,74.38,32100.4329,2845158.0
2023-04-25,70.35,30361.1919,7889329.0
2023-04-26,71.95,31051.7094,5871271.0
2023-04-27,69.98,30201.5098,14023824.0
2023-04-28,71.96,31056.0252,10274838.0
2023-05-01,78.33,33828.5987,16264736.0
2023-05-02,79.17,34191.3719,8329002.0
2023-05-03,78.58,33936.5669,5127142.0
2023-05-04,77.83,33612.6623,5189413.0
2023-05-05,81.22,35076.7112,7088138.0
2023-05-08,80.52,34774.4002,3421550.0
2023-05-09,78.81,34035.8977,4736883.0
2023-05-10,79.87,34493.6829,5187101.0
2023-05-11,80.32,34688.0256,4438204.0
2023-05-12,81.34,35128.5359,6478911.0
2023-05-15,82.39,35582.0024,6125195.0
2023-05-16,83.04,35862.7197,10998999.0
2023-05-17,85.63,36981.2703,12764700.0
2023-05-18,86.49,37352.681,7624180.0
2023-05-19,84.36,36432.7919,8190589.0
2023-05-22,85.24,36812.8399,5091486.0
2023-05-23,82.54,35646.7833,6675670.0
2023-05-24,79.79,34459.133,8641772.0
2023-05-25,82.0,35413.572,9598511.0
2023-05-26,86.62,37408.8244,10518744.0
2023-05-30,83.97,36264.3615,9087879.0
2023-05-31,83.6,36104.5685,9835590.0
2023-06-01,87.95,37983.2153,6930658.0
2023-06-02,86.83,37499.5177,5137305.0
2023-06-05,85.63,36981.2703,3770612.0
2023-06-06,88.48,38212.1079,5217940.0
2023-06-07,89.24,38540.3313,7824730.0
2023-06-08,89.99,38864.2359,4131106.0
2023-06-09,89.02,38445.3192,6365415.0
2023-06-12,91.06,39326.3398,6531350.0
2023-06-13,92.67,40021.6551,7615147.0
2023-06-14,92.74,40051.8862,7149139.0
2023-06-15,91.0,39300.4274,8116426.0
2023-06-16,90.15,38933.3355,28125294.0
2023-06-20,89.38,38600.7935,5848159.0
2023-06-21,88.07,38035.0401,4972954.0
2023-06-22,88.95,38415.0881,4636306.0
2023-06-23,87.52,37797.51,9135144.0
2023-06-26,88.62,38272.5701,4250708.0
2023-06-27,91.87,39676.1568,5379952.0
2023-06-28,91.21,39391.1207,4346659.0
2023-06-29,92.08,39766.8501,3831248.0
2023-06-30,94.58,40846.5322,5395351.0
2023-07-03,96.83,41818.246,3602015.0
2023-07-05,92.95,40142.5795,5814695.0
2023-07-06,92.61,39995.7427,4687825.0
2023-07-07,93.3,40293.7349,4145373.0
2023-07-10,95.98,41451.1541,4799253.0
2023-07-11,96.64,41736.1902,3961981.0
2023-07-12,98.63,42595.6171,4783522.0
2023-07-13,102.04,44068.3035,6467424.0
2023-07-14,99.68,43049.0836,4976914.0
2023-07-17,104.33,45057.2922,6872763.0
2023-07-18,104.84,45277.5474,5224677.0
2023-07-19,101.91,44012.16,6101166.0
2023-07-20,97.3,42021.2263,9221169.0
2023-07-21,98.76,42651.7606,10007795.0
2023-07-24,97.69,42189.6567,5177562.0
2023-07-25,100.04,43204.5578,5920033.0
2023-07-26,99.25,42863.3783,5532188.0
2023-07-27,102.11,44098.5346,7432406.0
2023-07-28,105.09,45385.5156,7613682.0
2023-07-31,107.75,46497.2448,14155494.0
2023-08-01,108.09,46643.9646,5446941.0
2023-08-02,103.57,44693.4538,6910153.0
2023-08-03,102.7,44318.0236,6054423.0
2023-08-04,102.31,44149.7273,6470912.0
2023-08-07,103.59,44702.0843,4112646.0
2023-08-08,101.38,43748.4054,4184156.0
2023-08-09,99.09,42760.2041,4853963.0
2023-08-10,97.73,42173.3247,4730657.0
2023-08-11,94.57,40809.6932,5443411.0
2023-08-14,97.12,41910.092,5280586.0
2023-08-15,94.13,40619.8204,4850655.0
2023-08-16,92.18,39778.339,5262289.0
2023-08-17,90.03,38850.5517,6768920.0
2023-08-18,90.73,39152.622,4647671.0
2023-08-21,93.03,40145.1386,4580909.0
2023-08-22,92.37,39860.3295,3918416.0
2023-08-23,92.88,40080.4092,5768911.0
2023-08-24,89.96,38820.3447,6014907.0
2023-08-25,92.32,39838.753,4662007.0
2023-08-28,93.63,40404.056,3899702.0
2023-08-29,97.61,42121.5412,5691437.0
2023-08-30,98.85,42656.6371,4351172.0
2023-08-31,98.46,42488.3408,5804511.0
2023-09-01,99.4,42893.978,3234391.0
2023-09-05,99.31,42855.1404,3137903.0
2023-09-06,99.49,42932.8156,3367797.0
2023-09-07,98.51,42509.9173,4723084.0
2023-09-08,97.92,42255.3152,3600209.0
2023-09-11,97.85,42225.1081,3923927.0
2023-09-12,96.79,41767.6875,3411657.0
2023-09-13,96.83,41784.9486,4060694.0
2023-09-14,96.47,41629.5982,5544914.0
2023-09-15,93.1,40175.3456,9749437.0
2023-09-18,94.6,40822.639,3295436.0
2023-09-19,94.24,40667.2886,3422756.0
2023-09-20,92.84,40063.1481,2899498.0
2023-09-21,90.93,39238.9278,5112286.0
2023-09-22,93.81,40481.7312,5174587.0
2023-09-25,94.46,40762.225,2773344.0
2023-09-26,90.15,38902.3352,6590567.0
2023-09-27,92.05,39722.2402,4679653.0
2023-09-28,94.05,40585.2981,4385004.0
2023-09-29,92.95,40110.6163,4214854.0
2023-10-02,93.37,40291.8584,3943028.0
2023-10-03,89.76,38734.0389,6101300.0
2023-10-04,89.99,38833.2906,7263599.0
2023-10-05,88.17,38047.9079,4075910.0
2023-10-06,90.93,39238.9278,4095928.0
2023-10-09,90.93,39238.9278,2225023.0
2023-10-10,93.32,40270.282,4313075.0
2023-10-11,95.14,41055.6647,3877213.0
2023-10-12,93.05,40153.7692,5602671.0
2023-10-13,89.14,38466.491,5441341.0
2023-10-16,91.69,39566.8898,4814380.0
2023-10-17,91.69,39566.8898,4730148.0
2023-10-18,89.59,38660.679,5338106.0
2023-10-19,87.01,37547.3343,5609607.0
2023-10-20,84.83,36606.6012,7076962.0
2023-10-23,83.61,36080.1358,5548440.0
2023-10-24,85.09,36718.7987,5267958.0
2023-10-25,81.16,35022.8899,8726749.0
2023-10-26,82.79,35726.2821,8230571.0
2023-10-27,83.52,36041.2982,10637360.0
2023-10-30,65.34,28196.1019,39759830.0
2023-10-31,62.64,26978.8968,22213194.0
2023-11-01,64.84,27926.4315,15562932.0
2023-11-02,66.63,28697.3802,12027243.0
2023-11-03,68.25,29395.1103,11674014.0
2023-11-06,66.23,28525.1012,9262337.0
2023-11-07,66.8,28770.5988,9650055.0
2023-11-08,66.25,28533.7151,8908590.0
2023-11-09,64.35,27715.3897,10547999.0
2023-11-10,67.38,29020.4034,7930479.0
2023-11-13,66.65,28705.9942,7078804.0
2023-11-14,69.96,30131.6032,9083560.0
2023-11-15,71.13,30635.5194,6129993.0
2023-11-16,69.46,29916.2544,6018879.0
2023-11-17,70.03,30161.752,4047333.0
2023-11-20,70.68,30441.7054,4342663.0
2023-11-21,68.39,29455.408,5998712.0
2023-11-22,68.56,29528.6266,4376145.0
2023-11-24,69.28,29838.7288,1718017.0
2023-11-27,68.68,29580.3103,4041563.0
2023-11-28,69.1,29761.2033,4426016.0
2023-11-29,71.62,30846.5612,7747912.0
2023-11-30,71.33,30721.6589,7154855.0
2023-12-01,74.18,31949.147,6068132.0
2023-12-04,73.1,31483.9936,5499775.0
2023-12-05,72.28,31130.8216,3368387.0
2023-12-06,73.44,31630.4308,5200967.0
2023-12-07,75.84,32664.105,6248227.0
2023-12-08,76.14,32793.3143,4584062.0
2023-12-11,79.4,34197.3884,7903478.0
2023-12-12,78.39,33762.3838,6312985.0
2023-12-13,81.06,34912.3464,5768535.0
2023-12-14,86.21,37130.439,11343593.0
2023-12-15,85.65,36889.2483,16805547.0
2023-12-18,83.76,36075.2299,6349578.0
2023-12-19,84.74,36497.3135,4392196.0
2023-12-20,81.17,34959.7231,6142870.0
2023-12-21,83.65,36027.8532,4493914.0
2023-12-22,84.01,36182.9043,2432325.0
2023-12-26,85.47,36811.7228,3223567.0
2023-12-27,85.05,36630.8298,3440745.0
2023-12-28,84.98,36600.6809,3063787.0
2023-12-29,83.53,35976.1694,4193773.0
