,OXY US Equity,OXY US Equity,OXY US Equity
,PX_LAST,CUR_MKT_CAP,PX_VOLUME
2014-01-02,90.0253,75648.7193,2765153.0
2014-01-03,89.7087,75382.7196,2848082.0
2014-01-06,89.9773,75608.4163,3202335.0
2014-01-07,91.656,77019.0211,3724932.0
2014-01-08,90.927,76406.4156,3520625.0
2014-01-09,90.9749,76446.7186,3147857.0
2014-01-10,90.0253,75648.7193,3411824.0
2014-01-13,87.8094,73786.721,5188921.0
2014-01-14,88.548,74407.3871,4392468.0
2014-01-15,87.7327,73722.2362,4926434.0
2014-01-16,88.03,73972.1148,3790923.0
2014-01-17,86.8789,73004.8429,3949177.0
2014-01-21,86.3034,72521.207,4979234.0
2014-01-22,87.253,73319.2063,3928233.0
2014-01-23,85.7758,72077.8741,4373991.0
2014-01-24,84.4137,70933.269,4756051.0
2014-01-27,83.5408,70199.7546,3585682.0
2014-01-28,84.711,71183.1476,2963827.0
2014-01-29,84.241,70788.1783,4094733.0
2014-01-30,84.7014,71175.087,5523517.0
2014-01-31,84.0012,70586.6633,5798826.0
2014-02-03,83.6846,70320.6635,6228699.0
2014-02-04,83.5887,70240.0576,6190054.0
2014-02-05,83.7326,70360.9665,5590570.0
2014-02-06,84.8741,71320.1778,5375972.0
2014-02-07,86.8981,73020.9641,4957089.0
2014-02-10,86.994,73101.5701,4345501.0
2014-02-11,87.867,73835.0846,3775110.0
2014-02-12,88.4329,74310.6599,3349740.0
2014-02-13,88.5097,74375.1447,3711162.0
2014-02-14,91.8574,77188.2937,8799703.0
2014-02-18,92.3562,77607.4448,5798978.0
2014-02-19,91.0708,76527.3246,5371141.0
2014-02-20,91.5121,76898.1121,3829114.0
2014-02-21,91.5025,76890.0515,3696342.0
2014-02-24,92.1548,77438.1722,4628596.0
2014-02-25,91.915,77236.6573,2895023.0
2014-02-26,91.3202,76736.9001,3750496.0
2014-02-27,91.6368,77002.8999,2842224.0
2014-02-28,92.5865,77800.8992,3998455.0
2014-03-03,92.1356,76335.5382,3403207.0
2014-03-04,93.2579,77265.3932,3307464.0
2014-03-05,92.903,76971.3365,3063195.0
2014-03-06,92.3466,76510.3827,2987187.0
2014-03-07,93.1716,77193.8659,2971326.0
2014-03-10,93.2579,77265.3932,2397793.0
2014-03-11,92.4809,76621.6474,2491471.0
2014-03-12,92.4618,76605.7525,3053549.0
2014-03-13,91.9054,76144.7987,2621894.0
2014-03-14,92.5865,76709.0697,2951364.0
2014-03-17,92.903,76971.3365,2446482.0
2014-03-18,93.2963,77297.1832,2893094.0
2014-03-19,91.2627,75612.3176,4596516.0
2014-03-20,89.1428,73855.9247,10873941.0
2014-03-21,90.2363,74761.9373,10986668.0
2014-03-24,90.0445,74602.9877,4385976.0
2014-03-25,90.7927,75222.8911,4342015.0
2014-03-26,89.7279,73906.7453,5271084.0
2014-03-27,90.7831,74775.8646,4372013.0
2014-03-28,91.656,75494.8633,4263862.0
2014-03-31,91.4066,75289.4351,3881025.0
2014-04-01,91.0325,74981.2928,4410969.0
2014-04-02,92.1068,75866.2143,6579748.0
2014-04-03,92.5769,76253.3674,3569594.0
2014-04-04,90.6967,74704.7548,5616488.0
2014-04-07,89.7759,73946.2507,4447057.0
2014-04-08,91.0804,75020.7982,3303027.0
2014-04-09,92.0589,75826.7089,3112026.0
2014-04-10,90.5912,74617.8429,4148750.0
2014-04-11,89.5265,73740.8225,5112364.0
2014-04-14,90.4761,74523.0299,2942425.0
2014-04-15,91.0325,74981.2928,4015739.0
2014-04-16,91.9054,75700.2915,3810051.0
2014-04-17,92.6632,76324.4772,4609375.0
2014-04-21,93.4786,76996.0694,2733479.0
2014-04-22,92.9797,76585.213,3292526.0
2014-04-23,92.8263,76458.7956,2986589.0
2014-04-24,93.1812,76751.1358,1971639.0
2014-04-25,92.4426,76142.7522,2453106.0
2014-04-28,92.7399,76387.6859,4225030.0
2014-04-29,92.9222,76537.8065,3272438.0
2014-04-30,91.8478,75652.885,2811069.0
2014-05-01,91.1188,75052.4026,3138776.0
2014-05-02,90.5912,74617.8429,3526492.0
2014-05-05,90.8406,74397.6587,5651294.0
2014-05-06,91.9246,75285.4026,4656063.0
2014-05-07,92.3083,75599.6483,3386285.0
2014-05-08,91.3107,74782.6096,2670686.0
2014-05-09,92.1932,75505.3746,3690758.0
2014-05-12,92.4905,75748.915,3554093.0
2014-05-13,93.5457,76613.0905,3564008.0
2014-05-14,93.4114,76503.1045,2539555.0
2014-05-15,93.1044,76251.708,3529420.0
2014-05-16,91.7903,75175.4166,3942457.0
2014-05-19,92.0301,75371.8202,2648913.0
2014-05-20,91.5697,74994.7254,3102249.0
2014-05-21,93.6128,76668.0835,4018924.0
2014-05-22,93.2675,76385.2624,2738396.0
2014-05-23,93.0181,76181.0027,2581040.0
2014-05-27,93.4786,76558.0975,3306086.0
2014-05-28,95.0133,77815.0801,5710115.0
2014-05-29,95.7616,78427.8592,4922280.0
2014-05-30,95.6273,78317.8732,4312350.0
2014-06-02,95.6944,78372.8662,3228458.0
2014-06-03,96.1548,78749.961,3008901.0
2014-06-04,96.0781,78687.1118,3089181.0
2014-06-05,96.788,79268.4663,4658084.0
2014-06-06,96.2891,78859.9469,3835532.0
2014-06-09,96.1069,78710.6803,2418826.0
2014-06-10,95.9054,78545.7013,2744742.0
2014-06-11,95.8191,78474.996,3036554.0
2014-06-12,97.1237,79543.4312,5024167.0
2014-06-13,99.023,81098.9472,4353511.0
2014-06-16,99.1381,81193.2209,4258839.0
2014-06-17,98.553,80713.9963,3351428.0
2014-06-18,99.0422,81114.6595,2786237.0
2014-06-19,99.1381,81193.2209,3157627.0
2014-06-20,99.7616,81703.8701,7303815.0
2014-06-23,100.9031,82638.7509,5001201.0
2014-06-24,97.3155,79700.5541,5542116.0
2014-06-25,98.4379,80619.7226,4739809.0
2014-06-26,98.457,80635.4349,2546867.0
2014-06-27,98.0446,80297.6208,4219112.0
2014-06-30,98.4474,80627.5788,4103295.0
2014-07-01,98.6105,80761.1332,3314295.0
2014-07-02,98.0733,80321.1892,5346490.0
2014-07-03,98.0062,80266.1962,2414657.0
2014-07-07,97.4498,79810.5401,2880523.0
2014-07-08,97.728,80038.3681,2555298.0
2014-07-09,97.7952,80093.3611,2257848.0
2014-07-10,96.3179,78883.5154,4824958.0
2014-07-11,96.3851,78938.5084,3116063.0
2014-07-14,97.0949,79519.8628,2611817.0
2014-07-15,95.4642,78184.3188,3812890.0
2014-07-16,97.5841,79920.526,3111095.0
2014-07-17,95.8767,78522.1329,2781896.0
2014-07-18,96.8167,79292.0347,3388610.0
2014-07-21,96.481,79017.0698,2606347.0
2014-07-22,97.1429,79559.1435,2569635.0
2014-07-23,97.4594,79818.3962,1696444.0
2014-07-24,96.7688,79252.754,2352625.0
2014-07-25,96.011,78632.1188,2597676.0
2014-07-28,95.752,78420.003,2341332.0
2014-07-29,95.2819,78035.0521,2256411.0
2014-07-30,94.1117,77076.6029,4248506.0
2014-07-31,93.728,76762.3572,5444690.0
2014-08-01,93.9006,76903.7677,5187569.0
2014-08-04,96.6441,79150.6242,5123950.0
2014-08-05,95.0709,77268.9604,4715779.0
2014-08-06,95.3587,77502.8489,2907818.0
2014-08-07,94.2843,76629.6652,3270742.0
2014-08-08,95.7328,77806.9039,3005816.0
2014-08-11,95.704,77783.5151,2471622.0
2014-08-12,95.7424,77814.7002,2980813.0
2014-08-13,95.915,77955.0333,2457940.0
2014-08-14,95.8959,77939.4407,3461763.0
2014-08-15,96.3659,78321.4586,4281850.0
2014-08-18,96.5002,78430.6066,2969664.0
2014-08-19,97.6513,79366.1605,3167993.0
2014-08-20,97.5937,79319.3828,1919073.0
2014-08-21,98.1021,79732.5858,2665814.0
2014-08-22,98.2652,79865.1226,3061183.0
2014-08-25,99.071,80520.0104,3195618.0
2014-08-26,98.9463,80418.6587,2287306.0
2014-08-27,99.1669,80597.9732,2233635.0
2014-08-28,99.7712,81089.1391,2815845.0
2014-08-29,99.5026,80870.8431,2485914.0
2014-09-02,98.1885,79802.7524,2713633.0
2014-09-03,98.2748,79872.9189,2979165.0
2014-09-04,98.198,79810.5487,3786646.0
2014-09-05,97.1812,78984.1427,4771986.0
2014-09-08,94.5337,76832.3686,4970961.0
2014-09-09,94.3419,76676.4429,4155565.0
2014-09-10,94.5241,76824.5723,3547016.0
2014-09-11,94.3419,76676.4429,3144952.0
2014-09-12,93.4306,75935.796,2903717.0
2014-09-15,94.2843,76629.6652,4380046.0
2014-09-16,94.5433,76840.1648,3810365.0
2014-09-17,94.1692,76536.1098,3688841.0
2014-09-18,93.8814,76302.2213,2359109.0
2014-09-19,93.728,76177.4808,3948427.0
2014-09-22,92.9606,75553.7782,3444963.0
2014-09-23,92.5289,75202.9454,3703849.0
2014-09-24,94.3994,76723.2206,5643247.0
2014-09-25,92.8263,75444.6302,5353425.0
2014-09-26,94.3419,76676.4429,4454467.0
2014-09-29,93.2675,75803.2592,5161378.0
2014-09-30,92.2315,74961.2607,5082200.0
2014-10-01,90.4473,73511.152,6115834.0
2014-10-02,91.3394,74236.2063,5601792.0
2014-10-03,92.0493,74813.1313,5200367.0
2014-10-06,93.1236,75686.315,4987800.0
2014-10-07,91.0037,73963.3364,5357778.0
2014-10-08,91.6656,74501.28,5422401.0
2014-10-09,88.7591,72139.0062,5477246.0
2014-10-10,87.8286,71382.7668,6015525.0
2014-10-13,84.3178,68529.3272,6533719.0
2014-10-14,83.0228,67476.829,6615843.0
2014-10-15,81.7757,66463.3122,9285278.0
2014-10-16,82.9173,67391.0699,8779423.0
2014-10-17,84.759,68887.9562,8834056.0
2014-10-20,85.1235,69184.215,3791729.0
2014-10-21,87.3586,71000.7489,4068003.0
2014-10-22,86.0444,69932.6581,4255629.0
2014-10-23,87.301,70953.9712,4309533.0
2014-10-24,85.8717,69792.325,4714324.0
2014-10-27,82.946,67414.4587,9853981.0
2014-10-28,84.548,68716.438,5806966.0
2014-10-29,85.229,69269.9741,4668976.0
2014-10-30,84.3465,68552.7161,4476381.0
2014-10-31,85.3058,68958.821,5321324.0
2014-11-03,83.5887,67570.8047,5358513.0
2014-11-04,81.8429,66159.5255,5820459.0
2014-11-05,82.946,67051.2679,4248656.0
2014-11-06,82.8789,66996.9879,7715722.0
2014-11-07,84.452,68268.69,5435884.0
2014-11-10,84.3465,68183.3929,4580312.0
2014-11-11,85.4784,69098.398,5248473.0
2014-11-12,84.9796,68695.1754,5524331.0
2014-11-13,82.7734,66911.6908,7928957.0
2014-11-14,83.1283,67198.5992,5465770.0
2014-11-17,82.3993,66609.2738,7116024.0
2014-11-18,83.1283,67198.5992,4974367.0
2014-11-19,82.5336,66717.8338,4354677.0
2014-11-20,83.3297,67361.4391,3747838.0
2014-11-21,84.03,67927.5016,6777288.0
2014-11-24,84.6631,68439.2842,5635519.0
2014-11-25,82.8405,66965.9708,6834554.0
2014-11-26,82.6199,66787.6223,5641300.0
2014-11-28,76.5191,61855.8996,8767737.0
2014-12-01,79.4179,61607.7626,16706666.0
2014-12-02,80.6574,62569.2934,12087535.0
2014-12-03,83.0664,64438.0752,9073081.0
2014-12-04,82.5067,64003.8354,6882621.0
2014-12-05,81.4471,63181.8816,7164606.0
2014-12-08,76.0793,59017.8327,9369903.0
2014-12-09,77.4187,60056.9064,7587351.0
2014-12-10,75.1096,58265.6675,7767424.0
2014-12-11,75.0497,58219.1418,6034286.0
2014-12-12,74.19,57552.2736,7160309.0
2014-12-15,73.1304,56730.3198,6563420.0
2014-12-16,74.3799,57699.605,8883724.0
2014-12-17,77.7686,60328.3062,8763284.0
2014-12-18,79.138,61390.6427,8062147.0
2014-12-19,81.4871,63212.8988,10499119.0
2014-12-22,80.7574,62646.8362,7211886.0
2014-12-23,82.8665,64282.9895,7762529.0
2014-12-24,82.2068,63771.207,3099758.0
2014-12-26,82.0169,63623.8757,2669523.0
2014-12-29,81.677,63360.2301,4196415.0
2014-12-30,81.3671,63119.8474,4135230.0
2014-12-31,80.5774,62507.2592,3555803.0
2015-01-02,80.6174,62538.2763,3634610.0
2015-01-05,77.6286,60219.7463,6104730.0
2015-01-06,76.9689,59707.9637,6038092.0
2015-01-07,76.9789,59715.718,5475349.0
2015-01-08,77.6586,60243.0091,6734730.0
2015-01-09,77.5087,60126.6949,5203863.0
2015-01-12,74.9197,58118.3361,7127751.0
2015-01-13,74.9397,58133.8447,7084487.0
2015-01-14,75.4495,58529.313,7109842.0
2015-01-15,75.9593,58924.7814,7271531.0
2015-01-16,78.0285,60529.9175,6564058.0
2015-01-20,77.9785,60491.1461,5610811.0
2015-01-21,79.208,61444.9227,4491715.0
2015-01-22,78.8281,61150.26,5221583.0
2015-01-23,78.8181,61142.5057,4870102.0
2015-01-26,80.2876,62282.385,3871352.0
2015-01-27,79.3779,61576.7455,4468033.0
2015-01-28,76.4691,59320.2497,6174824.0
2015-01-29,78.2784,60723.7746,6297638.0
2015-01-30,79.9677,62034.248,9218097.0
2015-02-02,80.1276,62158.3165,7964109.0
2015-02-03,82.1168,63701.4185,7136836.0
2015-02-04,80.8173,62693.3619,6871349.0
2015-02-05,82.0868,63678.1556,5246950.0
2015-02-06,81.717,63391.2472,4681576.0
2015-02-09,81.2272,63011.2875,6582524.0
2015-02-10,81.2772,63050.0589,5630777.0
2015-02-11,79.9477,62018.7395,4827822.0
2015-02-12,82.0069,63616.1214,6010482.0
2015-02-13,83.0764,64445.8294,4523048.0
2015-02-17,82.4967,63996.0811,4490839.0
2015-02-18,81.3371,63096.5845,5191226.0
2015-02-19,80.5774,62507.2592,4521458.0
2015-02-20,80.0676,62111.7909,3783058.0
2015-02-23,79.7678,61489.9182,3162337.0
2015-02-24,79.7178,61451.3907,2710934.0
2015-02-25,80.1776,61805.8439,2892413.0
2015-02-26,78.2884,60349.5037,4696394.0
2015-02-27,77.8485,60010.4616,5123759.0
2015-03-02,77.7086,59902.5845,4456110.0
2015-03-03,77.9785,60110.6331,4275251.0
2015-03-04,78.2984,60357.2092,3216799.0
2015-03-05,77.4587,59709.9469,3614559.0
2015-03-06,74.7398,57614.05,5085374.0
2015-03-09,74.7698,57637.1665,3399917.0
2015-03-10,73.7902,56882.0271,4199367.0
2015-03-11,74.23,57221.0693,3457784.0
2015-03-12,74.5499,57467.6454,4268762.0
2015-03-13,72.8106,56126.8878,6199662.0
2015-03-16,73.0805,56334.9364,5442558.0
2015-03-17,72.3308,55757.0236,3941507.0
2015-03-18,73.9801,57028.4317,4181639.0
2015-03-19,71.841,55379.4539,5466362.0
2015-03-20,72.6906,56034.4217,13407501.0
2015-03-23,72.8306,56142.2988,3767487.0
2015-03-24,72.4207,55827.5361,2861855.0
2015-03-25,73.6902,56806.1555,4783441.0
2015-03-26,73.7002,56813.8611,4952509.0
2015-03-27,72.6906,56035.5891,3598985.0
2015-03-30,73.9501,57006.5027,3907040.0
2015-03-31,72.9705,56251.3477,4892869.0
2015-04-01,74.21,57206.85,4429167.0
2015-04-02,74.5199,57445.7256,5277579.0
2015-04-06,76.4791,58956.0357,6997452.0
2015-04-07,76.779,59187.2057,4482065.0
2015-04-08,76.5691,59025.3867,5089682.0
2015-04-09,77.7986,59973.1834,4100857.0
2015-04-10,78.4183,60450.9346,3338221.0
2015-04-13,77.7086,59903.8324,2654992.0
2015-04-14,79.268,61105.916,4573449.0
2015-04-15,81.4771,62808.8678,6766474.0
2015-04-16,81.3371,62700.9885,5510780.0
2015-04-17,80.4975,62053.7127,6579346.0
2015-04-20,80.3375,61930.4221,3881136.0
2015-04-21,79.4179,61221.501,2982318.0
2015-04-22,79.5578,61329.3803,3466230.0
2015-04-23,80.0077,61676.1352,3425361.0
2015-04-24,79.7378,61468.0822,3432011.0
2015-04-27,79.3979,61206.0896,4671104.0
2015-04-28,79.6678,61414.1426,2747615.0
2015-04-29,80.0776,61730.0748,3929699.0
2015-04-30,80.0676,61722.3691,3855225.0
2015-05-01,80.4675,62030.5957,3351709.0
2015-05-04,79.9977,61668.4295,2778351.0
2015-05-05,78.5882,60581.9309,4876624.0
2015-05-06,79.3879,61004.0367,6801009.0
2015-05-07,77.5786,59613.7407,6703303.0
2015-05-08,77.8685,59836.4953,6213059.0
2015-05-11,76.649,58899.3897,4985753.0
2015-05-12,76.649,58899.3897,4101038.0
2015-05-13,76.1392,58507.6489,3524789.0
2015-05-14,76.2592,58599.8232,2457982.0
2015-05-15,76.809,59022.2888,2724745.0
2015-05-18,77.2088,59329.5366,3209162.0
2015-05-19,75.8094,58254.1695,5170806.0
2015-05-20,76.589,58853.3026,3627559.0
2015-05-21,76.9189,59106.782,3460102.0
2015-05-22,76.9789,59152.8691,3740877.0
2015-05-26,76.689,58930.1145,5200648.0
2015-05-27,76.789,59006.9264,4090261.0
2015-05-28,77.6986,59705.915,4787805.0
2015-05-29,78.1584,60059.2499,6049098.0
2015-06-01,78.8581,60596.9334,5066495.0
2015-06-02,79.4079,61019.3991,5438433.0
2015-06-03,78.3383,60197.5114,4171026.0
2015-06-04,77.2688,59375.6237,4749181.0
2015-06-05,79.058,60750.5573,5369633.0
2015-06-08,77.1988,59321.8554,4815541.0
2015-06-09,77.4487,59513.8852,4066939.0
2015-06-10,78.7982,60550.8463,4643648.0
2015-06-11,78.8581,60596.9334,3355602.0
2015-06-12,77.7486,59744.321,3671322.0
2015-06-15,77.4187,59490.8416,3037094.0
2015-06-16,78.4783,60305.0481,3747297.0
2015-06-17,78.7682,60527.8027,4163755.0
2015-06-18,79.068,60758.2385,4335143.0
2015-06-19,77.9385,59890.2637,5622169.0
2015-06-22,78.7582,60520.1215,3588745.0
2015-06-23,79.3679,60988.6743,4640647.0
2015-06-24,79.288,60927.2248,3859749.0
2015-06-25,78.4983,60320.4105,4245391.0
2015-06-26,79.178,60842.7316,5961558.0
2015-06-29,77.3387,59429.3921,4893559.0
2015-06-30,77.7386,59736.6398,4075201.0
2015-07-01,75.9193,58338.6626,4242691.0
2015-07-02,75.6994,58169.6764,3007405.0
2015-07-06,73.8701,56764.018,4217406.0
2015-07-07,74.17,56994.4538,4818491.0
2015-07-08,72.5107,55719.3757,3446601.0
2015-07-09,73.0905,56164.885,3554510.0
2015-07-10,73.2804,56310.8276,3371934.0
2015-07-13,73.4203,56418.3643,3107747.0
2015-07-14,74.25,57055.9034,3365223.0
2015-07-15,73.0605,56141.8414,4156152.0
2015-07-16,72.4707,55688.651,4419937.0
2015-07-17,71.8909,55243.1418,4105193.0
2015-07-20,70.2316,53968.0637,5402149.0
2015-07-21,70.1916,53937.3389,4008964.0
2015-07-22,69.4419,53361.2494,4960359.0
2015-07-23,69.6618,53530.2357,3708043.0
2015-07-24,68.3924,52554.7241,4836538.0
2015-07-27,67.7326,52047.7654,6065562.0
2015-07-28,69.5919,53476.4673,5107938.0
2015-07-29,70.8314,54428.9353,5591665.0
2015-07-30,71.3712,54843.7197,4943627.0
2015-07-31,70.1716,53921.9765,4917084.0
2015-08-03,69.372,53307.4811,3998870.0
2015-08-04,69.0021,52735.5452,3649707.0
2015-08-05,68.6323,52452.8833,3938580.0
2015-08-06,69.392,53033.4861,5514077.0
2015-08-07,68.7522,52544.5574,3206723.0
2015-08-10,71.2512,54454.4352,4478096.0
2015-08-11,71.4511,54607.2254,5104438.0
2015-08-12,73.7002,56326.1154,8084126.0
2015-08-13,72.9005,55714.9545,7357650.0
2015-08-14,73.3703,56074.0115,3204728.0
2015-08-17,73.7102,56333.7549,4883817.0
2015-08-18,73.7602,56371.9525,3786019.0
2015-08-19,72.1308,55126.7122,5700831.0
2015-08-20,70.4415,53835.6348,4265601.0
2015-08-21,69.232,52911.2539,6091476.0
2015-08-24,65.7034,50214.5065,10491124.0
2015-08-25,65.7234,50229.7855,8425477.0
2015-08-26,67.1229,51299.3171,7990193.0
2015-08-27,70.5315,53904.3904,8175571.0
2015-08-28,71.811,54882.2478,6653703.0
2015-08-31,72.9805,55776.0706,7338513.0
2015-09-01,69.9817,53484.2173,7094487.0
2015-09-02,71.0513,54301.645,5666250.0
2015-09-03,70.8314,54133.5757,4740538.0
2015-09-04,69.6219,53209.1949,4580035.0
2015-09-08,69.4719,53094.6022,5321760.0
2015-09-09,67.6127,51673.6531,4225807.0
2015-09-10,67.7126,51750.0482,4474067.0
2015-09-11,66.873,51108.3293,5637426.0
2015-09-14,66.1633,50565.924,3878540.0
2015-09-15,66.723,50993.7366,4761080.0
2015-09-16,68.3624,52246.6165,5134914.0
2015-09-17,68.3124,52208.4189,5801751.0
2015-09-18,66.813,51062.4922,6138511.0
2015-09-21,66.773,51031.9342,3424926.0
2015-09-22,65.7334,50237.425,6193955.0
2015-09-23,64.7938,49519.311,3909010.0
2015-09-24,65.0537,49717.9383,4369334.0
2015-09-25,66.0933,50512.4474,5653486.0
2015-09-28,63.6143,48617.8487,4811202.0
2015-09-29,64.444,49251.9281,4058534.0
2015-09-30,66.1233,50535.366,5168550.0
2015-10-01,65.9433,50397.8548,5161529.0
2015-10-02,68.7622,52552.1969,4839832.0
2015-10-05,70.6215,53973.146,4629036.0
2015-10-06,71.5611,54691.26,6591650.0
2015-10-07,71.861,54920.4454,7653000.0
2015-10-08,74.0401,56585.8588,6135423.0
2015-10-09,73.5703,56226.8018,5815557.0
2015-10-12,73.0105,55798.9891,3293320.0
2015-10-13,72.6806,55546.8853,3054765.0
2015-10-14,73.8701,56455.9871,4263853.0
2015-10-15,74.6898,57082.427,5442610.0
2015-10-16,74.2,56708.091,5191599.0
2015-10-19,72.6806,55546.8853,4920879.0
2015-10-20,72.5507,55447.5716,4464717.0
2015-10-21,71.9809,55012.1195,3651576.0
2015-10-22,74.31,56792.1256,4261661.0
2015-10-23,73.6802,56310.8364,4026512.0
2015-10-26,71.631,54744.7366,3858126.0
2015-10-27,70.1716,53629.368,4484862.0
2015-10-28,73.7802,56387.2315,7533311.0
2015-10-29,74.1001,56631.6958,4827064.0
2015-10-30,74.5099,56928.8741,4684083.0
2015-11-02,75.5495,57723.1594,4634650.0
2015-11-03,76.5691,58502.17,5243151.0
2015-11-04,75.7294,57860.6319,4415161.0
2015-11-05,75.6794,57822.4451,3953316.0
2015-11-06,75.0697,57356.5662,3652464.0
2015-11-09,75.1796,57440.5771,4096303.0
2015-11-10,76.2292,58242.4998,4063886.0
2015-11-11,75.5894,57753.7088,5102099.0
2015-11-12,73.1105,55859.6438,3867145.0
2015-11-13,73.4803,56142.2261,3690909.0
2015-11-16,74.9397,57257.2805,4423031.0
2015-11-17,74.22,56707.3906,3348896.0
2015-11-18,75.7394,57868.2692,3602303.0
2015-11-19,75.2696,57509.3133,3755384.0
2015-11-20,74.0601,56585.1929,3240858.0
2015-11-23,74.0701,56592.8303,2492105.0
2015-11-24,75.8693,57967.5549,4274639.0
2015-11-25,75.3495,57570.4122,2949354.0
2015-11-27,75.1596,57425.3024,1415320.0
2015-11-30,75.5595,57730.7967,5466227.0
2015-12-01,76.659,58570.9062,4660658.0
2015-12-02,75.2796,57516.9507,6622359.0
2015-12-03,72.4007,55317.3913,6962144.0
2015-12-04,71.691,54775.1388,8909597.0
2015-12-07,69.292,52942.1726,7639497.0
2015-12-08,67.2728,51399.4261,7669139.0
2015-12-09,67.9225,51895.8545,4973351.0
2015-12-10,68.3924,52254.8103,5003785.0
2015-12-11,66.0033,50429.4815,6358261.0
2015-12-14,66.6231,50902.9978,6615373.0
2015-12-15,68.4124,52270.0851,5330582.0
2015-12-16,68.8422,52598.4915,5563722.0
2015-12-17,66.3932,50727.3385,5748233.0
2015-12-18,65.9334,50376.02,7027355.0
2015-12-21,66.1133,50513.4925,4534425.0
2015-12-22,66.9529,51155.0306,5755295.0
2015-12-23,69.182,52858.1617,5647940.0
2015-12-24,69.172,52850.5243,2206369.0
2015-12-28,67.9625,51926.4039,3520340.0
2015-12-29,68.1625,52079.1511,3503381.0
2015-12-30,66.9929,51185.5801,3137124.0
2015-12-31,67.5827,51636.1843,4618026.0
2016-01-04,67.3828,51483.4371,4777618.0
2016-01-05,68.5023,52338.8213,4467973.0
2016-01-06,65.4136,49978.8774,6740484.0
2016-01-07,64.234,49077.669,6562615.0
2016-01-08,63.1445,48245.1969,6203032.0
2016-01-11,61.1953,46755.9119,9126177.0
2016-01-12,60.9454,46564.9779,7996876.0
2016-01-13,60.3756,46129.6484,7836353.0
2016-01-14,63.9741,48879.0977,9582273.0
2016-01-15,62.7646,47954.9772,7414443.0
2016-01-19,61.4352,46939.2085,7852015.0
2016-01-20,59.5959,45533.9344,9785212.0
2016-01-21,60.8254,46473.3296,7201507.0
2016-01-22,63.7742,48726.3505,7590085.0
2016-01-25,61.765,47191.2413,5622683.0
2016-01-26,63.2045,48291.021,5580941.0
2016-01-27,64.1341,49001.2954,6212392.0
2016-01-28,65.8434,50307.2838,7598531.0
2016-01-29,68.8022,52567.9421,10015306.0
2016-02-01,66.5331,50834.2616,6053990.0
2016-02-02,65.4535,50009.4268,5763104.0
2016-02-03,68.1025,52033.3269,6419586.0
2016-02-04,66.9529,51155.0306,9267260.0
2016-02-05,65.4436,50001.7894,6392817.0
2016-02-08,66.1633,50551.6793,6595953.0
2016-02-09,65.1937,49810.8555,4970495.0
2016-02-10,65.6335,50146.8993,7296964.0
2016-02-11,66.1733,50559.3166,6039267.0
2016-02-12,67.0329,51216.1295,5024932.0
2016-02-16,67.9825,51941.6786,6296607.0
2016-02-17,70.6015,53942.6667,6539832.0
2016-02-18,70.2616,53682.9965,4878554.0
2016-02-19,70.2316,53660.0844,5546984.0
2016-02-22,71.651,54744.5894,4665069.0
2016-02-23,68.9721,52697.7772,4214663.0
2016-02-24,69.4419,53056.733,3447371.0
2016-02-25,69.65,53194.2055,2522903.0
2016-02-26,69.8,53316.4045,3347839.0
2016-02-29,68.82,52567.8361,4650975.0
2016-03-01,70.45,53812.904,4472145.0
2016-03-02,71.61,54698.9646,4522414.0
2016-03-03,70.49,53843.4578,6663151.0
2016-03-04,69.72,53255.2969,5744777.0
2016-03-07,70.35,53736.5195,6939634.0
2016-03-08,66.4,50719.3304,7144897.0
2016-03-09,68.43,52269.9364,5721562.0
2016-03-10,68.44,52277.5749,4637739.0
2016-03-11,69.95,53430.9813,3925331.0
2016-03-14,69.05,52743.5205,2938192.0
2016-03-15,68.33,52193.5519,4179976.0
2016-03-16,69.42,53026.1433,3601495.0
2016-03-17,70.66,53965.9108,4337138.0
2016-03-18,71.3,54454.7048,5978247.0
2016-03-21,70.67,53973.5482,2326964.0
2016-03-22,69.61,53163.9832,3321014.0
2016-03-23,68.29,52155.8456,4478906.0
2016-03-24,68.51,52323.8685,5142178.0
2016-03-28,68.03,51957.2731,2499595.0
2016-03-29,67.93,51880.899,3324714.0
2016-03-30,68.6,52392.6052,3037557.0
2016-03-31,68.43,52262.7693,3304675.0
2016-04-01,68.2,52087.109,2629544.0
2016-04-04,68.19,52079.4716,3233764.0
2016-04-05,67.42,51491.3913,4191365.0
2016-04-06,70.12,53553.4909,4120751.0
2016-04-07,69.38,52988.3229,2558835.0
2016-04-08,70.6,53920.0864,3212668.0
2016-04-11,70.79,54065.1971,3170905.0
2016-04-12,72.45,55333.0065,4211047.0
2016-04-13,72.24,55172.621,3753218.0
2016-04-14,74.32,56761.2014,6062730.0
2016-04-15,72.15,55103.8843,4782314.0
2016-04-18,73.3,55982.186,3763102.0
2016-04-19,74.86,57173.6214,4027198.0
2016-04-20,75.07,57334.0069,4187240.0
2016-04-21,74.62,56990.3236,3228825.0
2016-04-22,75.85,57929.7246,2851904.0
2016-04-25,75.1,57356.9191,3065239.0
2016-04-26,76.48,58410.8811,3224332.0
2016-04-27,77.52,59205.1714,3678644.0
2016-04-28,76.23,58219.946,3683334.0
2016-04-29,76.65,58540.717,4495288.0
2016-05-02,76.33,58296.32,3354917.0
2016-05-03,75.57,57715.8772,4191874.0
2016-05-04,73.96,56486.2548,6165413.0
2016-05-05,76.14,58151.279,6338818.0
2016-05-06,76.06,58090.1797,5258006.0
2016-05-09,75.54,57693.0341,3936380.0
2016-05-10,76.41,58357.4892,4696343.0
2016-05-11,76.31,58281.1151,4523357.0
2016-05-12,76.48,58410.9512,3639480.0
2016-05-13,75.34,57540.2858,3689927.0
2016-05-16,76.53,58449.1382,4468427.0
2016-05-17,76.34,58304.0273,5319278.0
2016-05-18,74.81,57135.5028,6095521.0
2016-05-19,74.84,57158.4151,3963816.0
2016-05-20,74.96,57250.064,3411321.0
2016-05-23,74.87,57181.3273,3334451.0
2016-05-24,76.12,58136.0042,3620728.0
2016-05-25,76.17,58174.1913,3399508.0
2016-05-26,76.11,58128.3668,2286839.0
2016-05-27,76.15,58158.9165,2203127.0
2016-05-31,75.44,57616.66,4584756.0
2016-06-01,75.44,57616.66,3041913.0
2016-06-02,75.21,57440.9994,2244645.0
2016-06-03,74.83,57150.7777,2562046.0
2016-06-06,75.41,57593.7477,3296114.0
2016-06-07,76.87,58708.8103,4531794.0
2016-06-08,75.44,57616.66,4143364.0
2016-06-09,75.6,57738.8586,3846622.0
2016-06-10,75.45,57624.2974,4066277.0
2016-06-13,75.25,57471.5491,5074646.0
2016-06-14,75.12,57372.2627,3880269.0
2016-06-15,74.85,57166.0525,3104672.0
2016-06-16,74.45,56860.5559,3378008.0
2016-06-17,74.95,57242.4266,4062595.0
2016-06-20,76.1,58120.7294,3698005.0
2016-06-21,77.16,58930.2954,3164048.0
2016-06-22,77.1,58884.4709,3564586.0
2016-06-23,78.31,59808.5981,4104008.0
2016-06-24,75.27,57486.8239,5601379.0
2016-06-27,73.12,55844.7797,5255973.0
2016-06-28,73.97,56493.9599,4449131.0
2016-06-29,75.09,57349.3504,4330778.0
2016-06-30,75.56,57708.309,3779265.0
2016-07-01,75.67,57792.3205,3944560.0
2016-07-05,75.22,57448.6368,3599028.0
2016-07-06,75.45,57624.2974,3358286.0
2016-07-07,75.45,57624.2974,4563818.0
2016-07-08,76.13,58143.6416,3804218.0
2016-07-11,76.2,58197.1035,3204234.0
2016-07-12,77.37,59090.6811,4347538.0
2016-07-13,76.83,58678.2607,3659384.0
2016-07-14,77.21,58968.4825,4158220.0
2016-07-15,77.32,59052.494,3886370.0
2016-07-18,76.77,58632.4362,2779439.0
2016-07-19,76.37,58326.9396,2262526.0
2016-07-20,76.35,58311.6648,1825822.0
2016-07-21,75.73,57838.145,2027089.0
2016-07-22,75.38,57570.8355,2411371.0
2016-07-25,74.51,56906.3804,4181792.0
2016-07-26,74.69,57043.8538,2734409.0
2016-07-27,74.16,56639.0708,2975127.0
2016-07-28,73.91,56448.1355,3569989.0
2016-07-29,74.73,57074.4035,3210725.0
2016-08-01,73.59,56203.7382,4132415.0
2016-08-02,73.12,55844.7797,5563872.0
2016-08-03,74.38,56820.8359,4697109.0
2016-08-04,74.25,56721.5255,3745642.0
2016-08-05,73.68,56286.0875,3842620.0
2016-08-08,74.36,56805.5574,3377951.0
2016-08-09,73.68,56286.0875,3353236.0
2016-08-10,73.27,55972.8778,2659778.0
2016-08-11,74.25,56721.5255,2729414.0
2016-08-12,74.46,56881.95,2151381.0
2016-08-15,75.05,57332.6665,4851615.0
2016-08-16,76.01,58066.0357,4289414.0
2016-08-17,76.61,58524.3915,3982972.0
2016-08-18,77.48,59189.0074,4390508.0
2016-08-19,76.54,58470.9167,2992238.0
2016-08-22,76.36,58333.4099,2521875.0
2016-08-23,76.89,58738.2909,2432918.0
2016-08-24,77.72,59372.3497,5357957.0
2016-08-25,77.36,59097.3362,3228074.0
2016-08-26,77.17,58952.1902,3517376.0
2016-08-29,77.95,59548.0527,3335262.0
2016-08-30,77.84,59464.0208,2309598.0
2016-08-31,76.85,58707.7338,3376581.0
2016-09-01,76.84,58700.0946,3261008.0
2016-09-02,77.51,59211.9252,3458329.0
2016-09-06,78.0,59586.249,3978784.0
2016-09-07,77.13,58921.6332,3881746.0
2016-09-08,77.75,59395.2675,5019188.0
2016-09-09,76.11,58142.4284,4496719.0
2016-09-12,75.85,57943.8075,4638156.0
2016-09-13,73.51,56156.2201,5846527.0
2016-09-14,71.8,54849.9062,5624230.0
2016-09-15,72.27,55208.9515,5345299.0
2016-09-16,71.03,54261.6829,5411328.0
2016-09-19,70.82,54101.2584,4220492.0
2016-09-20,70.5,53856.802,4338276.0
2016-09-21,71.8,54849.9062,4294496.0
2016-09-22,71.41,54551.9749,5204033.0
2016-09-23,69.6,53169.2684,5802054.0
2016-09-26,69.32,52955.369,4688338.0
2016-09-27,68.65,52443.5384,4862235.0
2016-09-28,71.9,54926.2988,8044779.0
2016-09-29,72.14,55109.6411,6467699.0
2016-09-30,72.92,55705.5036,5110508.0
2016-10-03,72.82,55629.1109,3002177.0
2016-10-04,72.65,55499.2435,4532664.0
2016-10-05,72.54,55415.2116,4196919.0
2016-10-06,73.54,56179.1379,5269391.0
2016-10-07,73.54,56179.1379,3117585.0
2016-10-10,74.77,57118.7672,3766355.0
2016-10-11,73.69,56293.7268,3694799.0
2016-10-12,74.0,56530.5439,4128936.0
2016-10-13,73.9,56454.1513,4573963.0
2016-10-14,73.22,55934.6815,4494213.0
2016-10-17,72.47,55361.7368,5608542.0
2016-10-18,72.57,55438.1294,3814006.0
2016-10-19,74.51,56920.1463,5840676.0
2016-10-20,74.1,56606.9366,4088581.0
2016-10-21,74.61,56996.539,4983840.0
2016-10-24,75.03,57317.388,6117164.0
2016-10-25,74.43,56859.0322,4943788.0
2016-10-26,74.39,56828.4752,3678010.0
2016-10-27,73.79,56370.1194,4124652.0
2016-10-28,73.63,56247.8912,5822963.0
2016-10-31,72.91,55697.8643,4722121.0
2016-11-01,69.0,52729.0049,13046981.0
2016-11-02,67.79,51804.3368,5810259.0
2016-11-03,67.45,51544.5127,7863005.0
2016-11-04,66.59,50887.3107,7713947.0
2016-11-07,67.25,51391.675,5855527.0
2016-11-08,66.89,51116.5672,4283334.0
2016-11-09,66.9,51124.2091,8582876.0
2016-11-10,65.72,50222.4667,9215391.0
2016-11-11,64.95,49634.0416,7290243.0
2016-11-14,65.77,50260.6761,8700334.0
2016-11-15,68.49,52339.2688,7443275.0
2016-11-16,68.93,52675.5117,7106373.0
2016-11-17,67.81,51819.6206,6668040.0
2016-11-18,68.22,52132.9379,5490189.0
2016-11-21,69.23,52904.7682,4330943.0
2016-11-22,69.29,52950.6195,5663108.0
2016-11-23,69.85,53378.5651,3958455.0
2016-11-25,69.75,53302.1462,1319206.0
2016-11-28,68.39,52262.8499,3836731.0
2016-11-29,67.57,51636.2154,3976060.0
2016-11-30,71.36,54532.4897,9434899.0
2016-12-01,71.27,54463.7127,5690820.0
2016-12-02,70.85,54142.7536,4153338.0
2016-12-05,70.98,54242.0981,4933441.0
2016-12-06,70.41,53806.5106,4643750.0
2016-12-07,68.64,52453.897,8381761.0
2016-12-08,69.32,52973.5452,6258052.0
2016-12-09,70.58,53936.4227,4563450.0
2016-12-12,71.39,54555.4153,5439494.0
2016-12-13,72.35,55289.0363,4355549.0
2016-12-14,70.96,54226.8143,3741185.0
2016-12-15,71.3,54486.6384,4855325.0
2016-12-16,73.44,56122.0017,9264720.0
2016-12-19,72.47,55380.7389,3490879.0
2016-12-20,72.38,55311.9619,2953084.0
2016-12-21,72.16,55143.8405,2450882.0
2016-12-22,72.36,55296.6782,3700583.0
2016-12-23,72.11,55105.631,2344256.0
2016-12-27,72.35,55289.0363,2200529.0
2016-12-28,71.87,54922.2258,2373358.0
2016-12-29,71.6,54715.8949,1939727.0
2016-12-30,71.23,54433.1452,2641605.0
2017-01-03,72.27,55227.9012,4393600.0
2017-01-04,71.48,54624.1923,4151373.0
2017-01-05,70.62,53966.9902,4769923.0
2017-01-06,71.08,54318.5169,3935597.0
2017-01-09,70.48,53860.0038,5543707.0
2017-01-10,69.35,52996.4708,3993244.0
2017-01-11,69.35,52996.4708,6423151.0
2017-01-12,69.03,52751.9305,5343581.0
2017-01-13,69.08,52790.14,3739757.0
2017-01-17,69.73,53286.8625,3776391.0
2017-01-18,69.32,52973.5452,3659302.0
2017-01-19,68.73,52522.674,3901113.0
2017-01-20,68.59,52415.6876,4239082.0
2017-01-23,67.99,51957.1745,3129426.0
2017-01-24,67.87,51865.4719,4946787.0
2017-01-25,68.13,52064.1609,6147386.0
2017-01-26,68.55,52385.1201,3698706.0
2017-01-27,68.95,52690.7955,3836483.0
2017-01-30,67.88,51873.1138,4550978.0
2017-01-31,67.77,51789.0531,5538449.0
2017-02-01,67.61,51666.7829,3975702.0
2017-02-02,68.5,52346.9106,4889780.0
2017-02-03,69.18,52866.5588,4069430.0
2017-02-06,68.19,52110.0122,3799313.0
2017-02-07,66.82,51063.074,4857230.0
2017-02-08,66.77,51024.8646,5676701.0
2017-02-09,68.19,52110.0122,6778515.0
2017-02-10,68.47,52323.985,7394535.0
2017-02-13,67.39,51498.6614,6123996.0
2017-02-14,67.16,51322.8981,8696997.0
2017-02-15,67.21,51361.1075,4673912.0
2017-02-16,66.44,50772.6824,4905177.0
2017-02-17,66.27,50642.7703,5259157.0
2017-02-21,66.98,51185.3442,4796142.0
2017-02-22,65.91,50367.6625,5177711.0
2017-02-23,65.25,49870.0087,6441463.0
2017-02-24,64.89,49594.8638,5286608.0
2017-02-27,65.47,50038.1528,5015678.0
2017-02-28,65.55,50099.2961,5309417.0
2017-03-01,66.24,50626.6571,5277025.0
2017-03-02,65.5,50061.0815,5647005.0
2017-03-03,64.86,49571.9351,5089671.0
2017-03-06,64.73,49472.5772,5100805.0
2017-03-07,64.7,49449.6485,5391588.0
2017-03-08,62.06,47431.9194,7225961.0
2017-03-09,62.5,47768.2076,8182533.0
2017-03-10,62.6,47844.6367,6070041.0
2017-03-13,62.88,48058.6383,6118100.0
2017-03-14,63.04,48180.9249,5747013.0
2017-03-15,65.06,49724.7933,7500332.0
2017-03-16,63.82,48777.0721,5789495.0
2017-03-17,64.09,48983.4308,7553837.0
2017-03-20,63.66,48654.7855,4655581.0
2017-03-21,63.36,48425.4981,6446632.0
2017-03-22,63.51,48540.1418,4984519.0
2017-03-23,63.04,48180.9249,3975466.0
2017-03-24,62.83,48038.528,4228916.0
2017-03-27,62.87,48069.1111,3350289.0
2017-03-28,63.4,48474.3383,4961358.0
2017-03-29,63.78,48764.8785,4351410.0
2017-03-30,64.27,49139.5224,8501408.0
2017-03-31,63.36,48443.7551,6520820.0
2017-04-03,63.74,48734.2953,4324440.0
2017-04-04,64.01,48940.7317,3051136.0
2017-04-05,63.43,48497.2756,4740765.0
2017-04-06,63.28,48382.5887,4285656.0
2017-04-07,62.99,48160.8607,3871733.0
2017-04-10,64.14,49040.1271,4063136.0
2017-04-11,64.98,49682.3738,4828751.0
2017-04-12,65.06,49743.5402,6533850.0
2017-04-13,64.09,49001.8981,4693006.0
2017-04-17,64.03,48956.0233,4065041.0
2017-04-18,62.7,47939.1326,4404077.0
2017-04-19,61.96,47373.3438,5447455.0
2017-04-20,61.93,47350.4064,4094049.0
2017-04-21,61.86,47296.8859,4400227.0
2017-04-24,62.07,47457.4476,2945205.0
2017-04-25,62.5,47786.2167,3384563.0
2017-04-26,62.43,47732.6962,3559019.0
2017-04-27,61.52,47036.9289,6506485.0
2017-04-28,61.54,47052.2204,3724077.0
2017-05-01,60.82,46501.7232,4615127.0
2017-05-02,60.04,45905.3512,5447723.0
2017-05-03,60.17,46004.7466,6641184.0
2017-05-04,58.02,44361.0317,11589299.0
2017-05-05,60.4,46180.7363,7710430.0
2017-05-08,60.6,46333.6526,5637121.0
2017-05-09,59.88,45783.1538,4491295.0
2017-05-10,61.33,46891.7973,5881363.0
2017-05-11,61.07,46693.006,3924825.0
2017-05-12,60.87,46540.0897,3675942.0
2017-05-15,61.31,46876.5056,5426751.0
2017-05-16,60.53,46280.1319,3524351.0
2017-05-17,60.27,46081.3406,4053482.0
2017-05-18,60.29,46096.6323,3506394.0
2017-05-19,60.64,46364.2359,4442805.0
2017-05-22,60.59,46326.0068,3008876.0
2017-05-23,61.56,47067.6511,3826682.0
2017-05-24,61.16,46761.8184,4697166.0
2017-05-25,60.71,46417.7566,4688286.0
2017-05-26,61.0,46639.4853,4675380.0
2017-05-30,60.12,45966.6534,3381474.0
2017-05-31,58.93,45056.8011,7475466.0
2017-06-01,60.51,46264.8402,7530877.0
2017-06-02,60.7,46410.1108,6778398.0
2017-06-05,60.06,45920.7785,5403983.0
2017-06-06,61.65,47136.4634,7535630.0
2017-06-07,60.13,45974.2992,9861656.0
2017-06-08,58.61,44812.135,10782760.0
2017-06-09,61.01,46647.1311,6236989.0
2017-06-12,60.85,46524.798,5823394.0
2017-06-13,61.0,46639.4853,4041097.0
2017-06-14,60.12,45966.653,4894201.0
2017-06-15,59.4,45416.1542,3982832.0
2017-06-16,61.83,47274.0877,6438519.0
2017-06-19,62.03,47427.0041,6818296.0
2017-06-20,60.77,46463.6311,4150077.0
2017-06-21,59.88,45783.1534,4976093.0
2017-06-22,60.21,46035.4654,3700511.0
2017-06-23,60.12,45966.653,4844028.0
2017-06-26,60.01,45882.549,3687612.0
2017-06-27,59.63,45592.008,2976107.0
2017-06-28,59.57,45546.1331,4533379.0
2017-06-29,59.8,45721.9869,3959749.0
2017-06-30,59.87,45775.5076,4707823.0
2017-07-03,61.26,46838.2762,2806548.0
2017-07-05,59.75,45683.7578,4070463.0
2017-07-06,58.87,45010.9259,4341003.0
2017-07-07,58.68,44865.6553,3257119.0
2017-07-10,58.77,44934.4677,2778252.0
2017-07-11,58.94,45064.4466,2757330.0
2017-07-12,59.16,45232.6546,3355836.0
2017-07-13,59.5,45492.6123,3053760.0
2017-07-14,59.82,45737.2785,2575077.0
2017-07-17,60.04,45905.4865,3966824.0
2017-07-18,60.24,46058.4028,3613717.0
2017-07-19,60.89,46555.3809,4062599.0
2017-07-20,60.52,46272.4857,3082246.0
2017-07-21,60.03,45897.8407,3418942.0
2017-07-24,59.41,45423.8,2750554.0
2017-07-25,61.01,46647.1307,3941343.0
2017-07-26,61.59,47090.5881,3537841.0
2017-07-27,62.14,47511.1081,4622516.0
2017-07-28,62.73,47962.2113,3984814.0
2017-07-31,61.93,47350.5459,4102133.0
2017-08-01,61.53,47044.7132,2918207.0
2017-08-02,61.37,46921.8501,5934599.0
2017-08-03,61.55,47059.4733,5768938.0
2017-08-04,62.09,47472.3427,3313589.0
2017-08-07,61.83,47273.5537,3204400.0
2017-08-08,61.35,46906.5586,3231082.0
2017-08-09,61.66,47143.5763,2483393.0
2017-08-10,61.34,46898.9129,2991021.0
2017-08-11,61.13,46738.3526,2475317.0
2017-08-14,61.24,46822.4556,2464144.0
2017-08-15,60.62,46348.4203,3133324.0
2017-08-16,59.7,45645.0131,3687480.0
2017-08-17,58.92,45048.6461,4145853.0
2017-08-18,59.15,45224.4979,4042915.0
2017-08-21,58.84,44987.4802,2788993.0
2017-08-22,59.16,45232.1436,2563783.0
2017-08-23,59.6,45568.5557,2759772.0
2017-08-24,59.13,45209.2064,2387837.0
2017-08-25,59.22,45278.018,1925903.0
2017-08-28,59.13,45209.2064,2381073.0
2017-08-29,59.08,45170.9777,2825465.0
2017-08-30,59.17,45239.7893,2855922.0
2017-08-31,59.7,45645.0131,3729611.0
2017-09-01,59.75,45683.2417,2635770.0
2017-09-05,60.72,46424.8776,4619762.0
2017-09-06,61.62,47112.9934,4086281.0
2017-09-07,61.86,47296.4909,4037058.0
2017-09-08,60.24,46057.8825,3502021.0
2017-09-11,60.41,46187.8599,4402960.0
2017-09-12,60.78,46470.752,4436640.0
2017-09-13,61.55,47059.4733,4139200.0
2017-09-14,61.58,47082.4105,4765031.0
2017-09-15,61.35,46906.5586,5291423.0
2017-09-18,61.8,47250.6165,4192394.0
2017-09-19,61.86,47296.4909,3221259.0
2017-09-20,62.49,47778.172,3519805.0
2017-09-21,62.75,47976.961,2676782.0
2017-09-22,62.94,48122.2298,3412058.0
2017-09-25,64.58,49376.1297,5157853.0
2017-09-26,64.44,49269.0895,3425532.0
2017-09-27,65.19,49842.5193,3523410.0
2017-09-28,64.97,49674.3132,3388661.0
2017-09-29,64.21,49093.2377,3559687.0
2017-10-02,64.11,49016.7804,2775090.0
2017-10-03,63.98,48917.3859,1862017.0
2017-10-04,64.39,49230.8608,3355841.0
2017-10-05,64.35,49200.2779,3028636.0
2017-10-06,63.91,48863.8657,2303213.0
2017-10-09,64.0,48932.6773,3117632.0
2017-10-10,64.5,49314.9639,3435363.0
2017-10-11,64.39,49230.8608,2044645.0
2017-10-12,64.22,49100.8834,3100040.0
2017-10-13,64.73,49490.8157,3377630.0
2017-10-16,64.77,49521.3986,2668801.0
2017-10-17,64.64,49422.0041,3092590.0
2017-10-18,64.63,49414.3584,2895117.0
2017-10-19,64.84,49574.9187,3568070.0
2017-10-20,65.47,50056.5997,4522973.0
2017-10-23,65.05,49735.479,3410558.0
2017-10-24,65.82,50324.2003,6594212.0
2017-10-25,65.35,49964.851,6910348.0
2017-10-26,64.62,49406.7126,4454192.0
2017-10-27,65.05,49735.479,5064265.0
2017-10-30,64.96,49666.6675,4371611.0
2017-10-31,64.57,49368.484,5235118.0
2017-11-01,65.46,50092.9604,6184177.0
2017-11-02,67.9,51960.1591,7875764.0
2017-11-03,68.26,52235.6474,6370511.0
2017-11-06,68.82,52664.1848,3986193.0
2017-11-07,68.75,52610.6176,3306510.0
2017-11-08,68.17,52166.7753,4635571.0
2017-11-09,68.7,52572.3553,2973928.0
2017-11-10,68.17,52166.7753,3493991.0
2017-11-13,67.93,51983.1164,3682367.0
2017-11-14,67.32,51516.3168,4178263.0
2017-11-15,66.67,51018.9073,4881537.0
2017-11-16,67.17,51401.53,3595945.0
2017-11-17,68.4,52342.7817,5513692.0
2017-11-20,67.81,51891.287,4157569.0
2017-11-21,67.88,51944.8542,2972635.0
2017-11-22,68.23,52212.69,2696090.0
2017-11-24,68.42,52358.0866,1596187.0
2017-11-27,68.08,52097.9032,8203533.0
2017-11-28,68.96,52771.3191,4807513.0
2017-11-29,69.9,53490.6498,5105310.0
2017-11-30,70.5,53949.797,6525708.0
2017-12-01,70.24,53750.8332,4972592.0
2017-12-04,70.06,53613.089,3678196.0
2017-12-05,70.0,53567.1743,2723755.0
2017-12-06,69.27,53008.5452,3304856.0
2017-12-07,69.41,53115.6795,3813135.0
2017-12-08,68.87,52702.447,3063764.0
2017-12-11,69.5,53184.5516,2855752.0
2017-12-12,70.03,53590.1317,6178724.0
2017-12-13,69.97,53544.2169,3985824.0
2017-12-14,70.55,53988.0592,5522587.0
2017-12-15,70.62,54041.6264,7554041.0
2017-12-18,70.97,54309.4623,3092289.0
2017-12-19,70.9,54255.8951,4198199.0
2017-12-20,71.88,55005.8355,2844156.0
2017-12-21,72.58,55541.5073,2902364.0
2017-12-22,72.99,55855.2579,5465751.0
2017-12-26,73.54,56276.1428,2214391.0
2017-12-27,73.32,56107.7888,2237532.0
2017-12-28,73.7,56398.5821,1682774.0
2017-12-29,73.66,56367.9723,3181641.0
2018-01-02,73.98,56612.8508,2829956.0
2018-01-03,75.0,57393.401,3463407.0
2018-01-04,74.96,57362.7912,2706051.0
2018-01-05,74.55,57049.0406,3240275.0
2018-01-08,75.19,57538.7976,3174577.0
2018-01-09,74.89,57309.224,2985147.0
2018-01-10,74.25,56819.467,4094333.0
2018-01-11,75.82,58020.9022,5061075.0
2018-01-12,76.53,58564.2264,5781137.0
2018-01-16,75.27,57600.0173,4333089.0
2018-01-17,75.86,58051.512,3109926.0
2018-01-18,75.39,57691.8467,3012402.0
2018-01-19,75.55,57814.286,3224752.0
2018-01-22,77.63,59405.9963,4309443.0
2018-01-23,77.42,59245.2948,3313985.0
2018-01-24,77.56,59352.4291,3356098.0
2018-01-25,76.74,58724.9279,2468719.0
2018-01-26,77.18,59061.6359,2345884.0
2018-01-29,76.24,58342.3053,3014770.0
2018-01-30,74.76,57209.7421,4415223.0
2018-01-31,74.97,57370.4437,4626137.0
2018-02-01,76.1,58235.1709,3165336.0
2018-02-02,73.58,56306.7526,5505047.0
2018-02-05,70.91,54263.5476,5786781.0
2018-02-06,71.22,54500.7736,5616417.0
2018-02-07,69.87,53467.6924,5630286.0
2018-02-08,68.47,52396.3489,7126269.0
2018-02-09,68.18,52174.4278,5440264.0
2018-02-12,69.87,53467.6924,3951715.0
2018-02-13,69.72,53352.9056,4519843.0
2018-02-14,69.85,53452.3875,8007764.0
2018-02-15,69.43,53130.9844,5020812.0
2018-02-16,68.16,52159.1229,5793646.0
2018-02-20,67.99,52029.0311,5107948.0
2018-02-21,67.21,51432.1398,5113629.0
2018-02-22,67.92,51975.464,3785333.0
2018-02-23,68.32,52274.9588,3854662.0
2018-02-26,67.27,51471.5526,7385607.0
2018-02-27,66.75,51073.6753,6623649.0
2018-02-28,65.6,50193.7543,8149584.0
2018-03-01,65.63,50216.7088,5519323.0
2018-03-02,65.64,50224.3603,3752456.0
2018-03-05,65.92,50438.6019,4746913.0
2018-03-06,65.66,50239.6632,4435259.0
2018-03-07,65.19,49880.0434,4694166.0
2018-03-08,62.96,48173.7618,9402574.0
2018-03-09,63.67,48717.0173,12059707.0
2018-03-12,63.89,48885.3501,7821475.0
2018-03-13,64.2,49122.5462,4840251.0
2018-03-14,64.04,49000.1224,3466681.0
2018-03-15,63.91,48900.653,3226136.0
2018-03-16,64.45,49313.8333,6189285.0
2018-03-19,63.65,48701.7144,4686207.0
2018-03-20,63.91,48900.653,4877662.0
2018-03-21,66.04,50530.4198,4784762.0
2018-03-22,65.18,49906.2972,6320665.0
2018-03-23,65.49,50143.6546,6253712.0
2018-03-26,67.2,51452.9483,3938800.0
2018-03-27,65.82,50396.3253,5378631.0
2018-03-28,63.15,48351.9894,10391821.0
2018-03-29,64.96,49737.8501,7823482.0
2018-04-02,64.67,49515.8061,6816447.0
2018-04-03,66.63,51016.5171,7485955.0
2018-04-04,66.62,51008.8604,6631880.0
2018-04-05,67.77,51889.3796,7941162.0
2018-04-06,67.53,51705.6191,6898770.0
2018-04-09,68.93,52777.5555,7918717.0
2018-04-10,70.51,53987.3123,8005143.0
2018-04-11,71.68,54883.1449,4999431.0
2018-04-12,71.78,54959.7118,4736767.0
2018-04-13,73.63,56376.1992,6321755.0
2018-04-16,74.91,57356.2554,5205572.0
2018-04-17,75.22,57593.6127,4187694.0
2018-04-18,75.92,58129.5809,4276327.0
2018-04-19,75.99,58183.1777,5457559.0
2018-04-20,76.47,58550.6988,5027932.0
2018-04-23,77.24,59140.2638,3220763.0
2018-04-24,77.34,59216.8307,4876792.0
2018-04-25,77.36,59232.1441,5583100.0
2018-04-26,77.6,59415.9046,3672126.0
2018-04-27,77.04,58987.1301,2901688.0
2018-04-30,77.26,59155.5772,3742391.0
2018-05-01,76.58,58634.9224,3895045.0
2018-05-02,76.83,58826.3396,3978290.0
2018-05-03,77.29,59178.5473,4773167.0
2018-05-04,77.71,59500.1282,2975010.0
2018-05-07,77.28,59170.8906,5105419.0
2018-05-08,78.2,59883.2314,7159965.0
2018-05-09,82.4,63099.4664,11029957.0
2018-05-10,83.86,64217.4909,5741221.0
2018-05-11,84.97,65067.4958,6621328.0
2018-05-14,84.89,65006.2342,6459553.0
2018-05-15,84.27,64531.4567,4637342.0
2018-05-16,84.26,64523.799,5235656.0
2018-05-17,86.16,65978.7624,4935457.0
2018-05-18,85.42,65412.0924,3498594.0
2018-05-21,85.79,65695.4274,5806073.0
2018-05-22,84.95,65052.1804,3827440.0
2018-05-23,85.33,65343.1731,3507337.0
2018-05-24,83.86,64217.4909,3319344.0
2018-05-25,82.4,63099.4664,4152080.0
2018-05-29,81.83,62662.9773,4130632.0
2018-05-30,84.07,64378.3026,3781020.0
2018-05-31,84.2,64477.8528,4861137.0
2018-06-01,85.1,65167.046,4940156.0
2018-06-04,85.36,65366.1462,4312027.0
2018-06-05,85.51,65481.0118,6391030.0
2018-06-06,86.46,66208.4935,6534344.0
2018-06-07,86.48,66223.8089,7228953.0
2018-06-08,85.47,65450.381,5533220.0
2018-06-11,86.15,65971.1047,5813427.0
2018-06-12,84.93,65036.865,6053580.0
2018-06-13,84.33,64577.4029,4401642.0
2018-06-14,84.35,64592.7183,3675563.0
2018-06-15,83.33,63811.6327,7476915.0
2018-06-18,83.79,64163.887,5247191.0
2018-06-19,82.58,63237.305,5426962.0
2018-06-20,83.24,63742.7134,4452497.0
2018-06-21,82.09,62862.0776,4997353.0
2018-06-22,83.33,63811.6327,5699085.0
2018-06-25,81.35,62295.4076,3780329.0
2018-06-26,82.68,63313.882,3925592.0
2018-06-27,83.77,64148.5716,5131817.0
2018-06-28,83.4,63865.2366,3507099.0
2018-06-29,83.68,64079.6523,3849695.0
2018-07-02,82.52,63191.3588,3091306.0
2018-07-03,83.86,64217.4909,2978893.0
2018-07-05,84.19,64470.1951,3670183.0
2018-07-06,84.25,64516.1413,2801072.0
2018-07-09,85.25,65281.9115,3001602.0
2018-07-10,85.7,65626.5081,4601458.0
2018-07-11,83.93,64271.0948,5109416.0
2018-07-12,84.56,64753.5301,4694091.0
2018-07-13,83.64,64049.0215,4723923.0
2018-07-16,82.53,63199.0165,3661671.0
2018-07-17,82.69,63321.5397,3476131.0
2018-07-18,82.96,63528.2977,3827000.0
2018-07-19,82.98,63543.6131,3495475.0
2018-07-20,83.08,63620.1901,3147194.0
2018-07-23,82.45,63137.7549,3328216.0
2018-07-24,83.46,63911.1828,7053068.0
2018-07-25,84.33,64577.4029,4623224.0
2018-07-26,84.16,64447.222,4169160.0
2018-07-27,83.47,63918.8405,2787348.0
2018-07-30,83.31,63796.3173,3198908.0
2018-07-31,83.93,64271.0948,5069944.0
2018-08-01,82.64,63283.2512,3417586.0
2018-08-02,82.24,62976.9431,3355720.0
2018-08-03,82.29,63015.2317,3281573.0
2018-08-06,82.3,63022.8894,3224184.0
2018-08-07,81.94,62747.2121,3933400.0
2018-08-08,81.2,62095.382,4539360.0
2018-08-09,77.79,59487.6818,14625180.0
2018-08-10,78.78,60244.7561,8380585.0
2018-08-13,78.14,59755.3343,6056022.0
2018-08-14,79.66,60917.7109,5701555.0
2018-08-15,76.93,58830.0214,6489462.0
2018-08-16,78.02,59663.5678,5470610.0
2018-08-17,78.55,60068.8701,4795120.0
2018-08-20,79.01,60420.642,3119024.0
2018-08-21,78.89,60328.8754,3282375.0
2018-08-22,79.33,60665.3529,2948908.0
2018-08-23,78.98,60397.7004,2313636.0
2018-08-24,79.34,60673.0001,2580762.0
2018-08-27,80.21,61338.3077,2242062.0
2018-08-28,80.11,61261.8356,3173182.0
2018-08-29,80.23,61353.6022,3149751.0
2018-08-30,80.13,61277.13,3216602.0
2018-08-31,79.87,61078.3025,3227761.0
2018-09-04,79.27,60619.4696,5131583.0
2018-09-05,79.14,60520.0558,3851040.0
2018-09-06,77.57,59319.4431,4084214.0
2018-09-07,76.65,58615.8994,3317648.0
2018-09-10,76.88,58791.7853,2732136.0
2018-09-11,77.12,58975.3185,4164676.0
2018-09-12,75.74,57920.0029,5535723.0
2018-09-13,76.64,58608.2522,7684714.0
2018-09-14,77.58,59327.0903,4672685.0
2018-09-17,77.6,59342.3848,3000579.0
2018-09-18,78.88,60321.2282,3789670.0
2018-09-19,79.38,60703.5889,3785027.0
2018-09-20,79.23,60588.8807,3752941.0
2018-09-21,79.6,60871.8277,8386063.0
2018-09-24,80.75,61751.2573,4700621.0
2018-09-25,81.31,62179.5013,5316270.0
2018-09-26,81.01,61950.0849,4221418.0
2018-09-27,81.17,62072.4403,5241429.0
2018-09-28,82.17,62837.1618,6414567.0
2018-10-01,83.13,63571.2944,4169550.0
2018-10-02,82.87,63372.4668,3474172.0
2018-10-03,82.45,63051.2838,3871172.0
2018-10-04,82.18,62844.809,3960669.0
2018-10-05,81.4,62248.3263,3254515.0
2018-10-08,81.75,62515.9788,5287692.0
2018-10-09,82.23,62883.0451,3328606.0
2018-10-10,77.92,59587.0956,5059169.0
2018-10-11,76.53,58524.1328,5673770.0
2018-10-12,76.96,58852.963,4274524.0
2018-10-15,72.24,55243.4778,9755664.0
2018-10-16,73.12,55916.4326,7987456.0
2018-10-17,72.92,55763.4884,5399189.0
2018-10-18,71.9,54983.4725,5417243.0
2018-10-19,72.18,55197.5945,5693573.0
2018-10-22,72.29,55281.7138,4341273.0
2018-10-23,70.64,54019.9234,5664666.0
2018-10-24,68.23,52176.9447,7294193.0
2018-10-25,68.65,52498.1277,5413760.0
2018-10-26,67.91,51932.2339,6326689.0
2018-10-29,66.46,50823.3878,4507437.0
2018-10-30,67.55,51656.9342,4770725.0
2018-10-31,67.07,51289.8679,4994786.0
2018-11-01,68.35,52268.7113,6132732.0
2018-11-02,68.31,52238.1225,6663860.0
2018-11-05,69.95,52814.0644,7969792.0
2018-11-06,73.34,55373.6023,11077011.0
2018-11-07,73.72,55660.5121,5995343.0
2018-11-08,72.63,54837.5339,4441365.0
2018-11-09,73.55,55532.1577,6984136.0
2018-11-12,72.16,54482.6717,5204398.0
2018-11-13,70.78,53440.7359,5500406.0
2018-11-14,70.95,53569.0903,5873767.0
2018-11-15,72.59,54807.3328,4813067.0
2018-11-16,73.38,55403.8033,4761864.0
2018-11-19,73.36,55388.7028,5149566.0
2018-11-20,70.3,53078.3234,4476495.0
2018-11-21,72.08,54422.2696,4505480.0
2018-11-23,69.83,52723.4613,3248759.0
2018-11-26,70.64,53335.0323,4534279.0
2018-11-27,69.38,52383.6996,5545863.0
2018-11-28,70.71,53387.8841,4660068.0
2018-11-29,70.91,53538.8893,3615158.0
2018-11-30,70.27,53055.6727,5947821.0
2018-12-03,71.32,53848.4499,5019100.0
2018-12-04,69.67,52602.6571,4455925.0
2018-12-06,67.52,50979.3513,7532941.0
2018-12-07,66.54,50239.4259,5494595.0
2018-12-10,64.44,48653.8714,6135687.0
2018-12-11,64.7,48850.1782,6031165.0
2018-12-12,65.41,49386.2466,6621436.0
2018-12-13,66.68,50345.1295,6730366.0
2018-12-14,65.1,49152.1886,5090169.0
2018-12-17,64.11,48404.7129,5665565.0
2018-12-18,63.14,47672.3377,5804736.0
2018-12-19,62.24,46992.8144,6612059.0
2018-12-20,60.63,45777.2226,7295298.0
2018-12-21,59.98,45286.4558,12543038.0
2018-12-24,57.11,43119.5313,4131104.0
2018-12-26,60.6,45754.5718,7171570.0
2018-12-27,60.76,45875.376,6814700.0
2018-12-28,60.47,45656.4185,5029134.0
2018-12-31,61.38,46343.4921,5126217.0
2019-01-02,62.0,46811.6082,5355297.0
2019-01-03,61.24,46237.7884,5465488.0
2019-01-04,63.21,47725.1895,6367400.0
2019-01-07,64.48,48684.0725,5771649.0
2019-01-08,64.99,49069.1357,5420133.0
2019-01-09,65.78,49665.6062,4515860.0
2019-01-10,66.19,49975.1668,4983319.0
2019-01-11,66.22,49997.8176,3894592.0
2019-01-14,65.58,49514.601,6604004.0
2019-01-15,65.52,49469.2995,4499656.0
2019-01-16,65.14,49182.3896,4484523.0
2019-01-17,65.83,49703.3575,4767491.0
2019-01-18,67.03,50609.3886,4596497.0
2019-01-22,65.12,49167.2891,4140821.0
2019-01-23,64.57,48752.0248,3730558.0
2019-01-24,64.98,49061.5855,4035302.0
2019-01-25,66.53,50231.8757,3476276.0
2019-01-28,66.08,49892.114,3795305.0
2019-01-29,66.48,50194.1244,3887316.0
2019-01-30,66.97,50564.0871,3894155.0
2019-01-31,66.78,50420.6321,5914102.0
2019-02-01,68.04,51371.9648,5387236.0
2019-02-04,67.74,51145.457,3250936.0
2019-02-05,67.3,50813.2456,2916307.0
2019-02-06,66.63,50307.3782,3205705.0
2019-02-07,64.92,49016.2839,4421734.0
2019-02-08,64.96,49046.4849,4651636.0
2019-02-11,64.84,48955.8818,5489526.0
2019-02-12,65.75,49642.9554,3903135.0
2019-02-13,65.85,49718.458,7206240.0
2019-02-14,66.57,50262.0767,5701633.0
2019-02-15,67.19,50730.1928,6058118.0
2019-02-19,67.63,51062.4042,5082878.0
2019-02-20,68.25,51530.5203,4017599.0
2019-02-21,66.6,49919.7931,4122728.0
2019-02-22,65.93,49417.597,5035886.0
2019-02-25,66.23,49642.4609,3594632.0
2019-02-26,66.04,49500.0471,2764758.0
2019-02-27,66.65,49957.2704,2959262.0
2019-02-28,66.15,49582.4972,3856278.0
2019-03-01,67.55,50631.8622,3865999.0
2019-03-04,67.45,50556.9076,4198622.0
2019-03-05,67.53,50616.8713,3699215.0
2019-03-06,66.19,49612.4791,4453352.0
2019-03-07,65.74,49275.1832,3156911.0
2019-03-08,62.71,47004.0574,5581521.0
2019-03-11,63.88,47881.0268,3770211.0
2019-03-12,64.2,48120.8816,3195458.0
2019-03-13,65.06,48765.4916,2561593.0
2019-03-14,65.21,48877.9235,2446261.0
2019-03-15,65.47,49072.8056,5602916.0
2019-03-18,67.01,50227.1071,3256838.0
2019-03-19,66.17,49597.4881,3695462.0
2019-03-20,67.26,50414.4938,5112825.0
2019-03-21,67.24,50399.5028,5284635.0
2019-03-22,65.24,48900.4099,6138584.0
2019-03-25,65.13,48817.9598,6588636.0
2019-03-26,67.08,50279.5754,5885746.0
2019-03-27,66.35,49732.4065,3559787.0
2019-03-28,66.57,49786.21,2522483.0
2019-03-29,66.2,49509.4953,3190433.0
2019-04-01,67.18,50242.4153,2809924.0
2019-04-02,66.63,49831.0826,3312365.0
2019-04-03,66.06,49404.7924,3056832.0
2019-04-04,66.44,49688.9859,2855715.0
2019-04-05,68.04,50885.59,3808402.0
2019-04-08,68.37,51132.3896,2527661.0
2019-04-09,67.28,50317.203,3301441.0
2019-04-10,67.18,50242.4153,3645798.0
2019-04-11,67.18,50242.4153,2956440.0
2019-04-12,65.33,48858.8418,10070587.0
2019-04-15,63.36,47385.523,11793744.0
2019-04-16,63.67,47617.365,11094214.0
2019-04-17,62.65,46854.5299,6553953.0
2019-04-18,61.82,46233.7915,8481040.0
2019-04-22,63.05,47153.6809,5873957.0
2019-04-23,62.36,46637.6454,10307311.0
2019-04-24,62.0,46368.4095,28235244.0
2019-04-25,61.84,46248.7491,16502775.0
2019-04-26,61.31,45852.3739,10170806.0
2019-04-29,60.13,44969.8784,9112831.0
2019-04-30,58.88,44035.0314,24103883.0
2019-05-01,57.48,42988.0028,11084249.0
2019-05-02,57.35,42890.7788,18795097.0
2019-05-03,57.95,43339.5053,10790014.0
2019-05-06,58.77,43952.7818,25494837.0
2019-05-07,59.69,44649.3306,21567231.0
2019-05-08,60.21,45038.3012,17378525.0
2019-05-09,56.33,42135.9825,36678639.0
2019-05-10,54.97,41118.6749,17791442.0
2019-05-13,54.17,40520.2587,12890197.0
2019-05-14,54.55,40804.5064,7195467.0
2019-05-15,54.25,40580.1003,13684514.0
2019-05-16,53.75,40206.0902,10655209.0
2019-05-17,52.76,39465.5501,13991460.0
2019-05-20,53.46,39989.1643,9405527.0
2019-05-21,53.51,40026.5653,12046959.0
2019-05-22,52.78,39480.5105,13530510.0
2019-05-23,52.91,39577.7531,21382598.0
2019-05-24,53.47,39996.6445,14996818.0
2019-05-28,52.28,39106.5003,8680698.0
2019-05-29,52.0,38897.0547,9055441.0
2019-05-30,51.91,38829.7328,16919034.0
2019-05-31,49.77,37228.9694,11162268.0
2019-06-03,49.32,36892.3603,11148502.0
2019-06-04,49.69,37169.1278,8835749.0
2019-06-05,47.43,35478.602,18563843.0
2019-06-06,49.04,36682.9146,11660776.0
2019-06-07,47.84,35785.2903,11714296.0
2019-06-10,47.9,35830.1715,9861507.0
2019-06-11,49.05,36690.3948,12867823.0
2019-06-12,48.79,36495.9096,7644928.0
2019-06-13,49.73,37199.0486,8013702.0
2019-06-14,49.31,36884.8801,7779625.0
2019-06-17,49.81,37258.8902,7424563.0
2019-06-18,50.35,37662.8212,9473860.0
2019-06-19,50.3,37625.4202,8907745.0
2019-06-20,51.3,38373.4405,7389883.0
2019-06-21,50.61,37857.3065,10298485.0
2019-06-24,49.89,37318.7319,9648145.0
2019-06-25,49.38,36937.2415,4575055.0
2019-06-26,50.42,37715.1826,7025068.0
2019-06-27,49.75,37214.009,5387233.0
2019-06-28,50.28,37610.4598,6752247.0
2019-07-01,49.78,37236.4496,7258514.0
2019-07-02,48.78,36488.4294,10160982.0
2019-07-03,49.17,36780.1573,4435150.0
2019-07-05,49.28,36862.4395,5613218.0
2019-07-08,49.3,36877.3999,4740299.0
2019-07-09,49.61,37109.2862,7461201.0
2019-07-10,50.24,37580.539,7594659.0
2019-07-11,50.44,37730.143,6399567.0
2019-07-12,51.72,38702.4099,9102835.0
2019-07-15,51.63,38635.0623,10130607.0
2019-07-16,51.1,38238.4599,8790208.0
2019-07-17,51.18,38298.3244,7615260.0
2019-07-18,51.01,38173.2592,9689026.0
2019-07-19,52.33,39161.0793,7196257.0
2019-07-22,52.51,39295.782,5997828.0
2019-07-23,51.8,38764.4545,5822580.0
2019-07-24,52.05,38951.5417,6096196.0
2019-07-25,51.14,38270.5445,6627412.0
2019-07-26,51.59,38607.3013,5452204.0
2019-07-29,50.91,38098.4243,6412060.0
2019-07-30,52.47,39265.8481,7420307.0
2019-07-31,51.36,38435.1812,12342283.0
2019-08-01,53.17,39789.692,14069940.0
2019-08-02,51.18,38300.4784,12206940.0
2019-08-05,49.42,36983.385,9977723.0
2019-08-06,47.58,35606.4237,13008033.0
2019-08-07,46.0,34424.033,16686992.0
2019-08-08,47.13,35269.6668,23937095.0
2019-08-09,47.13,42156.8318,9879738.0
2019-08-12,44.99,40242.6451,13456351.0
2019-08-13,44.76,40036.9148,17643112.0
2019-08-14,43.7,39088.7662,16953357.0
2019-08-15,43.96,39321.331,9352906.0
2019-08-16,44.57,39866.9636,8513844.0
2019-08-19,45.58,40770.3882,9851079.0
2019-08-20,45.26,40484.1547,7379147.0
2019-08-21,45.06,40305.2587,8500288.0
2019-08-22,44.7,39983.246,5865883.0
2019-08-23,42.37,37899.1081,12546529.0
2019-08-26,42.13,37684.433,8304224.0
2019-08-27,42.35,37881.2185,7322254.0
2019-08-28,43.11,38561.0231,7084699.0
2019-08-29,43.37,38793.5879,6651784.0
2019-08-30,43.48,38891.9807,6881895.0
2019-09-03,42.68,38176.3968,6917730.0
2019-09-04,43.58,38981.4286,4838512.0
2019-09-05,45.09,40332.0931,9680122.0
2019-09-06,45.46,40663.0506,10958768.0
2019-09-09,44.97,40224.7555,11069776.0
2019-09-10,46.43,41530.696,9770898.0
2019-09-11,46.29,41405.4688,7662923.0
2019-09-12,45.4,40609.3818,7403671.0
2019-09-13,45.09,40332.0931,11149355.0
2019-09-16,47.8,42756.1333,24116047.0
2019-09-17,45.15,40385.7619,15554177.0
2019-09-18,44.62,39911.6876,9875437.0
2019-09-19,45.79,40958.2289,10546468.0
2019-09-20,45.7,40877.7258,8621454.0
2019-09-23,45.5,40698.8298,7367969.0
2019-09-24,45.47,40671.9954,6530225.0
2019-09-25,45.33,40546.7682,4373189.0
2019-09-26,45.35,40564.6578,4973448.0
2019-09-27,45.14,40376.8171,4516267.0
2019-09-30,44.47,39777.5156,6526038.0
2019-10-01,43.77,39151.3798,5235744.0
2019-10-02,42.94,38408.9616,6077647.0
2019-10-03,43.2,38641.5263,5714127.0
2019-10-04,43.07,38525.244,5112373.0
2019-10-07,42.18,37729.157,7498527.0
2019-10-08,40.83,36521.6093,8760986.0
2019-10-09,40.84,36530.5541,7124978.0
2019-10-10,41.03,36700.5052,7799474.0
2019-10-11,41.12,36781.0084,7390718.0
2019-10-14,40.51,36235.3757,12952421.0
2019-10-15,40.8,36494.7749,6219731.0
2019-10-16,40.34,36083.3142,5813900.0
2019-10-17,40.33,36074.3694,6485580.0
2019-10-18,40.45,36181.7069,6972444.0
2019-10-21,40.82,36512.6645,6771733.0
2019-10-22,42.22,37764.9361,10623391.0
2019-10-23,42.92,38391.072,7831184.0
2019-10-24,42.29,37827.5497,7274303.0
2019-10-25,42.53,38042.2249,5270726.0
2019-10-28,42.28,37818.6049,4644363.0
2019-10-29,42.33,37863.3289,6373363.0
2019-10-30,41.36,36995.6835,5558514.0
2019-10-31,40.5,36226.4309,12515362.0
2019-11-01,42.29,37827.5497,9024791.0
2019-11-04,44.23,39562.8405,13452253.0
2019-11-05,41.91,37438.9352,19344336.0
2019-11-06,39.61,35384.305,17042722.0
2019-11-07,39.03,34866.1809,15278621.0
2019-11-08,40.1,35822.0305,13610893.0
2019-11-11,38.88,34732.1832,14586380.0
2019-11-12,38.44,34339.1235,12823655.0
2019-11-13,38.12,34053.262,9389469.0
2019-11-14,37.76,33731.6677,8833727.0
2019-11-15,38.95,34794.7155,14166226.0
2019-11-18,39.3,35107.3766,13131619.0
2019-11-19,38.14,34071.1283,12540422.0
2019-11-20,38.48,34374.8562,10302774.0
2019-11-21,39.12,34946.5794,9308850.0
2019-11-22,39.58,35357.5055,9467566.0
2019-11-25,39.93,35670.1666,10266366.0
2019-11-26,38.57,34455.2548,13366687.0
2019-11-27,38.75,34616.052,7060390.0
2019-11-29,38.57,34455.2548,4664012.0
2019-12-02,38.68,34553.5197,10832109.0
2019-12-03,38.02,33963.9302,11612891.0
2019-12-04,38.45,34348.0567,10538497.0
2019-12-05,37.98,33928.1975,9216436.0
2019-12-06,39.01,34848.3145,10418495.0
2019-12-09,37.34,33356.4743,17393930.0
2019-12-10,37.57,33561.9373,12618009.0
2019-12-11,37.54,33535.1378,7862983.0
2019-12-12,38.25,34169.3932,9483871.0
2019-12-13,37.71,33687.0018,9888602.0
2019-12-16,38.32,34231.9255,9574113.0
2019-12-17,38.32,34231.9255,13580214.0
2019-12-18,38.67,34544.5866,9416696.0
2019-12-19,38.7,34571.3861,7469391.0
2019-12-20,39.01,34848.3145,17276173.0
2019-12-23,39.71,35473.6367,10019939.0
2019-12-24,39.89,35634.4339,4696328.0
2019-12-26,40.15,35866.6964,6050153.0
2019-12-27,40.16,35875.6296,7054657.0
2019-12-30,40.7,36358.021,10494209.0
2019-12-31,41.21,36813.6129,10374814.0
2020-01-02,42.58,38037.4579,12791380.0
2020-01-03,43.61,38957.5749,15099860.0
2020-01-06,45.05,40243.952,16660648.0
2020-01-07,45.27,40440.4819,12171792.0
2020-01-08,44.98,40181.4198,12253385.0
2020-01-09,45.37,40529.8136,14636205.0
2020-01-10,45.9,41003.2719,10543314.0
2020-01-13,46.57,41601.7946,8457171.0
2020-01-14,47.24,42200.3173,12187350.0
2020-01-15,47.26,42218.1836,7085996.0
2020-01-16,46.67,41691.1263,9757575.0
2020-01-17,45.83,40940.7397,14379270.0
2020-01-21,44.32,39591.8303,10814191.0
2020-01-22,43.29,38671.7133,12953206.0
2020-01-23,42.52,37983.8588,10789804.0
2020-01-24,42.22,37715.8636,8797598.0
2020-01-27,41.24,36840.4125,9303860.0
2020-01-28,41.2,36804.6798,7206362.0
2020-01-29,40.47,36152.558,6656869.0
2020-01-30,40.59,36259.7561,9509075.0
2020-01-31,39.72,35482.5699,16035687.0
2020-02-03,40.08,35804.1642,8731785.0
2020-02-04,40.5,36179.3575,7859617.0
2020-02-05,42.12,37626.5318,8613192.0
2020-02-06,42.12,37626.5318,6201474.0
2020-02-07,41.89,37421.0688,5030134.0
2020-02-10,40.5,36179.3575,7915417.0
2020-02-11,41.17,36777.8802,12132742.0
2020-02-12,42.49,37957.0593,8214630.0
2020-02-13,42.04,37555.0664,8402366.0
2020-02-14,41.6,37162.0068,6401461.0
2020-02-18,41.56,37126.2741,9519205.0
2020-02-19,42.51,37974.9256,7536313.0
2020-02-20,42.97,38385.8517,7728902.0
2020-02-21,42.12,37626.5318,8921118.0
2020-02-24,39.48,35268.1737,12503141.0
2020-02-25,36.19,32329.1592,22058562.0
2020-02-26,34.22,30569.3238,22703552.0
2020-02-27,31.81,28416.4287,23516861.0
2020-02-28,32.74,29309.6652,24190102.0
2020-03-02,32.95,29497.6625,17223730.0
2020-03-03,32.99,29533.4715,19991638.0
2020-03-04,32.93,29479.758,14006621.0
2020-03-05,31.48,28181.6818,19217981.0
2020-03-06,26.86,24045.7425,38969055.0
2020-03-09,12.51,11199.2643,104930331.0
2020-03-10,14.34,12837.5259,110525340.0
2020-03-11,11.8,10563.6545,70594865.0
2020-03-12,11.89,10644.2248,73141752.0
2020-03-13,14.26,12765.9079,64910364.0
2020-03-16,12.02,10760.604,37309727.0
2020-03-17,11.34,10151.8511,34731505.0
2020-03-18,10.53,9426.7188,41257229.0
2020-03-19,10.83,9695.2863,38092458.0
2020-03-20,10.23,9158.1514,50833307.0
2020-03-23,9.69,8674.7299,36784043.0
2020-03-24,10.72,9596.8116,42020553.0
2020-03-25,12.0,10742.6995,55409624.0
2020-03-26,12.83,11485.7362,70322564.0
2020-03-27,11.61,10393.5618,34675569.0
2020-03-30,11.01,9856.4268,44717611.0
2020-03-31,11.58,10366.705,35568418.0
2020-04-01,10.74,9614.7161,39837234.0
2020-04-02,12.77,11432.0228,79141622.0
2020-04-03,13.0,11637.9245,92062316.0
2020-04-06,13.44,12031.8235,52068112.0
2020-04-07,13.84,12389.9135,54728628.0
2020-04-08,15.56,13929.7004,48988571.0
2020-04-09,15.36,13750.6554,110851096.0
2020-04-13,15.33,13723.7987,43697484.0
2020-04-14,14.9,13338.8519,40661017.0
2020-04-15,13.61,12242.2363,47465236.0
2020-04-16,12.2,10973.937,40453931.0
2020-04-17,13.63,12267.2478,51691011.0
2020-04-20,12.59,11331.2289,74975477.0
2020-04-21,12.34,11106.2244,62591153.0
2020-04-22,13.02,11718.2368,44568051.0
2020-04-23,13.87,12483.2522,55054636.0
2020-04-24,13.81,12429.2511,41030017.0
2020-04-27,14.15,12735.2573,39972533.0
2020-04-28,15.17,13653.2759,46179356.0
2020-04-29,16.78,15102.3051,59582825.0
2020-04-30,16.6,14940.3019,44491712.0
2020-05-01,15.24,13716.2771,36902354.0
2020-05-04,15.52,13968.2822,37197387.0
2020-05-05,15.32,13788.2786,49502156.0
2020-05-06,13.4,12060.2437,57658966.0
2020-05-07,13.88,12492.2524,35565380.0
2020-05-08,15.02,13518.2731,31352419.0
2020-05-11,15.03,13527.2733,22899365.0
2020-05-12,14.58,13122.2651,27103709.0
2020-05-13,13.44,12096.2444,35258098.0
2020-05-14,13.76,12384.2502,32063964.0
2020-05-15,13.82,12438.2513,27756356.0
2020-05-18,15.07,13563.274,39943812.0
2020-05-19,14.37,12933.2613,28708575.0
2020-05-20,14.99,13491.2726,29203145.0
2020-05-21,14.25,12825.2591,35671421.0
2020-05-22,14.13,12717.2569,26334296.0
2020-05-26,14.4,12960.2618,28032976.0
2020-05-27,14.42,12978.2622,31402970.0
2020-05-28,13.64,12276.248,39904917.0
2020-05-29,12.95,11655.2355,61378450.0
2020-06-01,13.81,12429.2511,36779455.0
2020-06-02,14.75,13275.2682,40165924.0
2020-06-03,15.45,13905.2809,41191553.0
2020-06-04,15.55,13995.2828,39027865.0
2020-06-05,20.79,18711.378,119073438.0
2020-06-08,24.4,21960.4437,131285759.0
2020-06-09,23.18,20862.4215,71936766.0
2020-06-10,20.76,18684.3775,50740462.0
2020-06-11,17.41,15669.3166,61262888.0
2020-06-12,18.5,16650.3364,44937864.0
2020-06-15,19.05,17145.3464,46134008.0
2020-06-16,20.29,18261.369,57504992.0
2020-06-17,19.04,17136.3462,38371633.0
2020-06-18,19.67,17703.3577,36051693.0
2020-06-19,19.71,17739.3584,70262404.0
2020-06-22,19.91,17919.362,30116715.0
2020-06-23,19.79,17811.3599,33856844.0
2020-06-24,18.0,16200.3273,32321997.0
2020-06-25,18.54,16686.3371,23327566.0
2020-06-26,17.69,15921.3217,31831922.0
2020-06-29,17.86,16074.3248,24504484.0
2020-06-30,18.3,16470.3328,26525209.0
2020-07-01,17.41,15669.3166,32856677.0
2020-07-02,17.78,16002.3233,28133241.0
2020-07-06,18.18,16362.3306,23933246.0
2020-07-07,17.15,15435.3119,20117702.0
2020-07-08,17.28,15552.3142,20482339.0
2020-07-09,16.28,14652.296,22124580.0
2020-07-10,16.71,15039.3039,17584209.0
2020-07-13,16.16,14544.2939,21665693.0
2020-07-14,16.68,15012.3033,19740497.0
2020-07-15,17.18,15774.7157,22801408.0
2020-07-16,17.01,15618.6213,15462953.0
2020-07-17,16.28,14948.3336,21090995.0
2020-07-20,15.69,14406.5942,21260151.0
2020-07-21,17.41,15985.9022,44473166.0
2020-07-22,16.95,15563.5291,16994332.0
2020-07-23,16.82,15444.1628,14044090.0
2020-07-24,16.74,15370.7067,12779120.0
2020-07-27,16.7,15333.9786,13963307.0
2020-07-28,16.35,15012.6078,12859463.0
2020-07-29,17.03,15636.9853,16384026.0
2020-07-30,15.77,14480.0504,29336448.0
2020-07-31,15.74,14452.5043,15454887.0
2020-08-03,15.25,14002.5852,22888037.0
2020-08-04,15.74,14452.5043,21703229.0
2020-08-05,15.94,14636.1448,24675455.0
2020-08-06,15.45,14186.2257,18745132.0
2020-08-07,15.45,14186.2257,20961254.0
2020-08-10,16.48,15328.7427,26718499.0
2020-08-11,15.16,14100.955,41894035.0
2020-08-12,14.92,13877.7209,31798825.0
2020-08-13,14.6,13580.0754,28459103.0
2020-08-14,14.64,13617.2811,21267234.0
2020-08-17,13.91,12938.2773,31108817.0
2020-08-18,13.95,12975.483,16758446.0
2020-08-19,13.82,12854.5646,18143363.0
2020-08-20,13.4,12463.9049,21869735.0
2020-08-21,13.16,12240.6707,22665952.0
2020-08-24,13.62,12668.5361,18722936.0
2020-08-25,13.51,12566.2205,16296264.0
2020-08-26,12.96,12054.6423,19787735.0
2020-08-27,13.04,12129.0537,20130095.0
2020-08-28,13.13,12212.7665,14105842.0
2020-08-31,12.74,11850.011,17913834.0
2020-09-01,12.48,11608.1741,23054248.0
2020-09-02,12.4,11533.7627,19131811.0
2020-09-03,12.59,11710.4897,26076883.0
2020-09-04,12.25,11394.2414,22767785.0
2020-09-08,11.06,10287.3722,36644849.0
2020-09-09,11.07,10296.6736,22103520.0
2020-09-10,10.19,9478.1485,43466333.0
2020-09-11,10.22,9506.0528,35175696.0
2020-09-14,10.17,9459.5457,25198944.0
2020-09-15,10.71,9961.8225,34684755.0
2020-09-16,11.64,10826.8547,53219446.0
2020-09-17,11.86,11031.4859,27860638.0
2020-09-18,11.65,10836.1561,40722917.0
2020-09-21,11.29,10501.3049,23028121.0
2020-09-22,11.08,10305.9751,17454842.0
2020-09-23,10.41,9682.7798,24502805.0
2020-09-24,10.64,9896.7125,22870416.0
2020-09-25,10.22,9506.0528,30812473.0
2020-09-28,10.34,9617.6699,22622609.0
2020-09-29,9.99,9292.1201,29576585.0
2020-09-30,10.01,9310.723,23363965.0
2020-10-01,9.68,9003.776,32990258.0
2020-10-02,9.87,9180.5031,28572271.0
2020-10-05,10.51,9775.794,24670979.0
2020-10-06,10.13,9422.34,29493835.0
2020-10-07,10.28,9561.8613,17454772.0
2020-10-08,11.18,10398.9893,27490269.0
2020-10-09,10.82,10064.1381,26633443.0
2020-10-12,10.81,10054.8367,18540232.0
2020-10-13,10.52,9785.0954,15524268.0
2020-10-14,10.45,9719.9855,20106746.0
2020-10-15,10.61,9868.8082,18906940.0
2020-10-16,10.09,9385.1343,19244745.0
2020-10-19,9.82,9133.9959,22074745.0
2020-10-20,10.07,9366.5315,17400082.0
2020-10-21,9.66,8985.1732,22783380.0
2020-10-22,10.17,9459.5457,25219240.0
2020-10-23,10.02,9320.0244,19872442.0
2020-10-26,9.46,8799.1448,26754805.0
2020-10-27,9.27,8622.4178,20727699.0
2020-10-28,8.88,8259.6623,30986797.0
2020-10-29,9.13,8492.1979,28731900.0
2020-10-30,9.13,8492.1979,23146458.0
2020-11-02,9.65,8975.8718,28544051.0
2020-11-03,9.69,9013.0775,19259132.0
2020-11-04,9.81,9124.6945,22377014.0
2020-11-05,10.47,9738.5883,35111217.0
2020-11-06,10.01,9310.723,21645305.0
2020-11-09,12.23,11375.6385,60444831.0
2020-11-10,12.38,11528.3735,31413909.0
2020-11-11,11.9,11081.393,28596730.0
2020-11-12,11.31,10531.9794,19654880.0
2020-11-13,11.8,10988.272,16907033.0
2020-11-16,12.7,11826.3606,24354797.0
2020-11-17,12.99,12096.4113,18665692.0
2020-11-18,12.87,11984.6662,29659874.0
2020-11-19,13.36,12440.9589,20162696.0
2020-11-20,13.49,12562.0161,20175001.0
2020-11-23,15.76,14675.8616,44957070.0
2020-11-24,16.78,15625.6953,54354972.0
2020-11-25,16.72,15569.8228,29706242.0
2020-11-27,16.56,15420.8292,13272512.0
2020-11-30,15.76,14675.8616,31056448.0
2020-12-01,15.13,14089.1997,31362657.0
2020-12-02,15.89,14796.9189,33045535.0
2020-12-03,16.39,15262.5236,26614756.0
2020-12-04,18.59,17311.1845,52874458.0
2020-12-07,18.19,16938.7007,32247849.0
2020-12-08,19.13,17814.0376,32923837.0
2020-12-09,19.39,18056.1521,44634837.0
2020-12-10,21.31,19844.0743,52292559.0
2020-12-11,20.89,19452.9664,30940995.0
2020-12-14,19.17,17851.286,36149220.0
2020-12-15,19.84,18475.1964,26899293.0
2020-12-16,19.45,18112.0247,17050819.0
2020-12-17,19.18,17860.5981,17630781.0
2020-12-18,18.52,17245.9998,38206596.0
2020-12-21,17.47,16268.2299,29666912.0
2020-12-22,16.92,15756.0647,21538117.0
2020-12-23,17.89,16659.3379,24012805.0
2020-12-24,17.67,16454.4718,9203916.0
2020-12-28,17.4,16203.0452,14617511.0
2020-12-29,17.24,16054.0517,18073982.0
2020-12-30,17.91,16677.9621,16517169.0
2020-12-31,17.31,16119.2364,15193556.0
2021-01-04,17.45,16249.6057,18497764.0
2021-01-05,19.21,17888.5344,37293777.0
2021-01-06,20.0,18624.1899,37156358.0
2021-01-07,20.57,19154.9793,24299311.0
2021-01-08,20.08,18698.6867,18277949.0
2021-01-11,20.08,18698.6867,15165878.0
2021-01-12,22.62,21063.9588,37326577.0
2021-01-13,22.33,20793.908,19526958.0
2021-01-14,24.24,22572.5182,29879133.0
2021-01-15,22.39,20849.7806,24701702.0
2021-01-19,23.07,21483.003,21931362.0
2021-01-20,23.02,21436.4426,14736966.0
2021-01-21,21.54,20058.2525,19333266.0
2021-01-22,21.49,20011.692,17640740.0
2021-01-25,21.51,20030.3162,15398851.0
2021-01-26,20.38,18978.0495,19138072.0
2021-01-27,20.58,19164.2914,25688406.0
2021-01-28,20.95,19508.8389,16438248.0
2021-01-29,20.06,18680.0625,19971479.0
2021-02-01,20.39,18987.3616,13688032.0
2021-02-02,20.73,19303.9728,15513844.0
2021-02-03,22.02,20505.2331,18308286.0
2021-02-04,22.3,20765.9717,13247133.0
2021-02-05,22.56,21008.0862,13227596.0
2021-02-08,25.45,23699.2816,31510536.0
2021-02-09,24.65,22954.3141,20757110.0
2021-02-10,25.6,23838.9631,22400477.0
2021-02-11,24.98,23261.6132,15232210.0
2021-02-12,25.39,23643.4091,12382017.0
2021-02-16,26.46,24639.8032,19260411.0
2021-02-17,26.73,24891.2298,15198397.0
2021-02-18,25.28,23540.976,15311678.0
2021-02-19,25.42,23671.3454,14936138.0
2021-02-22,26.47,24649.1153,22820583.0
2021-02-23,26.06,24267.3194,22587655.0
2021-02-24,28.16,26222.8594,27788996.0
2021-02-25,26.75,24909.854,21142463.0
2021-02-26,26.61,24779.4847,21626650.0
2021-03-01,27.64,25748.1724,16185688.0
2021-03-02,27.82,25915.8523,16557003.0
2021-03-03,28.66,26698.3582,20382064.0
2021-03-04,29.9,27853.4861,39491581.0
2021-03-05,31.23,29092.4538,42026530.0
2021-03-08,29.77,27732.384,22684836.0
2021-03-09,28.65,26689.0427,23868210.0
2021-03-10,29.36,27350.4465,24101753.0
2021-03-11,30.98,28859.5652,21984257.0
2021-03-12,30.63,28533.521,16114009.0
2021-03-15,29.3,27294.5532,19584618.0
2021-03-16,28.17,26241.8964,16895158.0
2021-03-17,29.04,27052.349,16242394.0
2021-03-18,26.62,24797.9866,24421040.0
2021-03-19,28.1,26176.6876,29558099.0
2021-03-22,27.46,25580.4926,14200429.0
2021-03-23,26.59,24770.04,20609389.0
2021-03-24,27.06,25207.8707,15596413.0
2021-03-25,26.7,24872.511,18172001.0
2021-03-26,27.76,25912.8661,16268520.0
2021-03-29,27.0,25203.4361,13907089.0
2021-03-30,27.33,25511.4781,9799226.0
2021-03-31,26.62,24848.7211,15989670.0
2021-04-01,27.38,25558.1511,27311044.0
2021-04-05,25.31,23625.8877,32081284.0
2021-04-06,25.35,23663.2261,20232428.0
2021-04-07,25.3,23616.5531,14354563.0
2021-04-08,24.73,23084.4805,14911138.0
2021-04-09,24.59,22953.7961,10378755.0
2021-04-12,24.23,22617.7502,15386313.0
2021-04-13,24.29,22673.7579,11106498.0
2021-04-14,25.55,23849.9182,26392815.0
2021-04-15,24.86,23205.8304,13541188.0
2021-04-16,24.38,22757.7693,11494808.0
2021-04-19,24.54,22907.123,11162616.0
2021-04-20,23.2,21656.2858,18736185.0
2021-04-21,24.45,22823.1116,19500133.0
2021-04-22,24.1,22496.4004,16448536.0
2021-04-23,24.65,23009.8037,10830242.0
2021-04-26,24.9,23243.1688,12515570.0
2021-04-27,25.09,23420.5264,13876017.0
2021-04-28,26.1,24363.3216,20740971.0
2021-04-29,25.94,24213.9679,18229984.0
2021-04-30,25.36,23672.5607,14842915.0
2021-05-03,26.14,24400.66,13380910.0
2021-05-04,25.86,24139.291,15044734.0
2021-05-05,27.05,25250.1091,19853071.0
2021-05-06,26.65,24876.7249,14458227.0
2021-05-07,27.39,25567.4857,17631399.0
2021-05-10,26.63,24858.0557,19188308.0
2021-05-11,24.53,22896.7603,30525035.0
2021-05-12,25.12,23447.4774,26921896.0
2021-05-13,23.71,22131.357,20686376.0
2021-05-14,25.1,23428.809,19639622.0
2021-05-17,26.39,24632.9191,17232129.0
2021-05-18,25.87,24147.5414,15992390.0
2021-05-19,25.07,23400.8064,18157165.0
2021-05-20,24.95,23288.7962,14554213.0
2021-05-21,25.12,23447.4774,13212200.0
2021-05-24,25.44,23746.1713,13100534.0
2021-05-25,24.62,22980.768,13774199.0
2021-05-26,25.29,23606.1585,14084130.0
2021-05-27,26.07,24334.2251,19886308.0
2021-05-28,25.96,24231.5491,10132126.0
2021-06-01,28.47,26574.43,27701874.0
2021-06-02,29.23,27283.8282,28273094.0
2021-06-03,29.28,27330.4991,19504428.0
2021-06-04,29.14,27199.8205,16134541.0
2021-06-07,29.16,27218.4889,10040786.0
2021-06-08,29.19,27246.4914,12127743.0
2021-06-09,28.35,26462.4197,15365898.0
2021-06-10,28.33,26443.7513,14212478.0
2021-06-11,28.33,26443.7513,10863551.0
2021-06-14,28.28,26397.0804,13827317.0
2021-06-15,29.2,27255.8256,13087667.0
2021-06-16,30.54,28506.6066,42712739.0
2021-06-17,28.22,26341.0753,39315207.0
2021-06-18,27.99,26126.389,24074329.0
2021-06-21,29.5,27535.8512,18633602.0
2021-06-22,30.01,28011.8947,15195904.0
2021-06-23,30.96,28898.6425,24067581.0
2021-06-24,31.74,29626.7091,15182233.0
2021-06-25,32.91,30718.8089,25211899.0
2021-06-28,31.24,29159.9997,17426071.0
2021-06-29,31.3,29216.0048,15618960.0
2021-06-30,31.27,29188.0023,12823912.0
2021-07-01,32.86,30672.138,23100194.0
2021-07-02,32.58,30410.7808,10670928.0
2021-07-06,30.51,28478.6041,21467044.0
2021-07-07,29.48,27517.1828,20238500.0
2021-07-08,29.66,27685.1982,16379095.0
2021-07-09,30.24,28226.581,13108843.0
2021-07-12,29.99,27993.2264,11171527.0
2021-07-13,30.08,28077.234,11039488.0
2021-07-14,27.83,25977.042,22822468.0
2021-07-15,27.23,25416.9908,18361001.0
2021-07-16,25.94,24212.8807,18512290.0
2021-07-19,24.82,23167.4518,28376776.0
2021-07-20,25.37,23680.832,17071011.0
2021-07-21,27.18,25370.3199,19629300.0
2021-07-22,27.01,25211.6387,12459562.0
2021-07-23,26.58,24810.2686,9502506.0
2021-07-26,27.12,25314.3147,11080817.0
2021-07-27,26.26,24511.5747,12870381.0
2021-07-28,26.9,25108.9626,11767747.0
2021-07-29,26.78,24996.9524,11718236.0
2021-07-30,26.1,24362.2277,15123264.0
2021-08-02,25.79,24072.8679,13879968.0
2021-08-03,26.43,24678.6065,15215289.0
2021-08-04,25.69,23987.6428,20780168.0
2021-08-05,26.19,24454.5101,12976216.0
2021-08-06,26.39,24641.2571,12862475.0
2021-08-09,25.61,23912.9441,12029116.0
2021-08-10,26.26,24519.8716,13269637.0
2021-08-11,26.84,25061.4377,15265573.0
2021-08-12,26.87,25089.4497,9253552.0
2021-08-13,25.79,24081.0163,12000881.0
2021-08-16,24.79,23147.2817,16371446.0
2021-08-17,24.08,22484.3301,15987819.0
2021-08-18,23.45,21896.0772,15233183.0
2021-08-19,22.09,20626.1981,26408141.0
2021-08-20,21.95,20495.4753,18519024.0
2021-08-23,23.47,21914.7519,17577571.0
2021-08-24,24.38,22764.4505,15360034.0
2021-08-25,24.63,22997.8841,10024451.0
2021-08-26,24.0,22409.6313,11491018.0
2021-08-27,25.66,23959.6308,17295256.0
2021-08-30,25.25,23576.7996,10804446.0
2021-08-31,25.69,23987.6428,17367683.0
2021-09-01,25.08,23418.0647,14779525.0
2021-09-02,26.58,24818.6667,21151865.0
2021-09-03,25.92,24202.4018,13461719.0
2021-09-07,25.66,23959.6308,11338299.0
2021-09-08,24.91,23259.3298,12672590.0
2021-09-09,25.07,23408.7273,12905253.0
2021-09-10,24.98,23324.6912,10690172.0
2021-09-13,26.65,24884.0281,22818817.0
2021-09-14,26.28,24538.5463,16350342.0
2021-09-15,27.88,26032.5217,25212410.0
2021-09-16,27.33,25518.9676,13235170.0
2021-09-17,26.94,25154.8111,25235993.0
2021-09-20,25.48,23791.5586,20469985.0
2021-09-21,25.43,23744.8718,12866206.0
2021-09-22,26.75,24977.4015,21793420.0
2021-09-23,27.96,26107.2205,17427986.0
2021-09-24,28.1,26237.9433,13473789.0
2021-09-27,30.19,28189.4487,26376700.0
2021-09-28,29.9,27918.6656,29296291.0
2021-09-29,30.03,28040.0511,16325025.0
2021-09-30,29.58,27619.8706,19182661.0
2021-10-01,31.15,29085.8339,19625070.0
2021-10-04,31.81,29702.0988,25391782.0
2021-10-05,32.77,30598.4841,27604486.0
2021-10-06,32.0,29879.5084,22400601.0
2021-10-07,32.48,30327.701,21848876.0
2021-10-08,33.63,31401.4958,20246908.0
2021-10-11,33.39,31177.3995,21394944.0
2021-10-12,33.01,30822.5804,15502163.0
2021-10-13,32.28,30140.9541,14943948.0
2021-10-14,31.99,29870.171,17846836.0
2021-10-15,31.66,29562.0386,14781603.0
2021-10-18,32.93,30747.8816,25900791.0
2021-10-19,32.94,30757.2189,13006205.0
2021-10-20,33.36,31149.3875,15636573.0
2021-10-21,32.8,30626.4961,14869306.0
2021-10-22,33.93,31681.6162,15000961.0
2021-10-25,35.22,32886.1339,19253696.0
2021-10-26,35.36,33016.8568,15398121.0
2021-10-27,33.3,31093.3634,20124769.0
2021-10-28,33.83,31588.2428,12039168.0
2021-10-29,33.53,31308.1224,13346473.0
2021-11-01,34.81,32503.3027,14134073.0
2021-11-02,34.36,32083.1221,11557958.0
2021-11-03,33.85,31606.9175,13783969.0
2021-11-04,33.75,31521.8581,20375392.0
2021-11-05,33.42,31213.6444,18862583.0
2021-11-08,34.29,32026.2078,14267474.0
2021-11-09,33.74,31512.5183,13200068.0
2021-11-10,31.82,29719.2748,17560966.0
2021-11-11,32.12,29999.4691,10684973.0
2021-11-12,32.08,29962.1099,10241314.0
2021-11-15,31.98,29868.7118,10287627.0
2021-11-16,31.84,29737.9544,10348517.0
2021-11-17,30.76,28729.255,14406073.0
2021-11-18,30.64,28617.1773,12789728.0
2021-11-19,29.12,27197.5262,19311137.0
2021-11-22,30.01,28028.7692,16567328.0
2021-11-23,31.92,29812.6729,21492547.0
2021-11-24,32.01,29896.7312,11491014.0
2021-11-26,29.7,27739.2351,22787824.0
2021-11-29,30.06,28075.4683,15448122.0
2021-11-30,29.65,27692.5361,20779594.0
2021-12-01,28.95,27038.7494,19018772.0
2021-12-02,29.65,27692.5361,18877793.0
2021-12-03,29.16,27234.8854,15148793.0
2021-12-06,29.84,27869.9925,11188796.0
2021-12-07,31.12,29065.4881,13643812.0
2021-12-08,30.77,28738.5948,11473683.0
2021-12-09,30.24,28243.5849,9111662.0
2021-12-10,30.77,28738.5948,9672303.0
2021-12-13,29.23,27300.2641,12525655.0
2021-12-14,28.74,26842.6134,14116384.0
2021-12-15,28.52,26637.1376,19091740.0
2021-12-16,28.38,26506.3802,13027229.0
2021-12-17,28.04,26188.8267,23540994.0
2021-12-20,26.98,25198.8069,21316192.0
2021-12-21,28.6,26711.8561,13116158.0
2021-12-22,28.92,27010.73,8381044.0
2021-12-23,28.85,26945.3513,8401591.0
2021-12-27,29.64,27683.1963,8380047.0
2021-12-28,29.48,27533.7593,9545606.0
2021-12-29,29.26,27328.2835,11311012.0
2021-12-30,28.97,27057.429,9509485.0
2021-12-31,28.99,27076.1086,8669155.0
2022-01-03,31.06,29009.4493,15095852.0
2022-01-04,33.38,31176.2851,26692372.0
2022-01-05,31.81,29709.935,21157260.0
2022-01-06,32.76,30597.2169,18528246.0
2022-01-07,33.21,31017.5084,14884484.0
2022-01-10,32.38,30242.3042,17609662.0
2022-01-11,34.7,32409.14,20876121.0
2022-01-12,34.75,32455.8391,15501767.0
2022-01-13,34.15,31895.4505,13529490.0
2022-01-14,35.51,33165.6646,19566035.0
2022-01-18,36.03,33651.3347,24419099.0
2022-01-19,35.83,33464.5385,18393252.0
2022-01-20,34.95,32642.6353,16099275.0
2022-01-21,33.75,31521.8581,18434140.0
2022-01-24,34.01,31764.6932,23742862.0
2022-01-25,36.77,34342.4807,28095586.0
2022-01-26,37.06,34613.3352,25911607.0
2022-01-27,37.26,34800.1314,21102662.0
2022-01-28,37.57,35089.6655,16658181.0
2022-01-31,37.67,35183.0636,16469302.0
2022-02-01,39.29,36696.1127,20514773.0
2022-02-02,39.62,37004.3265,14752748.0
2022-02-03,40.0,37359.2392,22557478.0
2022-02-04,40.8,38106.424,23757400.0
2022-02-07,41.0,38293.2202,15544015.0
2022-02-08,39.35,36752.1516,20307525.0
2022-02-09,40.3,37639.4335,16412010.0
2022-02-10,40.68,37994.3463,17756306.0
2022-02-11,42.98,40142.5026,24477906.0
2022-02-14,41.23,38508.0358,21485913.0
2022-02-15,39.85,37219.1421,23618152.0
2022-02-16,39.65,37032.3459,18292088.0
2022-02-17,39.86,37228.4819,15162786.0
2022-02-18,39.56,36948.2876,14462708.0
2022-02-22,38.32,35790.1512,20757170.0
2022-02-23,38.69,36135.7242,15379390.0
2022-02-24,38.92,36353.7705,32173767.0
2022-02-25,38.74,36185.6389,29780441.0
2022-02-28,43.73,40846.6182,50039517.0
2022-03-01,46.79,43704.854,68949820.0
2022-03-02,48.37,45180.6751,51230106.0
2022-03-03,47.75,44601.5555,43690512.0
2022-03-04,56.15,52447.693,101759603.0
2022-03-07,55.38,51728.4637,81361215.0
2022-03-08,54.6,50999.8938,81141767.0
2022-03-09,57.5,53708.6794,134668989.0
2022-03-10,58.13,54297.1397,81812591.0
2022-03-11,57.95,54129.0082,48469639.0
2022-03-14,55.59,51924.6171,53706914.0
2022-03-15,54.53,50934.5093,49163860.0
2022-03-16,52.99,49496.0508,43406316.0
2022-03-17,58.01,54185.052,59355480.0
2022-03-18,56.24,52531.7587,40835935.0
2022-03-21,60.96,56940.5408,52222959.0
2022-03-22,59.64,55707.5763,35853513.0
2022-03-23,59.84,55894.3891,39139724.0
2022-03-24,57.75,53942.1954,28409085.0
2022-03-25,58.71,54838.8968,37749900.0
2022-03-28,56.64,53066.5369,24924672.0
2022-03-29,56.79,53207.0733,29111203.0
2022-03-30,57.48,53853.5406,26068990.0
2022-03-31,56.74,53160.2278,32217545.0
2022-04-01,58.11,54443.7934,21019029.0
2022-04-04,57.79,54143.9825,19371054.0
2022-04-05,55.72,52204.5805,22939267.0
2022-04-06,56.1,52560.606,27902977.0
2022-04-07,57.68,54040.9225,24408341.0
2022-04-08,61.8,57900.9884,41639002.0
2022-04-11,57.92,54265.7807,27618031.0
2022-04-12,59.14,55408.8099,26820867.0
2022-04-13,59.62,55858.5263,21358382.0
2022-04-14,59.34,55596.1917,18789385.0
2022-04-18,61.37,57498.1174,30802492.0
2022-04-19,60.38,56570.5773,19514640.0
2022-04-20,61.47,57591.8083,20837836.0
2022-04-21,59.2,55465.0245,32050433.0
2022-04-22,56.62,53047.7987,22816947.0
2022-04-25,54.92,51455.0531,32976979.0
2022-04-26,54.82,51361.3622,27151259.0
2022-04-27,55.59,52082.7823,20688475.0
2022-04-28,57.03,53431.9315,20633143.0
2022-04-29,55.09,51614.3277,19208596.0
2022-05-02,58.3,54621.8062,38104698.0
2022-05-03,59.24,55502.5008,24723439.0
2022-05-04,61.57,57685.4993,27975499.0
2022-05-05,62.29,58360.0739,42153578.0
2022-05-06,64.94,60842.8833,30897863.0
2022-05-09,57.84,54190.828,40093511.0
2022-05-10,59.41,55678.5162,30590159.0
2022-05-11,60.1,56325.178,36357072.0
2022-05-12,59.22,55500.45,23862877.0
2022-05-13,64.08,60055.1981,35184864.0
2022-05-16,67.72,63466.5733,38650675.0
2022-05-17,67.94,63672.7553,28834803.0
2022-05-18,64.3,60261.3801,28649823.0
2022-05-19,63.96,59942.7352,27147556.0
2022-05-20,63.26,59286.7015,23803391.0
2022-05-23,65.42,61311.034,24517338.0
2022-05-24,65.07,60983.0172,19892932.0
2022-05-25,66.39,62220.1093,18245005.0
2022-05-26,68.66,64347.5328,22548615.0
2022-05-27,70.86,66409.353,20843906.0
2022-05-31,69.31,64956.707,41019492.0
2022-06-01,70.42,65996.989,28856914.0
2022-06-02,69.3,64947.3351,23447614.0
2022-06-03,70.29,65875.1541,23397785.0
2022-06-06,69.61,65237.8643,25654112.0
2022-06-07,70.55,66118.8238,25630471.0
2022-06-08,69.03,64694.2935,29262712.0
2022-06-09,65.18,61086.1082,25166623.0
2022-06-10,63.87,59858.388,27441946.0
2022-06-13,59.83,56072.1365,34448407.0
2022-06-14,62.09,58190.1881,31328407.0
2022-06-15,60.28,56493.8724,29608916.0
2022-06-16,56.81,53241.8197,40604250.0
2022-06-17,55.68,52182.7939,51530833.0
2022-06-21,57.87,54235.2421,31096551.0
2022-06-22,55.77,52267.1411,37845610.0
2022-06-23,56.09,52567.0422,36861532.0
2022-06-24,57.52,53907.2253,45335599.0
2022-06-27,58.9,55200.5488,26793472.0
2022-06-28,61.71,57834.0555,39137647.0
2022-06-29,59.1,55387.987,31710746.0
2022-06-30,58.88,55181.805,27244414.0
2022-07-01,60.44,56643.823,28036794.0
2022-07-05,59.11,55397.3589,40025176.0
2022-07-06,59.11,55397.3589,30682695.0
2022-07-07,61.47,57609.1297,25249707.0
2022-07-08,60.67,56859.3769,25463679.0
2022-07-11,59.52,55781.6072,17906524.0
2022-07-12,57.37,53766.6466,25927818.0
2022-07-13,58.01,54366.4489,19295492.0
2022-07-14,57.23,53635.4399,24478753.0
2022-07-15,58.71,55022.4826,18944543.0
2022-07-18,60.05,56278.3185,20112548.0
2022-07-19,62.82,58874.3375,21616369.0
2022-07-20,63.55,59558.4869,17643134.0
2022-07-21,62.0,58105.8409,16640469.0
2022-07-22,61.06,57224.8814,14198421.0
2022-07-25,64.41,60364.4712,19564448.0
2022-07-26,62.07,58171.4443,20190773.0
2022-07-27,62.78,58836.8498,16625128.0
2022-07-28,62.64,58705.6431,14559448.0
2022-07-29,65.75,61620.3071,19570669.0
2022-08-01,65.23,61132.9678,16725731.0
2022-08-02,65.06,60602.8661,16296754.0
2022-08-03,60.99,56811.6938,32476605.0
2022-08-04,57.46,53523.5273,37999109.0
2022-08-05,59.01,54967.3398,20987457.0
2022-08-08,60.04,55926.7765,18199195.0
2022-08-09,62.41,58134.4124,22286792.0
2022-08-10,62.86,58553.5838,14200071.0
2022-08-11,65.69,61189.706,21762333.0
2022-08-12,65.73,61226.9657,11746074.0
2022-08-15,64.34,59932.1919,16684691.0
2022-08-16,63.51,59159.0536,16662241.0
2022-08-17,62.97,58656.0479,14889808.0
2022-08-18,64.88,60435.1975,16817996.0
2022-08-19,71.29,66406.0609,79948146.0
2022-08-22,69.03,64300.8891,47928809.0
2022-08-23,73.79,68734.7908,59618731.0
2022-08-24,74.91,69778.0617,39632291.0
2022-08-25,74.48,69377.5202,22784634.0
2022-08-26,73.55,68511.2327,20581076.0
2022-08-29,75.26,70104.0839,29995009.0
2022-08-30,72.01,67076.7351,26152885.0
2022-08-31,71.0,66135.9282,21579096.0
2022-09-01,68.4,63714.0492,21504253.0
2022-09-02,68.77,64058.7012,22793013.0
2022-09-06,66.88,62298.1814,21676426.0
2022-09-07,65.43,60947.5181,22488441.0
2022-09-08,64.61,60183.6947,22052684.0
2022-09-09,65.61,61115.1866,21877168.0
2022-09-12,66.8,62223.6621,26349103.0
2022-09-13,65.34,60863.6838,25446407.0
2022-09-14,67.2,62596.2588,28406986.0
2022-09-15,65.09,60630.8108,24382065.0
2022-09-16,64.41,59997.3963,57451410.0
2022-09-19,64.68,60248.8991,19677385.0
2022-09-20,64.28,59876.3024,20264249.0
2022-09-21,62.68,58385.9152,18597218.0
2022-09-22,61.88,57640.7217,20343176.0
2022-09-23,58.73,54706.522,29654880.0
2022-09-26,57.88,53914.7539,25390733.0
2022-09-27,58.53,54520.2237,28187470.0
2022-09-28,61.41,57202.9205,22343938.0
2022-09-29,62.11,57854.9648,30091449.0
2022-09-30,61.45,57240.1801,19494875.0
2022-10-03,64.06,59671.3741,25451447.0
2022-10-04,66.17,61636.8221,25152307.0
2022-10-05,67.74,63099.2645,25491395.0
2022-10-06,70.5,65670.1823,23475268.0
2022-10-07,69.8,65018.1379,29084976.0
2022-10-10,65.63,61133.8165,24069232.0
2022-10-11,64.03,59643.4294,22465481.0
2022-10-12,65.11,60649.4407,17647073.0
2022-10-13,68.0,63341.4524,22618706.0
2022-10-14,66.68,62111.883,17851348.0
2022-10-17,67.36,62745.2975,14839439.0
2022-10-18,67.78,63136.5242,15683799.0
2022-10-19,68.46,63769.9387,17116042.0
2022-10-20,68.85,64133.2206,15403015.0
2022-10-21,71.26,66378.1161,16715977.0
2022-10-24,70.83,65977.5746,12902807.0
2022-10-25,71.09,66219.7625,12413528.0
2022-10-26,72.52,67551.796,12731322.0
2022-10-27,71.87,66946.3262,12754058.0
2022-10-28,71.84,66918.3815,13814351.0
2022-10-31,72.6,67626.3154,13646426.0
2022-11-01,73.8,68744.1057,13011795.0
2022-11-02,71.1,66229.0774,16178365.0
2022-11-03,72.16,67216.4589,12815265.0
2022-11-04,73.27,68250.415,16034390.0
2022-11-07,75.97,70765.4432,17469150.0
2022-11-08,74.83,68014.0458,16029726.0
2022-11-09,67.93,61742.5381,24783398.0
2022-11-10,70.48,64060.2692,18619542.0
2022-11-11,74.33,67559.5887,20663590.0
2022-11-14,73.28,66605.2288,15576233.0
2022-11-15,74.43,67650.4801,17099085.0
2022-11-16,71.93,65378.1947,13154985.0
2022-11-17,71.46,64951.0051,11624416.0
2022-11-18,71.25,64760.1331,16252765.0
2022-11-21,69.59,63251.3356,21672988.0
2022-11-22,72.77,66141.6826,15944418.0
2022-11-23,71.12,64641.9743,12375459.0
2022-11-25,70.28,63878.4864,5426469.0
2022-11-28,68.23,62015.2124,13377989.0
2022-11-29,69.11,62815.0568,12701719.0
2022-11-30,69.49,63160.4442,13850033.0
2022-12-01,68.8,62533.2935,9247442.0
2022-12-02,68.21,61997.0341,9092364.0
2022-12-05,66.36,60315.5429,15275518.0
2022-12-06,64.14,58297.7535,13006936.0
2022-12-07,63.95,58125.0598,11757827.0
2022-12-08,63.71,57906.9204,13268577.0
2022-12-09,62.6,56898.0257,11979515.0
2022-12-12,64.03,58197.773,12659472.0
2022-12-13,64.28,58425.0015,13408936.0
2022-12-14,63.68,57879.653,13390417.0
2022-12-15,63.16,57407.0177,10746767.0
2022-12-16,62.53,56834.4017,19373092.0
2022-12-19,62.41,56725.332,10057664.0
2022-12-20,62.37,56688.9755,9925579.0
2022-12-21,63.73,57925.0987,11611925.0
2022-12-22,61.8,56170.8944,12991203.0
2022-12-23,63.95,58125.0598,11828842.0
2022-12-27,64.33,58470.4472,9026070.0
2022-12-28,62.08,56425.3904,10346961.0
2022-12-29,62.28,56607.1732,7338684.0
2022-12-30,62.99,57252.5022,8181967.0
2023-01-03,61.05,55489.2088,13104045.0
2023-01-04,61.11,55543.7436,12238012.0
2023-01-05,62.22,56552.6384,10692848.0
2023-01-06,63.75,57943.277,9832734.0
2023-01-09,64.08,58243.2187,12519803.0
2023-01-10,64.15,58306.8427,6613497.0
2023-01-11,64.09,58252.3078,7613870.0
2023-01-12,65.74,59752.0162,12351895.0
2023-01-13,65.31,59361.1831,7200106.0
2023-01-17,64.72,58824.9237,7503266.0
2023-01-18,64.42,58552.2495,13922533.0
2023-01-19,65.67,59688.3922,10038390.0
2023-01-20,66.91,60815.4457,12439933.0
2023-01-23,66.5,60442.7909,9891476.0
2023-01-24,64.43,58561.3386,8519089.0
2023-01-25,64.52,58643.1409,10053332.0
2023-01-26,67.09,60979.0503,12564353.0
2023-01-27,66.54,60479.1475,8760981.0
2023-01-30,64.13,58288.6644,9515124.0
2023-01-31,64.79,58888.5477,10315326.0
2023-02-01,63.5,57716.0485,12694989.0
2023-02-02,62.47,56779.8669,13098464.0
2023-02-03,61.24,55661.9025,17851494.0
2023-02-06,61.55,55943.6659,11803105.0
2023-02-07,64.6,58715.854,12969313.0
2023-02-08,63.93,58106.8815,7668332.0
2023-02-09,63.2,57443.3742,6738819.0
2023-02-10,65.63,59652.0356,13530656.0
2023-02-13,64.76,58861.2803,7835073.0
2023-02-14,66.34,60297.3646,12410307.0
2023-02-15,62.9,57170.7,17806883.0
2023-02-16,62.5,56807.1343,12173934.0
2023-02-17,60.73,55198.3563,20380359.0
2023-02-21,59.82,54371.2444,11314556.0
2023-02-22,58.42,53098.7646,17198707.0
2023-02-23,59.22,53825.8959,12734634.0
2023-02-24,58.98,53607.7565,13116321.0
2023-02-27,58.96,53068.2715,17984637.0
2023-02-28,58.56,52708.2425,34364431.0
2023-03-01,59.71,53743.3258,14414245.0
2023-03-02,60.27,54247.3664,13870725.0
2023-03-03,61.25,55129.4374,17088921.0
2023-03-06,61.68,55516.4685,12890792.0
2023-03-07,60.85,54769.4084,12547298.0
2023-03-08,62.15,55939.5026,22946978.0
2023-03-09,60.56,54508.3874,13331019.0
2023-03-10,59.86,53878.3367,14715758.0
2023-03-13,59.15,53239.2852,19574477.0
2023-03-14,60.19,54175.3606,16825685.0
2023-03-15,56.8,51124.115,30722098.0
2023-03-16,59.04,53140.2773,22759008.0
2023-03-17,58.48,52636.2367,21005650.0
2023-03-20,58.98,53086.2729,14579660.0
2023-03-21,60.24,54220.3642,16959118.0
2023-03-22,58.68,52816.2512,13936202.0
2023-03-23,58.48,52636.2367,15059304.0
2023-03-24,58.18,52252.3387,13613232.0
2023-03-27,59.65,53572.568,14419720.0
2023-03-28,62.21,55871.7427,21795482.0
2023-03-29,62.09,55763.9689,13107142.0
2023-03-30,62.32,55970.5354,8311737.0
2023-03-31,62.43,56069.3281,9618819.0
2023-04-03,65.18,58539.1447,24486512.0
2023-04-04,64.83,58224.8044,16176388.0
2023-04-05,64.57,57991.2945,12056140.0
2023-04-06,63.04,56617.1783,10480902.0
2023-04-10,64.09,57560.1992,11531362.0
2023-04-11,64.37,57811.6714,8979018.0
2023-04-12,64.84,58233.7855,9185428.0
2023-04-13,64.77,58170.9175,7697011.0
2023-04-14,64.48,57910.4641,6763377.0
2023-04-17,62.94,56527.3668,8514691.0
2023-04-18,63.0,56581.2537,7936570.0
2023-04-19,62.47,56105.2527,7742200.0
2023-04-20,62.03,55710.082,7769038.0
2023-04-21,61.87,55566.3836,7825206.0
2023-04-24,62.76,56365.7061,7560166.0
2023-04-25,61.33,55081.4014,9709715.0
2023-04-26,60.26,54120.4182,8470870.0
2023-04-27,60.58,54407.8151,8172103.0
2023-04-28,61.53,55261.0244,9727709.0
2023-05-01,61.17,54937.703,7337710.0
2023-05-02,60.04,53922.8329,12442895.0
2023-05-03,58.97,52961.8497,11639225.0
2023-05-04,58.7,52719.3586,11201972.0
2023-05-05,60.69,54506.6077,11275998.0
2023-05-08,58.96,52952.8685,17632070.0
2023-05-09,58.96,52577.2962,13373173.0
2023-05-10,56.85,50695.7139,21378565.0
2023-05-11,57.93,51658.7987,14178084.0
2023-05-12,58.09,51801.4779,9463707.0
2023-05-15,58.52,52184.9283,9155550.0
2023-05-16,58.14,51846.0652,10515960.0
2023-05-17,58.92,52541.6264,9549054.0
2023-05-18,58.25,51944.1571,11296754.0
2023-05-19,59.13,52728.8929,16016627.0
2023-05-22,59.04,52648.6358,9445236.0
2023-05-23,59.68,53219.3528,9639209.0
2023-05-24,59.39,52960.7467,10665832.0
2023-05-25,58.81,52443.5344,10362940.0
2023-05-26,58.94,52559.4613,9946041.0
2023-05-30,58.59,52247.3505,12529436.0
2023-05-31,57.66,51418.0275,15280294.0
2023-06-01,58.12,51828.2303,10189832.0
2023-06-02,59.69,53228.2702,14473193.0
2023-06-05,59.4,52969.6641,10529637.0
2023-06-06,59.44,53005.3339,8616502.0
2023-06-07,60.04,53540.381,9055604.0
2023-06-08,59.71,53246.1051,11015402.0
2023-06-09,59.32,52898.3245,7404291.0
2023-06-12,59.19,52782.3976,8323054.0
2023-06-13,58.77,52407.8646,11501269.0
2023-06-14,58.47,52140.3411,11289200.0
2023-06-15,58.42,52095.7538,10699707.0
2023-06-16,58.15,51854.9826,13741451.0
2023-06-20,57.23,51034.5771,12586120.0
2023-06-21,57.47,51248.5959,9013200.0
2023-06-22,56.52,50401.438,10322006.0
2023-06-23,56.07,50000.1526,21395567.0
2023-06-26,57.25,51052.412,11174939.0
2023-06-27,57.13,50945.4025,9013530.0
2023-06-28,57.46,51239.6784,8867352.0
2023-06-29,58.52,52184.9283,10982586.0
2023-06-30,58.8,52434.617,11629496.0
2023-07-03,59.21,52800.2325,4541219.0
2023-07-05,58.89,52514.8741,8018826.0
2023-07-06,57.61,51373.4402,9776625.0
2023-07-07,58.61,52265.1854,11269991.0
2023-07-10,58.7,52345.4425,8200061.0
2023-07-11,60.55,53995.1711,14636224.0
2023-07-12,61.32,54681.8149,11581678.0
2023-07-13,61.44,54788.8243,9794193.0
2023-07-14,59.38,52951.8292,9845967.0
2023-07-17,59.29,52871.5721,6605764.0
2023-07-18,60.08,53576.0508,10918082.0
2023-07-19,60.16,53647.3904,7568315.0
2023-07-20,60.46,53914.914,5714566.0
2023-07-21,60.74,54164.6027,6490017.0
2023-07-24,62.32,55573.5601,11877960.0
2023-07-25,63.41,56545.5623,10371728.0
2023-07-26,62.85,56046.185,6860975.0
2023-07-27,61.85,55154.4398,7804860.0
2023-07-28,62.08,55359.5412,6214659.0
2023-07-31,63.13,56295.8737,9522701.0
2023-08-01,62.64,55858.9185,6613228.0
2023-08-02,61.47,54381.3957,11352635.0
2023-08-03,62.21,55036.0603,12139009.0
2023-08-04,63.52,56194.9935,14326815.0
2023-08-07,63.9,56531.1726,8879162.0
2023-08-08,63.75,56398.4704,7304597.0
2023-08-09,63.81,56451.5513,10757483.0
2023-08-10,63.73,56380.7767,7611121.0
2023-08-11,65.84,58247.4555,17115447.0
2023-08-14,65.11,57601.6377,7953311.0
2023-08-15,63.55,56221.534,7857260.0
2023-08-16,62.55,55336.8521,7805724.0
2023-08-17,63.16,55876.508,7862956.0
2023-08-18,64.07,56681.5686,7518556.0
2023-08-21,63.73,56380.7767,6809756.0
2023-08-22,62.91,55655.3376,5121881.0
2023-08-23,61.82,54691.0343,8758464.0
2023-08-24,61.35,54275.2338,6267144.0
2023-08-25,61.84,54708.728,6790024.0
2023-08-28,62.24,55062.6007,4840307.0
2023-08-29,62.4,55204.1498,5509482.0
2023-08-30,62.63,55407.6266,4714476.0
2023-08-31,62.79,55549.1757,10915103.0
2023-09-01,64.57,57123.9095,9029470.0
2023-09-05,66.18,58548.2473,15600812.0
2023-09-06,65.57,58008.5914,8177792.0
2023-09-07,64.57,57123.9095,6617460.0
2023-09-08,65.28,57752.0336,6348928.0
2023-09-11,63.84,56478.0917,7917250.0
2023-09-12,66.43,58769.4178,11441838.0
2023-09-13,66.32,58672.1028,9142923.0
2023-09-14,67.3,59539.0911,9851250.0
2023-09-15,66.15,58521.7069,23147953.0
2023-09-18,66.32,58672.1028,7746761.0
2023-09-19,65.81,58220.915,8154374.0
2023-09-20,64.25,56840.8113,6735520.0
2023-09-21,62.56,55345.6989,10259870.0
2023-09-22,62.89,55637.6439,7149549.0
2023-09-25,63.16,55876.508,6233963.0
2023-09-26,63.15,55867.6612,6196263.0
2023-09-27,65.6,58035.1319,11679075.0
2023-09-28,65.88,58282.8428,9156750.0
2023-09-29,64.88,57398.1609,10063323.0
2023-10-02,62.3,55115.6816,10859859.0
2023-10-03,62.46,55257.2307,7765906.0
2023-10-04,60.04,53116.3006,15878836.0
2023-10-05,59.42,52567.7978,10277962.0
2023-10-06,61.4,54319.4679,12539412.0
2023-10-09,64.18,56778.8836,17276631.0
2023-10-10,63.98,56601.9472,7885621.0
2023-10-11,63.35,56044.5976,11481195.0
2023-10-12,63.22,55929.589,8634633.0
2023-10-13,64.37,56946.9731,15382280.0
2023-10-16,65.37,57831.655,8005631.0
2023-10-17,65.53,57973.2041,7290612.0
2023-10-18,66.5,58831.3456,8930455.0
2023-10-19,66.46,58795.9583,8545783.0
2023-10-20,65.18,57663.5655,8296664.0
2023-10-23,62.82,55575.7162,16032377.0
2023-10-24,62.53,55319.1585,7462974.0
2023-10-25,63.27,55973.8231,6676070.0
2023-10-26,63.27,55973.8231,8717533.0
2023-10-27,62.23,55053.7539,9197888.0
2023-10-30,61.67,54558.332,7252613.0
2023-10-31,61.81,54682.1875,5572716.0
2023-11-01,61.36,54284.0806,6285062.0
2023-11-02,63.27,55973.8231,7404211.0
2023-11-03,63.01,55743.8058,8661696.0
2023-11-06,61.75,54629.1066,8165888.0
2023-11-07,60.2,52998.3244,13014695.0
2023-11-08,61.15,53834.6767,11345097.0
2023-11-09,60.58,53332.8653,7046624.0
2023-11-10,60.98,53685.0136,7616762.0
2023-11-13,61.61,54239.6473,6830593.0
2023-11-14,61.73,54345.2918,6766886.0
2023-11-15,61.3,53966.7323,6789560.0
2023-11-16,60.31,53095.1652,10976561.0
2023-11-17,60.96,53667.4062,9185996.0
2023-11-20,61.14,53825.873,6138304.0
2023-11-21,60.75,53482.5283,6092568.0
2023-11-22,60.21,53007.1281,10587348.0
2023-11-24,60.16,52963.1096,4449192.0
2023-11-27,59.87,52707.802,8319497.0
2023-11-28,60.06,52875.0725,6972784.0
2023-11-29,60.33,53112.7726,7542206.0
2023-11-30,59.15,52073.935,15858666.0
2023-12-01,58.83,51792.2163,9722488.0
2023-12-04,57.86,50938.2566,11467604.0
2023-12-05,57.28,50427.6415,8243261.0
2023-12-06,56.48,49723.3449,12915457.0
2023-12-07,56.4,49652.9152,11624634.0
2023-12-08,56.47,49714.5412,8209016.0
2023-12-11,57.06,50233.96,15273758.0
2023-12-12,55.55,48904.6,23323183.0
2023-12-13,57.22,50215.1881,15845664.0
2023-12-14,58.76,51566.663,19890333.0
2023-12-15,58.56,51391.1468,17700585.0
2023-12-18,58.97,51750.955,9284671.0
2023-12-19,60.3,52918.1378,11375144.0
2023-12-20,60.17,52804.0523,11445009.0
2023-12-21,60.44,53040.9991,9862957.0
2023-12-22,60.81,53365.7041,10994163.0
2023-12-26,61.44,53918.5802,7126507.0
2023-12-27,61.04,53567.5478,5456390.0
2023-12-28,59.97,52628.536,7957802.0
2023-12-29,59.71,52400.365,5926178.0
