,SMCI US Equity,SMCI US Equity,SMCI US Equity
,PX_LAST,CUR_MKT_CAP,PX_VOLUME
2014-01-02,16.44,702.9937,211934.0
2014-01-03,16.71,714.5392,239910.0
2014-01-06,16.59,709.4079,218903.0
2014-01-07,16.77,717.1049,175947.0
2014-01-08,16.74,715.822,213350.0
2014-01-09,16.58,708.9803,188370.0
2014-01-10,16.92,723.5191,153568.0
2014-01-13,16.64,711.5459,137349.0
2014-01-14,17.03,728.2228,166257.0
2014-01-15,17.3,746.2841,542464.0
2014-01-16,17.99,776.0492,683346.0
2014-01-17,17.96,774.7551,392495.0
2014-01-21,18.5,798.0495,517828.0
2014-01-22,22.97,990.8755,3357045.0
2014-01-23,21.98,948.1691,1131104.0
2014-01-24,20.98,905.0312,1185165.0
2014-01-27,21.5,927.4629,754487.0
2014-01-28,21.91,945.1494,610769.0
2014-01-29,21.14,911.9333,531731.0
2014-01-30,21.33,920.1295,381837.0
2014-01-31,20.56,886.9134,737105.0
2014-02-03,20.09,866.6386,580988.0
2014-02-04,20.21,871.8151,449235.0
2014-02-05,20.15,869.2269,302615.0
2014-02-06,20.75,895.1096,490858.0
2014-02-07,20.95,915.9444,317857.0
2014-02-10,21.26,929.4978,429621.0
2014-02-11,21.79,952.6696,548996.0
2014-02-12,21.9,957.4789,458317.0
2014-02-13,21.86,955.7301,416724.0
2014-02-14,21.71,949.172,512366.0
2014-02-18,22.45,981.5252,774406.0
2014-02-19,21.85,955.2929,479739.0
2014-02-20,22.17,969.2834,429228.0
2014-02-21,20.83,910.698,1059632.0
2014-02-24,21.02,919.0048,560979.0
2014-02-25,20.84,911.1352,487038.0
2014-02-26,20.88,912.884,634693.0
2014-02-27,20.78,908.5119,410193.0
2014-02-28,20.19,882.7168,596374.0
2014-03-03,20.28,886.6517,362911.0
2014-03-04,20.73,906.3259,378187.0
2014-03-05,21.07,921.1909,448659.0
2014-03-06,21.06,920.7537,409248.0
2014-03-07,20.79,908.9491,188913.0
2014-03-10,20.39,891.4609,667876.0
2014-03-11,19.0,830.6894,762069.0
2014-03-12,19.16,837.6847,335036.0
2014-03-13,18.3,800.0851,311330.0
2014-03-14,18.44,806.206,270944.0
2014-03-17,18.33,801.3967,308648.0
2014-03-18,18.71,818.0105,280349.0
2014-03-19,18.18,794.8386,322587.0
2014-03-20,18.34,801.8339,306221.0
2014-03-21,18.08,790.4666,541827.0
2014-03-24,17.76,776.476,323362.0
2014-03-25,18.21,796.1503,273017.0
2014-03-26,17.5,765.1087,425500.0
2014-03-27,17.29,755.9274,271219.0
2014-03-28,17.32,757.239,250053.0
2014-03-31,17.37,759.425,296729.0
2014-04-01,17.7,773.8528,183535.0
2014-04-02,17.74,775.6016,200592.0
2014-04-03,17.87,781.2853,261238.0
2014-04-04,17.67,772.5412,427683.0
2014-04-07,17.13,748.9321,321163.0
2014-04-08,17.31,756.8018,211796.0
2014-04-09,17.64,771.2296,351338.0
2014-04-10,16.93,740.188,418055.0
2014-04-11,16.52,722.2626,331895.0
2014-04-14,16.74,731.8811,258606.0
2014-04-15,17.23,753.3042,392048.0
2014-04-16,17.49,764.6715,346939.0
2014-04-17,17.8,778.2248,344390.0
2014-04-21,18.93,827.629,677750.0
2014-04-22,18.95,828.5034,726981.0
2014-04-23,19.34,845.5544,2443767.0
2014-04-24,19.87,868.7263,776441.0
2014-04-25,20.47,894.9586,1021120.0
2014-04-28,20.88,912.884,736632.0
2014-04-29,20.4,891.8981,315625.0
2014-04-30,20.36,890.1493,557617.0
2014-05-01,19.83,866.9775,374297.0
2014-05-02,20.29,887.0889,393974.0
2014-05-05,19.83,866.9775,246153.0
2014-05-06,19.43,849.4893,260444.0
2014-05-07,19.18,861.7774,499426.0
2014-05-08,18.36,824.9339,442522.0
2014-05-09,18.46,829.427,399195.0
2014-05-12,18.78,843.805,448206.0
2014-05-13,18.37,825.3832,473749.0
2014-05-14,17.75,797.526,732640.0
2014-05-15,17.94,806.0629,305487.0
2014-05-16,19.76,887.8374,989504.0
2014-05-19,20.725,931.1958,737766.0
2014-05-20,20.48,920.1877,517648.0
2014-05-21,20.74,931.8698,360142.0
2014-05-22,20.61,926.0288,220230.0
2014-05-23,21.18,951.6395,420436.0
2014-05-27,21.39,961.075,454983.0
2014-05-28,21.66,973.2064,410319.0
2014-05-29,21.76,977.6995,333050.0
2014-05-30,21.5,966.0174,693029.0
2014-06-02,21.17,951.1902,309015.0
2014-06-03,21.16,950.7408,320954.0
2014-06-04,21.49,965.5681,476769.0
2014-06-05,21.92,984.8884,277476.0
2014-06-06,21.83,980.8446,286394.0
2014-06-09,22.7,1019.9346,417376.0
2014-06-10,22.76,1022.6305,271272.0
2014-06-11,22.65,1017.6881,208932.0
2014-06-12,22.35,1004.2088,157198.0
2014-06-13,23.09,1037.4578,283595.0
2014-06-16,25.57,1148.8867,1190149.0
2014-06-17,24.895,1118.5583,651208.0
2014-06-18,26.02,1169.1057,607353.0
2014-06-19,25.9,1163.714,722866.0
2014-06-20,26.03,1169.555,595555.0
2014-06-23,25.68,1153.8292,373077.0
2014-06-24,25.34,1138.5526,243530.0
2014-06-25,25.27,1135.4074,491864.0
2014-06-26,25.45,1143.495,342669.0
2014-06-27,24.69,1109.3474,1532917.0
2014-06-30,25.27,1135.4074,648222.0
2014-07-01,25.44,1143.0457,500711.0
2014-07-02,25.55,1147.9881,428821.0
2014-07-03,25.95,1165.9605,246299.0
2014-07-07,25.45,1143.495,334565.0
2014-07-08,24.25,1089.5778,689479.0
2014-07-09,24.9,1118.7829,407860.0
2014-07-10,24.57,1103.9557,446854.0
2014-07-11,25.08,1126.8705,326618.0
2014-07-14,24.92,1119.6816,327484.0
2014-07-15,24.43,1097.6653,285077.0
2014-07-16,24.44,1098.1147,207068.0
2014-07-17,24.17,1085.9833,252146.0
2014-07-18,25.43,1142.5964,300099.0
2014-07-21,26.2,1177.1933,483345.0
2014-07-22,26.55,1192.9192,633409.0
2014-07-23,25.76,1157.4236,335829.0
2014-07-24,25.68,1153.8292,279673.0
2014-07-25,25.15,1130.0157,255773.0
2014-07-28,25.04,1125.0733,191568.0
2014-07-29,26.35,1183.9329,405297.0
2014-07-30,26.6,1195.1657,283143.0
2014-07-31,26.17,1175.8454,591691.0
2014-08-01,25.59,1149.7854,357369.0
2014-08-04,26.75,1201.9054,546620.0
2014-08-05,26.89,1208.1957,541781.0
2014-08-06,24.81,1114.7391,1554424.0
2014-08-07,24.92,1119.6816,260562.0
2014-08-08,24.33,1093.1722,406546.0
2014-08-11,24.79,1113.8405,318732.0
2014-08-12,24.63,1106.6516,204626.0
2014-08-13,25.14,1129.5664,314901.0
2014-08-14,25.41,1141.6978,353228.0
2014-08-15,25.32,1137.654,394283.0
2014-08-18,25.81,1159.6702,390192.0
2014-08-19,25.97,1166.8592,263495.0
2014-08-20,25.27,1135.4074,405409.0
2014-08-21,24.98,1122.3774,219635.0
2014-08-22,24.55,1103.0571,417346.0
2014-08-25,24.57,1103.9557,263107.0
2014-08-26,24.7,1109.7967,389175.0
2014-08-27,25.07,1126.4212,256918.0
2014-08-28,24.73,1111.1447,206237.0
2014-08-29,24.49,1100.3612,324568.0
2014-09-02,27.0,1213.1381,861149.0
2014-09-03,25.69,1154.2785,590683.0
2014-09-04,25.56,1148.4374,317537.0
2014-09-05,25.49,1145.2923,194141.0
2014-09-08,26.57,1193.8178,324047.0
2014-09-09,25.61,1150.684,289936.0
2014-09-10,25.33,1138.1033,278539.0
2014-09-11,26.03,1169.555,204558.0
2014-09-12,26.1,1172.7002,346169.0
2014-09-15,26.26,1199.4304,287202.0
2014-09-16,26.82,1225.0085,355390.0
2014-09-17,28.36,1295.3483,770713.0
2014-09-18,29.03,1325.9507,633477.0
2014-09-19,28.42,1298.0888,532339.0
2014-09-22,28.27,1291.2375,270603.0
2014-09-23,27.8,1269.7702,345432.0
2014-09-24,28.9,1320.0129,471480.0
2014-09-25,27.75,1267.4864,385690.0
2014-09-26,28.41,1297.632,324954.0
2014-09-29,29.4,1342.8505,492145.0
2014-09-30,29.42,1343.764,651829.0
2014-10-01,28.58,1305.3968,829655.0
2014-10-02,27.37,1250.1298,792678.0
2014-10-03,27.17,1240.9948,369665.0
2014-10-06,25.16,1149.1877,1151777.0
2014-10-07,24.6,1123.6096,623811.0
2014-10-08,24.19,1104.8828,981670.0
2014-10-09,23.46,1071.5399,531128.0
2014-10-10,22.85,1043.678,644989.0
2014-10-13,23.1,1055.0968,573873.0
2014-10-14,23.23,1061.0346,411946.0
2014-10-15,23.9,1091.6369,517906.0
2014-10-16,23.95,1093.9207,442705.0
2014-10-17,24.99,1141.4229,493370.0
2014-10-20,25.44,1161.9767,462113.0
2014-10-21,26.48,1209.4789,643736.0
2014-10-22,28.81,1315.9021,2198632.0
2014-10-23,30.75,1404.512,887423.0
2014-10-24,30.55,1395.3769,913954.0
2014-10-27,30.7,1402.2282,611653.0
2014-10-28,31.53,1440.1386,774565.0
2014-10-29,31.6,1443.3359,453736.0
2014-10-30,31.78,1451.5574,393757.0
2014-10-31,31.96,1459.7789,504778.0
2014-11-03,32.68,1492.6651,495810.0
2014-11-04,32.77,1496.7759,432227.0
2014-11-05,32.25,1473.0248,528212.0
2014-11-06,32.9,1512.6305,539556.0
2014-11-07,33.93,1559.9864,484517.0
2014-11-10,33.7,1549.4118,406928.0
2014-11-11,33.74,1551.2509,405074.0
2014-11-12,33.67,1548.0325,229321.0
2014-11-13,33.71,1549.8716,265566.0
2014-11-14,34.67,1594.0091,424391.0
2014-11-17,34.18,1571.4806,408695.0
2014-11-18,34.19,1571.9404,559971.0
2014-11-19,33.45,1537.9177,416794.0
2014-11-20,33.35,1533.32,473415.0
2014-11-21,33.75,1551.7107,316590.0
2014-11-24,34.02,1564.1243,332378.0
2014-11-25,33.55,1542.5153,177618.0
2014-11-26,33.81,1554.4693,227366.0
2014-11-28,33.28,1530.1017,145730.0
2014-12-01,32.2,1480.4469,293057.0
2014-12-02,32.76,1506.1938,283464.0
2014-12-03,33.67,1548.0325,344029.0
2014-12-04,33.03,1518.6075,278668.0
2014-12-05,33.26,1529.1821,244346.0
2014-12-08,31.61,1453.3207,391148.0
2014-12-09,32.01,1471.7114,480355.0
2014-12-10,31.32,1439.9875,302185.0
2014-12-11,31.31,1439.5277,303901.0
2014-12-12,31.38,1442.7461,317989.0
2014-12-15,31.44,1445.5047,273588.0
2014-12-16,31.29,1438.6082,251553.0
2014-12-17,32.64,1500.6766,357284.0
2014-12-18,34.465,1584.5839,559678.0
2014-12-19,34.93,1605.9631,1250238.0
2014-12-22,36.53,1679.5256,419035.0
2014-12-23,35.91,1651.0201,400472.0
2014-12-24,36.39,1673.0889,140541.0
2014-12-26,36.39,1673.0889,143390.0
2014-12-29,35.39,1627.1123,240560.0
2014-12-30,34.93,1605.9631,197203.0
2014-12-31,34.88,1603.6642,220565.0
2015-01-02,34.73,1596.7677,207315.0
2015-01-05,33.67,1548.0325,390016.0
2015-01-06,32.76,1506.1938,338646.0
2015-01-07,33.0,1517.2282,355263.0
2015-01-08,34.73,1596.7677,360929.0
2015-01-09,34.53,1587.5724,207412.0
2015-01-12,34.16,1570.5611,233915.0
2015-01-13,34.21,1572.8599,336712.0
2015-01-14,33.7,1549.4118,261053.0
2015-01-15,33.15,1524.1247,591269.0
2015-01-16,35.07,1612.3998,524435.0
2015-01-20,37.74,1753.225,1319373.0
2015-01-21,34.11,1584.5921,2757273.0
2015-01-22,36.88,1713.2734,698747.0
2015-01-23,36.35,1688.6521,667189.0
2015-01-26,36.71,1705.376,598233.0
2015-01-27,37.33,1734.1783,685369.0
2015-01-28,37.39,1736.9656,656303.0
2015-01-29,37.87,1759.2642,382315.0
2015-01-30,36.57,1698.8723,498724.0
2015-02-02,36.47,1694.2267,450389.0
2015-02-03,35.88,1666.8181,486960.0
2015-02-04,35.69,1657.9915,384522.0
2015-02-05,36.64,1702.1241,577182.0
2015-02-06,37.13,1724.8872,447967.0
2015-02-09,37.19,1730.85,313035.0
2015-02-10,39.2,1824.3969,841980.0
2015-02-11,39.19,1823.9315,906383.0
2015-02-12,40.04,1863.4911,552221.0
2015-02-13,39.74,1849.5289,475197.0
2015-02-17,39.94,1858.837,381356.0
2015-02-18,39.11,1820.2082,379834.0
2015-02-19,39.17,1823.0007,200182.0
2015-02-20,39.24,1826.2585,219286.0
2015-02-23,38.67,1799.7303,475272.0
2015-02-24,40.73,1895.6042,932869.0
2015-02-25,40.15,1868.6106,859561.0
2015-02-26,41.13,1914.2205,832147.0
2015-02-27,40.18,1870.0068,539597.0
2015-03-02,40.33,1876.9879,389473.0
2015-03-03,39.8,1852.3213,423030.0
2015-03-04,39.24,1826.2585,300693.0
2015-03-05,39.35,1831.378,289818.0
2015-03-06,38.11,1773.6675,336820.0
2015-03-09,38.06,1771.3405,418831.0
2015-03-10,37.05,1724.3343,538439.0
2015-03-11,38.18,1776.9253,365826.0
2015-03-12,37.31,1736.4349,580625.0
2015-03-13,36.06,1678.259,1069082.0
2015-03-16,36.39,1693.6174,479173.0
2015-03-17,35.43,1648.9383,684110.0
2015-03-18,35.42,1648.4729,665960.0
2015-03-19,36.67,1706.6488,453241.0
2015-03-20,37.16,1729.4538,527523.0
2015-03-23,36.64,1705.2526,379854.0
2015-03-24,35.36,1645.6805,673688.0
2015-03-25,33.32,1550.7374,916736.0
2015-03-26,33.2,1545.1525,850985.0
2015-03-27,33.91,1578.1964,444820.0
2015-03-30,34.11,1587.5045,375596.0
2015-03-31,33.21,1545.6179,410072.0
2015-04-01,33.72,1569.3537,397243.0
2015-04-02,34.07,1585.6429,365682.0
2015-04-06,33.67,1567.0266,250427.0
2015-04-07,33.67,1567.0266,264310.0
2015-04-08,34.25,1594.0202,288237.0
2015-04-09,34.54,1607.5171,321883.0
2015-04-10,35.12,1634.5107,279373.0
2015-04-13,35.32,1643.8188,369446.0
2015-04-14,35.45,1649.8691,257050.0
2015-04-15,36.95,1719.6802,703932.0
2015-04-16,37.77,1757.8436,530131.0
2015-04-17,36.81,1713.1645,455305.0
2015-04-20,37.06,1724.7997,507926.0
2015-04-21,34.81,1620.0831,1803616.0
2015-04-22,31.9,1484.6495,4053375.0
2015-04-23,31.23,1453.4672,768719.0
2015-04-24,30.44,1416.7,853644.0
2015-04-27,30.79,1432.9893,974002.0
2015-04-28,29.68,1381.3291,954581.0
2015-04-29,29.84,1388.7756,1089215.0
2015-04-30,28.77,1338.977,740101.0
2015-05-01,29.28,1362.7128,468518.0
2015-05-04,29.84,1388.7756,589370.0
2015-05-05,29.1,1354.3355,500940.0
2015-05-06,29.85,1389.241,674350.0
2015-05-07,30.1,1422.6882,583188.0
2015-05-08,30.9,1460.5005,764785.0
2015-05-11,30.93,1461.9185,448024.0
2015-05-12,31.19,1474.2075,536670.0
2015-05-13,32.0,1512.4924,758869.0
2015-05-14,33.24,1571.1015,694086.0
2015-05-15,33.09,1564.0117,810276.0
2015-05-18,33.48,1582.4452,814391.0
2015-05-19,32.88,1554.086,891827.0
2015-05-20,33.04,1561.6484,811731.0
2015-05-21,33.26,1572.0468,384087.0
2015-05-22,33.6,1588.1171,421131.0
2015-05-26,33.51,1583.8632,755069.0
2015-05-27,34.2,1616.4763,628516.0
2015-05-28,33.77,1596.1522,427474.0
2015-05-29,33.46,1581.4999,667221.0
2015-06-01,35.21,1664.2143,892575.0
2015-06-02,34.6,1635.3824,499597.0
2015-06-03,34.96,1652.398,311347.0
2015-06-04,33.52,1584.3358,1131575.0
2015-06-05,33.68,1591.8983,423054.0
2015-06-08,33.54,1585.2811,518467.0
2015-06-09,33.44,1580.5546,289324.0
2015-06-10,34.65,1637.7457,574658.0
2015-06-11,34.74,1641.9996,670128.0
2015-06-12,33.93,1603.7146,493102.0
2015-06-15,32.92,1555.9766,765070.0
2015-06-16,32.57,1539.4337,723930.0
2015-06-17,32.52,1537.0704,830668.0
2015-06-18,32.94,1556.9219,510265.0
2015-06-19,33.21,1569.6836,685394.0
2015-06-22,33.31,1574.4101,494641.0
2015-06-23,33.32,1574.8827,323720.0
2015-06-24,32.67,1544.1602,377696.0
2015-06-25,31.56,1491.6957,424980.0
2015-06-26,30.39,1436.3952,650238.0
2015-06-29,29.41,1390.0751,849113.0
2015-06-30,29.58,1398.1102,476208.0
2015-07-01,30.25,1429.778,530350.0
2015-07-02,29.02,1371.6416,426065.0
2015-07-06,27.98,1322.4856,801865.0
2015-07-07,27.61,1304.9974,948171.0
2015-07-08,27.55,1302.1615,802415.0
2015-07-09,25.81,1219.9197,1563347.0
2015-07-10,25.85,1221.8103,566044.0
2015-07-13,25.41,1201.0135,522707.0
2015-07-14,26.04,1230.7907,713912.0
2015-07-15,25.17,1189.6698,845120.0
2015-07-16,25.19,1190.6151,868745.0
2015-07-17,25.14,1188.2519,622547.0
2015-07-20,24.99,1181.1621,468910.0
2015-07-21,25.06,1184.4706,397591.0
2015-07-22,25.39,1200.0682,456399.0
2015-07-23,25.76,1217.5564,618078.0
2015-07-24,25.45,1202.9041,485591.0
2015-07-27,25.2,1191.0878,227265.0
2015-07-28,25.33,1197.2323,508425.0
2015-07-29,25.7,1214.7205,303869.0
2015-07-30,25.77,1218.0291,236395.0
2015-07-31,26.67,1260.5679,740816.0
2015-08-03,26.61,1257.732,815904.0
2015-08-04,25.81,1219.9197,1036471.0
2015-08-05,27.91,1319.177,2534785.0
2015-08-06,26.87,1270.021,1092191.0
2015-08-07,26.58,1256.314,497408.0
2015-08-10,27.18,1284.6733,622925.0
2015-08-11,26.14,1235.5173,386041.0
2015-08-12,27.04,1278.0561,416393.0
2015-08-13,27.28,1289.3998,448684.0
2015-08-14,27.55,1302.1615,454558.0
2015-08-17,27.65,1306.888,336621.0
2015-08-18,27.5,1299.7982,333205.0
2015-08-19,27.44,1296.9623,369405.0
2015-08-20,26.74,1263.8765,504829.0
2015-08-21,25.39,1200.0682,660232.0
2015-08-24,24.56,1160.8379,673594.0
2015-08-25,24.57,1161.3106,358887.0
2015-08-26,25.31,1196.287,409773.0
2015-08-27,25.68,1213.7752,548842.0
2015-08-28,26.83,1268.1304,472941.0
2015-08-31,27.35,1292.7084,587655.0
2015-09-01,24.77,1170.7637,3412113.0
2015-09-02,24.81,1172.6543,775564.0
2015-09-03,24.87,1175.4902,587647.0
2015-09-04,24.24,1145.713,561408.0
2015-09-08,25.09,1185.8886,579190.0
2015-09-09,25.21,1191.5604,436922.0
2015-09-10,27.08,1286.8704,667798.0
2015-09-11,27.14,1289.7217,527066.0
2015-09-14,26.66,1266.9116,594526.0
2015-09-15,28.0,1330.5898,686807.0
2015-09-16,29.03,1379.5365,758919.0
2015-09-17,29.35,1394.7433,704188.0
2015-09-18,28.85,1370.9827,726748.0
2015-09-21,28.91,1373.834,728589.0
2015-09-22,28.59,1358.6272,498489.0
2015-09-23,28.54,1356.2512,643186.0
2015-09-24,27.79,1320.6104,803795.0
2015-09-25,27.8,1321.0856,510045.0
2015-09-28,26.92,1279.2671,595640.0
2015-09-29,26.65,1266.4364,507663.0
2015-09-30,27.26,1295.4242,424536.0
2015-10-01,26.61,1264.5355,414597.0
2015-10-02,27.73,1317.7591,340432.0
2015-10-05,28.81,1369.0819,406996.0
2015-10-06,29.63,1408.0491,397311.0
2015-10-07,31.68,1505.4673,846634.0
2015-10-08,31.82,1512.1203,669147.0
2015-10-09,26.9,1278.3166,3855244.0
2015-10-12,26.33,1251.2296,1735404.0
2015-10-13,26.92,1279.2671,601705.0
2015-10-14,25.93,1232.2212,754821.0
2015-10-15,25.99,1235.0725,640890.0
2015-10-16,26.35,1252.1801,373374.0
2015-10-19,26.34,1251.7048,328464.0
2015-10-20,26.11,1240.775,296933.0
2015-10-21,25.4,1207.035,501662.0
2015-10-22,25.49,1211.3119,592948.0
2015-10-23,28.52,1355.3008,1374965.0
2015-10-26,27.56,1309.6805,583489.0
2015-10-27,27.26,1295.4242,332727.0
2015-10-28,28.39,1349.123,427003.0
2015-10-29,27.94,1327.7385,381830.0
2015-10-30,28.21,1340.5692,340929.0
2015-11-02,29.66,1409.4748,431607.0
2015-11-03,29.9,1420.8798,429526.0
2015-11-04,30.05,1428.008,326043.0
2015-11-05,30.08,1429.4336,311483.0
2015-11-06,30.78,1462.6984,450489.0
2015-11-09,30.3,1439.8883,240700.0
2015-11-10,29.25,1389.9911,363817.0
2015-11-11,26.18,1244.1015,1113019.0
2015-11-12,26.38,1253.6057,640167.0
2015-11-13,25.49,1211.3119,430268.0
2015-11-16,24.74,1177.3641,706965.0
2015-11-17,24.34,1158.3283,558779.0
2015-11-18,23.71,1128.3469,1377585.0
2015-11-19,23.48,1117.4013,512822.0
2015-11-20,23.4,1113.5941,546998.0
2015-11-23,23.61,1123.5879,510940.0
2015-11-24,23.92,1138.3407,395419.0
2015-11-25,24.14,1148.8104,320664.0
2015-11-27,24.44,1163.0872,143698.0
2015-11-30,24.56,1168.7979,495689.0
2015-12-01,26.16,1244.9411,716250.0
2015-12-02,26.56,1263.9769,828513.0
2015-12-03,26.4,1256.3626,432181.0
2015-12-04,26.54,1263.0251,480180.0
2015-12-07,24.89,1184.5025,571658.0
2015-12-08,25.25,1201.6347,403023.0
2015-12-09,23.94,1139.2925,769646.0
2015-12-10,24.82,1181.1712,780106.0
2015-12-11,24.19,1151.1898,653805.0
2015-12-14,22.75,1082.661,826456.0
2015-12-15,22.86,1087.8958,476739.0
2015-12-16,23.23,1105.5039,263282.0
2015-12-17,22.84,1086.944,226884.0
2015-12-18,22.32,1062.1975,928472.0
2015-12-21,23.14,1101.2209,487338.0
2015-12-22,24.04,1144.0514,569340.0
2015-12-23,24.77,1178.7917,439537.0
2015-12-24,24.66,1173.5569,155182.0
2015-12-28,24.37,1159.7559,361142.0
2015-12-29,24.65,1173.081,329779.0
2015-12-30,24.18,1150.7139,276655.0
2015-12-31,24.51,1166.4185,439072.0
2016-01-04,23.65,1125.4915,465281.0
2016-01-05,23.11,1099.7932,458419.0
2016-01-06,22.93,1091.2271,304577.0
2016-01-07,22.03,1048.3965,452675.0
2016-01-08,21.96,1045.0653,456366.0
2016-01-11,21.52,1024.1259,448952.0
2016-01-12,27.27,1297.7655,3803325.0
2016-01-13,25.0,1189.7373,1218040.0
2016-01-14,24.45,1163.5631,930618.0
2016-01-15,24.43,1162.6113,639028.0
2016-01-19,24.78,1179.2676,728363.0
2016-01-20,25.22,1200.207,685391.0
2016-01-21,24.96,1187.8337,640242.0
2016-01-22,25.99,1236.8509,647722.0
2016-01-25,26.11,1242.5617,818842.0
2016-01-26,26.49,1260.6457,658063.0
2016-01-27,27.28,1298.2414,1007029.0
2016-01-28,27.02,1285.8681,745975.0
2016-01-29,29.78,1417.2151,3493917.0
2016-02-01,31.4,1494.3101,1419520.0
2016-02-02,30.86,1468.6117,914161.0
2016-02-03,32.12,1528.5745,818849.0
2016-02-04,32.3,1542.55,720032.0
2016-02-05,31.97,1526.7902,781558.0
2016-02-08,31.73,1515.3285,724732.0
2016-02-09,30.81,1471.3921,627622.0
2016-02-10,29.98,1431.7538,836484.0
2016-02-11,29.72,1419.337,543949.0
2016-02-12,29.89,1431.5177,301118.0
2016-02-16,31.24,1496.1731,1048295.0
2016-02-17,32.2,1542.1502,624433.0
2016-02-18,32.54,1558.4338,455215.0
2016-02-19,31.92,1528.7402,296690.0
2016-02-22,32.32,1547.8974,515747.0
2016-02-23,31.8,1522.9931,308613.0
2016-02-24,32.37,1550.292,347474.0
2016-02-25,32.21,1542.6292,279371.0
2016-02-26,32.07,1535.9242,532273.0
2016-02-29,32.47,1555.0813,783255.0
2016-03-01,33.22,1591.0009,496634.0
2016-03-02,33.19,1589.5642,391138.0
2016-03-03,33.61,1609.6792,465470.0
2016-03-04,32.63,1562.7442,447761.0
2016-03-07,32.83,1572.3227,349190.0
2016-03-08,31.38,1502.8781,447585.0
2016-03-09,31.59,1512.9356,365946.0
2016-03-10,31.73,1519.6406,338241.0
2016-03-11,32.19,1541.6713,202676.0
2016-03-14,32.3,1546.9395,227071.0
2016-03-15,31.7,1518.2038,294628.0
2016-03-16,32.42,1552.6867,261231.0
2016-03-17,33.06,1583.3381,323732.0
2016-03-18,32.9,1575.6752,311189.0
2016-03-21,32.99,1579.9856,327525.0
2016-03-22,32.99,1579.9856,225450.0
2016-03-23,32.17,1540.7134,199456.0
2016-03-24,32.51,1556.997,260106.0
2016-03-28,32.67,1564.6599,164325.0
2016-03-29,33.73,1615.4263,291099.0
2016-03-30,33.37,1598.1849,211814.0
2016-03-31,34.08,1632.1888,281794.0
2016-04-01,34.49,1651.8249,309953.0
2016-04-04,34.03,1629.7942,300047.0
2016-04-05,34.18,1636.9781,242371.0
2016-04-06,34.23,1639.3727,264676.0
2016-04-07,33.66,1612.0738,317095.0
2016-04-08,33.37,1598.1849,207535.0
2016-04-11,33.18,1589.0852,198780.0
2016-04-12,33.13,1586.6906,218240.0
2016-04-13,33.83,1620.2156,277405.0
2016-04-14,33.32,1595.7902,312500.0
2016-04-15,26.79,1283.0498,3080499.0
2016-04-18,27.13,1299.3334,832558.0
2016-04-19,27.89,1335.732,580502.0
2016-04-20,27.98,1340.0423,499526.0
2016-04-21,27.67,1325.1956,275719.0
2016-04-22,28.51,1365.4256,385934.0
2016-04-25,28.41,1360.6363,399196.0
2016-04-26,28.7,1374.5252,315744.0
2016-04-27,28.71,1375.0041,361831.0
2016-04-28,28.26,1353.4523,559581.0
2016-04-29,26.91,1288.797,983751.0
2016-05-02,27.15,1300.2913,696802.0
2016-05-03,26.72,1279.6973,468768.0
2016-05-04,26.52,1270.1188,487876.0
2016-05-05,26.61,1274.4291,415270.0
2016-05-06,26.97,1305.2249,393199.0
2016-05-09,26.88,1300.8693,347444.0
2016-05-10,26.9,1301.8372,344499.0
2016-05-11,26.31,1273.2839,320558.0
2016-05-12,25.08,1213.7575,898926.0
2016-05-13,25.03,1211.3377,856993.0
2016-05-16,25.09,1214.2415,443774.0
2016-05-17,24.87,1203.5945,563835.0
2016-05-18,24.97,1208.434,310331.0
2016-05-19,24.48,1184.7203,214107.0
2016-05-20,25.2,1219.565,206348.0
2016-05-23,25.15,1217.1452,338309.0
2016-05-24,25.95,1255.8615,494860.0
2016-05-25,25.89,1252.9578,430730.0
2016-05-26,25.79,1248.1183,294991.0
2016-05-27,26.05,1260.7011,287841.0
2016-05-31,26.24,1269.8962,387688.0
2016-06-01,26.35,1275.2197,291533.0
2016-06-02,26.42,1278.6074,211794.0
2016-06-03,26.57,1285.8667,230086.0
2016-06-06,26.46,1280.5432,319682.0
2016-06-07,25.8,1248.6022,673718.0
2016-06-08,25.81,1249.0862,648213.0
2016-06-09,25.89,1252.9578,508876.0
2016-06-10,25.77,1247.1504,431475.0
2016-06-13,24.8,1200.2068,529871.0
2016-06-14,26.27,1271.3481,756155.0
2016-06-15,26.3,1272.7999,318084.0
2016-06-16,26.28,1271.832,223159.0
2016-06-17,26.11,1263.6048,460834.0
2016-06-20,26.76,1295.0618,313552.0
2016-06-21,27.01,1307.1607,348789.0
2016-06-22,26.41,1278.1234,237297.0
2016-06-23,26.81,1297.4816,267538.0
2016-06-24,25.21,1220.0489,1158315.0
2016-06-27,23.78,1150.8435,391872.0
2016-06-28,23.99,1161.0065,472068.0
2016-06-29,24.37,1179.3968,258598.0
2016-06-30,24.85,1202.6266,341741.0
2016-07-01,24.57,1189.0758,230807.0
2016-07-05,23.82,1152.7793,240165.0
2016-07-06,24.16,1169.2337,379438.0
2016-07-07,24.43,1182.3005,242377.0
2016-07-08,25.29,1223.9206,356959.0
2016-07-11,25.24,1221.5008,191422.0
2016-07-12,25.98,1257.3134,360503.0
2016-07-13,26.07,1261.669,246056.0
2016-07-14,26.15,1265.5406,332083.0
2016-07-15,26.0,1258.2813,163038.0
2016-07-18,26.34,1274.7358,157258.0
2016-07-19,19.02,920.4812,8027180.0
2016-07-20,19.56,946.6147,2201829.0
2016-07-21,20.01,968.3927,946676.0
2016-07-22,20.05,970.3285,882232.0
2016-07-25,20.34,984.3632,619166.0
2016-07-26,20.98,1015.3362,586070.0
2016-07-27,21.3,1030.8228,533118.0
2016-07-28,21.4,1035.6623,333661.0
2016-07-29,21.55,1042.9216,590734.0
2016-08-01,21.56,1043.4056,350952.0
2016-08-02,21.07,1019.6918,378988.0
2016-08-03,20.54,994.0422,413193.0
2016-08-04,20.42,988.2348,434997.0
2016-08-05,21.48,1039.534,1237339.0
2016-08-08,21.6,1045.3414,429486.0
2016-08-09,21.45,1038.0821,418800.0
2016-08-10,21.3,1030.8228,345358.0
2016-08-11,21.64,1047.2772,258669.0
2016-08-12,21.65,1047.7612,179186.0
2016-08-15,21.75,1052.6007,394232.0
2016-08-16,21.61,1045.8254,268056.0
2016-08-17,21.44,1037.5981,210680.0
2016-08-18,21.57,1043.8895,319530.0
2016-08-19,21.46,1038.566,258301.0
2016-08-22,21.25,1028.403,273177.0
2016-08-23,21.62,1046.3093,314337.0
2016-08-24,21.66,1048.2451,437918.0
2016-08-25,21.8,1055.0205,231840.0
2016-08-26,21.37,1039.7879,287326.0
2016-08-29,21.72,1056.8176,408900.0
2016-08-30,22.06,1073.3608,414464.0
2016-08-31,21.63,1052.4386,414571.0
2016-09-01,22.14,1077.2533,351636.0
2016-09-02,22.15,1077.7399,465561.0
2016-09-06,21.96,1068.4952,301267.0
2016-09-07,21.94,1067.5221,283919.0
2016-09-08,21.46,1044.167,460281.0
2016-09-09,21.09,1026.1641,390212.0
2016-09-12,21.44,1043.1938,327920.0
2016-09-13,21.36,1039.3013,255107.0
2016-09-14,21.45,1043.6804,207165.0
2016-09-15,21.93,1067.0355,266600.0
2016-09-16,21.38,1040.2745,485599.0
2016-09-19,21.72,1056.8176,358718.0
2016-09-20,22.12,1076.2802,240003.0
2016-09-21,22.74,1106.4472,346982.0
2016-09-22,22.78,1108.3935,398928.0
2016-09-23,23.49,1142.9395,544403.0
2016-09-26,23.41,1139.047,273533.0
2016-09-27,23.51,1143.9127,302069.0
2016-09-28,23.59,1147.8052,327285.0
2016-09-29,23.24,1130.7754,293612.0
2016-09-30,23.37,1137.1008,288839.0
2016-10-03,23.49,1142.9395,337853.0
2016-10-04,23.02,1120.071,402423.0
2016-10-05,23.15,1126.3963,323060.0
2016-10-06,22.95,1116.6651,230043.0
2016-10-07,22.45,1092.3368,229831.0
2016-10-10,22.71,1104.9875,196876.0
2016-10-11,22.16,1078.2265,435719.0
2016-10-12,22.22,1081.1459,321390.0
2016-10-13,21.52,1047.0864,333244.0
2016-10-14,21.37,1039.7879,159988.0
2016-10-17,21.68,1054.8714,175678.0
2016-10-18,21.85,1063.143,356395.0
2016-10-19,21.98,1069.4683,253829.0
2016-10-20,21.89,1065.0892,147478.0
2016-10-21,21.46,1044.167,229485.0
2016-10-24,21.7,1055.8445,424124.0
2016-10-25,21.95,1068.0086,302896.0
2016-10-26,22.15,1077.7399,209277.0
2016-10-27,22.1,1075.3071,494054.0
2016-10-28,24.4,1187.2169,1323400.0
2016-10-31,23.7,1153.1574,468931.0
2016-11-01,22.8,1109.3666,501681.0
2016-11-02,22.6,1099.6353,631182.0
2016-11-03,22.35,1087.4712,362845.0
2016-11-04,22.05,1072.8743,374302.0
2016-11-07,22.85,1096.3464,341605.0
2016-11-08,22.75,1091.5484,296477.0
2016-11-09,23.45,1125.1345,495397.0
2016-11-10,23.9,1146.7255,490131.0
2016-11-11,25.5,1223.4938,568104.0
2016-11-14,25.7,1233.0898,461682.0
2016-11-15,25.7,1233.0898,312052.0
2016-11-16,25.5,1223.4938,236982.0
2016-11-17,25.75,1235.4888,206513.0
2016-11-18,25.95,1245.0848,233274.0
2016-11-21,26.45,1269.0749,285995.0
2016-11-22,26.6,1276.2719,335258.0
2016-11-23,26.75,1283.469,241648.0
2016-11-25,26.85,1288.267,87949.0
2016-11-28,26.35,1264.2769,343556.0
2016-11-29,26.1,1252.2819,241714.0
2016-11-30,27.35,1312.2571,505017.0
2016-12-01,26.2,1257.0799,316002.0
2016-12-02,27.0,1295.464,292482.0
2016-12-05,27.6,1324.2521,375752.0
2016-12-06,27.95,1341.0451,286552.0
2016-12-07,28.45,1365.0352,338124.0
2016-12-08,28.975,1390.2248,336675.0
2016-12-09,28.5,1367.4342,286950.0
2016-12-12,28.05,1345.8432,226226.0
2016-12-13,28.5,1367.4342,442579.0
2016-12-14,28.1,1348.2422,239651.0
2016-12-15,28.25,1355.4392,241168.0
2016-12-16,28.3,1357.8382,517423.0
2016-12-19,29.0,1391.4243,264523.0
2016-12-20,28.85,1384.2273,213951.0
2016-12-21,28.75,1379.4293,176116.0
2016-12-22,27.95,1341.0451,288374.0
2016-12-23,28.7,1377.0303,248522.0
2016-12-27,28.7,1377.0303,218409.0
2016-12-28,28.45,1365.0352,240204.0
2016-12-29,28.5,1367.4342,235283.0
2016-12-30,28.05,1345.8432,253206.0
2017-01-03,28.45,1365.0352,180801.0
2017-01-04,28.85,1384.2273,253231.0
2017-01-05,28.55,1369.8332,119610.0
2017-01-06,28.45,1365.0352,142008.0
2017-01-09,28.25,1355.4392,135968.0
2017-01-10,28.6,1372.2322,210909.0
2017-01-11,28.55,1369.8332,213078.0
2017-01-12,27.55,1321.8531,393503.0
2017-01-13,28.2,1353.0402,538533.0
2017-01-17,27.1,1300.262,442605.0
2017-01-18,27.3,1318.4284,271218.0
2017-01-19,27.15,1311.1842,211041.0
2017-01-20,27.65,1335.3313,554357.0
2017-01-23,27.85,1344.9901,485505.0
2017-01-24,27.75,1340.1607,495809.0
2017-01-25,28.45,1373.9665,364115.0
2017-01-26,28.55,1378.796,390293.0
2017-01-27,26.7,1289.4519,1410027.0
2017-01-30,25.5,1231.499,894374.0
2017-01-31,26.45,1277.3784,739789.0
2017-02-01,25.6,1236.3284,468931.0
2017-02-02,25.5,1231.499,327665.0
2017-02-03,25.8,1245.9872,292991.0
2017-02-06,25.65,1238.7431,348057.0
2017-02-07,26.1,1260.5228,326455.0
2017-02-08,26.25,1267.7672,300607.0
2017-02-09,26.45,1277.4264,269450.0
2017-02-10,26.6,1284.6708,219810.0
2017-02-13,26.7,1289.5004,190179.0
2017-02-14,27.05,1306.4039,285976.0
2017-02-15,27.05,1306.4039,246525.0
2017-02-16,27.05,1306.4039,381894.0
2017-02-17,27.05,1306.4039,187955.0
2017-02-21,27.05,1306.4039,287678.0
2017-02-22,27.1,1308.8187,224017.0
2017-02-23,27.4,1323.3075,307730.0
2017-02-24,27.0,1303.9892,764488.0
2017-02-27,26.2,1265.3524,1076823.0
2017-02-28,26.0,1255.6933,518950.0
2017-03-01,26.6,1284.6708,238871.0
2017-03-02,26.6,1284.6708,250699.0
2017-03-03,25.25,1219.4713,480061.0
2017-03-06,25.05,1209.8122,476715.0
2017-03-07,25.2,1217.0565,258407.0
2017-03-08,24.65,1190.4938,182664.0
2017-03-09,24.6,1188.079,179617.0
2017-03-10,24.95,1204.9826,181057.0
2017-03-13,25.0,1207.3974,185721.0
2017-03-14,25.05,1209.8122,180967.0
2017-03-15,25.2,1217.0565,235147.0
2017-03-16,25.2,1217.0565,187678.0
2017-03-17,25.3,1221.8861,494297.0
2017-03-20,25.6,1236.3749,190276.0
2017-03-21,24.7,1192.9086,290122.0
2017-03-22,25.4,1226.7157,236626.0
2017-03-23,25.55,1233.9601,218214.0
2017-03-24,25.5,1231.5453,188231.0
2017-03-27,25.25,1219.4713,353137.0
2017-03-28,24.95,1204.9826,243547.0
2017-03-29,25.65,1238.7897,785476.0
2017-03-30,25.4,1226.7157,578597.0
2017-03-31,25.35,1224.3009,402838.0
2017-04-03,25.05,1209.8122,373355.0
2017-04-04,25.0,1207.3974,275751.0
2017-04-05,24.55,1185.6642,301863.0
2017-04-06,24.8,1197.7382,383488.0
2017-04-07,24.8,1197.7382,242882.0
2017-04-10,24.55,1185.6642,250961.0
2017-04-11,24.85,1200.153,329324.0
2017-04-12,24.65,1190.4938,368005.0
2017-04-13,24.45,1180.8346,306599.0
2017-04-17,25.15,1214.6417,414257.0
2017-04-18,24.4,1178.4198,305543.0
2017-04-19,24.45,1180.8346,379084.0
2017-04-20,24.8,1197.7382,347868.0
2017-04-21,24.6,1188.079,262304.0
2017-04-24,24.8,1197.7382,238765.0
2017-04-25,24.9,1202.5678,740585.0
2017-04-26,24.7,1192.9086,773020.0
2017-04-27,24.3,1173.5902,897372.0
2017-04-28,24.4,1178.4198,1630079.0
2017-05-01,24.45,1180.8346,560361.0
2017-05-02,23.75,1147.0275,550259.0
2017-05-03,23.6,1139.7831,354834.0
2017-05-04,24.15,1166.3459,351020.0
2017-05-05,24.2,1168.7606,624247.0
2017-05-08,23.85,1151.8571,400710.0
2017-05-09,23.65,1142.1979,389762.0
2017-05-10,24.15,1166.3459,455496.0
2017-05-11,24.1,1173.5011,230854.0
2017-05-12,24.15,1175.9358,346131.0
2017-05-15,24.45,1190.5437,690542.0
2017-05-16,24.4,1188.109,615371.0
2017-05-17,23.7,1154.0239,409508.0
2017-05-18,23.6,1149.1546,397815.0
2017-05-19,24.2,1178.3704,434404.0
2017-05-22,24.35,1185.6744,309373.0
2017-05-23,24.05,1171.0665,365840.0
2017-05-24,24.25,1180.8051,225903.0
2017-05-25,24.5,1192.9783,624523.0
2017-05-26,24.3,1183.2397,370921.0
2017-05-30,24.2,1178.3704,411228.0
2017-05-31,24.6,1197.8476,474210.0
2017-06-01,24.65,1200.2823,484527.0
2017-06-02,24.6,1197.8476,333816.0
2017-06-05,24.35,1185.6744,180081.0
2017-06-06,24.0,1168.6318,394306.0
2017-06-07,23.85,1161.3279,597014.0
2017-06-08,24.55,1195.413,445996.0
2017-06-09,24.75,1205.1516,383177.0
2017-06-12,24.9,1212.4555,460823.0
2017-06-13,25.25,1229.4981,496016.0
2017-06-14,24.95,1214.8902,536292.0
2017-06-15,24.7,1202.7169,306964.0
2017-06-16,24.95,1214.8902,520135.0
2017-06-19,24.7,1202.7169,235130.0
2017-06-20,24.6,1197.8476,201967.0
2017-06-21,24.05,1171.0665,209497.0
2017-06-22,24.25,1180.8051,252445.0
2017-06-23,24.55,1195.413,373011.0
2017-06-26,24.4,1188.109,263131.0
2017-06-27,24.0,1168.6318,292917.0
2017-06-28,24.3,1183.2397,311289.0
2017-06-29,24.2,1178.3704,272913.0
2017-06-30,24.65,1200.2823,247896.0
2017-07-03,24.45,1190.5437,114040.0
2017-07-05,24.35,1185.6744,243002.0
2017-07-06,23.95,1166.1972,314828.0
2017-07-07,24.45,1190.5437,142576.0
2017-07-10,24.35,1185.6744,134440.0
2017-07-11,24.6,1197.8476,226518.0
2017-07-12,25.7,1251.4099,371672.0
2017-07-13,26.4,1285.495,579831.0
2017-07-14,26.9,1309.8415,373337.0
2017-07-17,26.4,1285.495,265102.0
2017-07-18,26.5,1290.3643,188018.0
2017-07-19,26.5,1290.3643,329256.0
2017-07-20,27.1,1319.5801,597337.0
2017-07-21,25.7,1251.4099,1485100.0
2017-07-24,25.25,1229.498,481827.0
2017-07-25,26.45,1287.9296,528719.0
2017-07-26,26.9,1309.8415,433558.0
2017-07-27,27.05,1317.1454,472612.0
2017-07-28,26.8,1304.9722,492441.0
2017-07-31,26.85,1307.4068,408270.0
2017-08-01,27.1,1319.5801,380095.0
2017-08-02,26.95,1312.2761,357548.0
2017-08-03,27.05,1317.1454,500871.0
2017-08-04,27.1,1319.5801,1173782.0
2017-08-07,27.0,1314.7108,608706.0
2017-08-08,26.75,1302.5375,626580.0
2017-08-09,26.8,1304.9722,398802.0
2017-08-10,26.55,1292.7989,293280.0
2017-08-11,26.85,1307.4068,443729.0
2017-08-14,27.35,1331.7533,443695.0
2017-08-15,27.3,1329.3187,292021.0
2017-08-16,27.15,1322.0147,241013.0
2017-08-17,26.9,1309.8415,416333.0
2017-08-18,26.75,1302.5375,255277.0
2017-08-21,26.35,1283.0603,331822.0
2017-08-22,26.65,1297.6682,400452.0
2017-08-23,27.1,1319.5801,361260.0
2017-08-24,27.3,1329.3187,685325.0
2017-08-25,27.5,1339.0573,251802.0
2017-08-28,27.35,1331.7533,178941.0
2017-08-29,27.2,1324.4494,220011.0
2017-08-30,25.85,1258.7138,1355025.0
2017-08-31,26.625,1296.4509,570148.0
2017-09-01,26.75,1302.5375,295572.0
2017-09-05,26.55,1292.7989,222617.0
2017-09-06,26.6,1295.2336,203920.0
2017-09-07,26.2,1275.7564,311692.0
2017-09-08,25.75,1253.8445,147477.0
2017-09-11,25.95,1263.5831,454349.0
2017-09-12,25.75,1253.8445,292857.0
2017-09-13,25.55,1244.1059,340220.0
2017-09-14,25.25,1229.498,359601.0
2017-09-15,23.35,1136.9814,1600381.0
2017-09-18,21.2,1032.2914,1920093.0
2017-09-19,21.0,1022.5528,1865005.0
2017-09-20,20.85,1015.2489,1182590.0
2017-09-21,21.2,1032.2914,785765.0
2017-09-22,21.95,1068.8112,744512.0
2017-09-25,21.3,1037.1607,420171.0
2017-09-26,21.65,1054.2033,354733.0
2017-09-27,22.3,1085.8537,491556.0
2017-09-28,21.9,1066.3765,444582.0
2017-09-29,22.1,1076.1151,1139083.0
2017-10-02,23.25,1132.1121,832177.0
2017-10-03,22.75,1107.7656,638999.0
2017-10-04,23.0,1119.9388,237922.0
2017-10-05,22.95,1117.5042,487835.0
2017-10-06,22.75,1107.7656,342933.0
2017-10-09,22.7,1105.3309,349207.0
2017-10-10,22.55,1098.027,354300.0
2017-10-11,22.45,1093.1577,387350.0
2017-10-12,22.5,1095.5923,406019.0
2017-10-13,22.6,1100.4616,283486.0
2017-10-16,22.45,1093.1577,228479.0
2017-10-17,22.1,1076.1151,230816.0
2017-10-18,22.05,1073.6805,474030.0
2017-10-19,21.8,1061.5072,439479.0
2017-10-20,22.4,1090.723,600102.0
2017-10-23,22.5,1095.5923,309158.0
2017-10-24,22.45,1093.1577,259301.0
2017-10-25,21.85,1063.9419,322098.0
2017-10-26,21.7,1056.6379,577482.0
2017-10-27,20.475,996.989,2661063.0
2017-10-30,19.85,966.5559,702639.0
2017-10-31,19.9,968.9905,564550.0
2017-11-01,20.3,988.4677,488785.0
2017-11-02,20.3,988.4677,404985.0
2017-11-03,20.3,988.4677,579595.0
2017-11-06,20.5,998.2063,389589.0
2017-11-07,19.8,964.1212,354831.0
2017-11-08,19.75,961.6866,305792.0
2017-11-09,19.55,951.948,285603.0
2017-11-10,20.0,973.8598,364303.0
2017-11-13,19.95,971.4252,697778.0
2017-11-14,19.825,965.3386,288068.0
2017-11-15,19.9,968.9905,390354.0
2017-11-16,20.25,986.0331,452176.0
2017-11-17,20.45,995.7717,256346.0
2017-11-20,21.35,1039.5954,442455.0
2017-11-21,21.5,1046.8993,424306.0
2017-11-22,21.3,1037.1607,419777.0
2017-11-24,21.0,1022.5528,206922.0
2017-11-27,21.3,1037.1607,237125.0
2017-11-28,21.85,1063.9419,319397.0
2017-11-29,22.2,1080.9844,471574.0
2017-11-30,22.05,1073.6805,604962.0
2017-12-01,22.0,1071.2458,500174.0
2017-12-04,22.05,1073.6805,369819.0
2017-12-05,21.55,1049.334,546991.0
2017-12-06,21.45,1044.4647,236075.0
2017-12-07,21.55,1049.334,213582.0
2017-12-08,21.6,1051.7686,241433.0
2017-12-11,21.85,1063.9419,210657.0
2017-12-12,22.0,1071.2458,171004.0
2017-12-13,22.1,1076.1151,542801.0
2017-12-14,21.7,1056.6379,306550.0
2017-12-15,22.0,1071.2458,1249073.0
2017-12-18,22.0,1071.2458,316334.0
2017-12-19,22.15,1078.5498,620846.0
2017-12-20,21.65,1054.2033,434670.0
2017-12-21,21.325,1038.3781,474908.0
2017-12-22,21.0,1022.5528,271960.0
2017-12-26,20.75,1010.3796,182499.0
2017-12-27,20.95,1020.1182,344347.0
2017-12-28,20.95,1020.1182,447741.0
2017-12-29,20.925,1018.9009,399309.0
2018-01-02,21.45,1044.4647,434529.0
2018-01-03,21.5,1046.8993,409711.0
2018-01-04,21.65,1054.2033,363089.0
2018-01-05,21.7,1056.6379,217818.0
2018-01-08,21.8,1061.5072,348690.0
2018-01-09,21.25,1034.7261,311580.0
2018-01-10,21.3,1037.1607,260167.0
2018-01-11,21.7,1056.6379,211680.0
2018-01-12,21.5,1046.8993,307110.0
2018-01-16,21.5,1046.8993,322103.0
2018-01-17,21.65,1054.2033,429974.0
2018-01-18,21.5,1046.8993,177510.0
2018-01-19,22.8,1110.2002,549551.0
2018-01-22,23.35,1136.9814,786170.0
2018-01-23,22.9,1115.0695,377141.0
2018-01-24,22.8,1110.2002,812442.0
2018-01-25,22.65,1102.8963,485014.0
2018-01-26,23.85,1161.3279,556721.0
2018-01-29,24.5,1192.9783,1083443.0
2018-01-30,24.65,1200.2823,1027934.0
2018-01-31,22.825,1111.4175,1476873.0
2018-02-01,22.575,1099.2443,696027.0
2018-02-02,20.6,1003.0756,948740.0
2018-02-05,19.3,939.7747,1172935.0
2018-02-06,19.55,951.948,841259.0
2018-02-07,19.8,964.1212,481001.0
2018-02-08,18.6,905.6897,560832.0
2018-02-09,18.85,917.8629,655015.0
2018-02-12,18.8,915.4282,382743.0
2018-02-13,18.4,895.9511,441226.0
2018-02-14,19.3,939.7747,506442.0
2018-02-15,19.5,949.5133,431254.0
2018-02-16,19.1,930.0361,476482.0
2018-02-20,18.85,917.8629,378503.0
2018-02-21,18.15,883.7778,645263.0
2018-02-22,18.35,893.5164,684646.0
2018-02-23,18.5,900.8204,374126.0
2018-02-26,18.9,920.2975,371370.0
2018-02-27,18.6,905.6897,306506.0
2018-02-28,18.1,881.3432,558850.0
2018-03-01,18.05,878.9085,531192.0
2018-03-02,18.275,889.8644,397413.0
2018-03-05,18.9,920.2975,381122.0
2018-03-06,19.35,942.2094,469142.0
2018-03-07,19.6,954.3826,371990.0
2018-03-08,19.35,942.2094,364483.0
2018-03-09,19.75,961.6866,482359.0
2018-03-12,19.5,949.5133,629039.0
2018-03-13,19.55,951.948,321472.0
2018-03-14,19.6,954.3826,255789.0
2018-03-15,19.65,956.8173,397009.0
2018-03-16,19.7,959.2519,749453.0
2018-03-19,18.7,910.559,616868.0
2018-03-20,18.7,910.559,298460.0
2018-03-21,18.3,891.0818,493735.0
2018-03-22,17.7,861.866,389304.0
2018-03-23,17.25,839.9541,461849.0
2018-03-26,17.1,832.6502,428906.0
2018-03-27,16.6,808.3037,1185936.0
2018-03-28,16.65,810.7383,326948.0
2018-03-29,17.0,827.7809,489531.0
2018-04-02,16.35,796.1304,458442.0
2018-04-03,16.6,808.3037,402127.0
2018-04-04,16.75,815.6076,456905.0
2018-04-05,16.75,815.6076,219334.0
2018-04-06,16.55,805.869,342242.0
2018-04-09,16.35,796.1304,259845.0
2018-04-10,17.05,830.2155,295025.0
2018-04-11,17.25,839.9541,252848.0
2018-04-12,17.55,854.562,466827.0
2018-04-13,17.35,844.8234,134109.0
2018-04-16,17.7,861.866,269463.0
2018-04-17,18.3,891.0818,481588.0
2018-04-18,18.0,876.4739,208678.0
2018-04-19,17.75,864.3006,226894.0
2018-04-20,17.45,849.6927,172350.0
2018-04-23,17.4,847.2581,154061.0
2018-04-24,17.55,854.562,417433.0
2018-04-25,17.6,856.9967,154250.0
2018-04-26,17.7,861.866,131635.0
2018-04-27,18.1,881.3432,271101.0
2018-04-30,17.7,861.866,235805.0
2018-05-01,18.25,888.6471,374274.0
2018-05-02,17.95,874.0392,379524.0
2018-05-03,18.05,878.9085,711618.0
2018-05-04,21.25,1034.7261,1287959.0
2018-05-07,23.05,1122.3735,973216.0
2018-05-08,24.0,1168.6318,623184.0
2018-05-09,24.0,1168.6318,629816.0
2018-05-10,23.8,1158.8932,559841.0
2018-05-11,23.4,1139.416,351047.0
2018-05-14,23.6,1149.1546,422934.0
2018-05-15,23.75,1156.4586,479069.0
2018-05-16,23.9,1163.7625,384141.0
2018-05-17,23.95,1166.1972,274232.0
2018-05-18,23.65,1151.5893,334964.0
2018-05-21,23.85,1161.3279,435582.0
2018-05-22,23.7,1154.0239,220214.0
2018-05-23,23.7,1154.0239,550078.0
2018-05-24,23.7,1154.0239,367077.0
2018-05-25,23.7,1154.0239,422984.0
2018-05-29,24.0,1168.6318,344011.0
2018-05-30,24.35,1185.6744,313591.0
2018-05-31,24.1,1173.5011,377877.0
2018-06-01,24.4,1188.109,494488.0
2018-06-04,24.55,1195.413,340508.0
2018-06-05,25.15,1224.6287,421211.0
2018-06-06,25.75,1253.8445,363249.0
2018-06-07,25.6,1246.5406,393027.0
2018-06-08,26.2,1275.7564,362683.0
2018-06-11,26.55,1292.7989,333814.0
2018-06-12,27.0,1314.7108,428539.0
2018-06-13,26.75,1302.5375,404953.0
2018-06-14,26.2,1275.7564,373185.0
2018-06-15,25.75,1253.8445,336770.0
2018-06-18,25.5,1241.6713,404880.0
2018-06-19,25.25,1229.498,331981.0
2018-06-20,25.25,1229.498,238386.0
2018-06-21,25.05,1219.7594,363322.0
2018-06-22,24.9,1212.4555,572694.0
2018-06-25,24.1,1173.5011,328168.0
2018-06-26,24.25,1180.8051,167401.0
2018-06-27,23.8,1158.8932,356263.0
2018-06-28,23.75,1156.4586,619478.0
2018-06-29,23.65,1151.5893,257349.0
2018-07-02,24.55,1195.413,437884.0
2018-07-03,24.1,1173.5011,173141.0
2018-07-05,24.3,1183.2397,296630.0
2018-07-06,24.15,1175.9358,367988.0
2018-07-09,24.45,1190.5437,340210.0
2018-07-10,24.6,1197.8476,232820.0
2018-07-11,23.7,1154.0239,256804.0
2018-07-12,23.95,1166.1972,239151.0
2018-07-13,24.0,1168.6318,228821.0
2018-07-16,24.2,1178.3704,187381.0
2018-07-17,23.95,1166.1972,218153.0
2018-07-18,24.2,1178.3704,157428.0
2018-07-19,24.25,1180.8051,172733.0
2018-07-20,23.75,1156.4586,173864.0
2018-07-23,23.7,1154.0239,152622.0
2018-07-24,23.65,1151.5893,238162.0
2018-07-25,23.1,1124.8081,226937.0
2018-07-26,23.2,1129.6774,282439.0
2018-07-27,22.2,1080.9844,304049.0
2018-07-30,22.15,1078.5498,289404.0
2018-07-31,22.1,1076.1151,464366.0
2018-08-01,21.7,1056.6379,671109.0
2018-08-02,21.7,1056.6379,764187.0
2018-08-03,21.0,1022.5528,606302.0
2018-08-06,21.05,1024.9875,501790.0
2018-08-07,20.25,986.0331,852155.0
2018-08-08,19.65,956.8173,707460.0
2018-08-09,20.125,979.9465,246045.0
2018-08-10,19.8,964.1212,185120.0
2018-08-13,19.95,971.4252,311294.0
2018-08-14,19.7,959.2519,319476.0
2018-08-15,18.75,912.9936,480683.0
2018-08-16,19.15,932.4708,587165.0
2018-08-17,18.85,917.8629,534667.0
2018-08-20,18.95,922.7322,407835.0
2018-08-21,18.35,893.5164,1456524.0
2018-08-22,15.65,762.0453,22414755.0
2018-08-23,17.24,839.4672,7302516.0
2018-08-24,16.38,797.5912,14657782.0
2018-08-27,17.25,839.9541,3429763.0
2018-08-28,19.48,948.5395,2053064.0
2018-08-29,20.15,981.1638,1623221.0
2018-08-30,20.65,1005.5103,1152534.0
2018-08-31,20.51,998.6933,613107.0
2018-09-04,20.45,995.7717,317135.0
2018-09-05,19.75,961.6866,298602.0
2018-09-06,20.0,973.8598,546299.0
2018-09-07,20.24,985.5462,794761.0
2018-09-10,20.025,975.0772,1019844.0
2018-09-11,19.77,962.6605,753219.0
2018-09-12,19.8,964.1212,113600.0
2018-09-13,20.0,973.8598,351887.0
2018-09-14,20.1,978.7291,260982.0
2018-09-17,20.47,996.7455,273534.0
2018-09-18,20.55,1000.641,336705.0
2018-09-19,20.67,1006.4841,83298.0
2018-09-20,21.2,1032.2914,400830.0
2018-09-21,20.7,1007.9449,218635.0
2018-09-24,19.91,969.4775,306846.0
2018-09-25,21.32,1038.1346,286537.0
2018-09-26,21.0,1022.5528,301759.0
2018-09-27,20.56,1001.1279,270519.0
2018-09-28,20.61,1003.5626,169450.0
2018-10-01,21.5,1046.8993,120276.0
2018-10-02,21.46,1044.9516,124439.0
2018-10-03,21.4,1042.03,205783.0
2018-10-04,12.6,613.5317,12560499.0
2018-10-05,12.395,603.5496,2857125.0
2018-10-08,14.7499,718.2168,2829829.0
2018-10-09,12.46,606.7147,4984642.0
2018-10-10,12.8,623.2703,1407681.0
2018-10-11,13.05,635.4435,579073.0
2018-10-12,13.11,638.3651,522502.0
2018-10-15,13.77,670.5025,465240.0
2018-10-16,13.34,649.5645,281205.0
2018-10-17,13.55,659.79,289928.0
2018-10-18,13.375,651.2688,316454.0
2018-10-19,14.1,686.5712,779068.0
2018-10-22,14.7,715.787,548002.0
2018-10-23,14.65,713.3523,347327.0
2018-10-24,14.7,715.787,312151.0
2018-10-25,14.76,718.7086,534749.0
2018-10-26,14.4,701.1791,774885.0
2018-10-29,13.3,647.6168,296422.0
2018-10-30,13.0,633.0089,578917.0
2018-10-31,13.1,637.8782,409841.0
2018-11-01,13.79,671.4764,361697.0
2018-11-02,13.75,669.5286,272227.0
2018-11-05,12.36,601.8454,713928.0
2018-11-06,12.37,602.3323,155654.0
2018-11-07,12.07,587.7244,283384.0
2018-11-08,11.65,567.2734,259495.0
2018-11-09,12.14,591.1329,617504.0
2018-11-12,11.78,573.6034,205925.0
2018-11-13,11.74,571.6557,213069.0
2018-11-14,12.05,586.7506,403693.0
2018-11-15,12.42,604.767,417372.0
2018-11-16,14.3,696.3098,2609537.0
2018-11-19,13.75,669.5286,473890.0
2018-11-20,13.4,652.4861,177439.0
2018-11-21,13.48,656.3815,261532.0
2018-11-23,13.98,680.728,27422.0
2018-11-26,13.52,658.3293,179190.0
2018-11-27,13.9,676.8326,133591.0
2018-11-28,14.05,684.1365,336343.0
2018-11-29,14.5,706.0484,129368.0
2018-11-30,14.9,725.5256,229825.0
2018-12-03,14.95,727.9602,343911.0
2018-12-04,14.79,720.1694,160990.0
2018-12-06,15.9,774.2186,521181.0
2018-12-07,16.25,791.2611,464225.0
2018-12-10,16.35,796.1304,268318.0
2018-12-11,16.5,803.4344,364065.0
2018-12-12,16.0,779.0879,247082.0
2018-12-13,16.3,793.6958,80282.0
2018-12-14,16.65,810.7383,313669.0
2018-12-17,15.35,747.4374,301244.0
2018-12-18,15.05,732.8295,144109.0
2018-12-19,14.9,725.5256,364566.0
2018-12-20,14.9,725.5256,233402.0
2018-12-21,14.01,682.1888,420652.0
2018-12-24,14.08,685.5973,165946.0
2018-12-26,14.06,684.6235,187235.0
2018-12-27,13.98,680.728,109163.0
2018-12-28,13.9,676.8326,358004.0
2018-12-31,13.8,671.9633,434187.0
2019-01-02,15.1,735.2642,232625.0
2019-01-03,15.7,764.48,321717.0
2019-01-04,15.56,757.663,159530.0
2019-01-07,15.7,764.48,307833.0
2019-01-08,15.6,759.6107,165077.0
2019-01-09,15.5275,756.0804,16206.0
2019-01-10,15.53,756.2022,29751.0
2019-01-11,15.03,731.8557,94587.0
2019-01-14,15.34,746.9505,209994.0
2019-01-15,15.1,735.2642,85856.0
2019-01-16,14.95,727.9602,322125.0
2019-01-17,14.8,720.6563,282569.0
2019-01-18,15.0,730.3949,136670.0
2019-01-22,14.72,716.7608,174419.0
2019-01-23,14.9,725.5256,308129.0
2019-01-24,14.98,729.421,218495.0
2019-01-25,14.95,727.9602,266124.0
2019-01-28,14.75,718.2216,102854.0
2019-01-29,14.95,727.9602,98573.0
2019-01-30,15.0701,733.8083,65177.0
2019-01-31,15.1,735.2642,117186.0
2019-02-01,15.26,743.0551,64550.0
2019-02-04,15.3,745.0028,46263.0
2019-02-05,15.74,766.4277,265373.0
2019-02-06,15.66,762.5323,82787.0
2019-02-07,15.35,747.4374,30214.0
2019-02-08,15.4,749.8721,176282.0
2019-02-11,15.45,752.3067,58959.0
2019-02-12,16.2,788.8265,162869.0
2019-02-13,16.35,796.1304,89727.0
2019-02-14,16.15,786.3918,92076.0
2019-02-15,19.76,962.1735,992075.0
2019-02-19,19.97,972.3991,493779.0
2019-02-20,19.2,934.9054,162923.0
2019-02-21,19.33,941.2355,158318.0
2019-02-22,19.74,961.1997,152547.0
2019-02-25,19.67,957.7912,109430.0
2019-02-26,19.39,944.1571,19798.0
2019-02-27,19.1,930.0361,105341.0
2019-02-28,19.12,931.01,168068.0
2019-03-01,19.55,951.948,203438.0
2019-03-04,19.55,951.948,67813.0
2019-03-05,19.75,961.6866,48334.0
2019-03-06,19.2,934.9054,79527.0
2019-03-07,19.46,947.5656,72031.0
2019-03-08,19.45,947.0787,170374.0
2019-03-11,19.5,949.5133,121013.0
2019-03-12,19.6,954.3826,144339.0
2019-03-13,19.8,964.1212,149161.0
2019-03-14,20.03,975.3206,125536.0
2019-03-15,20.08,977.7553,65504.0
2019-03-18,20.3,988.4677,279806.0
2019-03-19,20.26,986.52,195933.0
2019-03-20,20.5,998.2063,84659.0
2019-03-21,20.7,1007.9449,59085.0
2019-03-22,20.6,1003.0756,110942.0
2019-03-25,20.9,1017.6835,403612.0
2019-03-26,20.86,1015.7358,168832.0
2019-03-27,20.95,1020.1182,151823.0
2019-03-28,21.0,1022.5528,228400.0
2019-03-29,21.1275,1028.7612,116638.0
2019-04-01,21.9,1066.3765,225226.0
2019-04-02,21.95,1068.8112,264444.0
2019-04-03,22.02,1072.2197,306581.0
2019-04-04,22.01,1071.7328,286998.0
2019-04-05,22.03,1072.7066,130944.0
2019-04-08,22.0,1071.2458,84099.0
2019-04-09,21.99,1070.7589,54716.0
2019-04-10,21.9,1066.3765,93707.0
2019-04-11,22.0,1071.2458,76801.0
2019-04-12,21.97,1069.785,115585.0
2019-04-15,22.01,1071.7328,106758.0
2019-04-16,22.0,1071.2458,23931.0
2019-04-17,22.1,1076.1151,34746.0
2019-04-18,21.97,1069.785,85702.0
2019-04-22,21.97,1069.785,85272.0
2019-04-23,22.15,1078.5498,274499.0
2019-04-24,22.19,1080.4975,41027.0
2019-04-25,22.25,1083.4191,208601.0
2019-04-26,22.2,1080.9844,202345.0
2019-04-29,22.3,1085.8537,66187.0
2019-04-30,22.42,1091.6969,125835.0
2019-05-01,22.85,1112.6349,40799.0
2019-05-02,22.41,1091.21,113061.0
2019-05-03,22.5,1095.5923,185787.0
2019-05-06,22.5,1095.5923,167846.0
2019-05-07,22.1,1076.1151,287747.0
2019-05-08,21.3,1037.1607,184922.0
2019-05-09,21.0,1022.5528,141405.0
2019-05-10,20.11,979.2161,91703.0
2019-05-13,19.65,956.8173,223181.0
2019-05-14,19.91,969.4775,154029.0
2019-05-15,20.39,992.8501,10317.0
2019-05-16,20.02,974.8337,250938.0
2019-05-17,19.85,990.156,99075.0
2019-05-20,19.945,994.8948,55277.0
2019-05-21,20.07,1001.13,336991.0
2019-05-22,20.16,1005.6194,446165.0
2019-05-23,19.85,990.156,446566.0
2019-05-24,19.91,993.1489,164437.0
2019-05-28,19.68,981.6761,168946.0
2019-05-29,19.22,958.7304,63339.0
2019-05-30,19.33,964.2174,45178.0
2019-05-31,19.0,947.7564,121660.0
2019-06-03,19.3,962.7209,143742.0
2019-06-04,19.0,947.7564,118697.0
2019-06-05,18.85,940.2741,39938.0
2019-06-06,18.3,912.839,110592.0
2019-06-07,18.35,915.3331,46666.0
2019-06-10,18.46,920.8201,41692.0
2019-06-11,18.37,916.3308,72890.0
2019-06-12,18.18,906.8532,49919.0
2019-06-13,17.39,867.4465,204407.0
2019-06-14,17.54,874.9288,217282.0
2019-06-17,18.0,897.8745,101378.0
2019-06-18,18.4,917.8272,16052.0
2019-06-19,18.7,932.7918,82376.0
2019-06-20,19.03,949.2528,25851.0
2019-06-21,19.06,950.7493,92528.0
2019-06-24,19.4,967.7091,131291.0
2019-06-25,19.05,950.2505,122204.0
2019-06-26,19.19,957.2339,110419.0
2019-06-27,19.19,957.2339,54162.0
2019-06-28,19.35,965.215,14399.0
2019-07-01,19.28,961.7233,146075.0
2019-07-02,19.05,950.2505,29139.0
2019-07-03,18.92,943.7658,20403.0
2019-07-05,18.61,928.3024,32666.0
2019-07-08,18.61,928.3024,5139.0
2019-07-09,18.65,930.2977,80569.0
2019-07-10,19.2,957.7327,42506.0
2019-07-11,18.85,940.2741,41431.0
2019-07-12,18.58,926.806,40820.0
2019-07-15,18.7,932.7918,6094.0
2019-07-16,19.2,957.7327,15020.0
2019-07-17,18.76,935.7847,45440.0
2019-07-18,18.6,927.8036,49671.0
2019-07-19,19.0,947.7564,36143.0
2019-07-22,19.5,972.6973,153673.0
2019-07-23,19.11,953.2434,53129.0
2019-07-24,19.26,960.7257,19134.0
2019-07-25,18.9,942.7682,13788.0
2019-07-26,18.66,930.7965,17619.0
2019-07-29,18.72,933.7894,13046.0
2019-07-30,18.52,923.813,21865.0
2019-07-31,18.31,913.3378,32054.0
2019-08-01,18.14,904.8579,39412.0
2019-08-02,17.0,847.9925,249002.0
2019-08-05,16.31,813.574,488137.0
2019-08-06,17.6,877.9217,197687.0
2019-08-07,17.85,890.3922,191606.0
2019-08-08,17.99,897.3756,64234.0
2019-08-09,17.09,852.4819,103975.0
2019-08-12,16.99,847.4937,66170.0
2019-08-13,17.0,847.9925,42419.0
2019-08-14,16.8,838.0162,78602.0
2019-08-15,16.34,815.0705,366025.0
2019-08-16,19.3,962.7209,336609.0
2019-08-19,19.6,977.6855,69143.0
2019-08-20,19.93,994.1465,44739.0
2019-08-21,19.95,995.1442,37802.0
2019-08-22,20.0,997.6383,77141.0
2019-08-23,19.35,965.215,102461.0
2019-08-26,19.32,963.7186,47962.0
2019-08-27,19.05,950.2505,13605.0
2019-08-28,19.4,967.7091,10419.0
2019-08-29,19.58,976.6879,22445.0
2019-08-30,18.9,942.7682,81790.0
2019-09-03,18.42,918.8249,82180.0
2019-09-04,18.55,925.3095,36829.0
2019-09-05,18.85,940.2741,111075.0
2019-09-06,19.24,959.728,46771.0
2019-09-09,19.4,967.7091,78202.0
2019-09-10,19.29,962.2221,64892.0
2019-09-11,19.1,952.7446,278532.0
2019-09-12,19.02,948.754,67670.0
2019-09-13,19.1,952.7446,93552.0
2019-09-16,19.3,962.7209,32796.0
2019-09-17,19.53,974.1938,56849.0
2019-09-18,19.68,981.6761,93011.0
2019-09-19,19.55,975.1914,20981.0
2019-09-20,19.75,985.1678,60339.0
2019-09-23,19.61,978.1843,157148.0
2019-09-24,19.58,976.6879,265199.0
2019-09-25,19.28,961.7233,20311.0
2019-09-26,18.84,939.7753,73274.0
2019-09-27,19.1,952.7446,41021.0
2019-09-30,19.2,957.7327,16081.0
2019-10-01,19.4,967.7091,194522.0
2019-10-02,19.25,960.2268,16531.0
2019-10-03,19.2,957.7327,49154.0
2019-10-04,19.35,965.215,29844.0
2019-10-07,19.4,967.7091,293331.0
2019-10-08,19.01,948.2552,133339.0
2019-10-09,19.0,947.7564,80868.0
2019-10-10,19.0,947.7564,19786.0
2019-10-11,18.7604,935.8047,29880.0
2019-10-14,18.75,935.2859,51577.0
2019-10-15,18.82,938.7776,126567.0
2019-10-16,19.43,969.2056,160515.0
2019-10-17,19.55,975.1914,106013.0
2019-10-18,19.2,957.7327,58789.0
2019-10-21,19.71,983.1725,165235.0
2019-10-22,19.94,994.6454,71343.0
2019-10-23,19.975,996.3912,22655.0
2019-10-24,20.6,1027.5674,41201.0
2019-10-25,20.87,1041.0355,69974.0
2019-10-28,21.2,1057.4966,252702.0
2019-10-29,21.01,1048.019,103294.0
2019-10-30,20.37,1016.0946,125397.0
2019-10-31,20.68,1031.558,60812.0
2019-11-01,20.5,1022.5792,168600.0
2019-11-04,20.53,1024.0757,46525.0
2019-11-05,20.8,1037.5438,52149.0
2019-11-06,20.7,1032.5556,28717.0
2019-11-07,20.9,1042.532,63430.0
2019-11-08,21.25,1059.9907,74166.0
2019-11-11,21.37,1065.9765,70776.0
2019-11-12,21.45,1069.9671,41146.0
2019-11-13,21.5,1072.4612,45755.0
2019-11-14,21.55,1074.9552,139739.0
2019-11-15,22.18,1106.3809,146009.0
2019-11-18,21.87,1090.9175,64550.0
2019-11-19,21.45,1069.9671,32295.0
2019-11-20,21.1,1052.5084,39318.0
2019-11-21,21.0,1047.5202,34054.0
2019-11-22,21.0,1047.5202,87365.0
2019-11-25,21.25,1059.9907,126073.0
2019-11-26,21.5,1072.4612,211620.0
2019-11-27,21.5,1072.4612,12320.0
2019-11-29,21.3,1062.4848,3038.0
2019-12-02,21.495,1072.2117,33811.0
2019-12-03,21.6,1077.4493,96126.0
2019-12-04,21.55,1074.9552,213052.0
2019-12-05,21.5,1072.4612,134073.0
2019-12-06,21.6,1077.4493,170256.0
2019-12-09,22.03,1098.8986,233929.0
2019-12-10,22.0,1097.4021,236362.0
2019-12-11,21.7,1082.4375,188523.0
2019-12-12,22.0,1097.4021,78957.0
2019-12-13,22.06,1100.395,18702.0
2019-12-16,22.52,1123.3407,94544.0
2019-12-17,22.5,1122.3431,60644.0
2019-12-18,22.47,1120.8466,19427.0
2019-12-19,22.65,1134.4316,123309.0
2019-12-20,24.65,1234.6022,366422.0
2019-12-23,24.2,1212.0638,214876.0
2019-12-24,23.9,1197.0382,517696.0
2019-12-26,23.8,1192.0297,176999.0
2019-12-27,24.1,1207.0553,427261.0
2019-12-30,24.0,1202.0468,121097.0
2019-12-31,24.02,1203.0485,109345.0
2020-01-02,23.63,1183.5152,417824.0
2020-01-03,23.44,1173.999,30248.0
2020-01-06,23.27,1165.4845,93251.0
2020-01-07,23.1,1156.97,38683.0
2020-01-08,23.07,1155.4675,353705.0
2020-01-09,23.2,1161.9785,209757.0
2020-01-10,26.09,1306.725,834977.0
2020-01-13,28.51,1427.9314,565653.0
2020-01-14,27.0,1352.3026,567093.0
2020-01-15,27.7,1387.3623,413462.0
2020-01-16,28.61,1432.9399,668824.0
2020-01-17,28.67,1435.945,353613.0
2020-01-21,28.59,1431.9382,241301.0
2020-01-22,29.12,1458.4834,324096.0
2020-01-23,28.79,1441.9553,114550.0
2020-01-24,28.94,1449.4681,174696.0
2020-01-27,28.71,1437.9484,157170.0
2020-01-28,28.81,1442.957,96356.0
2020-01-29,28.78,1441.4544,160236.0
2020-01-30,28.75,1439.9519,248262.0
2020-01-31,27.96,1400.3845,137461.0
2020-02-03,28.66,1435.4442,167952.0
2020-02-04,29.21,1462.9911,214075.0
2020-02-05,29.46,1475.5124,155249.0
2020-02-06,28.26,1415.4101,247502.0
2020-02-07,27.55,1412.2193,768022.0
2020-02-10,29.105,1491.9289,293594.0
2020-02-11,28.99,1486.034,475347.0
2020-02-12,29.04,1488.597,411351.0
2020-02-13,28.69,1470.6559,296814.0
2020-02-14,28.02,1436.3116,363431.0
2020-02-18,27.53,1411.1941,275779.0
2020-02-19,27.56,1412.7319,235659.0
2020-02-20,27.86,1428.11,324649.0
2020-02-21,27.74,1421.9587,341919.0
2020-02-24,26.95,1381.4631,280367.0
2020-02-25,26.37,1351.7322,287639.0
2020-02-26,26.53,1359.9338,257267.0
2020-02-27,25.755,1320.2072,524530.0
2020-02-28,25.38,1300.9846,396055.0
2020-03-02,26.15,1340.455,295357.0
2020-03-03,26.095,1337.6356,308072.0
2020-03-04,26.67,1367.1103,393242.0
2020-03-05,25.89,1327.1273,534013.0
2020-03-06,25.26,1294.8334,397346.0
2020-03-09,23.04,1181.0357,557248.0
2020-03-10,24.38,1249.7244,385234.0
2020-03-11,24.24,1242.5479,521198.0
2020-03-12,22.2,1137.9771,692393.0
2020-03-13,22.92,1174.8844,495587.0
2020-03-16,17.38,890.9028,1183387.0
2020-03-17,19.12,980.0956,525638.0
2020-03-18,15.98,819.1384,363976.0
2020-03-19,16.1,825.2897,837259.0
2020-03-20,16.88,865.2726,465396.0
2020-03-23,16.77,859.634,646808.0
2020-03-24,18.81,964.2049,246399.0
2020-03-25,20.67,1059.5489,284656.0
2020-03-26,21.73,1113.8848,387625.0
2020-03-27,20.37,1044.1708,151902.0
2020-03-30,20.89,1070.8262,193007.0
2020-03-31,21.28,1090.8177,160032.0
2020-04-01,20.46,1048.7843,292734.0
2020-04-02,20.89,1070.8262,188362.0
2020-04-03,20.18,1034.4314,287458.0
2020-04-06,20.21,1035.9692,247799.0
2020-04-07,20.28,1039.5574,303132.0
2020-04-08,20.93,1072.8766,200333.0
2020-04-09,21.48,1101.0697,228234.0
2020-04-13,21.29,1091.3303,178720.0
2020-04-14,21.9,1122.599,153041.0
2020-04-15,21.61,1107.7335,169014.0
2020-04-16,21.6,1107.2209,177433.0
2020-04-17,21.77,1115.9352,178105.0
2020-04-20,21.69,1111.8343,111629.0
2020-04-21,20.98,1089.1903,115605.0
2020-04-22,21.46,1114.1098,102160.0
2020-04-23,21.62,1122.4163,207368.0
2020-04-24,21.7,1126.5695,207009.0
2020-04-27,22.23,1154.0848,232246.0
2020-04-28,22.77,1182.1193,332725.0
2020-04-29,23.47,1218.4602,204199.0
2020-04-30,22.9,1188.8683,216698.0
2020-05-01,22.23,1154.0848,124498.0
2020-05-04,22.33,1159.2764,237487.0
2020-05-05,22.47,1166.5446,291655.0
2020-05-06,22.02,1143.1825,169540.0
2020-05-07,22.38,1161.8722,552665.0
2020-05-08,25.42,1319.6957,751258.0
2020-05-11,25.65,1331.8415,332329.0
2020-05-12,23.98,1245.129,367819.0
2020-05-13,23.29,1209.3017,293169.0
2020-05-14,23.35,1212.4171,202913.0
2020-05-15,23.29,1209.3017,232321.0
2020-05-18,24.41,1267.4562,310088.0
2020-05-19,24.79,1287.1872,336953.0
2020-05-20,25.6,1329.2453,227166.0
2020-05-21,25.16,1306.3989,218988.0
2020-05-22,24.7,1282.5141,298220.0
2020-05-26,25.3,1313.6682,281853.0
2020-05-27,25.89,1344.3032,378056.0
2020-05-28,25.33,1315.226,209026.0
2020-05-29,25.96,1347.9379,776890.0
2020-06-01,26.55,1378.5728,344913.0
2020-06-02,27.46,1425.8233,499626.0
2020-06-03,27.73,1439.8427,388587.0
2020-06-04,27.75,1440.8812,381373.0
2020-06-05,28.61,1485.5355,609941.0
2020-06-08,29.71,1542.6515,911696.0
2020-06-09,29.62,1537.9784,388689.0
2020-06-10,29.1,1510.9781,358871.0
2020-06-11,28.02,1454.9006,765058.0
2020-06-12,29.22,1517.2089,419613.0
2020-06-15,31.29,1624.6909,1543850.0
2020-06-16,31.15,1617.4216,843527.0
2020-06-17,31.77,1649.6142,1673298.0
2020-06-18,31.42,1631.441,1293580.0
2020-06-19,32.31,1677.653,4284257.0
2020-06-22,31.03,1611.1907,1182615.0
2020-06-23,31.27,1623.6524,1397388.0
2020-06-24,30.61,1589.3828,643834.0
2020-06-25,31.03,1611.1907,948973.0
2020-06-26,28.12,1460.0929,6582702.0
2020-06-29,28.24,1466.3238,625436.0
2020-06-30,28.39,1474.1123,1040306.0
2020-07-01,27.94,1450.7467,792172.0
2020-07-02,27.48,1426.8618,420774.0
2020-07-06,27.95,1451.2659,488949.0
2020-07-07,27.53,1429.458,445364.0
2020-07-08,28.21,1464.7661,438022.0
2020-07-09,27.66,1436.208,462617.0
2020-07-10,27.64,1435.1696,303888.0
2020-07-13,27.13,1408.6885,319419.0
2020-07-14,27.7,1438.285,541725.0
2020-07-15,27.86,1446.5928,237709.0
2020-07-16,28.13,1460.6122,195679.0
2020-07-17,28.4,1474.6315,224588.0
2020-07-20,28.65,1487.6125,260632.0
2020-07-21,28.09,1458.5352,353275.0
2020-07-22,27.97,1452.3044,412917.0
2020-07-23,27.62,1434.1311,240478.0
2020-07-24,27.17,1410.7655,184210.0
2020-07-27,28.46,1477.747,196891.0
2020-07-28,28.14,1461.1314,344722.0
2020-07-29,29.58,1535.9014,273639.0
2020-07-30,29.73,1543.69,230185.0
2020-07-31,30.305,1573.5461,344993.0
2020-08-03,30.31,1573.8057,516526.0
2020-08-04,30.33,1574.8442,291514.0
2020-08-05,30.79,1598.7291,876282.0
2020-08-06,30.09,1562.3825,221817.0
2020-08-07,30.18,1567.0556,271634.0
2020-08-10,30.21,1568.6133,273620.0
2020-08-11,30.48,1582.6327,624409.0
2020-08-12,26.01,1350.534,2284914.0
2020-08-13,25.99,1349.4956,772775.0
2020-08-14,26.1,1355.2072,633108.0
2020-08-17,25.74,1336.5146,372124.0
2020-08-18,25.86,1342.7455,388240.0
2020-08-19,25.91,1345.3417,361760.0
2020-08-20,26.19,1359.8803,337289.0
2020-08-21,26.54,1378.0536,229990.0
2020-08-24,26.66,1384.2844,366356.0
2020-08-25,26.65,1383.7652,485734.0
2020-08-26,25.99,1349.4956,511619.0
2020-08-27,26.15,1357.8033,345081.0
2020-08-28,27.07,1405.5731,558482.0
2020-08-31,27.39,1436.237,498091.0
2020-09-01,27.07,1419.4574,363830.0
2020-09-02,27.315,1432.3043,459085.0
2020-09-03,25.84,1354.9604,428352.0
2020-09-04,25.54,1339.2294,258478.0
2020-09-08,25.31,1327.169,232957.0
2020-09-09,26.17,1372.2645,297175.0
2020-09-10,25.44,1333.9858,264382.0
2020-09-11,25.66,1345.5218,209840.0
2020-09-14,26.34,1381.1787,248017.0
2020-09-15,26.25,1376.4594,254983.0
2020-09-16,26.3,1379.0812,247011.0
2020-09-17,26.39,1383.8005,217499.0
2020-09-18,26.95,1413.165,539817.0
2020-09-21,25.905,1358.3688,344611.0
2020-09-22,26.04,1365.4477,358294.0
2020-09-23,25.13,1317.7305,249027.0
2020-09-24,25.42,1332.9371,201510.0
2020-09-25,25.71,1348.1436,212671.0
2020-09-28,26.49,1389.0442,233530.0
2020-09-29,26.8,1405.2995,175693.0
2020-09-30,26.4,1384.3249,286523.0
2020-10-01,26.16,1371.7401,158977.0
2020-10-02,25.83,1354.436,121877.0
2020-10-05,26.76,1403.202,229681.0
2020-10-06,26.51,1390.0929,188656.0
2020-10-07,27.03,1417.3599,167620.0
2020-10-08,27.61,1447.7731,130175.0
2020-10-09,27.71,1453.0167,96761.0
2020-10-12,27.92,1464.0284,217693.0
2020-10-13,27.85,1460.3579,133009.0
2020-10-14,27.45,1439.3832,130166.0
2020-10-15,27.66,1450.3949,105210.0
2020-10-16,27.29,1430.9934,154105.0
2020-10-19,26.69,1399.5315,126286.0
2020-10-20,26.515,1390.3551,139394.0
2020-10-21,26.15,1371.2157,155701.0
2020-10-22,26.76,1403.202,190089.0
2020-10-23,25.46,1335.0345,337532.0
2020-10-26,24.3,1274.2081,246819.0
2020-10-27,23.74,1244.8436,220313.0
2020-10-28,22.25,1166.7132,337878.0
2020-10-29,22.95,1203.4188,243048.0
2020-10-30,22.72,1191.3584,207642.0
2020-11-02,23.0,1206.0406,739858.0
2020-11-03,23.21,1217.0523,473108.0
2020-11-04,28.38,1488.1492,1195068.0
2020-11-05,28.69,1504.4046,387207.0
2020-11-06,27.97,1448.3461,417903.0
2020-11-09,27.7,1434.3649,489793.0
2020-11-10,27.775,1438.2486,367333.0
2020-11-11,28.495,1475.5317,336603.0
2020-11-12,28.55,1478.3798,239027.0
2020-11-13,29.53,1529.1262,342411.0
2020-11-16,29.49,1527.055,385501.0
2020-11-17,29.5,1527.5728,270285.0
2020-11-18,29.56,1530.6797,352663.0
2020-11-19,29.96,1551.3926,251138.0
2020-11-20,29.94,1550.3569,402508.0
2020-11-23,29.355,1520.0644,353538.0
2020-11-24,29.09,1506.3421,458605.0
2020-11-25,29.31,1517.7342,275708.0
2020-11-27,29.65,1535.3401,247032.0
2020-11-30,28.21,1460.7738,561108.0
2020-12-01,28.87,1494.95,345830.0
2020-12-02,29.14,1508.9312,230918.0
2020-12-03,29.67,1536.3757,246636.0
2020-12-04,30.63,1586.0866,294972.0
2020-12-07,30.95,1602.6569,261847.0
2020-12-08,30.92,1601.1034,185341.0
2020-12-09,30.34,1571.0698,202420.0
2020-12-10,30.43,1575.7302,138753.0
2020-12-11,29.92,1549.3213,298731.0
2020-12-14,29.24,1514.1094,311881.0
2020-12-15,29.9,1548.2856,544796.0
2020-12-16,29.93,1549.8391,378828.0
2020-12-17,29.95,1550.8747,340073.0
2020-12-18,30.49,1578.8371,695652.0
2020-12-21,29.97,1551.9104,263453.0
2020-12-22,29.8,1543.1074,192629.0
2020-12-23,30.19,1563.3024,307217.0
2020-12-24,30.52,1580.3905,115642.0
2020-12-28,30.53,1580.9084,198094.0
2020-12-29,30.53,1580.9084,294161.0
2020-12-30,30.47,1577.8014,319817.0
2020-12-31,31.66,1639.4222,390442.0
2021-01-04,31.05,1607.8351,242475.0
2021-01-05,31.16,1613.5311,215609.0
2021-01-06,31.89,1651.3321,334682.0
2021-01-07,32.19,1666.8667,620888.0
2021-01-08,31.88,1650.8142,261760.0
2021-01-11,32.1,1662.2063,185923.0
2021-01-12,32.41,1678.2588,270249.0
2021-01-13,32.54,1684.9904,268339.0
2021-01-14,32.67,1691.7221,184652.0
2021-01-15,32.35,1675.1518,249859.0
2021-01-19,32.47,1681.3657,177080.0
2021-01-20,33.68,1744.0221,307741.0
2021-01-21,33.76,1748.1646,262794.0
2021-01-22,34.21,1771.4666,345584.0
2021-01-25,34.7,1796.8398,304358.0
2021-01-26,33.79,1749.7181,203654.0
2021-01-27,32.24,1669.4558,237529.0
2021-01-28,31.8,1646.6717,179569.0
2021-01-29,31.0,1605.246,309593.0
2021-02-01,31.54,1633.2083,227924.0
2021-02-02,31.75,1644.0826,309701.0
2021-02-03,33.03,1710.3637,455394.0
2021-02-04,32.9,1703.632,209551.0
2021-02-05,31.95,1615.8812,364810.0
2021-02-08,33.8,1709.4455,420763.0
2021-02-09,33.9,1714.503,192884.0
2021-02-10,33.72,1705.3995,159173.0
2021-02-11,34.22,1730.6871,220329.0
2021-02-12,31.95,1615.8812,650854.0
2021-02-16,31.93,1614.8696,284691.0
2021-02-17,31.525,1594.3866,179639.0
2021-02-18,31.63,1599.6971,188557.0
2021-02-19,31.68,1602.2258,210249.0
2021-02-22,31.78,1607.2834,273025.0
2021-02-23,32.64,1650.7781,673549.0
2021-02-24,33.7,1704.3879,312561.0
2021-02-25,32.5,1643.6976,280659.0
2021-02-26,32.63,1650.2724,353311.0
2021-03-01,34.27,1733.2159,221827.0
2021-03-02,34.08,1723.6066,253129.0
2021-03-03,33.62,1700.3419,291619.0
2021-03-04,32.62,1649.7666,286021.0
2021-03-05,33.91,1715.0088,330865.0
2021-03-08,34.55,1747.377,337135.0
2021-03-09,34.32,1735.7446,313290.0
2021-03-10,35.7,1805.5386,279434.0
2021-03-11,35.81,1811.1019,268364.0
2021-03-12,36.46,1843.9758,237638.0
2021-03-15,37.1,1876.344,270583.0
2021-03-16,37.14,1878.367,251984.0
2021-03-17,38.3,1937.0344,381118.0
2021-03-18,38.23,1933.4941,422479.0
2021-03-19,38.55,1949.6782,1135084.0
2021-03-22,38.92,1968.3911,383441.0
2021-03-23,37.66,1904.6662,415485.0
2021-03-24,37.39,1891.0108,309784.0
2021-03-25,37.06,1874.321,325377.0
2021-03-26,38.17,1930.4596,340336.0
2021-03-29,37.47,1895.0569,490104.0
2021-03-30,37.94,1918.8273,291175.0
2021-03-31,39.06,1975.4716,313135.0
2021-04-01,39.595,2002.5294,289346.0
2021-04-05,40.0,2023.0124,352220.0
2021-04-06,39.36,1990.6442,177599.0
2021-04-07,39.34,1989.6327,201948.0
2021-04-08,39.58,2001.7708,488311.0
2021-04-09,39.68,2006.8283,275900.0
2021-04-12,40.03,2024.5297,811068.0
2021-04-13,39.53,1999.242,148346.0
2021-04-14,39.28,1957.1797,163537.0
2021-04-15,39.33,1959.6711,184123.0
2021-04-16,39.17,1951.6988,156966.0
2021-04-19,38.56,1921.3048,217174.0
2021-04-20,37.83,1884.9315,231692.0
2021-04-21,38.5,1918.3152,164226.0
2021-04-22,37.79,1882.9384,239949.0
2021-04-23,38.25,1905.8586,211838.0
2021-04-26,38.66,1926.2874,180443.0
2021-04-27,38.5,1918.3152,153878.0
2021-04-28,38.14,1900.3777,137864.0
2021-04-29,38.1,1898.3846,106339.0
2021-04-30,37.02,1844.5721,239815.0
2021-05-03,37.26,1856.5305,191891.0
2021-05-04,36.58,1822.6485,246632.0
2021-05-05,36.26,1806.7041,272757.0
2021-05-06,36.17,1802.2197,227908.0
2021-05-07,36.39,1817.1105,163946.0
2021-05-10,35.17,1756.1906,205727.0
2021-05-11,34.19,1707.255,167908.0
2021-05-12,33.65,1680.2904,194143.0
2021-05-13,34.57,1726.23,206440.0
2021-05-14,36.26,1810.6191,222633.0
2021-05-17,36.13,1804.1276,109248.0
2021-05-18,35.95,1795.1394,181220.0
2021-05-19,35.8,1787.6493,158869.0
2021-05-20,35.9,1792.6427,123647.0
2021-05-21,35.66,1780.6585,169925.0
2021-05-24,35.93,1794.1407,148395.0
2021-05-25,35.47,1771.1709,194177.0
2021-05-26,35.66,1780.6585,122933.0
2021-05-27,35.98,1796.6374,371784.0
2021-05-28,34.74,1734.7189,174501.0
2021-06-01,35.21,1758.188,195160.0
2021-06-02,36.28,1811.6177,456429.0
2021-06-03,36.41,1818.1092,108030.0
2021-06-04,36.69,1832.0908,97318.0
2021-06-07,37.0,1847.5705,167135.0
2021-06-08,36.85,1840.0803,129871.0
2021-06-09,36.31,1813.1158,157147.0
2021-06-10,36.41,1818.1092,90527.0
2021-06-11,36.65,1830.0935,83069.0
2021-06-14,36.24,1809.6204,126242.0
2021-06-15,36.18,1806.6243,196171.0
2021-06-16,35.76,1785.6519,126076.0
2021-06-17,35.39,1767.1762,174633.0
2021-06-18,34.26,1710.7504,322209.0
2021-06-21,34.93,1744.2064,222768.0
2021-06-22,34.02,1698.7661,196987.0
2021-06-23,34.34,1714.7451,178610.0
2021-06-24,35.37,1766.1775,126803.0
2021-06-25,36.01,1798.1355,781966.0
2021-06-28,35.53,1774.167,118787.0
2021-06-29,35.39,1767.1762,93705.0
2021-06-30,35.18,1756.69,218144.0
2021-07-01,35.46,1770.6716,122920.0
2021-07-02,35.41,1768.1749,143894.0
2021-07-06,34.6,1727.7281,142169.0
2021-07-07,34.28,1711.7491,146635.0
2021-07-08,33.8,1687.7806,140618.0
2021-07-09,34.56,1725.7307,384922.0
2021-07-12,33.59,1677.2944,165802.0
2021-07-13,32.95,1645.3364,229510.0
2021-07-14,34.45,1720.2379,255968.0
2021-07-15,34.55,1725.2313,265675.0
2021-07-16,34.14,1704.7583,267566.0
2021-07-19,34.93,1744.2064,297907.0
2021-07-20,34.83,1739.213,248283.0
2021-07-21,35.13,1754.1933,131063.0
2021-07-22,34.42,1718.7399,94538.0
2021-07-23,35.1,1752.6952,69507.0
2021-07-26,35.28,1761.6834,99249.0
2021-07-27,34.97,1746.2038,116096.0
2021-07-28,35.71,1783.1552,118188.0
2021-07-29,37.35,1865.0475,188789.0
2021-07-30,38.04,1899.5022,186929.0
2021-08-02,37.46,1870.5403,177493.0
2021-08-03,37.88,1891.5127,136345.0
2021-08-04,37.8,1887.5179,193394.0
2021-08-05,38.6,1927.4654,195143.0
2021-08-06,38.95,1944.9424,196271.0
2021-08-09,38.9,1942.4457,298093.0
2021-08-10,38.57,1925.9674,237530.0
2021-08-11,38.82,1938.451,361774.0
2021-08-12,38.33,1913.9831,321948.0
2021-08-13,36.3,1812.6164,303552.0
2021-08-16,37.06,1850.5665,251049.0
2021-08-17,36.57,1826.0987,203742.0
2021-08-18,35.62,1778.6611,118627.0
2021-08-19,34.76,1735.7176,161359.0
2021-08-20,35.64,1779.6598,155605.0
2021-08-23,35.93,1794.1407,122578.0
2021-08-24,35.49,1772.1696,144236.0
2021-08-25,35.59,1777.1631,147375.0
2021-08-26,34.97,1746.2038,248809.0
2021-08-27,35.73,1807.5974,302719.0
2021-08-30,35.5,1795.9615,254554.0
2021-08-31,36.54,1848.5756,525427.0
2021-09-01,37.54,1899.1661,176814.0
2021-09-02,37.84,1914.3432,149810.0
2021-09-03,38.0,1922.4377,151188.0
2021-09-07,36.72,1857.6819,112963.0
2021-09-08,36.33,1837.9516,118717.0
2021-09-09,36.48,1845.5402,110932.0
2021-09-10,36.59,1851.1052,141092.0
2021-09-13,37.13,1878.424,110866.0
2021-09-14,36.07,1824.7981,127212.0
2021-09-15,36.44,1843.5166,120982.0
2021-09-16,36.43,1843.0107,97671.0
2021-09-17,37.25,1884.4949,464723.0
2021-09-20,36.32,1837.4457,211479.0
2021-09-21,36.67,1855.1524,258464.0
2021-09-22,37.74,1909.2842,163748.0
2021-09-23,37.5,1897.1425,154012.0
2021-09-24,37.3,1887.0244,106823.0
2021-09-27,37.88,1916.3669,139932.0
2021-09-28,37.3,1887.0244,126943.0
2021-09-29,36.7,1856.6701,90046.0
2021-09-30,36.57,1850.0933,126909.0
2021-10-01,37.35,1889.5539,89050.0
2021-10-04,36.88,1865.7764,78767.0
2021-10-05,37.28,1886.0126,75895.0
2021-10-06,36.52,1847.5638,143122.0
2021-10-07,37.3,1887.0244,141294.0
2021-10-08,36.88,1865.7764,51223.0
2021-10-11,36.99,1871.3413,59536.0
2021-10-12,35.88,1815.1859,101653.0
2021-10-13,35.8,1811.1387,111058.0
2021-10-14,35.96,1819.2332,163605.0
2021-10-15,35.44,1792.9261,329374.0
2021-10-18,34.97,1769.1486,128743.0
2021-10-19,35.24,1782.808,129119.0
2021-10-20,35.35,1788.373,129635.0
2021-10-21,35.37,1789.3848,120282.0
2021-10-22,35.3,1785.8434,102441.0
2021-10-25,35.33,1787.3612,113535.0
2021-10-26,35.45,1793.432,370024.0
2021-10-27,35.31,1786.3494,107326.0
2021-10-28,35.44,1792.9261,183151.0
2021-10-29,35.39,1790.3966,337119.0
2021-11-01,36.65,1854.1406,154083.0
2021-11-02,37.06,1874.8827,173490.0
2021-11-03,41.87,2118.2228,858655.0
2021-11-04,46.97,2376.2342,1179002.0
2021-11-05,46.58,2379.1116,725664.0
2021-11-08,45.04,2300.4548,257810.0
2021-11-09,44.84,2290.2397,180156.0
2021-11-10,43.82,2238.1423,233313.0
2021-11-11,44.31,2263.1695,117838.0
2021-11-12,43.69,2231.5025,93821.0
2021-11-15,43.09,2200.857,158401.0
2021-11-16,44.01,2247.8468,255999.0
2021-11-17,42.5,2170.7223,144728.0
2021-11-18,42.86,2189.1096,160021.0
2021-11-19,42.18,2154.378,184977.0
2021-11-22,42.17,2153.8672,168377.0
2021-11-23,41.78,2133.9477,132674.0
2021-11-24,41.96,2143.1413,107923.0
2021-11-26,40.43,2064.9953,188360.0
2021-11-29,40.63,2075.2105,207186.0
2021-11-30,41.4,2114.5389,354801.0
2021-12-01,42.43,2167.147,335076.0
2021-12-02,42.84,2188.088,176222.0
2021-12-03,43.23,2208.0076,188856.0
2021-12-06,42.7,2180.9374,201186.0
2021-12-07,43.88,2241.2069,166434.0
2021-12-08,43.73,2233.5455,152866.0
2021-12-09,42.44,2167.6577,148997.0
2021-12-10,42.87,2189.6203,219221.0
2021-12-13,41.91,2140.5875,145880.0
2021-12-14,41.63,2126.2863,140921.0
2021-12-15,42.38,2164.5932,223942.0
2021-12-16,41.6,2124.754,279586.0
2021-12-17,40.94,2091.044,405206.0
2021-12-20,41.28,2108.4098,354110.0
2021-12-21,42.63,2177.3621,173075.0
2021-12-22,42.59,2175.3191,188818.0
2021-12-23,42.72,2181.9589,126009.0
2021-12-27,44.76,2286.1536,324665.0
2021-12-28,44.17,2256.0189,140832.0
2021-12-29,45.55,2326.5035,250036.0
2021-12-30,44.68,2282.0675,136334.0
2021-12-31,43.95,2244.7822,92483.0
2022-01-03,45.62,2330.0788,252215.0
2022-01-04,47.14,2407.7141,305462.0
2022-01-05,45.36,2316.7991,296313.0
2022-01-06,45.1,2303.5194,154820.0
2022-01-07,44.08,2251.4221,135990.0
2022-01-10,44.18,2256.5296,169455.0
2022-01-11,44.91,2293.815,205260.0
2022-01-12,44.84,2290.2397,186061.0
2022-01-13,45.29,2313.2238,167721.0
2022-01-14,45.57,2327.525,303801.0
2022-01-18,46.17,2358.1705,258073.0
2022-01-19,42.15,2152.8457,404715.0
2022-01-20,42.3,2160.5071,233065.0
2022-01-21,41.01,2094.6193,212376.0
2022-01-24,40.94,2091.044,235391.0
2022-01-25,39.45,2014.941,177747.0
2022-01-26,39.01,1992.4677,166070.0
2022-01-27,38.82,1982.7633,156282.0
2022-01-28,40.15,2050.6941,190033.0
2022-01-31,40.52,2069.5921,243808.0
2022-02-01,41.7,2129.8616,624912.0
2022-02-02,43.81,2237.6316,862936.0
2022-02-03,39.31,2007.7904,611870.0
2022-02-04,38.2,1969.7187,354161.0
2022-02-07,38.01,1959.9216,282927.0
2022-02-08,38.5,1985.1877,208356.0
2022-02-09,38.65,1992.9222,220295.0
2022-02-10,38.57,1988.7971,287091.0
2022-02-11,38.06,1962.4998,184946.0
2022-02-14,38.07,1963.0154,158226.0
2022-02-15,39.73,2048.6105,199492.0
2022-02-16,39.76,2050.1574,138332.0
2022-02-17,38.85,2003.2348,129725.0
2022-02-18,39.16,2019.2195,271263.0
2022-02-22,39.18,2020.2507,373721.0
2022-02-23,39.03,2012.5162,280541.0
2022-02-24,39.19,2020.7664,232171.0
2022-02-25,40.17,2071.2984,317614.0
2022-02-28,39.29,2025.9227,312733.0
2022-03-01,39.9,2057.3763,362253.0
2022-03-02,42.17,2174.425,260988.0
2022-03-03,42.11,2171.3312,171113.0
2022-03-04,41.57,2143.487,174980.0
2022-03-07,40.44,2085.2205,225628.0
2022-03-08,40.48,2087.283,273802.0
2022-03-09,41.6,2145.0339,151942.0
2022-03-10,41.18,2123.3774,176377.0
2022-03-11,41.59,2144.5183,158564.0
2022-03-14,40.52,2089.3456,199791.0
2022-03-15,41.82,2156.3779,158697.0
2022-03-16,42.75,2204.3318,199889.0
2022-03-17,41.94,2162.5655,126164.0
2022-03-18,42.89,2211.5506,329374.0
2022-03-21,42.99,2216.707,111489.0
2022-03-22,42.95,2214.6444,440992.0
2022-03-23,42.34,2183.1908,118895.0
2022-03-24,42.51,2191.9566,115037.0
2022-03-25,41.99,2165.1436,153448.0
2022-03-28,41.86,2158.4404,159246.0
2022-03-29,42.48,2190.4097,242314.0
2022-03-30,39.58,2040.876,335939.0
2022-03-31,38.07,1963.0154,295321.0
2022-04-01,37.92,1955.2809,242288.0
2022-04-04,37.74,1945.9995,213125.0
2022-04-05,36.4,1876.9047,141009.0
2022-04-06,35.35,1822.7632,186376.0
2022-04-07,35.4,1825.3414,180373.0
2022-04-08,35.31,1820.7007,262699.0
2022-04-11,35.19,1814.5131,164476.0
2022-04-12,34.83,1795.9503,138656.0
2022-04-13,35.6,1846.3775,107280.0
2022-04-14,36.52,1894.0929,290446.0
2022-04-18,36.61,1898.7607,272028.0
2022-04-19,44.65,2315.7515,1652207.0
2022-04-20,45.05,2336.4973,563419.0
2022-04-21,42.72,2215.653,632473.0
2022-04-22,42.36,2196.9817,363958.0
2022-04-25,42.78,2218.7649,178395.0
2022-04-26,41.25,2139.4121,245616.0
2022-04-27,41.64,2159.6393,229351.0
2022-04-28,42.98,2229.1378,206211.0
2022-04-29,42.1,2183.497,246015.0
2022-05-02,42.4,2199.0563,324226.0
2022-05-03,43.23,2242.1039,411167.0
2022-05-04,56.72,2941.7565,2574504.0
2022-05-05,53.04,2750.895,856037.0
2022-05-06,51.21,2658.151,755231.0
2022-05-09,49.17,2552.2609,460529.0
2022-05-10,51.08,2651.4031,412213.0
2022-05-11,49.35,2561.6042,350127.0
2022-05-12,51.14,2654.5175,478760.0
2022-05-13,52.35,2717.3248,415267.0
2022-05-16,52.59,2729.7825,302558.0
2022-05-17,54.08,2807.1237,391079.0
2022-05-18,52.37,2718.3629,341311.0
2022-05-19,50.39,2615.5873,402464.0
2022-05-20,49.76,2582.886,449967.0
2022-05-23,49.33,2560.566,282345.0
2022-05-24,47.45,2462.9811,505723.0
2022-05-25,48.77,2531.4982,316959.0
2022-05-26,49.26,2556.9326,339225.0
2022-05-27,49.47,2567.833,290706.0
2022-05-31,50.06,2598.4581,584983.0
2022-06-01,51.7,2683.5853,655838.0
2022-06-02,55.49,2880.3124,889461.0
2022-06-03,54.81,2845.0157,570152.0
2022-06-06,54.99,2854.3589,640639.0
2022-06-07,56.19,2916.6472,502424.0
2022-06-08,54.27,2816.986,441943.0
2022-06-09,50.19,2605.206,471108.0
2022-06-10,48.75,2530.4601,427912.0
2022-06-13,46.88,2433.3942,615942.0
2022-06-14,46.42,2409.517,298448.0
2022-06-15,47.21,2450.5235,374900.0
2022-06-16,42.91,2227.3239,606780.0
2022-06-17,43.12,2238.2244,568265.0
2022-06-21,45.03,2337.3665,401263.0
2022-06-22,43.38,2251.7202,388938.0
2022-06-23,41.65,2161.9213,475718.0
2022-06-24,42.7,2216.4235,1697975.0
2022-06-27,43.28,2246.5295,357693.0
2022-06-28,41.8,2169.7073,331167.0
2022-06-29,41.12,2134.4106,406887.0
2022-06-30,40.35,2094.4423,446380.0
2022-07-01,39.13,2031.1159,799646.0
2022-07-05,38.99,2023.849,401769.0
2022-07-06,39.1,2029.5587,350080.0
2022-07-07,40.38,2095.9995,331263.0
2022-07-08,40.46,2100.1521,230733.0
2022-07-11,40.36,2094.9614,218723.0
2022-07-12,40.68,2111.5716,251828.0
2022-07-13,41.1,2133.3725,221228.0
2022-07-14,41.05,2130.7771,257142.0
2022-07-15,42.16,2188.3938,378878.0
2022-07-18,42.5,2206.0421,373157.0
2022-07-19,43.76,2271.4448,326738.0
2022-07-20,45.57,2365.3962,479007.0
2022-07-21,51.63,2679.9519,2105882.0
2022-07-22,50.72,2632.7166,621677.0
2022-07-25,52.48,2724.0727,443945.0
2022-07-26,51.7,2683.5853,405042.0
2022-07-27,51.38,2666.9751,417300.0
2022-07-28,53.13,2757.8122,380335.0
2022-07-29,54.01,2803.4902,548187.0
2022-08-01,55.24,2867.3357,530297.0
2022-08-02,56.16,2915.09,422432.0
2022-08-03,57.25,2971.6685,439959.0
2022-08-04,59.13,3069.2534,509811.0
2022-08-05,59.09,3067.1771,573736.0
2022-08-08,61.09,3170.9909,731545.0
2022-08-09,58.19,3020.4609,753780.0
2022-08-10,63.73,3308.025,1748953.0
2022-08-11,64.22,3333.4594,755516.0
2022-08-12,65.31,3390.0379,1032551.0
2022-08-15,67.03,3479.3177,641740.0
2022-08-16,66.12,3432.0824,598765.0
2022-08-17,67.61,3509.4237,722237.0
2022-08-18,71.96,3735.2186,1150278.0
2022-08-19,69.83,3624.6569,726938.0
2022-08-22,67.95,3527.072,829181.0
2022-08-23,67.67,3512.5381,416859.0
2022-08-24,70.29,3648.5341,787098.0
2022-08-25,74.37,3860.3141,813353.0
2022-08-26,69.82,3624.1379,745978.0
2022-08-29,69.26,3625.5559,765676.0
2022-08-30,64.6,3381.6187,890521.0
2022-08-31,65.08,3406.7453,938077.0
2022-09-01,63.3,3313.5676,845157.0
2022-09-02,64.54,3378.4779,579166.0
2022-09-06,61.58,3223.5307,592956.0
2022-09-07,63.31,3314.091,577769.0
2022-09-08,64.98,3401.5106,382448.0
2022-09-09,66.88,3500.97,457126.0
2022-09-12,66.66,3489.4536,551766.0
2022-09-13,63.42,3319.8492,503125.0
2022-09-14,64.38,3370.1024,402308.0
2022-09-15,65.36,3421.4025,536570.0
2022-09-16,62.3,3261.2205,753449.0
2022-09-19,57.97,3034.5579,1036033.0
2022-09-20,55.8,2920.9648,740738.0
2022-09-21,55.03,2880.6576,587790.0
2022-09-22,54.19,2836.686,541729.0
2022-09-23,53.43,2796.9023,642180.0
2022-09-26,52.15,2729.8981,433058.0
2022-09-27,53.5,2800.5666,284718.0
2022-09-28,55.65,2913.1127,356785.0
2022-09-29,54.45,2850.2963,253088.0
2022-09-30,55.07,2882.7514,565211.0
2022-10-03,57.07,2987.4455,456552.0
2022-10-04,60.27,3154.956,559808.0
2022-10-05,60.47,3165.4254,656200.0
2022-10-06,61.45,3216.7255,398129.0
2022-10-07,58.93,3084.811,473860.0
2022-10-10,56.25,2944.5209,381428.0
2022-10-11,55.74,2917.824,359582.0
2022-10-12,52.42,2744.0318,443767.0
2022-10-13,55.15,2886.9392,567802.0
2022-10-14,54.02,2827.787,373069.0
2022-10-17,56.12,2937.7158,352234.0
2022-10-18,55.36,2897.9321,344832.0
2022-10-19,55.59,2909.9719,261700.0
2022-10-20,61.34,3210.9674,1791306.0
2022-10-21,64.53,3377.9544,993458.0
2022-10-24,63.01,3298.3869,516718.0
2022-10-25,67.04,3509.3455,650607.0
2022-10-26,65.65,3436.5831,400904.0
2022-10-27,66.82,3497.8291,535841.0
2022-10-28,68.72,3597.2885,488982.0
2022-10-31,69.59,3642.8304,647542.0
2022-11-01,71.86,3761.6582,914464.0
2022-11-02,80.84,4231.7346,3850915.0
2022-11-03,79.7,4172.059,1173424.0
2022-11-04,76.63,4055.4808,1196246.0
2022-11-07,77.15,4083.0007,621525.0
2022-11-08,78.31,4144.3912,740033.0
2022-11-09,76.49,4048.0716,595324.0
2022-11-10,80.72,4271.9354,796588.0
2022-11-11,83.47,4417.4733,1395021.0
2022-11-14,81.93,4335.972,848245.0
2022-11-15,86.89,4598.4696,1198059.0
2022-11-16,82.17,4348.6735,981415.0
2022-11-17,87.02,4605.3495,1029853.0
2022-11-18,86.49,4577.3004,933410.0
2022-11-21,83.91,4440.7594,526844.0
2022-11-22,87.72,4642.3956,702009.0
2022-11-23,91.22,4827.6257,890071.0
2022-11-25,93.87,4967.8713,641752.0
2022-11-28,92.5,4895.367,964749.0
2022-11-29,91.49,4841.9148,916915.0
2022-11-30,90.23,4775.232,1240876.0
2022-12-01,90.51,4790.0504,810831.0
2022-12-02,86.7,4588.4142,843690.0
2022-12-05,83.31,4409.0056,840992.0
2022-12-06,86.28,4566.1866,991664.0
2022-12-07,86.1,4556.6605,667360.0
2022-12-08,85.61,4530.7283,1030782.0
2022-12-09,84.02,4446.5809,662460.0
2022-12-12,89.16,4718.6045,725283.0
2022-12-13,90.01,4763.589,839860.0
2022-12-14,90.04,4765.1767,1012105.0
2022-12-15,80.58,4264.5262,1661682.0
2022-12-16,80.73,4272.4646,1328133.0
2022-12-19,78.29,4143.3327,1134329.0
2022-12-20,83.31,4409.0056,3338572.0
2022-12-21,83.87,4438.6424,8430988.0
2022-12-22,82.0,4339.6767,1299542.0
2022-12-23,82.19,4349.732,966232.0
2022-12-27,82.89,4386.778,790164.0
2022-12-28,80.6,4265.5846,899849.0
2022-12-29,81.91,4334.9136,864433.0
2022-12-30,82.1,4344.9689,639186.0
2023-01-03,83.86,4438.1132,815179.0
2023-01-04,82.25,4352.9074,1449568.0
2023-01-05,80.25,4247.0616,1097826.0
2023-01-06,84.39,4466.1623,1033050.0
2023-01-09,84.77,4486.273,2621575.0
2023-01-10,78.37,4147.5666,4158299.0
2023-01-11,75.61,4001.4994,2121399.0
2023-01-12,80.45,4257.6462,1080338.0
2023-01-13,80.58,4264.5262,667993.0
2023-01-17,84.83,4489.4484,1169808.0
2023-01-18,78.87,4174.028,1537605.0
2023-01-19,70.86,3750.1157,4910270.0
2023-01-20,71.98,3809.3893,1398970.0
2023-01-23,73.75,3903.0628,1182262.0
2023-01-24,78.25,4141.2158,1275859.0
2023-01-25,77.31,4091.4683,1044592.0
2023-01-26,76.27,4036.4285,719858.0
2023-01-27,74.3,3932.1704,904998.0
2023-01-30,72.13,3817.3278,1148257.0
2023-01-31,72.33,3827.9123,1571562.0
2023-02-01,79.74,4220.0709,3203281.0
2023-02-02,81.88,4333.3259,1518006.0
2023-02-03,84.34,4523.7579,1401063.0
2023-02-06,83.21,4463.1479,877843.0
2023-02-07,81.98,4397.1742,876341.0
2023-02-08,85.22,4570.9586,1757971.0
2023-02-09,87.0,4666.4327,2465694.0
2023-02-10,90.02,4828.417,1397942.0
2023-02-13,90.53,4855.7719,1081029.0
2023-02-14,92.88,4981.8046,1517265.0
2023-02-15,93.0,4988.2557,1052292.0
2023-02-16,95.88,5142.7307,1698017.0
2023-02-17,91.98,4933.5458,1386917.0
2023-02-21,88.06,4723.2881,1120128.0
2023-02-22,86.71,4650.878,871222.0
2023-02-23,94.27,5056.3749,1832800.0
2023-02-24,98.16,5265.0234,1945117.0
2023-02-27,101.13,5424.3258,1891141.0
2023-02-28,97.97,5254.8324,1741596.0
2023-03-01,102.0,5470.9901,1078651.0
2023-03-02,98.37,5276.2872,1319881.0
2023-03-03,97.83,5247.3232,996956.0
2023-03-06,98.3,5272.5326,826630.0
2023-03-07,98.51,5283.7964,966455.0
2023-03-08,102.35,5489.7631,1461045.0
2023-03-09,98.56,5286.4783,1165061.0
2023-03-10,92.76,4975.3828,1733337.0
2023-03-13,89.28,4788.7255,1282563.0
2023-03-14,92.47,4959.828,1067295.0
2023-03-15,91.75,4921.2092,1243328.0
2023-03-16,97.23,5215.1409,1545390.0
2023-03-17,95.5,5122.3486,1825582.0
2023-03-20,98.52,5284.3328,1540854.0
2023-03-21,108.25,5806.2224,2035195.0
2023-03-22,112.54,6036.3258,2449893.0
2023-03-23,114.0,6114.636,2061981.0
2023-03-24,110.83,5944.6062,1831960.0
2023-03-27,110.9,5948.3608,1768893.0
2023-03-28,102.78,5512.8271,2076072.0
2023-03-29,105.65,5666.7657,1382646.0
2023-03-30,103.34,5542.8639,1285652.0
2023-03-31,106.55,5715.0392,1256028.0
2023-04-03,112.72,6045.9804,1858735.0
2023-04-04,109.46,5871.1233,1740714.0
2023-04-05,108.03,5794.4222,839393.0
2023-04-06,100.69,5400.7254,3395917.0
2023-04-10,106.55,5715.0392,1319796.0
2023-04-11,104.68,5614.7377,1020955.0
2023-04-12,108.11,5798.7132,1495407.0
2023-04-13,108.24,5805.686,1229816.0
2023-04-14,109.15,5757.065,947036.0
2023-04-17,110.43,5824.578,795102.0
2023-04-18,115.88,6112.0357,1525078.0
2023-04-19,109.82,5792.4038,1536067.0
2023-04-20,108.01,5696.9363,1103965.0
2023-04-21,107.32,5660.5425,1098700.0
2023-04-24,98.59,5200.0828,4235080.0
2023-04-25,93.28,4920.0094,2171066.0
2023-04-26,94.89,5004.9281,1504274.0
2023-04-27,98.58,5199.5554,1000646.0
2023-04-28,105.43,5560.8554,1503695.0
2023-05-01,105.11,5543.9771,1584743.0
2023-05-02,104.43,5508.1109,2040892.0
2023-05-03,133.95,7065.1293,8162842.0
2023-05-04,136.4,7194.3533,2122826.0
2023-05-05,137.23,7202.996,2365928.0
2023-05-08,136.63,7171.5029,1487666.0
2023-05-09,132.25,6941.6033,1463649.0
2023-05-10,134.28,7048.155,1021094.0
2023-05-11,136.43,7161.0052,1092699.0
2023-05-12,134.5,7059.7024,792909.0
2023-05-15,137.84,7235.014,1001890.0
2023-05-16,145.84,7654.922,2289798.0
2023-05-17,154.31,8099.4995,2751332.0
2023-05-18,164.56,8637.5066,3278701.0
2023-05-19,164.19,8618.0858,2776445.0
2023-05-22,164.81,8650.6287,1753740.0
2023-05-23,161.91,8498.4121,1437546.0
2023-05-24,167.62,8798.1214,1551181.0
2023-05-25,206.86,10857.7699,7137200.0
2023-05-26,219.18,11504.4281,4989188.0
2023-05-30,234.1,12287.5564,4830031.0
2023-05-31,223.95,11754.7982,4416342.0
2023-06-01,231.02,12125.8919,2968897.0
2023-06-02,221.94,11649.2964,2731214.0
2023-06-05,223.66,11739.5766,1923141.0
2023-06-06,233.15,12237.6924,2071512.0
2023-06-07,239.78,12585.6911,4494762.0
2023-06-08,254.35,13350.4484,3530331.0
2023-06-09,261.66,13734.1393,3511276.0
2023-06-12,258.65,13576.149,3471158.0
2023-06-13,244.24,12819.7898,4520485.0
2023-06-14,247.77,13005.0742,2645576.0
2023-06-15,243.92,12802.9935,2198242.0
2023-06-16,230.77,12112.7698,3034647.0
2023-06-20,222.4,11673.4411,3366546.0
2023-06-21,219.91,11542.7447,2603561.0
2023-06-22,226.46,11886.5444,3938637.0
2023-06-23,216.06,11340.664,2513226.0
2023-06-26,216.5,11363.759,2840615.0
2023-06-27,226.17,11871.3227,2432466.0
2023-06-28,235.94,12384.1353,2666737.0
2023-06-29,235.93,12383.6104,2726553.0
2023-06-30,249.25,13082.7571,2552965.0
2023-07-03,249.2,13080.1327,1710932.0
2023-07-05,255.0,13384.566,2061574.0
2023-07-06,250.53,13149.9424,1759580.0
2023-07-07,260.01,13647.5333,2871218.0
2023-07-10,269.93,14168.2192,2511202.0
2023-07-11,270.95,14221.7574,2932737.0
2023-07-12,276.64,14520.417,2774204.0
2023-07-13,294.05,15434.2417,3065074.0
2023-07-14,295.38,15504.0514,3756939.0
2023-07-17,302.05,15854.1496,2552154.0
2023-07-18,318.4,16712.3365,2664700.0
2023-07-19,303.67,15939.181,4401737.0
2023-07-20,302.95,15901.3893,4929656.0
2023-07-21,303.15,15911.887,4018506.0
2023-07-24,309.37,16238.3654,2905989.0
2023-07-25,321.35,16867.1775,2351267.0
2023-07-26,317.36,16657.7485,2356039.0
2023-07-27,327.34,17181.5836,3228211.0
2023-07-28,334.5,17557.4012,2046186.0
2023-07-31,330.27,17335.3749,2356512.0
2023-08-01,337.56,17718.016,2070528.0
2023-08-02,319.61,16775.8476,2785374.0
2023-08-03,321.21,16859.8292,1493017.0
2023-08-04,338.09,17745.8349,3471533.0
2023-08-07,353.29,18543.66,3319169.0
2023-08-08,347.4,18234.5028,4552688.0
2023-08-09,266.13,13968.7629,11456716.0
2023-08-10,277.12,14545.6115,5663001.0
2023-08-11,254.43,13354.6475,5817493.0
2023-08-14,269.46,14143.5496,4994950.0
2023-08-15,264.22,13868.5099,2320087.0
2023-08-16,253.73,13317.9056,2494521.0
2023-08-17,244.06,12810.3418,2504086.0
2023-08-18,243.55,12783.5727,2739366.0
2023-08-21,252.64,13260.6931,2674229.0
2023-08-22,258.09,13546.7554,2766507.0
2023-08-23,277.61,14571.3308,4460116.0
2023-08-24,262.5,13778.2297,5783627.0
2023-08-25,253.96,13329.9779,4102616.0
2023-08-28,255.16,13392.9641,1974323.0
2023-08-29,261.63,13732.5647,3637097.0
2023-08-30,267.92,14062.7173,3483821.0
2023-08-31,275.08,14438.5349,6637173.0
2023-09-01,282.16,14810.1535,3753438.0
2023-09-05,280.28,14711.4751,3360315.0
2023-09-06,274.03,14383.422,2461312.0
2023-09-07,267.48,14039.6224,2922869.0
2023-09-08,280.66,14731.4207,2937247.0
2023-09-11,277.32,14556.1092,2953848.0
2023-09-12,267.68,14050.1201,2213784.0
2023-09-13,270.96,14222.2823,2581922.0
2023-09-14,270.77,14212.3095,2412713.0
2023-09-15,249.26,13083.282,4578564.0
2023-09-18,244.3,12822.9391,2611266.0
2023-09-19,247.74,13003.4995,2030210.0
2023-09-20,243.07,12758.3782,1571994.0
2023-09-21,231.54,12249.843,2551852.0
2023-09-22,235.75,12472.5895,1603856.0
2023-09-25,248.86,13166.174,2558939.0
2023-09-26,249.21,13184.6911,1989797.0
2023-09-27,257.54,13625.3976,2805612.0
2023-09-28,269.38,14251.804,2713311.0
2023-09-29,274.22,14507.8688,3360986.0
2023-10-02,288.86,15282.4119,3486550.0
2023-10-03,269.97,14283.0185,3789774.0
2023-10-04,280.4,14834.8275,3093093.0
2023-10-05,287.6,15215.7504,2857329.0
2023-10-06,289.67,15325.2657,2827920.0
2023-10-09,290.0,15342.7246,2430090.0
2023-10-10,310.31,16417.2444,5138452.0
2023-10-11,308.86,16340.5308,3699770.0
2023-10-12,293.21,15512.5527,4055455.0
2023-10-13,285.2,15088.7761,3798862.0
2023-10-16,291.69,15432.1357,2417622.0
2023-10-17,298.54,15794.5414,4287931.0
2023-10-18,285.03,15079.7821,3213244.0
2023-10-19,265.05,14022.7213,4021640.0
2023-10-20,248.58,13151.3603,3614164.0
2023-10-23,254.89,13485.1968,2947118.0
2023-10-24,262.615,13893.8953,2514940.0
2023-10-25,253.99,13437.5815,2238210.0
2023-10-26,239.46,12668.8581,3103877.0
2023-10-27,241.4,12771.4956,1811698.0
2023-10-30,236.62,12518.6052,2631287.0
2023-10-31,239.47,12669.3871,1931307.0
2023-11-01,252.27,13346.5832,3814989.0
2023-11-02,245.9,13009.5724,7467018.0
2023-11-03,255.0,13594.9532,5000080.0
2023-11-06,252.59,13466.4676,2523164.0
2023-11-07,254.38,13561.8988,1930462.0
2023-11-08,260.27,13875.9156,2128678.0
2023-11-09,264.88,14121.691,4015648.0
2023-11-10,266.03,14183.0016,2536800.0
2023-11-13,255.8,13637.604,2989163.0
2023-11-14,293.87,15667.2506,6250371.0
2023-11-15,287.78,15342.5711,3605455.0
2023-11-16,283.67,15123.4525,1833361.0
2023-11-17,288.59,15385.7551,2337289.0
2023-11-20,304.6,16239.3049,2912999.0
2023-11-21,289.85,15452.9301,2886118.0
2023-11-22,286.66,15282.8599,3975093.0
2023-11-24,285.67,15230.0795,965459.0
2023-11-27,290.37,15480.6532,2357031.0
2023-11-28,285.61,15226.8807,2332711.0
2023-11-29,287.63,15334.5741,3663363.0
2023-11-30,273.47,14579.6543,4083672.0
2023-12-01,269.63,14374.9303,4297581.0
2023-12-04,266.35,14876.5054,2959802.0
2023-12-05,262.96,14687.163,2559803.0
2023-12-06,253.42,14154.3233,2859854.0
2023-12-07,256.15,14306.8026,2399711.0
2023-12-08,272.65,15228.3807,3157504.0
2023-12-11,262.26,14648.0657,3135952.0
2023-12-12,265.37,14821.7693,2178323.0
2023-12-13,273.32,15265.8024,2735787.0
2023-12-14,294.4,16443.1883,4544096.0
2023-12-15,300.11,16762.1102,3752700.0
2023-12-18,322.19,17995.3493,5741008.0
2023-12-19,315.94,17646.2666,4014274.0
2023-12-20,302.08,16872.141,3122931.0
2023-12-21,304.18,16989.4328,2508423.0
2023-12-22,289.72,16181.7952,4439496.0
2023-12-26,294.33,16439.2785,2422059.0
2023-12-27,295.0,16476.7002,1411700.0
2023-12-28,291.45,16278.4213,1265106.0
2023-12-29,284.26,15876.8366,2104416.0
