,STT US Equity,STT US Equity,STT US Equity
,PX_LAST,CUR_MKT_CAP,PX_VOLUME
2014-01-02,73.16,32117.3293,1733439.0
2014-01-03,74.7,32793.3912,2059539.0
2014-01-06,74.69,32789.0012,2520841.0
2014-01-07,75.24,33030.4518,1521808.0
2014-01-08,75.05,32947.0416,1508687.0
2014-01-09,75.35,33078.742,1298846.0
2014-01-10,74.88,32872.4114,1391996.0
2014-01-13,72.93,32016.359,2042732.0
2014-01-14,73.47,32253.4197,1514055.0
2014-01-15,74.32,32626.5707,2084706.0
2014-01-16,73.72,32363.17,1281459.0
2014-01-17,73.5,32266.5897,2353459.0
2014-01-21,74.17,32560.7205,1866410.0
2014-01-22,75.15,32990.9417,1868191.0
2014-01-23,72.76,31941.7288,2607351.0
2014-01-24,69.52,30180.6203,5519713.0
2014-01-27,68.3,29650.9835,4251184.0
2014-01-28,68.88,29902.778,3583304.0
2014-01-29,67.6,29347.0934,4065528.0
2014-01-30,68.24,29624.9357,3082027.0
2014-01-31,66.95,29064.9098,3857562.0
2014-02-03,64.6,28044.7076,5548361.0
2014-02-04,65.46,28418.0582,2955185.0
2014-02-05,64.34,27931.8342,3961209.0
2014-02-06,65.92,28617.7574,2327236.0
2014-02-07,68.23,29620.5945,4661291.0
2014-02-10,68.16,29590.2054,2665315.0
2014-02-11,68.75,29846.3413,1651003.0
2014-02-12,68.8,29868.0478,1670354.0
2014-02-13,68.5,29737.8092,2540122.0
2014-02-14,68.81,29872.389,2704631.0
2014-02-18,68.22,29616.2532,3031184.0
2014-02-19,68.05,29542.4513,2938055.0
2014-02-20,67.82,29442.6017,1868503.0
2014-02-21,68.52,29575.6016,2970874.0
2014-02-24,69.07,29813.0006,2339854.0
2014-02-25,67.87,29295.0391,2246177.0
2014-02-26,67.41,29096.4872,3216137.0
2014-02-27,67.39,29087.8545,3414523.0
2014-02-28,65.67,28345.443,7469795.0
2014-03-03,65.2,28142.5748,2822088.0
2014-03-04,66.41,28664.8526,2620769.0
2014-03-05,66.5,28703.6997,2100503.0
2014-03-06,67.73,29234.6103,3306852.0
2014-03-07,68.14,29411.5805,2833860.0
2014-03-10,68.2,29437.4785,1426741.0
2014-03-11,66.83,28846.1391,2628808.0
2014-03-12,66.16,28556.944,2357088.0
2014-03-13,64.48,27831.7979,4026601.0
2014-03-14,64.73,27939.7065,2164438.0
2014-03-17,65.44,28246.1671,2013184.0
2014-03-18,65.34,28203.0036,2288406.0
2014-03-19,66.15,28552.6276,3253550.0
2014-03-20,68.0,29351.1516,3823483.0
2014-03-21,68.81,29700.7756,6591505.0
2014-03-24,70.21,30305.064,5065640.0
2014-03-25,70.16,30283.4823,2990842.0
2014-03-26,68.64,29627.3977,3182178.0
2014-03-27,68.49,29562.6526,4528399.0
2014-03-28,68.99,29778.4698,2526911.0
2014-03-31,69.55,30020.1852,2177723.0
2014-04-01,69.57,30028.8179,2030619.0
2014-04-02,69.28,29903.6439,2622790.0
2014-04-03,69.49,29969.0364,1542123.0
2014-04-04,68.25,29434.2601,3350532.0
2014-04-07,66.52,28688.1609,2644336.0
2014-04-08,65.92,28429.3981,3678050.0
2014-04-09,67.07,28925.36,2595184.0
2014-04-10,65.15,28097.3193,2548416.0
2014-04-11,63.76,27497.8523,3290051.0
2014-04-14,64.44,27791.1168,2549712.0
2014-04-15,64.35,27752.3023,3599298.0
2014-04-16,64.91,27993.8142,2182552.0
2014-04-17,65.53,28261.2024,1922332.0
2014-04-21,65.0,28032.6286,1572608.0
2014-04-22,65.36,28187.8863,2779595.0
2014-04-23,65.91,28425.0854,2260326.0
2014-04-24,65.73,28347.4566,3045350.0
2014-04-25,63.79,27510.7905,5063601.0
2014-04-28,63.49,27381.4091,4464660.0
2014-04-29,64.34,27747.9896,1670198.0
2014-04-30,64.56,27842.8693,2208781.0
2014-05-01,64.6,27860.1201,2037347.0
2014-05-02,65.36,28187.8863,2497001.0
2014-05-05,64.13,27657.4227,2323251.0
2014-05-06,63.55,27407.2854,4913597.0
2014-05-07,64.25,27709.1752,2179266.0
2014-05-08,64.96,28015.3778,2660709.0
2014-05-09,64.86,27917.143,1909727.0
2014-05-12,65.86,28347.5646,2415957.0
2014-05-13,65.59,28231.3508,3016175.0
2014-05-14,64.87,27921.4472,2637218.0
2014-05-15,63.21,27206.9474,4434559.0
2014-05-16,63.19,27198.339,4565058.0
2014-05-19,63.81,27465.2004,2430035.0
2014-05-20,63.23,27215.5559,3205326.0
2014-05-21,64.27,27663.1943,2240829.0
2014-05-22,64.69,27843.9714,1736662.0
2014-05-23,64.49,27757.887,1776311.0
2014-05-27,65.17,28050.5737,2117176.0
2014-05-28,64.83,27904.2304,2636894.0
2014-05-29,65.01,27981.7063,2257394.0
2014-05-30,65.27,28093.6159,2118866.0
2014-06-02,65.07,28007.5315,1590973.0
2014-06-03,65.79,28317.4351,2279145.0
2014-06-04,66.32,28545.5585,1965410.0
2014-06-05,66.43,28592.9049,2315095.0
2014-06-06,67.0,28838.2452,1831675.0
2014-06-09,67.21,28928.6337,1518399.0
2014-06-10,66.96,28821.0283,1531942.0
2014-06-11,66.48,28614.426,1463319.0
2014-06-12,66.23,28506.8206,1926288.0
2014-06-13,66.26,28519.7332,2100310.0
2014-06-16,66.09,28446.5615,2073768.0
2014-06-17,67.73,29152.4529,3688602.0
2014-06-18,67.82,29191.1909,2660382.0
2014-06-19,67.22,28932.9379,3163555.0
2014-06-20,67.8,29182.5824,1826635.0
2014-06-23,68.03,29281.5794,1136775.0
2014-06-24,67.55,29074.977,1665836.0
2014-06-25,68.03,29281.5794,1620518.0
2014-06-26,67.67,29126.6276,1845277.0
2014-06-27,66.82,28760.7693,2016362.0
2014-06-30,67.26,28950.1548,2169600.0
2014-07-01,67.66,29122.3234,1556402.0
2014-07-02,68.1,29311.7089,2374254.0
2014-07-03,68.84,29630.2209,1259879.0
2014-07-07,68.54,29501.0944,1367091.0
2014-07-08,67.79,29178.2782,1661007.0
2014-07-09,68.15,29333.23,2092565.0
2014-07-10,67.7,29139.5403,1458113.0
2014-07-11,67.61,29100.8023,1597668.0
2014-07-14,68.58,29518.3113,1994856.0
2014-07-15,69.11,29746.4347,2211147.0
2014-07-16,69.42,29879.8654,3062989.0
2014-07-17,69.12,29750.7389,2967311.0
2014-07-18,69.9,30086.4677,3713799.0
2014-07-21,69.75,30021.9045,2961800.0
2014-07-22,70.07,30159.6394,6265323.0
2014-07-23,70.29,30254.3321,2096397.0
2014-07-24,71.56,30800.9675,2846784.0
2014-07-25,71.45,30753.6212,2060874.0
2014-07-28,71.25,30667.5368,1292687.0
2014-07-29,71.02,30568.5399,1346910.0
2014-07-30,71.86,30930.094,1756123.0
2014-07-31,70.44,30318.8954,2459325.0
2014-08-01,69.96,30112.293,2124298.0
2014-08-04,70.47,30331.808,1951092.0
2014-08-05,69.62,29965.9497,1786787.0
2014-08-06,70.32,30267.2448,1945938.0
2014-08-07,69.69,29996.0792,2015967.0
2014-08-08,70.36,29798.8235,1323016.0
2014-08-11,70.3,29773.4123,1234341.0
2014-08-12,69.77,29548.947,2418034.0
2014-08-13,69.99,29642.1213,1817039.0
2014-08-14,70.17,29718.3548,1387085.0
2014-08-15,69.63,29489.6543,2053468.0
2014-08-18,70.19,29726.8252,1965459.0
2014-08-19,70.2,29731.0604,1411478.0
2014-08-20,70.44,29832.705,1676360.0
2014-08-21,70.77,29972.4664,1726709.0
2014-08-22,70.92,30035.9943,1747583.0
2014-08-25,71.75,30387.5154,1324503.0
2014-08-26,72.2,30578.0991,1771163.0
2014-08-27,71.61,30328.2227,1355734.0
2014-08-28,71.67,30353.6339,1171284.0
2014-08-29,72.03,30506.1008,1175824.0
2014-09-02,72.39,30658.5678,1609184.0
2014-09-03,72.31,30624.6863,1385706.0
2014-09-04,72.43,30675.5086,1984596.0
2014-09-05,72.66,30772.9181,1753032.0
2014-09-08,72.69,30785.6236,1445339.0
2014-09-09,71.55,30302.8115,1918914.0
2014-09-10,72.19,30573.8639,2078618.0
2014-09-11,72.92,30883.0331,2001539.0
2014-09-12,74.08,31374.3156,3165157.0
2014-09-15,74.3,31467.4898,2748856.0
2014-09-16,74.3,31467.4898,2252633.0
2014-09-17,74.81,31683.4847,2794989.0
2014-09-18,75.73,32073.1225,2394332.0
2014-09-19,74.84,31696.1903,3198220.0
2014-09-22,74.47,31539.4881,1386305.0
2014-09-23,73.94,31315.0229,1361667.0
2014-09-24,74.94,31738.5422,1778643.0
2014-09-25,73.86,31281.1413,1893938.0
2014-09-26,74.31,31471.725,1510569.0
2014-09-29,73.61,31175.2615,1299529.0
2014-09-30,73.61,31175.2615,1764227.0
2014-10-01,72.5,30705.155,1973568.0
2014-10-02,72.66,30772.9181,2776087.0
2014-10-03,73.59,31166.7911,1704872.0
2014-10-06,73.51,31132.9095,1412851.0
2014-10-07,71.27,30184.2261,2733297.0
2014-10-08,71.93,30463.7489,3567276.0
2014-10-09,69.11,29269.4243,4754223.0
2014-10-10,68.04,28816.2585,4238920.0
2014-10-13,66.9,28333.4464,2809460.0
2014-10-14,67.23,28473.2078,2865234.0
2014-10-15,65.81,27871.8103,4695717.0
2014-10-16,66.19,28032.7477,2564029.0
2014-10-17,67.38,28536.7357,3229416.0
2014-10-20,67.42,28553.6765,1461260.0
2014-10-21,68.97,29210.1315,1773980.0
2014-10-22,67.9,28756.9658,3219613.0
2014-10-23,68.94,29197.426,2012970.0
2014-10-24,71.88,30442.5729,3907400.0
2014-10-27,72.36,30645.8622,1951806.0
2014-10-28,72.95,30895.7387,2011854.0
2014-10-29,73.82,31264.2005,2560706.0
2014-10-30,73.55,31149.8503,2530426.0
2014-10-31,75.46,31958.7723,3036326.0
2014-11-03,75.86,32128.1801,1905955.0
2014-11-04,76.58,32433.114,2313648.0
2014-11-05,77.22,32704.1664,1352110.0
2014-11-06,77.85,32970.9836,1159243.0
2014-11-07,77.81,32954.0429,1789552.0
2014-11-10,78.12,32614.7329,1961014.0
2014-11-11,77.68,32431.0349,1888940.0
2014-11-12,77.45,32335.011,2162889.0
2014-11-13,76.48,31930.0406,3010342.0
2014-11-14,76.07,31758.8675,2536990.0
2014-11-17,75.67,31591.8694,2444132.0
2014-11-18,75.86,31671.1935,1712881.0
2014-11-19,75.88,31679.5434,1624789.0
2014-11-20,76.2,31813.1419,1881121.0
2014-11-21,76.57,31967.6151,2004905.0
2014-11-24,77.21,32234.8121,1508050.0
2014-11-25,77.19,32226.4622,1565104.0
2014-11-26,76.87,32092.8637,1060444.0
2014-11-28,76.73,32034.4144,608605.0
2014-12-01,76.02,31737.9927,1582243.0
2014-12-02,77.42,32322.4861,1875878.0
2014-12-03,78.35,32710.7568,1878865.0
2014-12-04,78.28,32681.5321,1765853.0
2014-12-05,79.28,33099.0274,1826416.0
2014-12-08,79.72,33282.7253,1705686.0
2014-12-09,79.6,33232.6259,1455641.0
2014-12-10,78.38,32723.2816,2454276.0
2014-12-11,78.2,32648.1325,2033139.0
2014-12-12,75.24,31412.3464,3498445.0
2014-12-15,75.42,31487.4955,2710617.0
2014-12-16,74.89,31266.223,2253037.0
2014-12-17,76.86,32088.6888,2216356.0
2014-12-18,79.47,33178.3515,2348151.0
2014-12-19,79.73,33286.9003,3583531.0
2014-12-22,79.66,33257.6756,1596652.0
2014-12-23,80.33,33537.3975,1640187.0
2014-12-24,80.07,33428.8487,599729.0
2014-12-26,79.9,33357.8745,596058.0
2014-12-29,79.91,33362.0494,789600.0
2014-12-30,79.21,33069.8027,935418.0
2014-12-31,78.5,32773.3811,1266418.0
2015-01-02,78.35,32710.7568,1421473.0
2015-01-05,77.05,32168.0129,3265100.0
2015-01-06,74.85,31249.5232,3254766.0
2015-01-07,75.55,31541.7699,2158230.0
2015-01-08,77.15,32209.7624,1590052.0
2015-01-09,76.03,31742.1677,2081694.0
2015-01-12,75.37,31466.6208,1809532.0
2015-01-13,75.19,31391.4716,2266255.0
2015-01-14,73.35,30623.2803,3231469.0
2015-01-15,72.78,30385.308,2370097.0
2015-01-16,73.66,30752.7038,2160174.0
2015-01-20,73.2,30560.656,2194920.0
2015-01-21,74.74,31203.5987,3808521.0
2015-01-22,77.09,32184.7127,4103768.0
2015-01-23,72.4,30226.6597,4844267.0
2015-01-26,73.28,30594.0556,5507981.0
2015-01-27,72.54,30285.1091,3500630.0
2015-01-28,71.28,29759.065,5427503.0
2015-01-29,71.8,29976.1626,2667907.0
2015-01-30,71.51,29855.0889,6286341.0
2015-02-02,72.98,30468.807,2609021.0
2015-02-03,74.62,31153.4993,3586377.0
2015-02-04,73.77,30798.6283,2922831.0
2015-02-05,74.69,31182.724,2024651.0
2015-02-06,76.12,31604.6556,3313539.0
2015-02-09,76.16,31621.2634,2728772.0
2015-02-10,77.27,32082.13,2231322.0
2015-02-11,76.99,31965.8754,1756020.0
2015-02-12,77.39,32131.9534,4828539.0
2015-02-13,76.93,31940.9637,2537196.0
2015-02-17,77.27,32082.13,3007934.0
2015-02-18,76.25,31658.6309,2122864.0
2015-02-19,76.54,31779.0375,2082086.0
2015-02-20,77.63,32005.3437,2418978.0
2015-02-23,77.1,31786.835,1790346.0
2015-02-24,78.21,32244.4664,2882276.0
2015-02-25,76.91,31708.5016,4417640.0
2015-02-26,74.81,30842.7124,5054574.0
2015-02-27,74.45,30694.2913,3095013.0
2015-03-02,75.57,31156.0456,3576367.0
2015-03-03,75.37,31073.5895,2137010.0
2015-03-04,75.13,30974.6422,2426390.0
2015-03-05,74.67,30784.9931,2365322.0
2015-03-06,72.81,30018.1512,6013480.0
2015-03-09,73.57,30331.4844,2678822.0
2015-03-10,71.34,29412.0987,3022482.0
2015-03-11,72.42,29857.3617,3838433.0
2015-03-12,73.67,30372.7125,3745096.0
2015-03-13,73.41,30265.5195,2741364.0
2015-03-16,74.9,30879.8176,2648656.0
2015-03-17,75.56,31151.9228,2200199.0
2015-03-18,75.13,30974.6422,2847625.0
2015-03-19,74.83,30850.958,3063610.0
2015-03-20,76.24,31432.2736,3356545.0
2015-03-23,75.57,31156.0456,1757941.0
2015-03-24,74.75,30817.9755,1854026.0
2015-03-25,73.27,30207.8002,2493836.0
2015-03-26,73.65,30364.4669,2727823.0
2015-03-27,73.47,30290.2564,1917627.0
2015-03-30,73.88,30459.2914,1847208.0
2015-03-31,73.53,30314.9932,2597416.0
2015-04-01,73.45,30282.0107,2480805.0
2015-04-02,73.97,30496.3967,1920633.0
2015-04-06,74.65,30776.9024,1634557.0
2015-04-07,75.2,31003.6579,2329591.0
2015-04-08,75.78,31242.7818,1934063.0
2015-04-09,76.22,31424.1862,1799944.0
2015-04-10,76.35,31477.7829,1699264.0
2015-04-13,76.65,31601.4678,1793075.0
2015-04-14,76.39,31494.2743,1584895.0
2015-04-15,76.53,31551.9938,1910697.0
2015-04-16,76.44,31514.8884,1177356.0
2015-04-17,75.68,31201.5535,2238212.0
2015-04-20,76.28,31448.9232,1148089.0
2015-04-21,76.67,31609.7134,2514634.0
2015-04-22,77.93,32129.1896,3248400.0
2015-04-23,78.19,32236.3831,2804057.0
2015-04-24,76.36,31481.9058,4179514.0
2015-04-27,76.93,31716.9069,3793337.0
2015-04-28,77.48,31943.6624,1890603.0
2015-04-29,77.65,32013.7504,1587869.0
2015-04-30,77.12,31795.2406,2143363.0
2015-05-01,77.65,32013.7504,1185715.0
2015-05-04,78.74,32463.1386,1654509.0
2015-05-05,78.75,32467.2614,3029259.0
2015-05-06,78.01,32162.1722,2650202.0
2015-05-07,78.17,32228.1374,1816245.0
2015-05-08,78.75,32419.7634,1360999.0
2015-05-11,78.02,32119.2373,2279053.0
2015-05-12,77.76,32012.2006,2210906.0
2015-05-13,78.0,32111.0037,1465980.0
2015-05-14,77.72,31995.7335,3376965.0
2015-05-15,77.85,32049.2518,1963113.0
2015-05-18,78.69,32395.0626,2278548.0
2015-05-19,79.11,32567.968,2036512.0
2015-05-20,78.95,32502.0993,1538579.0
2015-05-21,78.9,32481.5153,1412102.0
2015-05-22,78.62,32366.245,1470404.0
2015-05-26,77.61,31950.4487,2567923.0
2015-05-27,78.47,32304.4931,1799329.0
2015-05-28,79.12,32572.0848,2051194.0
2015-05-29,77.93,32082.1862,2597918.0
2015-06-01,77.44,31880.4632,2016625.0
2015-06-02,77.15,31761.0761,2261132.0
2015-06-03,78.35,32255.0916,2016607.0
2015-06-04,77.33,31835.1784,1648179.0
2015-06-05,78.52,32325.0771,2639133.0
2015-06-08,78.79,32436.2306,2375117.0
2015-06-09,79.15,32584.4352,1964310.0
2015-06-10,80.68,33214.3049,2756134.0
2015-06-11,80.84,33280.1736,1260191.0
2015-06-12,80.64,33197.8377,1999860.0
2015-06-15,79.82,32860.2605,1541775.0
2015-06-16,79.84,32868.4941,1752806.0
2015-06-17,79.49,32724.4062,1980068.0
2015-06-18,79.91,32897.3116,1763551.0
2015-06-19,78.95,32502.0993,3133033.0
2015-06-22,79.52,32736.7566,1955807.0
2015-06-23,79.9,32893.1948,1727561.0
2015-06-24,79.76,32835.5597,2429637.0
2015-06-25,78.66,32382.7122,1823606.0
2015-06-26,78.98,32514.4497,2453358.0
2015-06-29,76.29,31407.0317,2330288.0
2015-06-30,77.0,31699.3242,2507349.0
2015-07-01,77.43,31876.3464,1408430.0
2015-07-02,77.01,31703.441,1396019.0
2015-07-06,76.62,31542.886,1273397.0
2015-07-07,76.63,31547.0028,1929943.0
2015-07-08,74.6,30711.2933,1398283.0
2015-07-09,74.95,30855.3811,2543136.0
2015-07-10,75.97,31275.2943,2047502.0
2015-07-13,77.22,31789.8937,1741329.0
2015-07-14,77.54,31921.6311,1531695.0
2015-07-15,77.99,32106.8869,1288156.0
2015-07-16,79.3,32646.1871,2401812.0
2015-07-17,79.38,32679.1215,1447485.0
2015-07-20,79.8,32852.0269,1961576.0
2015-07-21,79.95,32913.7788,1938173.0
2015-07-22,80.82,33271.94,2157872.0
2015-07-23,79.71,32814.9757,2070054.0
2015-07-24,75.38,31032.4033,5198477.0
2015-07-27,74.83,30805.9796,3448796.0
2015-07-28,76.17,31357.6302,2740450.0
2015-07-29,76.42,31460.5501,1879711.0
2015-07-30,77.15,31761.0761,1232699.0
2015-07-31,76.56,31518.1852,1928868.0
2015-08-03,77.19,31777.5433,2011015.0
2015-08-04,78.15,32172.7557,2140003.0
2015-08-05,78.1,32152.1717,1668440.0
2015-08-06,78.35,32255.0916,2680266.0
2015-08-07,78.51,32040.9569,1448940.0
2015-08-10,79.53,32457.2323,2062464.0
2015-08-11,78.43,32008.3079,2038571.0
2015-08-12,77.21,31510.41,2943110.0
2015-08-13,77.55,31649.1684,1915063.0
2015-08-14,78.47,32024.6324,1496177.0
2015-08-17,78.13,31885.874,2034371.0
2015-08-18,78.38,31987.9022,1415099.0
2015-08-19,77.95,31812.4136,2289718.0
2015-08-20,75.92,30983.9441,2820795.0
2015-08-21,73.88,30151.3934,4060152.0
2015-08-24,69.46,28347.5337,4985774.0
2015-08-25,68.09,27788.4188,4179494.0
2015-08-26,70.77,28882.1618,3644194.0
2015-08-27,72.94,29767.7672,3134864.0
2015-08-28,73.11,29837.1464,2003942.0
2015-08-31,71.92,29351.4918,2616762.0
2015-09-01,69.68,28437.3186,3690199.0
2015-09-02,70.82,28902.5674,2249009.0
2015-09-03,71.45,29159.6787,2311190.0
2015-09-04,70.03,28580.1581,2448151.0
2015-09-08,72.22,29473.9257,2350038.0
2015-09-09,71.26,29082.1372,2209253.0
2015-09-10,71.62,29229.0579,2372754.0
2015-09-11,71.52,29188.2466,1981594.0
2015-09-14,71.3,29098.4617,1522680.0
2015-09-15,71.93,29355.573,3418293.0
2015-09-16,72.09,29420.871,2475464.0
2015-09-17,71.49,29176.0032,3090279.0
2015-09-18,69.0,28159.8017,4757863.0
2015-09-21,69.84,28502.6166,2551139.0
2015-09-22,68.61,28000.6376,3236041.0
2015-09-23,68.56,27980.2319,2372971.0
2015-09-24,67.73,27641.4981,3485352.0
2015-09-25,68.74,28053.6923,2718616.0
2015-09-28,66.39,27094.6266,3047097.0
2015-09-29,66.62,27188.4926,2432892.0
2015-09-30,67.21,27429.2793,2848832.0
2015-10-01,67.11,27388.468,2190738.0
2015-10-02,67.12,27392.5491,3499422.0
2015-10-05,68.67,28025.1244,3978321.0
2015-10-06,68.11,27796.581,1684020.0
2015-10-07,69.02,28167.9639,2436610.0
2015-10-08,69.45,28343.4525,1190807.0
2015-10-09,68.77,28065.9357,2626384.0
2015-10-12,69.11,28204.6941,1423567.0
2015-10-13,67.71,27633.3358,1650888.0
2015-10-14,66.64,27196.6548,2612650.0
2015-10-15,68.51,27959.8263,2033626.0
2015-10-16,68.51,27959.8263,2279443.0
2015-10-19,67.82,27678.2282,1960192.0
2015-10-20,68.26,27857.798,2364656.0
2015-10-21,67.19,27421.117,2259877.0
2015-10-22,69.27,28269.9922,3160819.0
2015-10-23,67.14,27400.7114,6390737.0
2015-10-26,66.92,27310.9265,3978672.0
2015-10-27,67.47,27535.3887,3392974.0
2015-10-28,70.34,28706.6732,3690239.0
2015-10-29,69.78,28478.1299,2010645.0
2015-10-30,69.0,28159.8017,2886892.0
2015-11-02,70.32,28698.5109,1822421.0
2015-11-03,71.25,29078.0561,3056003.0
2015-11-04,71.27,29086.2183,1956476.0
2015-11-05,72.46,29571.8729,3251918.0
2015-11-06,73.62,29704.6477,4261705.0
2015-11-09,72.42,29220.4644,3290928.0
2015-11-10,71.43,28821.0132,2780497.0
2015-11-11,71.65,28909.7801,2946145.0
2015-11-12,70.62,28494.1894,2922298.0
2015-11-13,69.96,28227.8886,1986037.0
2015-11-16,70.59,28482.0848,2078444.0
2015-11-17,70.98,28639.4444,1861287.0
2015-11-18,72.88,29406.068,2198034.0
2015-11-19,72.62,29301.1616,1427116.0
2015-11-20,72.78,29365.7194,1595482.0
2015-11-23,72.62,29301.1616,1785210.0
2015-11-24,72.34,29188.1855,1615301.0
2015-11-25,72.82,29381.8589,1559314.0
2015-11-27,72.8,29373.7891,798839.0
2015-11-30,72.58,29285.0222,2023033.0
2015-12-01,72.43,29224.4993,1877922.0
2015-12-02,72.36,29196.2552,2469112.0
2015-12-03,71.34,28784.6994,2408927.0
2015-12-04,73.69,29732.8918,2147622.0
2015-12-07,72.52,29260.813,1614390.0
2015-12-08,70.96,28631.3747,2896755.0
2015-12-09,68.83,27771.9493,4596132.0
2015-12-10,69.05,27860.7162,2789556.0
2015-12-11,66.12,26678.5019,2993845.0
2015-12-14,65.73,26521.1423,3588223.0
2015-12-15,67.41,27198.999,4619676.0
2015-12-16,68.61,27683.1823,4486050.0
2015-12-17,66.4,26791.478,3755026.0
2015-12-18,64.73,26117.6562,3840523.0
2015-12-21,65.77,26537.2818,2202926.0
2015-12-22,66.4,26791.478,2196842.0
2015-12-23,67.16,27098.1274,1832254.0
2015-12-24,67.14,27090.0577,685914.0
2015-12-28,67.17,27102.1623,1366621.0
2015-12-29,67.65,27295.8356,1487860.0
2015-12-30,66.57,26860.0706,1117638.0
2015-12-31,66.36,26775.3386,1533796.0
2016-01-04,65.14,26283.0855,2589174.0
2016-01-05,65.24,26323.4341,1508987.0
2016-01-06,63.07,25447.8692,2361902.0
2016-01-07,60.22,24297.9338,3194608.0
2016-01-08,58.65,23664.4606,1939638.0
2016-01-11,58.44,23579.7285,3002133.0
2016-01-12,59.35,23946.9009,2613290.0
2016-01-13,56.81,22922.0462,2297948.0
2016-01-14,57.44,23176.2424,3695633.0
2016-01-15,54.97,22179.6317,4242605.0
2016-01-19,55.54,22409.6188,4877153.0
2016-01-20,55.13,22244.1895,6009905.0
2016-01-21,54.43,21961.7492,2840900.0
2016-01-22,55.83,22526.6298,2829461.0
2016-01-25,54.22,21877.0171,3622111.0
2016-01-26,55.93,22566.9784,3333873.0
2016-01-27,51.91,20944.9642,6069107.0
2016-01-28,51.98,20973.2082,4552511.0
2016-01-29,55.73,22486.2812,5960367.0
2016-02-01,54.79,22107.0042,3587018.0
2016-02-02,52.97,21372.6595,5012343.0
2016-02-03,53.78,21699.4832,5264316.0
2016-02-04,55.11,22236.1198,3943141.0
2016-02-05,54.42,21957.7144,3247105.0
2016-02-08,53.57,21614.7512,4004178.0
2016-02-09,53.4,21546.1585,4211660.0
2016-02-10,53.73,21679.3089,2628291.0
2016-02-11,52.38,21134.6027,3714393.0
2016-02-12,54.68,22062.6207,2529903.0
2016-02-16,56.64,22853.4535,3249657.0
2016-02-17,56.58,22829.2444,3058272.0
2016-02-18,55.58,22425.7582,3101513.0
2016-02-19,56.19,22476.9654,4855814.0
2016-02-22,56.82,22728.9762,3614326.0
2016-02-23,55.63,22252.9558,3156739.0
2016-02-24,54.18,21672.9309,4880106.0
2016-02-25,54.74,21896.9405,4042555.0
2016-02-26,55.41,22164.952,2667484.0
2016-02-29,54.78,21912.9412,3656324.0
2016-03-01,57.14,22856.9817,2674064.0
2016-03-02,57.69,23076.9912,2649114.0
2016-03-03,58.05,23220.9974,2322008.0
2016-03-04,58.67,23469.008,3422855.0
2016-03-07,58.5,23401.0051,2572144.0
2016-03-08,57.28,22912.9842,3420753.0
2016-03-09,56.99,22796.9792,3869269.0
2016-03-10,56.57,22628.972,4351817.0
2016-03-11,57.95,23180.9957,3518748.0
2016-03-14,57.76,23104.9924,2718556.0
2016-03-15,56.75,22700.975,3470522.0
2016-03-16,56.85,22740.9768,5406147.0
2016-03-17,57.4,22960.9862,5872251.0
2016-03-18,59.05,23621.0146,6149891.0
2016-03-21,59.94,23977.0299,4571004.0
2016-03-22,59.36,23745.0199,2946088.0
2016-03-23,59.64,23857.0247,5657784.0
2016-03-24,58.75,23501.0094,3158207.0
2016-03-28,58.41,23365.0036,3521169.0
2016-03-29,58.49,23397.0049,2154427.0
2016-03-30,58.52,23409.0055,3570397.0
2016-03-31,58.52,23409.0055,2627134.0
2016-04-01,58.95,23581.0128,2059390.0
2016-04-04,58.8,23521.0103,1674434.0
2016-04-05,57.61,23044.9898,4117832.0
2016-04-06,58.2,23281.0,1709181.0
2016-04-07,56.18,22557.6227,2451763.0
2016-04-08,56.27,22593.7599,1817676.0
2016-04-11,56.57,22714.2171,1618264.0
2016-04-12,57.49,23083.6193,1703145.0
2016-04-13,59.74,23987.0484,2468908.0
2016-04-14,60.08,24123.5666,2446637.0
2016-04-15,59.57,23918.7893,2477079.0
2016-04-18,59.89,24047.2771,1773157.0
2016-04-19,60.26,24195.841,2307355.0
2016-04-20,61.75,24794.1118,2436887.0
2016-04-21,61.19,24569.2584,1715375.0
2016-04-22,61.89,24850.3252,1367321.0
2016-04-25,61.41,24657.5937,1486731.0
2016-04-26,62.48,25087.2244,2991901.0
2016-04-27,63.93,25669.4343,3412196.0
2016-04-28,62.81,25219.7274,2425982.0
2016-04-29,62.3,25014.9501,2381801.0
2016-05-02,62.91,25259.8798,1807913.0
2016-05-03,61.06,24517.0602,2877869.0
2016-05-04,60.02,24099.4752,3214854.0
2016-05-05,59.74,23987.0484,1615712.0
2016-05-06,59.76,23661.3928,1955900.0
2016-05-09,59.8,23677.2304,1476126.0
2016-05-10,61.11,24195.9122,1961713.0
2016-05-11,60.38,23906.8758,1601112.0
2016-05-12,60.03,23768.2967,1560493.0
2016-05-13,59.23,23451.5444,1724813.0
2016-05-16,59.71,23641.5958,1650012.0
2016-05-17,59.69,23633.677,2314638.0
2016-05-18,61.5,24350.3289,2352630.0
2016-05-19,60.72,24041.4955,2224222.0
2016-05-20,61.43,24322.6131,2097066.0
2016-05-23,61.25,24251.3438,1679544.0
2016-05-24,62.55,24766.0662,1806517.0
2016-05-25,63.68,25213.4788,2597528.0
2016-05-26,62.87,24892.7671,2210321.0
2016-05-27,63.33,25074.8997,1779705.0
2016-05-31,63.06,24967.9958,2300276.0
2016-06-01,62.96,24928.4018,1846257.0
2016-06-02,63.0,24944.2394,1632465.0
2016-06-03,61.01,24156.3182,3327248.0
2016-06-06,62.55,24766.0662,2650689.0
2016-06-07,61.77,24457.2328,2170854.0
2016-06-08,61.54,24366.1665,2687644.0
2016-06-09,60.29,23871.2411,2830775.0
2016-06-10,59.18,23431.7474,5045498.0
2016-06-13,59.11,23404.0316,3181695.0
2016-06-14,58.22,23051.6447,3642839.0
2016-06-15,57.91,22928.9032,4224372.0
2016-06-16,57.55,22786.3647,3313180.0
2016-06-17,57.94,22940.7814,3731049.0
2016-06-20,58.65,23221.899,3799411.0
2016-06-21,58.78,23273.3713,2678544.0
2016-06-22,58.49,23158.5486,3358363.0
2016-06-23,60.27,23863.3223,2174019.0
2016-06-24,54.99,21772.7575,5170099.0
2016-06-27,50.79,20109.8082,5286970.0
2016-06-28,51.27,20299.8596,4167632.0
2016-06-29,52.16,20652.2464,4752935.0
2016-06-30,53.92,21349.1014,6593633.0
2016-07-01,53.84,21317.4262,2504386.0
2016-07-05,52.6,20826.4602,2852113.0
2016-07-06,52.12,20636.4088,3997466.0
2016-07-07,52.04,20604.7336,4141683.0
2016-07-08,53.23,21075.9026,2554012.0
2016-07-11,53.61,21226.3599,2718272.0
2016-07-12,54.71,21661.8942,2358830.0
2016-07-13,54.81,21701.4883,1937232.0
2016-07-14,56.22,22259.7641,3510508.0
2016-07-15,56.91,22532.9629,3982292.0
2016-07-18,57.62,22814.0805,2233870.0
2016-07-19,57.46,22750.7301,2405817.0
2016-07-20,57.77,22873.4716,1836832.0
2016-07-21,57.3,22687.3796,1512437.0
2016-07-22,58.24,23059.5635,2307910.0
2016-07-25,57.79,22881.3904,1636311.0
2016-07-26,58.32,23091.2387,1750390.0
2016-07-27,63.75,25241.1946,6013594.0
2016-07-28,65.45,25914.2931,3953471.0
2016-07-29,65.78,26044.9534,2942366.0
2016-08-01,65.94,26108.3039,2828952.0
2016-08-02,65.33,25866.7803,2775885.0
2016-08-03,65.85,26072.6693,2278980.0
2016-08-04,65.79,26048.9128,2529420.0
2016-08-05,67.95,26501.5348,2153382.0
2016-08-08,68.18,26591.2383,1902465.0
2016-08-09,67.81,26446.9326,1879526.0
2016-08-10,67.69,26400.1308,1552961.0
2016-08-11,68.5,26716.0431,1584668.0
2016-08-12,68.24,26614.6392,1130449.0
2016-08-15,69.21,26992.9539,1489831.0
2016-08-16,68.99,26907.1506,1755048.0
2016-08-17,69.09,26946.1521,2266067.0
2016-08-18,69.05,26930.5515,1834904.0
2016-08-19,69.02,26918.8511,2037262.0
2016-08-22,68.97,26899.3503,1544982.0
2016-08-23,69.32,27035.8556,1753756.0
2016-08-24,69.02,26918.8511,1762141.0
2016-08-25,69.04,26926.6514,1633224.0
2016-08-26,69.07,26938.3518,2519958.0
2016-08-29,69.63,27156.7603,1436305.0
2016-08-30,70.34,27433.6712,1639504.0
2016-08-31,70.24,27394.6696,2536585.0
2016-09-01,70.12,27347.8678,1223850.0
2016-09-02,70.63,27546.7756,1453578.0
2016-09-06,70.37,27445.3716,1799260.0
2016-09-07,70.57,27523.3747,1358145.0
2016-09-08,70.54,27511.6742,2569809.0
2016-09-09,69.7,27184.0614,2868765.0
2016-09-12,70.65,27554.5759,2752245.0
2016-09-13,69.18,26981.2535,2701429.0
2016-09-14,69.42,27074.8571,2440183.0
2016-09-15,70.37,27445.3716,2134317.0
2016-09-16,69.29,27024.1552,6730457.0
2016-09-19,69.02,26918.8511,3440233.0
2016-09-20,69.97,27289.3655,2128652.0
2016-09-21,71.07,27718.3823,1999837.0
2016-09-22,71.04,27706.6818,2177565.0
2016-09-23,70.62,27542.8754,2105720.0
2016-09-26,69.33,27039.7558,1571512.0
2016-09-27,70.08,27332.2672,2056356.0
2016-09-28,70.44,27472.6727,2156554.0
2016-09-29,68.59,26751.1445,2594216.0
2016-09-30,69.63,27156.7603,3326710.0
2016-10-03,69.82,27230.8632,1861223.0
2016-10-04,71.35,27827.5865,2631127.0
2016-10-05,72.7,28354.1071,2032429.0
2016-10-06,72.5,28276.104,1905445.0
2016-10-07,72.26,28182.5004,1913377.0
2016-10-10,71.84,28018.694,1824537.0
2016-10-11,70.34,27433.6712,2109427.0
2016-10-12,70.63,27546.7756,2648196.0
2016-10-13,68.76,26817.4471,1777650.0
2016-10-14,69.01,26914.9509,2129666.0
2016-10-17,68.63,26766.7451,1442712.0
2016-10-18,69.77,27211.3625,1425370.0
2016-10-19,70.53,27507.774,1492721.0
2016-10-20,71.03,27702.7817,2421582.0
2016-10-21,70.88,27644.2794,1764280.0
2016-10-24,71.43,27858.7878,1765620.0
2016-10-25,70.89,27648.1795,2416275.0
2016-10-26,70.19,27375.1689,2568907.0
2016-10-27,70.81,27616.9783,2604354.0
2016-10-28,70.48,27488.2733,1146279.0
2016-10-31,70.21,27382.9692,1779860.0
2016-11-01,70.67,27562.3762,2140284.0
2016-11-02,69.98,27293.2657,2551526.0
2016-11-03,70.35,27136.4305,2188295.0
2016-11-04,70.39,27151.8598,1644627.0
2016-11-07,72.34,27904.0423,1459176.0
2016-11-08,72.26,27873.1836,1319000.0
2016-11-09,75.54,29138.3931,2776944.0
2016-11-10,76.74,29601.2747,4245478.0
2016-11-11,76.45,29489.4116,2506250.0
2016-11-14,78.51,30284.0249,3396735.0
2016-11-15,79.25,30569.4686,4937424.0
2016-11-16,77.88,30041.0121,2426662.0
2016-11-17,78.52,30287.8823,2129229.0
2016-11-18,78.5,30280.1676,2668317.0
2016-11-21,78.59,30314.8837,1305325.0
2016-11-22,78.01,30091.1576,1961025.0
2016-11-23,78.28,30195.306,1771006.0
2016-11-25,78.44,30257.0235,518599.0
2016-11-28,76.86,29647.5628,1891018.0
2016-11-29,77.01,29705.423,1537391.0
2016-11-30,78.8,30395.888,2339264.0
2016-12-01,80.39,31009.206,2886514.0
2016-12-02,78.44,30257.0235,3274239.0
2016-12-05,79.16,30534.7525,2520665.0
2016-12-06,79.61,30708.333,2800240.0
2016-12-07,79.92,30827.9108,2317589.0
2016-12-08,81.44,31414.2274,1363181.0
2016-12-09,80.53,31063.2089,2017982.0
2016-12-12,80.23,30947.4885,1893548.0
2016-12-13,80.06,30881.9136,1749134.0
2016-12-14,79.38,30619.6141,2359982.0
2016-12-15,80.09,30893.4856,2412949.0
2016-12-16,78.62,30326.4558,2981853.0
2016-12-19,78.32,30210.7354,2005703.0
2016-12-20,79.01,30476.8923,2256246.0
2016-12-21,78.86,30419.0321,1573051.0
2016-12-22,79.0,30473.0349,1999779.0
2016-12-23,78.69,30353.4572,1175210.0
2016-12-27,79.0,30473.0349,1117257.0
2016-12-28,78.4,30241.5941,1174169.0
2016-12-29,77.66,29956.1505,1084459.0
2016-12-30,77.72,29979.2946,1279375.0
2017-01-03,79.25,30569.4686,1815219.0
2017-01-04,82.27,31734.3871,3318906.0
2017-01-05,81.68,31506.8037,2841614.0
2017-01-06,82.44,31799.962,2350312.0
2017-01-09,81.37,31387.226,1960403.0
2017-01-10,81.3,31360.2245,2398134.0
2017-01-11,82.85,31958.1132,3030989.0
2017-01-12,82.09,31664.9549,2411830.0
2017-01-13,82.93,31988.972,2191358.0
2017-01-17,80.2,30935.9165,2014733.0
2017-01-18,80.15,30916.6297,2372678.0
2017-01-19,78.75,30376.6013,2242080.0
2017-01-20,79.01,30476.8923,1614649.0
2017-01-23,78.56,30303.3117,1073626.0
2017-01-24,80.52,31059.3515,2736073.0
2017-01-25,77.8,30010.1534,6598966.0
2017-01-26,76.58,29539.5571,4242362.0
2017-01-27,76.0,29315.8311,2299350.0
2017-01-30,76.2,29392.978,2077535.0
2017-01-31,76.2,29392.978,2481364.0
2017-02-01,76.34,29446.9808,2515917.0
2017-02-02,75.97,29304.259,2535650.0
2017-02-03,77.54,29909.8624,2280682.0
2017-02-06,77.32,29825.0008,1354700.0
2017-02-07,77.5,29894.433,2158524.0
2017-02-08,77.35,29836.5728,2589475.0
2017-02-09,77.94,30064.1562,1814843.0
2017-02-10,78.11,30129.7311,1952175.0
2017-02-13,79.29,30584.898,1546163.0
2017-02-14,81.45,31418.0847,3357369.0
2017-02-15,81.91,31595.5227,1792953.0
2017-02-16,80.76,31151.9278,2366674.0
2017-02-17,80.67,30811.0926,1214219.0
2017-02-21,80.53,30757.621,2186581.0
2017-02-22,80.21,30635.4003,2175068.0
2017-02-23,79.82,30486.4437,1502135.0
2017-02-24,78.95,30154.156,2135431.0
2017-02-27,79.21,30253.4603,2206170.0
2017-02-28,79.71,30444.4303,2754199.0
2017-03-01,81.65,31185.3937,4164409.0
2017-03-02,80.37,30696.5106,2139594.0
2017-03-03,80.22,30639.2197,1820265.0
2017-03-06,79.62,30410.0557,1526807.0
2017-03-07,79.6,30402.4169,2051895.0
2017-03-08,79.92,30524.6377,2093084.0
2017-03-09,79.91,30520.8183,2350510.0
2017-03-10,79.91,30520.8183,2215025.0
2017-03-13,79.54,30379.5005,2415109.0
2017-03-14,79.14,30226.7245,1972168.0
2017-03-15,79.66,30425.3333,2208418.0
2017-03-16,80.61,30788.1762,2816718.0
2017-03-17,78.61,30024.2964,3939643.0
2017-03-20,77.76,29699.6475,2404508.0
2017-03-21,76.31,29145.8346,4562673.0
2017-03-22,76.79,29329.1658,2495869.0
2017-03-23,77.27,29512.4969,2946101.0
2017-03-24,77.21,29489.5805,2684220.0
2017-03-27,78.11,29833.3264,3236679.0
2017-03-28,79.4,30326.0289,3081778.0
2017-03-29,79.31,30291.6543,2065675.0
2017-03-30,80.04,30570.4705,1622608.0
2017-03-31,79.61,30406.2363,1478928.0
2017-04-03,78.82,30104.5038,1954904.0
2017-04-04,78.69,30054.8516,1056025.0
2017-04-05,78.61,30024.2964,2556423.0
2017-04-06,78.88,30105.1461,1545032.0
2017-04-07,78.78,30066.9804,1017759.0
2017-04-10,78.42,29929.5836,2172325.0
2017-04-11,78.32,29891.4179,2403209.0
2017-04-12,77.73,29666.2399,2142079.0
2017-04-13,77.3,29502.1272,1966465.0
2017-04-17,78.48,29952.4831,1734662.0
2017-04-18,77.71,29658.6068,1735903.0
2017-04-19,77.87,29719.672,1668488.0
2017-04-20,78.32,29891.4179,2103281.0
2017-04-21,77.7,29654.7902,1509376.0
2017-04-24,79.79,30452.4545,2159359.0
2017-04-25,80.62,30769.2302,2446702.0
2017-04-26,83.55,31887.4868,3676577.0
2017-04-27,84.73,32337.8427,2940294.0
2017-04-28,83.9,32021.0669,2712928.0
2017-05-01,83.94,32036.3332,2225627.0
2017-05-02,83.35,31811.1553,2069337.0
2017-05-03,83.78,31975.268,1782290.0
2017-05-04,83.72,31498.4543,1927247.0
2017-05-05,83.6,31453.306,1256904.0
2017-05-08,83.39,31374.2965,1292370.0
2017-05-09,83.45,31396.8706,1378354.0
2017-05-10,83.56,31438.2566,788089.0
2017-05-11,82.83,31163.6045,1866453.0
2017-05-12,82.57,31065.7832,1555909.0
2017-05-15,82.79,31148.5551,1875461.0
2017-05-16,82.9,31189.941,1338786.0
2017-05-17,79.82,30031.135,2460966.0
2017-05-18,79.89,30057.4715,1586071.0
2017-05-19,80.81,30403.6084,2252326.0
2017-05-22,80.81,30403.6084,1515600.0
2017-05-23,81.51,30666.9734,1041753.0
2017-05-24,81.81,30779.8441,1653569.0
2017-05-25,82.14,30904.0019,1219921.0
2017-05-26,81.99,30847.5665,1268173.0
2017-05-30,81.68,30730.9334,1262987.0
2017-05-31,81.46,30648.1616,1815142.0
2017-06-01,82.82,31159.8421,1312864.0
2017-06-02,82.68,31107.1691,1254979.0
2017-06-05,83.07,31253.9011,2472760.0
2017-06-06,83.3,31340.4353,2168411.0
2017-06-07,84.39,31750.5322,2031515.0
2017-06-08,86.0,32356.2717,2173797.0
2017-06-09,87.35,32864.1899,1884543.0
2017-06-12,87.11,32773.8934,1595299.0
2017-06-13,88.59,33330.7222,3128373.0
2017-06-14,88.79,33405.9706,1703754.0
2017-06-15,88.8,33409.7329,1476984.0
2017-06-16,88.25,33202.8033,3223733.0
2017-06-19,89.52,33680.6226,1953358.0
2017-06-20,89.15,33541.4154,1025980.0
2017-06-21,89.38,33627.9496,1223282.0
2017-06-22,88.68,33364.5846,1195716.0
2017-06-23,87.24,32822.8052,3446950.0
2017-06-26,87.82,33041.0219,1527595.0
2017-06-27,87.9,33071.1208,1236498.0
2017-06-28,89.66,33733.2956,2293160.0
2017-06-29,89.64,33725.7709,1877896.0
2017-06-30,89.73,33759.6321,1540832.0
2017-07-03,91.08,34267.5504,684717.0
2017-07-05,91.53,34436.8565,1505875.0
2017-07-06,90.61,34090.7196,1361040.0
2017-07-07,90.87,34188.5409,1691044.0
2017-07-10,91.52,34433.0941,1968208.0
2017-07-11,90.2,33936.4629,1981230.0
2017-07-12,90.99,34233.6892,1970754.0
2017-07-13,91.79,34534.6777,1337881.0
2017-07-14,92.07,34640.0238,1566709.0
2017-07-17,92.56,34824.3793,1022176.0
2017-07-18,92.08,34643.7861,936378.0
2017-07-19,90.61,34090.7196,4370035.0
2017-07-20,90.87,34188.5409,2100660.0
2017-07-21,90.99,34233.6892,1324790.0
2017-07-24,91.53,34436.8565,1660787.0
2017-07-25,92.54,34816.8545,1892993.0
2017-07-26,94.28,35270.7739,2757517.0
2017-07-27,93.55,34997.6761,1867850.0
2017-07-28,93.17,34855.5156,1734988.0
2017-07-31,93.23,34877.962,2002709.0
2017-08-01,93.6,35016.3814,1782618.0
2017-08-02,94.22,35248.3275,1970009.0
2017-08-03,93.77,35079.9795,1375686.0
2017-08-04,95.1,35563.16,2329385.0
2017-08-07,94.45,35320.0889,1029483.0
2017-08-08,94.35,35282.6934,1178636.0
2017-08-09,94.28,35256.5165,2138439.0
2017-08-10,92.5,34590.8759,2297446.0
2017-08-11,92.08,34433.8146,2274002.0
2017-08-14,93.52,34972.3104,1451271.0
2017-08-15,93.82,35084.497,1219831.0
2017-08-16,93.04,34792.8118,1651231.0
2017-08-17,91.79,34325.3675,1877262.0
2017-08-18,92.42,34560.9595,1916334.0
2017-08-21,92.33,34527.3035,1349704.0
2017-08-22,93.64,35017.1851,1111934.0
2017-08-23,93.45,34946.1335,1291646.0
2017-08-24,93.78,35069.5388,1680675.0
2017-08-25,93.47,34953.6126,2205520.0
2017-08-28,92.9,34740.4581,1351448.0
2017-08-29,92.0,34403.8982,2191834.0
2017-08-30,92.4,34553.4803,1497324.0
2017-08-31,92.49,34587.1363,2088953.0
2017-09-01,93.18,34845.1656,1387102.0
2017-09-05,91.79,34325.3675,2844454.0
2017-09-06,91.63,34265.5347,2263610.0
2017-09-07,90.97,34018.7241,2244126.0
2017-09-08,92.5,34590.8759,2029840.0
2017-09-11,94.33,35275.2143,1711728.0
2017-09-12,94.96,35510.8062,1554544.0
2017-09-13,94.27,35252.777,1883312.0
2017-09-14,94.1,35189.2046,2482783.0
2017-09-15,94.04,35166.7672,5229299.0
2017-09-18,94.76,35436.0151,1202850.0
2017-09-19,95.68,35780.0541,1687415.0
2017-09-20,95.82,35832.4079,1396990.0
2017-09-21,95.95,35881.0221,1226822.0
2017-09-22,95.56,35735.1795,1599722.0
2017-09-25,94.46,35323.8285,1507499.0
2017-09-26,93.91,35118.153,1759092.0
2017-09-27,95.54,35727.7003,1561943.0
2017-09-28,95.81,35828.6683,942957.0
2017-09-29,95.54,35727.7003,1486526.0
2017-10-02,96.34,36026.8647,1189907.0
2017-10-03,96.99,36269.9357,1273416.0
2017-10-04,97.11,36314.8104,1242832.0
2017-10-05,98.95,37002.8883,1967868.0
2017-10-06,98.8,36946.795,1530515.0
2017-10-09,98.09,36681.2867,876030.0
2017-10-10,99.17,37085.1585,1541317.0
2017-10-11,99.29,37130.0332,1818600.0
2017-10-12,98.63,36883.2226,1691501.0
2017-10-13,99.26,37118.8145,1588868.0
2017-10-16,98.54,36849.5666,1452684.0
2017-10-17,97.15,36329.7686,1458088.0
2017-10-18,98.35,36778.5151,1395949.0
2017-10-19,97.48,36453.1739,2319371.0
2017-10-20,99.12,37066.4607,2308783.0
2017-10-23,96.17,35963.2923,2304770.0
2017-10-24,96.43,36060.5207,1775204.0
2017-10-25,94.05,35170.5068,3226569.0
2017-10-26,94.74,35428.536,2211462.0
2017-10-27,93.51,34968.5709,1778191.0
2017-10-30,93.29,34886.3007,1996125.0
2017-10-31,92.0,34403.8982,1623424.0
2017-11-01,92.25,34497.387,1642665.0
2017-11-02,92.51,34594.6154,1337679.0
2017-11-03,92.53,34313.518,1078880.0
2017-11-06,92.29,34224.5172,1162707.0
2017-11-07,90.28,33479.1355,1470592.0
2017-11-08,91.13,33794.3466,1892186.0
2017-11-09,90.77,33660.8454,1608372.0
2017-11-10,90.65,33616.345,948668.0
2017-11-13,90.79,33668.2622,1444856.0
2017-11-14,91.31,33861.0973,1991619.0
2017-11-15,91.86,34065.0574,2362256.0
2017-11-16,92.4,34265.3092,1980879.0
2017-11-17,92.31,34231.9339,1932184.0
2017-11-20,93.06,34510.0614,1196599.0
2017-11-21,93.06,34510.0614,1493971.0
2017-11-22,92.67,34365.4351,1086060.0
2017-11-24,92.46,34287.5594,534879.0
2017-11-27,91.36,33879.6391,2093383.0
2017-11-28,93.14,34539.7284,2926913.0
2017-11-29,94.68,35110.8169,2281142.0
2017-11-30,95.35,35359.2774,2592793.0
2017-12-01,95.48,35407.4862,1707688.0
2017-12-04,97.1,36008.2416,3257387.0
2017-12-05,96.83,35908.1157,2376756.0
2017-12-06,96.52,35793.1564,1385878.0
2017-12-07,96.92,35941.491,1534989.0
2017-12-08,97.67,36219.6185,1263217.0
2017-12-11,97.41,36123.201,1100960.0
2017-12-12,98.18,36408.7452,1248729.0
2017-12-13,99.18,36779.5819,2783614.0
2017-12-14,97.97,36330.8695,1918719.0
2017-12-15,98.53,36538.5381,2726095.0
2017-12-18,98.21,36419.8703,2045406.0
2017-12-19,97.87,36293.7859,1709639.0
2017-12-20,97.08,36000.8249,1517854.0
2017-12-21,98.31,36456.954,1219218.0
2017-12-22,97.93,36316.0361,1055605.0
2017-12-26,97.44,36134.3261,575967.0
2017-12-27,97.71,36234.452,719538.0
2017-12-28,98.23,36427.2871,617721.0
2017-12-29,97.61,36197.3683,930385.0
2018-01-02,96.72,35867.3237,1479101.0
2018-01-03,97.43,36130.6177,1492908.0
2018-01-04,98.48,36519.9962,1026440.0
2018-01-05,98.57,36553.3715,1134927.0
2018-01-08,99.65,36953.8752,1497696.0
2018-01-09,101.4,37602.8394,1627517.0
2018-01-10,104.25,38659.7239,1827408.0
2018-01-11,105.78,39227.104,1637024.0
2018-01-12,107.24,39768.5256,1475592.0
2018-01-16,105.97,39297.563,1887496.0
2018-01-17,106.4,39457.0228,1797401.0
2018-01-18,105.05,38956.3932,2504399.0
2018-01-19,107.61,39905.7351,1884760.0
2018-01-22,108.99,40417.4898,2068791.0
2018-01-23,112.18,41242.9611,3373112.0
2018-01-24,112.71,41437.8155,2224249.0
2018-01-25,110.33,40562.8088,1731030.0
2018-01-26,110.91,40776.0458,1695023.0
2018-01-29,111.69,41062.8126,1875300.0
2018-01-30,110.14,40492.9554,1567748.0
2018-01-31,110.17,40503.9849,2048420.0
2018-02-01,110.33,40562.8088,1465814.0
2018-02-02,107.47,39511.3302,2503658.0
2018-02-05,102.47,37673.0809,1958863.0
2018-02-06,104.5,38419.4102,2766280.0
2018-02-07,103.52,38059.1133,2110359.0
2018-02-08,98.54,36228.217,2277937.0
2018-02-09,100.01,36768.6623,1809727.0
2018-02-12,101.78,37419.4025,1404947.0
2018-02-13,101.27,37231.9011,987821.0
2018-02-14,103.94,38213.5262,1263225.0
2018-02-15,103.96,38220.8792,1344350.0
2018-02-16,104.55,38437.7927,1988686.0
2018-02-20,103.79,38158.3788,1189677.0
2018-02-21,103.96,38220.8792,1237554.0
2018-02-22,102.72,37764.9934,1504202.0
2018-02-23,104.5,38419.4102,910951.0
2018-02-26,106.82,39272.7147,1434953.0
2018-02-27,107.17,39401.3933,3284005.0
2018-02-28,106.15,39026.3871,3278156.0
2018-03-01,104.58,38449.1716,2694378.0
2018-03-02,104.28,38338.8756,2707349.0
2018-03-05,105.85,38916.0911,2290359.0
2018-03-06,105.46,38772.7064,2139298.0
2018-03-07,105.35,38732.2645,1489582.0
2018-03-08,106.18,39037.4167,2343882.0
2018-03-09,109.83,40379.3508,2597966.0
2018-03-12,108.83,40011.6976,1720681.0
2018-03-13,107.33,39460.2178,2181990.0
2018-03-14,105.78,38890.3554,1486245.0
2018-03-15,105.9,38934.4738,1629589.0
2018-03-16,106.87,39314.7938,2708167.0
2018-03-19,105.83,38932.2038,1232655.0
2018-03-20,106.15,39049.9238,1008156.0
2018-03-21,106.81,39292.7213,1966069.0
2018-03-22,101.5,37339.3054,2411243.0
2018-03-23,97.71,35945.0594,2842490.0
2018-03-26,101.45,37320.9116,1870338.0
2018-03-27,98.96,36404.9031,2083907.0
2018-03-28,98.28,36154.7481,1415448.0
2018-03-29,99.73,36688.1668,1564067.0
2018-04-02,97.22,35764.8007,1539857.0
2018-04-03,99.33,36541.0168,1413659.0
2018-04-04,99.94,36765.4205,1201642.0
2018-04-05,100.57,36997.1817,881531.0
2018-04-06,97.49,35864.1269,1565307.0
2018-04-09,98.3,36162.1056,1543526.0
2018-04-10,99.91,36754.3843,1552105.0
2018-04-11,98.63,36283.5043,1182790.0
2018-04-12,101.09,37188.4767,1559427.0
2018-04-13,99.8,36713.918,1202790.0
2018-04-16,100.6,37008.218,1258307.0
2018-04-17,100.94,37133.2954,1297171.0
2018-04-18,101.42,37309.8754,1453601.0
2018-04-19,104.18,38325.2102,2533432.0
2018-04-20,99.66,36416.4813,3952090.0
2018-04-23,102.3,37381.1563,3074784.0
2018-04-24,101.1,36942.6676,2495894.0
2018-04-25,100.89,36865.9321,1548729.0
2018-04-26,100.59,36756.3099,1230977.0
2018-04-27,100.26,36635.7256,1112216.0
2018-04-30,99.78,36460.3301,1768521.0
2018-05-01,98.4,35956.0682,1403551.0
2018-05-02,97.74,35714.8994,1517741.0
2018-05-03,96.4,35225.3366,1470703.0
2018-05-04,97.75,35718.6375,1121654.0
2018-05-07,98.5,35992.6935,1442873.0
2018-05-08,99.3,36285.02,1184416.0
2018-05-09,101.11,36946.4085,1184074.0
2018-05-10,101.78,37191.2319,1015089.0
2018-05-11,102.01,37275.2758,1298208.0
2018-05-14,102.31,37384.8982,908292.0
2018-05-15,101.21,36982.9493,1328833.0
2018-05-16,101.1,36942.7545,1052832.0
2018-05-17,101.24,36993.9116,1085265.0
2018-05-18,99.32,36292.3281,1708075.0
2018-05-21,99.99,36537.1515,1238201.0
2018-05-22,100.33,36661.3903,1419307.0
2018-05-23,100.42,36694.277,1499941.0
2018-05-24,100.71,36800.2453,1814953.0
2018-05-25,100.47,36712.5474,1027605.0
2018-05-29,95.08,34742.998,2550983.0
2018-05-30,97.42,35598.0528,1869831.0
2018-05-31,96.11,35119.3683,1491574.0
2018-06-01,98.45,35974.4231,1474323.0
2018-06-04,98.41,35959.8068,939169.0
2018-06-05,97.81,35740.562,1410678.0
2018-06-06,99.49,36354.4475,1961113.0
2018-06-07,100.85,36851.4024,1317277.0
2018-06-08,100.46,36708.8933,1964373.0
2018-06-11,100.24,36628.5035,1303480.0
2018-06-12,99.42,36328.8689,1405530.0
2018-06-13,98.36,35941.5364,1291887.0
2018-06-14,98.26,35904.9956,1758127.0
2018-06-15,98.34,35934.2282,2185172.0
2018-06-18,98.66,36051.1588,1523640.0
2018-06-19,97.74,35714.9834,1361876.0
2018-06-20,97.73,35711.3293,1187707.0
2018-06-21,98.19,35879.417,1564673.0
2018-06-22,98.14,35861.1466,3008395.0
2018-06-25,95.92,35049.9407,2324702.0
2018-06-26,95.6,34933.0102,1890719.0
2018-06-27,93.99,34344.7032,2550113.0
2018-06-28,94.26,34443.3634,1666114.0
2018-06-29,93.09,34015.8359,2287054.0
2018-07-02,94.02,34355.6654,2317120.0
2018-07-03,92.92,33953.7166,665040.0
2018-07-05,92.43,33774.6666,1328331.0
2018-07-06,92.75,33891.5972,1522925.0
2018-07-09,94.47,34520.0991,1680696.0
2018-07-10,93.77,34264.3134,1198479.0
2018-07-11,92.7,33873.3268,2504008.0
2018-07-12,92.86,33931.7921,1407613.0
2018-07-13,92.44,33778.3207,1813793.0
2018-07-16,93.2,34056.0308,1718130.0
2018-07-17,93.45,34147.3828,2906996.0
2018-07-18,95.33,34834.35,1925476.0
2018-07-19,92.74,33887.9431,2608717.0
2018-07-20,85.87,31377.5898,10826263.0
2018-07-23,87.02,31797.809,5577098.0
2018-07-24,87.75,32064.5569,4075124.0
2018-07-25,87.21,31903.8253,2739152.0
2018-07-26,86.93,31831.2584,1988501.0
2018-07-27,87.0,33009.142,7068979.0
2018-07-30,87.22,33092.6134,4029224.0
2018-07-31,88.31,33506.1762,3870624.0
2018-08-01,87.27,33111.5841,5193854.0
2018-08-02,86.83,32944.6414,3198624.0
2018-08-03,86.88,32963.6121,2463715.0
2018-08-06,86.94,32986.377,1944698.0
2018-08-07,87.06,33031.9069,1976118.0
2018-08-08,86.73,32906.6998,1865871.0
2018-08-09,85.8,32553.8435,2076665.0
2018-08-10,83.99,31867.1015,2504218.0
2018-08-13,82.85,31434.568,2354278.0
2018-08-14,83.88,31825.3658,2990603.0
2018-08-15,82.92,31461.127,2598830.0
2018-08-16,84.21,31950.5729,2104643.0
2018-08-17,84.96,32235.1345,2174792.0
2018-08-20,85.37,32390.6948,1830717.0
2018-08-21,86.18,32698.0213,2639642.0
2018-08-22,85.93,32603.1675,1515410.0
2018-08-23,85.36,32386.9007,1790971.0
2018-08-24,86.12,32675.2564,1378848.0
2018-08-27,87.06,33031.9069,1864709.0
2018-08-28,87.99,33384.7632,3646724.0
2018-08-29,87.84,33327.8509,2133764.0
2018-08-30,86.72,32902.9057,2285202.0
2018-08-31,86.91,32974.9946,1507222.0
2018-09-04,87.6,33236.7912,2982114.0
2018-09-05,87.26,33107.79,2233366.0
2018-09-06,86.41,32785.2869,1845766.0
2018-09-07,86.38,32773.9044,1387119.0
2018-09-10,87.1,33047.0835,1691391.0
2018-09-11,86.86,32956.0238,1801866.0
2018-09-12,86.55,32838.405,2158734.0
2018-09-13,86.4,32781.4927,3194238.0
2018-09-14,87.29,33119.1724,2313105.0
2018-09-17,85.88,32584.1967,1942894.0
2018-09-18,85.62,32485.5487,2308361.0
2018-09-19,87.92,33358.2042,2864782.0
2018-09-20,89.57,33984.2396,2822449.0
2018-09-21,88.77,33680.7073,6206313.0
2018-09-24,87.05,33028.1127,1909155.0
2018-09-25,86.85,32952.2297,2468027.0
2018-09-26,86.21,32709.4038,2750841.0
2018-09-27,85.69,32512.1078,1746437.0
2018-09-28,83.78,31787.4243,2962041.0
2018-10-01,85.51,32443.813,2773716.0
2018-10-02,85.45,32421.0481,2116654.0
2018-10-03,86.09,32663.8739,2478958.0
2018-10-04,86.91,32974.9946,3278405.0
2018-10-05,86.37,32770.1103,2260020.0
2018-10-08,87.14,33062.2601,2061122.0
2018-10-09,86.36,32766.3161,2949740.0
2018-10-10,82.87,31442.1563,3502433.0
2018-10-11,81.73,31009.6227,4643132.0
2018-10-12,81.46,30907.1805,3084614.0
2018-10-15,81.2,30808.5325,1428216.0
2018-10-16,82.27,31214.507,1866351.0
2018-10-17,82.15,31168.9772,2318739.0
2018-10-18,79.7,30239.4094,2905337.0
2018-10-19,72.9,27659.3845,11313908.0
2018-10-22,70.81,26871.652,5037217.0
2018-10-23,69.72,26458.0084,4794588.0
2018-10-24,67.29,25535.8489,3106103.0
2018-10-25,68.05,25824.261,4590775.0
2018-10-26,66.39,25194.3084,5182225.0
2018-10-29,66.41,25201.8982,4033441.0
2018-10-30,67.74,25706.6192,4097006.0
2018-10-31,68.75,26093.0786,6235588.0
2018-11-01,69.96,26552.3168,4231985.0
2018-11-02,69.98,26559.9075,4359551.0
2018-11-05,71.91,27292.4114,2668491.0
2018-11-06,72.02,27334.1603,2151830.0
2018-11-07,73.98,28078.0503,3289836.0
2018-11-08,73.34,27835.1474,2280844.0
2018-11-09,72.25,27421.4535,1928588.0
2018-11-12,70.86,26893.8989,1611810.0
2018-11-13,71.02,26954.6246,1371283.0
2018-11-14,70.34,26696.5404,1630207.0
2018-11-15,71.86,27273.4346,1657164.0
2018-11-16,71.65,27193.7321,1983187.0
2018-11-19,71.77,27239.2764,1884983.0
2018-11-20,71.19,27019.1457,3287489.0
2018-11-21,72.09,27360.7278,2561072.0
2018-11-23,71.89,27284.8207,1071987.0
2018-11-26,73.92,28055.2781,1940319.0
2018-11-27,72.7,27592.2446,2424028.0
2018-11-28,74.38,28229.8645,1897756.0
2018-11-29,72.37,27466.9978,2950042.0
2018-11-30,73.02,27713.696,3238053.0
2018-12-03,73.15,27763.0357,2312300.0
2018-12-04,67.81,25736.3151,3981951.0
2018-12-06,65.9,25011.4019,5425064.0
2018-12-07,65.04,24685.0012,4190104.0
2018-12-10,64.03,24301.6702,2277289.0
2018-12-11,63.09,23944.9066,2791208.0
2018-12-12,63.43,24073.9488,3815983.0
2018-12-13,63.19,23982.8602,3359760.0
2018-12-14,63.53,24111.9023,3964282.0
2018-12-17,63.89,24248.5352,3375872.0
2018-12-18,61.69,23413.5567,5225146.0
2018-12-19,59.88,22726.5971,6816935.0
2018-12-20,60.4,22923.9556,4067708.0
2018-12-21,60.17,22836.6624,5719475.0
2018-12-24,59.78,22688.6435,1832242.0
2018-12-26,62.85,23853.8181,3318779.0
2018-12-27,63.22,23994.2463,2470145.0
2018-12-28,63.48,24092.9255,2635586.0
2018-12-31,63.07,23937.3159,2534289.0
2019-01-02,63.93,24263.7166,2420466.0
2019-01-03,61.85,23474.2824,3935413.0
2019-01-04,64.19,24362.3959,4080579.0
2019-01-07,64.99,24666.0244,4119868.0
2019-01-08,65.27,24772.2944,2783996.0
2019-01-09,66.78,25345.3933,2882849.0
2019-01-10,66.51,25242.9187,2699901.0
2019-01-11,67.01,25432.6865,1840637.0
2019-01-14,68.46,25983.0133,3020170.0
2019-01-15,68.66,26058.9204,2201928.0
2019-01-16,70.47,26745.88,2990515.0
2019-01-17,71.05,26966.0107,4718314.0
2019-01-18,71.3,27090.2014,10251695.0
2019-01-22,70.59,26820.4392,4663212.0
2019-01-23,70.82,26907.827,2470195.0
2019-01-24,71.32,27097.8004,2977322.0
2019-01-25,72.64,27599.33,2003091.0
2019-01-28,71.53,27177.5892,3198243.0
2019-01-29,70.63,26835.6371,2931888.0
2019-01-30,71.02,26983.8163,3053047.0
2019-01-31,70.9,26938.2227,3851334.0
2019-02-01,71.17,27040.8083,2856713.0
2019-02-04,71.1,27014.2121,3758357.0
2019-02-05,70.91,26942.0222,1874094.0
2019-02-06,70.24,26687.4579,3692141.0
2019-02-07,69.76,26505.0835,4183228.0
2019-02-08,68.96,26201.1261,2686204.0
2019-02-11,68.79,26136.5351,3035241.0
2019-02-12,69.51,26410.0968,4201828.0
2019-02-13,69.49,26402.4979,3827300.0
2019-02-14,68.66,26087.1421,2352815.0
2019-02-15,70.66,26847.0355,3620622.0
2019-02-19,71.37,27116.7977,2308582.0
2019-02-20,72.24,27447.3513,2366336.0
2019-02-21,72.18,27331.6617,2256154.0
2019-02-22,72.4,27414.9668,2482500.0
2019-02-25,72.47,27441.473,3278771.0
2019-02-26,72.65,27509.6318,2633099.0
2019-02-27,72.44,27430.1132,1700683.0
2019-02-28,71.87,27214.2772,1806203.0
2019-03-01,72.8,27566.4307,2362699.0
2019-03-04,71.49,27070.3865,1840058.0
2019-03-05,71.53,27085.5328,1583687.0
2019-03-06,70.5,26695.5133,1166850.0
2019-03-07,68.38,25892.7546,3059683.0
2019-03-08,68.1,25786.7299,2059527.0
2019-03-11,68.69,26010.1391,1853080.0
2019-03-12,69.0,26127.5236,1926225.0
2019-03-13,69.85,26449.3844,1620698.0
2019-03-14,70.29,26615.9947,1918150.0
2019-03-15,70.1,26544.0494,4438338.0
2019-03-18,70.82,26816.6844,1946394.0
2019-03-19,70.16,26566.769,1484588.0
2019-03-20,68.26,25847.3154,2863374.0
2019-03-21,68.08,25779.1567,1936850.0
2019-03-22,65.0,24612.8846,3144850.0
2019-03-25,64.88,24567.4454,1855198.0
2019-03-26,66.18,25059.7031,1397795.0
2019-03-27,65.52,24809.7877,1782216.0
2019-03-28,66.27,25093.7825,1549019.0
2019-03-29,65.81,24919.599,2106213.0
2019-04-01,67.59,25593.6134,2491788.0
2019-04-02,67.21,25449.7227,1322859.0
2019-04-03,68.03,25760.2237,1179311.0
2019-04-04,68.64,25991.2061,1000280.0
2019-04-05,68.57,25964.6999,1125692.0
2019-04-08,69.15,26071.3037,970637.0
2019-04-09,68.43,25799.8455,1358835.0
2019-04-10,69.0,26014.7499,1477299.0
2019-04-11,69.52,26210.8031,1285015.0
2019-04-12,71.03,26780.1114,1626845.0
2019-04-15,70.12,26437.0183,1163471.0
2019-04-16,71.71,27036.4886,1103112.0
2019-04-17,69.63,26252.2759,2361442.0
2019-04-18,69.96,26376.6943,1799076.0
2019-04-22,69.9,26354.0727,2216956.0
2019-04-23,66.86,25207.9156,6216859.0
2019-04-24,66.13,24912.5409,2561061.0
2019-04-25,67.09,25274.1928,2477297.0
2019-04-26,67.14,25293.0288,1512280.0
2019-04-29,68.4,25767.6969,2136364.0
2019-04-30,67.66,25488.9236,1960978.0
2019-05-01,66.33,24751.9629,3507153.0
2019-05-02,66.51,24819.1325,2152775.0
2019-05-03,67.21,25080.3472,1699056.0
2019-05-06,66.58,24845.2539,1973065.0
2019-05-07,64.99,24251.9233,2757320.0
2019-05-08,64.49,24065.3413,1569089.0
2019-05-09,64.54,24083.9995,2518619.0
2019-05-10,64.81,24184.7538,1770567.0
2019-05-13,63.18,23576.4966,3635458.0
2019-05-14,62.78,23427.231,2741175.0
2019-05-15,61.81,23065.262,2184444.0
2019-05-16,61.62,22994.3609,2497465.0
2019-05-17,60.39,22535.3692,1803226.0
2019-05-20,59.85,22333.8607,2831507.0
2019-05-21,59.76,22300.276,2639354.0
2019-05-22,59.5,22203.2534,1779802.0
2019-05-23,58.64,21882.3324,2635889.0
2019-05-24,58.97,22005.4765,1662500.0
2019-05-28,58.19,21714.4086,2609192.0
2019-05-29,57.71,21535.2899,1800316.0
2019-05-30,56.28,21001.6655,2588445.0
2019-05-31,55.25,20617.3067,2064626.0
2019-06-03,56.0,20897.1796,3200583.0
2019-06-04,57.63,21505.4368,2213385.0
2019-06-05,55.68,20777.7672,3574907.0
2019-06-06,56.22,20979.2757,2497570.0
2019-06-07,56.62,21128.5413,3671730.0
2019-06-10,57.22,21352.4396,3535473.0
2019-06-11,55.11,20565.0637,7511095.0
2019-06-12,54.89,20482.9677,3819570.0
2019-06-13,55.03,20535.2106,2480603.0
2019-06-14,55.36,20658.3547,2531713.0
2019-06-17,54.53,20348.6287,1984875.0
2019-06-18,55.26,20621.0383,2738424.0
2019-06-19,54.76,20434.4564,5482149.0
2019-06-20,55.41,20677.0129,3946008.0
2019-06-21,55.52,20718.0609,6126443.0
2019-06-24,55.73,20796.4254,3418186.0
2019-06-25,56.0,20897.1796,3545043.0
2019-06-26,55.24,20613.5751,3465871.0
2019-06-27,55.65,20766.5723,3086550.0
2019-06-28,56.06,20919.5695,9041928.0
2019-07-01,56.69,21154.6627,3312872.0
2019-07-02,55.82,20830.0101,5238234.0
2019-07-03,56.47,21072.5667,3115936.0
2019-07-05,56.8,21195.7108,2195219.0
2019-07-08,55.06,20546.4055,3868980.0
2019-07-09,55.07,20550.1372,4649158.0
2019-07-10,54.42,20307.5806,3311266.0
2019-07-11,55.04,20538.9423,3941431.0
2019-07-12,55.19,20594.9169,5110376.0
2019-07-15,55.45,20691.9395,4918382.0
2019-07-16,54.82,20456.8462,2571852.0
2019-07-17,54.59,20371.0185,6176281.0
2019-07-18,56.29,21005.3972,4840077.0
2019-07-19,60.08,22419.6884,6409723.0
2019-07-22,59.23,22067.4764,3350779.0
2019-07-23,59.9,22317.1001,3321498.0
2019-07-24,59.6,22205.3283,2749991.0
2019-07-25,59.48,22160.6196,3228508.0
2019-07-26,60.37,22492.6246,2357753.0
2019-07-29,59.13,22030.626,3807850.0
2019-07-30,58.88,21937.4811,3054224.0
2019-07-31,58.09,21643.1433,3040248.0
2019-08-01,55.59,20711.6946,3983381.0
2019-08-02,55.66,20737.7751,2670322.0
2019-08-05,53.8,20044.7773,4399027.0
2019-08-06,53.5,19933.0034,2845723.0
2019-08-07,52.5,19560.4239,3283833.0
2019-08-08,53.41,19899.4713,2027533.0
2019-08-09,52.96,19731.8105,3479432.0
2019-08-12,51.57,19213.925,5257708.0
2019-08-13,51.47,19176.667,2355888.0
2019-08-14,49.63,18491.1207,3106590.0
2019-08-15,48.81,18185.6055,2996017.0
2019-08-16,50.2,18703.4911,2323883.0
2019-08-19,50.89,18960.5709,3245866.0
2019-08-20,50.51,18818.9907,2383495.0
2019-08-21,50.54,18830.1681,2516341.0
2019-08-22,51.14,19053.7158,2212367.0
2019-08-23,49.96,18614.072,3522474.0
2019-08-26,49.82,18561.9108,2335499.0
2019-08-27,49.4,18405.4274,2355424.0
2019-08-28,49.81,18558.185,3137539.0
2019-08-29,51.28,19105.8769,2637850.0
2019-08-30,51.31,19117.0543,2669254.0
2019-09-03,49.64,18494.8465,2245909.0
2019-09-04,50.88,18956.8451,3122646.0
2019-09-05,52.47,19549.2465,3784101.0
2019-09-06,51.84,19314.5214,3137503.0
2019-09-09,54.0,20119.2932,3529501.0
2019-09-10,58.84,21922.578,8119276.0
2019-09-11,60.0,22354.7702,3938262.0
2019-09-12,60.27,22455.3666,3578563.0
2019-09-13,61.15,22783.2366,2413906.0
2019-09-16,60.51,22544.7857,2277966.0
2019-09-17,60.22,22436.7377,2114679.0
2019-09-18,60.48,22533.6083,1765464.0
2019-09-19,61.1,22764.6076,1838417.0
2019-09-20,60.11,22395.7539,3336856.0
2019-09-23,60.19,22425.5603,1836256.0
2019-09-24,59.04,21997.0939,1862899.0
2019-09-25,59.8,22280.2543,1747985.0
2019-09-26,59.05,22000.8197,1914016.0
2019-09-27,59.8,22280.2543,1590327.0
2019-09-30,59.19,22052.9808,1955740.0
2019-10-01,56.87,21188.5963,2096011.0
2019-10-02,55.59,20711.6946,1286121.0
2019-10-03,55.78,20782.4847,1828073.0
2019-10-04,56.87,21188.5963,2600358.0
2019-10-07,56.28,20968.7744,1707575.0
2019-10-08,55.15,20547.7596,2174515.0
2019-10-09,55.66,20737.7751,1425576.0
2019-10-10,56.83,21173.6932,1915617.0
2019-10-11,58.7,21870.4168,2196383.0
2019-10-14,58.49,21792.1751,1223584.0
2019-10-15,59.38,22123.7709,2156001.0
2019-10-16,59.11,22023.1744,1801677.0
2019-10-17,59.7,22242.9963,2102455.0
2019-10-18,63.34,23599.1857,5023523.0
2019-10-21,65.4,24366.6995,3121278.0
2019-10-22,66.05,24608.8762,2347526.0
2019-10-23,65.92,24560.4408,2460961.0
2019-10-24,65.21,24295.9094,1557594.0
2019-10-25,65.75,23908.231,1610759.0
2019-10-28,67.12,24406.3949,2098074.0
2019-10-29,67.21,24439.121,1872685.0
2019-10-30,66.72,24260.9456,1524104.0
2019-10-31,66.07,24024.5904,1994020.0
2019-11-01,67.76,24639.1138,1858107.0
2019-11-04,70.86,25766.346,2711023.0
2019-11-05,70.26,25548.172,2973323.0
2019-11-06,70.99,25813.617,2139344.0
2019-11-07,72.66,26420.8679,4382812.0
2019-11-08,73.1,26580.8621,2413093.0
2019-11-11,72.99,26540.8636,2177416.0
2019-11-12,73.41,26693.5854,4944758.0
2019-11-13,72.7,26435.4128,2947045.0
2019-11-14,72.25,26271.7823,1495450.0
2019-11-15,72.54,26377.2331,1888079.0
2019-11-18,73.4,26689.9491,2485520.0
2019-11-19,73.39,26686.3129,2902259.0
2019-11-20,73.01,26548.136,2159485.0
2019-11-21,73.01,26548.136,2804346.0
2019-11-22,73.92,26879.0332,2430949.0
2019-11-25,75.3,27380.8334,2367517.0
2019-11-26,74.29,27013.5738,2819401.0
2019-11-27,75.33,27391.7421,1668284.0
2019-11-29,75.1,27308.1087,1077244.0
2019-12-02,75.38,27409.9232,3241940.0
2019-12-03,73.61,26766.31,2968239.0
2019-12-04,74.57,27115.3884,2204220.0
2019-12-05,75.36,27402.6508,2785001.0
2019-12-06,77.02,28006.2654,2448187.0
2019-12-09,77.67,28242.6205,4205607.0
2019-12-10,77.83,28300.8003,3590412.0
2019-12-11,78.19,28431.7047,4340081.0
2019-12-12,80.42,29242.5846,4712607.0
2019-12-13,79.13,28773.5105,3025550.0
2019-12-16,79.62,28951.686,3782301.0
2019-12-17,80.33,29209.8585,2547267.0
2019-12-18,79.99,29086.2266,3376834.0
2019-12-19,79.64,28958.9584,2588525.0
2019-12-20,79.23,28809.8729,5851250.0
2019-12-23,79.45,28889.87,1669639.0
2019-12-24,79.64,28958.9584,567021.0
2019-12-26,79.85,29035.3193,1081061.0
2019-12-27,80.12,29133.4976,1252927.0
2019-12-30,79.88,29046.228,1434855.0
2019-12-31,79.1,28762.6018,1368635.0
2020-01-02,80.76,29366.2165,1942041.0
2020-01-03,79.57,28933.5048,1511085.0
2020-01-06,80.79,29377.1252,2214769.0
2020-01-07,81.91,29784.3833,3139307.0
2020-01-08,81.49,29631.6615,1941178.0
2020-01-09,82.92,30151.6428,1959664.0
2020-01-10,81.69,29704.3862,3093195.0
2020-01-13,82.08,29846.1992,2213066.0
2020-01-14,81.53,29646.2064,1825317.0
2020-01-15,81.21,29529.847,2645918.0
2020-01-16,81.14,29504.3933,5116055.0
2020-01-17,82.56,30020.7384,7394033.0
2020-01-21,81.31,29566.2093,3117683.0
2020-01-22,80.54,29286.2194,2743974.0
2020-01-23,80.46,29257.1295,3242916.0
2020-01-24,78.34,28486.2481,2782707.0
2020-01-27,75.45,27435.3769,3330789.0
2020-01-28,76.5,27817.1813,2449090.0
2020-01-29,76.23,27719.003,1880064.0
2020-01-30,77.61,28220.8031,3378794.0
2020-01-31,75.63,27500.829,2389287.0
2020-02-03,76.09,27668.0958,1966735.0
2020-02-04,77.74,28268.0742,2222175.0
2020-02-05,80.04,29104.4077,2530739.0
2020-02-06,80.27,29188.0411,2476110.0
2020-02-07,79.14,28777.1468,1599521.0
2020-02-10,79.13,28773.5105,1725489.0
2020-02-11,79.78,29009.8657,1845236.0
2020-02-12,80.43,29246.2208,1381551.0
2020-02-13,78.85,28671.696,1908701.0
2020-02-14,77.85,28308.0727,1855610.0
2020-02-18,76.88,27955.3582,1809796.0
2020-02-19,78.76,28638.9699,1948176.0
2020-02-20,77.89,28322.6177,1586455.0
2020-02-21,77.13,27330.4299,3684513.0
2020-02-24,74.01,26224.8816,4078476.0
2020-02-25,70.85,25105.1596,4729302.0
2020-02-26,70.14,24853.5765,5197153.0
2020-02-27,69.38,24584.2763,5523012.0
2020-02-28,68.11,24134.2614,5657281.0
2020-03-02,68.69,24339.78,4156943.0
2020-03-03,65.85,23333.4476,5678825.0
2020-03-04,67.0,23740.9413,3730803.0
2020-03-05,62.4,22110.9663,4049823.0
2020-03-06,60.13,21306.609,3975209.0
2020-03-09,52.66,18659.6712,4425782.0
2020-03-10,56.73,20101.8448,4454342.0
2020-03-11,54.19,19201.8151,6053160.0
2020-03-12,48.12,17050.9567,5615235.0
2020-03-13,58.86,20856.5941,5751710.0
2020-03-16,47.72,16909.2197,5668082.0
2020-03-17,49.93,17692.3164,4963337.0
2020-03-18,45.22,16023.3637,5538764.0
2020-03-19,46.63,16522.9865,3758800.0
2020-03-20,46.67,16537.1602,4495298.0
2020-03-23,43.21,15311.1354,3925472.0
2020-03-24,48.57,17210.4108,3145790.0
2020-03-25,49.38,17497.4281,4284777.0
2020-03-26,49.42,17511.6018,5342737.0
2020-03-27,48.66,17242.3016,3734783.0
2020-03-30,51.77,18344.3065,2922349.0
2020-03-31,53.27,18875.8201,6703119.0
2020-04-01,50.4,17858.8574,6001995.0
2020-04-02,52.42,18574.629,2855995.0
2020-04-03,52.16,18482.5,2013837.0
2020-04-06,55.55,19683.7208,2900566.0
2020-04-07,56.13,19889.2394,2551682.0
2020-04-08,58.56,20624.8676,2520018.0
2020-04-09,60.95,21466.6271,2773366.0
2020-04-13,59.44,20934.8041,2259672.0
2020-04-14,60.61,21346.8789,1893458.0
2020-04-15,57.07,20100.0887,2355729.0
2020-04-16,58.5,20603.7356,2459665.0
2020-04-17,58.49,20585.1963,4420905.0
2020-04-20,58.18,20476.0937,2314211.0
2020-04-21,55.99,19705.3366,3103005.0
2020-04-22,57.47,20226.2135,2000929.0
2020-04-23,57.05,20078.3971,1795348.0
2020-04-24,57.41,20205.0969,1612130.0
2020-04-27,61.29,21570.6391,2243612.0
2020-04-28,62.75,22085.2635,3102972.0
2020-04-29,64.46,22687.1089,2346481.0
2020-04-30,63.04,22187.3308,3657722.0
2020-05-01,59.08,20793.5835,1773330.0
2020-05-04,58.4,20554.2532,2613448.0
2020-05-05,58.08,20441.6271,1954266.0
2020-05-06,56.33,19825.7034,2337942.0
2020-05-07,58.24,20497.9402,1573322.0
2020-05-08,60.22,21194.8138,1521281.0
2020-05-11,58.76,20680.9575,2030947.0
2020-05-12,56.33,19825.7034,2417233.0
2020-05-13,53.27,18748.7169,2362241.0
2020-05-14,54.7,19252.0145,2484494.0
2020-05-15,54.41,19149.9472,1836365.0
2020-05-18,58.46,20575.3706,2540847.0
2020-05-19,56.74,19970.0056,1801628.0
2020-05-20,58.38,20547.214,1909499.0
2020-05-21,58.09,20445.1467,1667121.0
2020-05-22,55.32,19470.2275,3883350.0
2020-05-26,60.52,21300.4007,3968955.0
2020-05-27,64.34,22644.8741,2997996.0
2020-05-28,62.46,21983.1961,3164119.0
2020-05-29,60.96,21455.2615,2993900.0
2020-06-01,62.35,21944.4809,1702903.0
2020-06-02,62.81,22106.3809,1822358.0
2020-06-03,65.9,23193.9261,1793185.0
2020-06-04,69.03,24295.5496,2798025.0
2020-06-05,70.7,24883.3168,3560673.0
2020-06-08,71.03,24999.4624,2724588.0
2020-06-09,70.48,24805.8864,2412341.0
2020-06-10,66.14,23278.3956,3186603.0
2020-06-11,61.13,21515.0941,3502653.0
2020-06-12,63.12,22215.4873,2754409.0
2020-06-15,62.65,22050.0678,2747723.0
2020-06-16,64.27,22620.2372,2472608.0
2020-06-17,63.21,22247.1634,1757265.0
2020-06-18,63.4,22314.0351,1608143.0
2020-06-19,65.4,23017.9479,5464253.0
2020-06-22,63.75,22437.2199,2203732.0
2020-06-23,64.69,22768.0589,1486253.0
2020-06-24,61.63,21691.0723,2810936.0
2020-06-25,64.16,22581.522,2585430.0
2020-06-26,60.53,21303.9203,4652990.0
2020-06-29,61.56,21666.4354,2374622.0
2020-06-30,63.55,22366.8286,1983106.0
2020-07-01,62.13,21867.0505,1870454.0
2020-07-02,63.13,22219.0069,2147521.0
2020-07-06,64.48,22694.148,1521064.0
2020-07-07,63.17,22233.0852,2246807.0
2020-07-08,64.95,22859.5675,2207487.0
2020-07-09,61.66,21701.631,1980258.0
2020-07-10,64.12,22567.4437,1435840.0
2020-07-13,64.59,22732.8632,1860350.0
2020-07-14,64.99,22873.6458,1834182.0
2020-07-15,64.64,22750.461,2841954.0
2020-07-16,64.52,22708.2263,1986094.0
2020-07-17,61.71,21719.2288,3480945.0
2020-07-20,60.36,21244.0877,3074333.0
2020-07-21,61.8,21750.9049,2025480.0
2020-07-22,61.4,21610.1223,1919856.0
2020-07-23,62.41,21965.5983,2136848.0
2020-07-24,62.35,21944.4809,1701824.0
2020-07-27,62.85,22147.2873,2145725.0
2020-07-28,63.09,22231.8592,2390323.0
2020-07-29,64.39,22689.9575,1532092.0
2020-07-30,63.5,22376.3364,2007403.0
2020-07-31,63.79,22478.5275,2300584.0
2020-08-03,64.32,22665.2906,1646846.0
2020-08-04,64.91,22873.1968,1356335.0
2020-08-05,66.74,23518.0581,3316331.0
2020-08-06,66.54,23447.5815,1815131.0
2020-08-07,69.57,24515.3027,2290804.0
2020-08-10,69.87,24621.0177,1825765.0
2020-08-11,70.35,24790.1616,2105753.0
2020-08-12,71.18,25082.6397,1628812.0
2020-08-13,70.35,24790.1616,1718119.0
2020-08-14,70.53,24853.5906,874105.0
2020-08-17,69.21,24388.4447,1668728.0
2020-08-18,69.67,24550.541,1511996.0
2020-08-19,70.45,24825.4,2026006.0
2020-08-20,67.93,23937.3942,1877070.0
2020-08-21,67.55,23803.4885,1615863.0
2020-08-24,68.94,24293.3013,1887318.0
2020-08-25,69.07,24339.1111,1456230.0
2020-08-26,67.98,23955.0133,1504272.0
2020-08-27,69.25,24402.5401,1215451.0
2020-08-28,70.11,24705.5897,1257079.0
2020-08-31,68.09,23993.7755,1415543.0
2020-09-01,68.58,24166.4433,1656196.0
2020-09-02,69.88,24624.5415,3334851.0
2020-09-03,67.4,23750.6311,2656486.0
2020-09-04,68.35,24085.3951,3194642.0
2020-09-08,65.55,23098.722,2112695.0
2020-09-09,65.79,23183.294,3130382.0
2020-09-10,64.23,22633.5761,2635515.0
2020-09-11,64.91,22873.1968,2435308.0
2020-09-14,64.43,22704.0528,2920818.0
2020-09-15,63.2,22270.6214,1707092.0
2020-09-16,63.32,22312.9074,3820843.0
2020-09-17,62.37,21978.1433,3152206.0
2020-09-18,61.95,21830.1423,4285342.0
2020-09-21,59.92,21114.8043,3291407.0
2020-09-22,58.88,20748.3258,3396955.0
2020-09-23,57.77,20357.1804,1633045.0
2020-09-24,57.68,20325.4659,1279631.0
2020-09-25,58.5,20614.4201,1458649.0
2020-09-28,60.49,21315.6628,2130203.0
2020-09-29,59.89,21104.2328,1290991.0
2020-09-30,59.33,20906.8982,2789914.0
2020-10-01,58.75,20702.5159,2420058.0
2020-10-02,59.68,21030.2324,1847176.0
2020-10-05,61.39,21632.8077,1337118.0
2020-10-06,61.02,21502.4259,1587822.0
2020-10-07,63.41,22344.6219,1877697.0
2020-10-08,65.0,22904.9112,1714204.0
2020-10-09,66.43,23408.8193,2859538.0
2020-10-12,67.22,23687.2021,1729193.0
2020-10-13,66.09,23288.9925,2127842.0
2020-10-14,66.03,23267.866,1611339.0
2020-10-15,66.95,23592.0586,2170294.0
2020-10-16,66.58,23461.6768,3625093.0
2020-10-19,64.35,22675.8621,2145788.0
2020-10-20,64.58,22756.9103,1723878.0
2020-10-21,64.0,22552.528,1831711.0
2020-10-22,65.6,23116.3412,1696506.0
2020-10-23,65.31,23041.2175,980972.0
2020-10-26,63.51,22406.1816,1371134.0
2020-10-27,61.65,21749.9779,1755017.0
2020-10-28,58.48,20631.6092,2515595.0
2020-10-29,58.8,20744.5045,2409391.0
2020-10-30,58.9,20779.7842,2706094.0
2020-11-02,59.68,21054.9664,2218342.0
2020-11-03,62.38,22007.5202,1969474.0
2020-11-04,60.42,21316.0367,1920667.0
2020-11-05,62.83,22166.2792,1625423.0
2020-11-06,62.23,21954.6006,1255834.0
2020-11-09,70.1,24731.1184,3046450.0
2020-11-10,70.05,24713.4785,1845010.0
2020-11-11,68.48,24159.5862,2064820.0
2020-11-12,66.9,23602.1658,1853507.0
2020-11-13,68.52,24173.6981,1318192.0
2020-11-16,69.81,24628.8071,1934986.0
2020-11-17,70.56,24893.4054,1318322.0
2020-11-18,69.18,24406.5445,1567306.0
2020-11-19,69.27,24438.2963,1224957.0
2020-11-20,67.95,23972.6034,1324524.0
2020-11-23,70.56,24893.4054,1221061.0
2020-11-24,73.42,25902.4068,1574061.0
2020-11-25,72.24,25486.1055,1108870.0
2020-11-27,71.59,25256.787,590966.0
2020-11-30,70.48,24865.1815,2624994.0
2020-12-01,72.26,25493.1614,1756003.0
2020-12-02,74.06,26128.1973,2011829.0
2020-12-03,73.88,26064.6937,2073301.0
2020-12-04,76.38,26946.6879,2130217.0
2020-12-07,75.96,26798.5129,2279049.0
2020-12-08,75.84,26756.1772,1851966.0
2020-12-09,72.76,25669.5603,4151487.0
2020-12-10,71.73,25306.1787,4203885.0
2020-12-11,72.8,25683.6722,5707840.0
2020-12-14,70.7,24942.797,2215981.0
2020-12-15,71.79,25327.3465,1573240.0
2020-12-16,71.2,25119.1959,3391164.0
2020-12-17,70.74,24956.9089,3558690.0
2020-12-18,70.66,24928.6851,4201737.0
2020-12-21,70.34,24815.7899,5216356.0
2020-12-22,70.19,24762.8702,5568408.0
2020-12-23,71.58,25253.259,2694411.0
2020-12-24,71.78,25323.8185,665765.0
2020-12-28,72.12,25443.7698,1738886.0
2020-12-29,71.94,25380.2662,1168725.0
2020-12-30,72.42,25549.6091,909851.0
2020-12-31,72.78,25676.6162,951023.0
2021-01-04,72.25,25489.6335,1441302.0
2021-01-05,72.68,25641.3365,1730543.0
2021-01-06,77.63,27387.6851,3674603.0
2021-01-07,77.73,27422.9648,1810388.0
2021-01-08,77.13,27211.2862,1773639.0
2021-01-11,78.14,27567.6119,1999899.0
2021-01-12,80.42,28371.9906,2391720.0
2021-01-13,78.66,27751.0667,2039338.0
2021-01-14,79.58,28075.6406,2111578.0
2021-01-15,77.18,27228.9261,2502495.0
2021-01-19,78.4,27687.4523,5215242.0
2021-01-20,76.64,27065.8972,3542772.0
2021-01-21,74.58,26338.3953,2562626.0
2021-01-22,74.17,26193.6012,3920281.0
2021-01-25,72.55,25621.488,2066986.0
2021-01-26,72.63,25649.7405,1726976.0
2021-01-27,70.14,24770.3814,2445946.0
2021-01-28,71.63,25296.5843,2485090.0
2021-01-29,70.0,24720.9395,2490774.0
2021-02-01,70.25,24809.2286,2300849.0
2021-02-02,70.8,25003.4646,2928626.0
2021-02-03,71.6,25285.9896,3217733.0
2021-02-04,73.79,26059.4018,2478509.0
2021-02-05,74.77,26405.495,1844591.0
2021-02-08,76.07,26864.5981,1893722.0
2021-02-09,75.84,26783.3722,1942871.0
2021-02-10,74.09,26165.3487,2051775.0
2021-02-11,72.92,25752.1355,4342715.0
2021-02-12,73.5,25956.9865,4365821.0
2021-02-16,75.46,26649.1728,6137761.0
2021-02-17,75.16,26543.2259,3135609.0
2021-02-18,74.7,26380.774,1534083.0
2021-02-19,71.93,25303.9927,5675292.0
2021-02-22,73.54,25870.3687,3820795.0
2021-02-23,74.06,26053.2976,3465814.0
2021-02-24,76.82,27024.2279,4874905.0
2021-02-25,74.26,26123.6549,3724792.0
2021-02-26,72.77,25599.4932,3589051.0
2021-03-01,76.74,26996.085,3399448.0
2021-03-02,77.03,27098.1031,2823746.0
2021-03-03,79.31,27900.176,3635900.0
2021-03-04,78.2,27509.6931,5685909.0
2021-03-05,79.42,27938.8725,4087482.0
2021-03-08,80.5,28318.8017,2346439.0
2021-03-09,81.84,28790.1955,4520331.0
2021-03-10,83.24,29282.6964,3179551.0
2021-03-11,83.58,29402.3037,3566313.0
2021-03-12,83.8,29479.6967,3450033.0
2021-03-15,83.67,29433.9645,2387871.0
2021-03-16,83.65,29426.9288,3060036.0
2021-03-17,84.76,29817.4116,2157246.0
2021-03-18,85.25,29989.7869,2906851.0
2021-03-19,84.16,29606.3398,5457022.0
2021-03-22,81.62,28712.8025,2232652.0
2021-03-23,79.38,27924.801,1923901.0
2021-03-24,79.86,28093.6585,1646062.0
2021-03-25,82.37,28976.6422,2320751.0
2021-03-26,85.89,30214.9302,2806616.0
2021-03-29,85.33,30017.9298,1915047.0
2021-03-30,86.31,30362.6805,2782599.0
2021-03-31,84.01,29553.5719,2598816.0
2021-04-01,84.95,29884.251,2567483.0
2021-04-05,85.4,30042.5549,3491941.0
2021-04-06,84.98,29616.6751,1729680.0
2021-04-07,84.74,29533.0319,1861247.0
2021-04-08,84.41,29418.0224,2568759.0
2021-04-09,86.47,30135.9602,1797378.0
2021-04-12,86.93,30296.2764,1115857.0
2021-04-13,85.75,29885.0305,1038324.0
2021-04-14,86.68,30209.148,1219244.0
2021-04-15,86.51,30149.9007,2724629.0
2021-04-16,80.43,27992.2927,5681312.0
2021-04-19,80.89,28152.3879,3686210.0
2021-04-20,78.6,27355.3924,3539531.0
2021-04-21,80.14,27891.3632,2593674.0
2021-04-22,78.7,27390.1957,3217654.0
2021-04-23,81.11,28207.4845,2223793.0
2021-04-26,81.3,28273.5605,1796546.0
2021-04-27,82.24,28600.4627,1775677.0
2021-04-28,83.25,28951.7086,2006860.0
2021-04-29,83.48,29031.6953,3958710.0
2021-04-30,83.95,29195.1464,2087716.0
2021-05-03,84.68,29449.0173,1433328.0
2021-05-04,84.85,29508.1379,2638907.0
2021-05-05,86.21,29981.1027,1616056.0
2021-05-06,87.33,30370.6032,2230740.0
2021-05-07,87.23,30335.8264,1731272.0
2021-05-10,87.83,30544.4873,2372236.0
2021-05-11,86.1,29942.8482,2684434.0
2021-05-12,84.87,29515.0932,2535945.0
2021-05-13,85.71,29807.2186,2015745.0
2021-05-14,86.75,30168.8976,1538391.0
2021-05-17,86.38,30040.2233,1508651.0
2021-05-18,84.64,29435.1065,2266002.0
2021-05-19,84.09,29243.834,2356121.0
2021-05-20,84.21,29285.5662,1481117.0
2021-05-21,86.25,29995.0135,1620845.0
2021-05-24,86.41,30050.6564,1363597.0
2021-05-25,85.36,29685.4997,1562732.0
2021-05-26,86.29,30008.9242,2190080.0
2021-05-27,86.99,30252.362,2727219.0
2021-05-28,86.98,30248.8843,1846604.0
2021-06-01,87.98,30596.6526,1330568.0
2021-06-02,87.07,30280.1834,1753103.0
2021-06-03,87.09,30287.1388,1013757.0
2021-06-04,86.9,30221.0628,1402394.0
2021-06-07,86.41,30050.6564,1569847.0
2021-06-08,86.06,29928.9375,2224502.0
2021-06-09,84.57,29410.7628,1887151.0
2021-06-10,83.64,29087.3383,1765118.0
2021-06-11,83.74,29122.1151,1829683.0
2021-06-14,84.79,29487.2718,3192938.0
2021-06-15,85.79,29835.0401,2226548.0
2021-06-16,87.21,30328.871,4069061.0
2021-06-17,82.78,28788.2576,3718015.0
2021-06-18,78.85,27421.5282,6110592.0
2021-06-21,81.61,28381.3687,2088807.0
2021-06-22,80.69,28061.4219,1638732.0
2021-06-23,80.98,28162.2747,1391296.0
2021-06-24,81.86,28468.3107,1978024.0
2021-06-25,83.23,28944.7533,2350632.0
2021-06-28,82.1,28551.7751,1815865.0
2021-06-29,82.2,28586.552,1655849.0
2021-06-30,82.28,28614.3734,1588742.0
2021-07-01,83.82,29149.9366,1590985.0
2021-07-02,84.3,29316.8653,2046317.0
2021-07-06,81.9,28482.2215,2336517.0
2021-07-07,81.4,28308.3373,1178964.0
2021-07-08,79.59,27678.8768,1563273.0
2021-07-09,84.11,29250.7894,2239275.0
2021-07-12,84.32,29323.8207,1313109.0
2021-07-13,83.6,29073.4275,1308173.0
2021-07-14,82.47,28680.4494,1776276.0
2021-07-15,81.97,28506.5653,2278491.0
2021-07-16,84.34,29330.7761,3925112.0
2021-07-19,79.63,27692.7875,2711465.0
2021-07-20,82.81,28798.6906,2044943.0
2021-07-21,85.13,29605.513,1639764.0
2021-07-22,84.89,29522.0486,2296665.0
2021-07-23,85.35,29317.9908,1850067.0
2021-07-26,86.16,29596.2283,1587100.0
2021-07-27,85.7,29438.2169,1467929.0
2021-07-28,86.24,29623.7086,1294366.0
2021-07-29,87.96,30214.5339,1301039.0
2021-07-30,87.14,29932.8614,1398413.0
2021-08-02,87.01,29888.2059,1393453.0
2021-08-03,88.02,30235.1441,1324673.0
2021-08-04,86.59,29743.9346,1346917.0
2021-08-05,87.49,30053.0874,1335696.0
2021-08-06,90.0,30915.2803,1516607.0
2021-08-09,90.57,31111.077,1013055.0
2021-08-10,91.28,31354.9642,1106506.0
2021-08-11,92.01,31605.7215,1233927.0
2021-08-12,91.46,31416.7948,1250107.0
2021-08-13,90.79,31186.6477,1280860.0
2021-08-16,90.06,30935.8904,1638318.0
2021-08-17,88.15,30279.7995,1637456.0
2021-08-18,87.35,30004.997,1745750.0
2021-08-19,85.5,29369.5162,1644778.0
2021-08-20,86.09,29572.1831,1551937.0
2021-08-23,88.12,30269.4944,1189288.0
2021-08-24,89.57,30767.5739,1189654.0
2021-08-25,92.0,31602.2865,2741499.0
2021-08-26,92.5,31774.038,2148158.0
2021-08-27,94.28,32385.4736,1509555.0
2021-08-30,92.51,31777.4731,1070511.0
2021-08-31,92.91,31914.8743,2270335.0
2021-09-01,91.87,31557.6311,1614516.0
2021-09-02,92.69,31839.3036,1212935.0
2021-09-03,92.89,31908.0043,1873367.0
2021-09-07,89.43,30719.4835,4181717.0
2021-09-08,87.31,29991.2569,3881651.0
2021-09-09,87.89,30190.4887,2179544.0
2021-09-10,87.56,32014.2847,8363778.0
2021-09-13,88.3,32284.8486,3545048.0
2021-09-14,86.57,31652.3142,4651395.0
2021-09-15,87.92,32145.9104,3266825.0
2021-09-16,87.05,31827.815,2752772.0
2021-09-17,84.82,31012.4672,7098990.0
2021-09-20,82.45,30145.9316,3496924.0
2021-09-21,81.69,29868.0553,1810476.0
2021-09-22,83.15,30401.8704,1833680.0
2021-09-23,85.86,31392.7191,2587052.0
2021-09-24,85.74,31348.8439,5686778.0
2021-09-27,88.47,32347.0051,2313268.0
2021-09-28,86.81,31740.0646,2122217.0
2021-09-29,86.54,31641.3453,1285098.0
2021-09-30,84.72,30975.9045,1408800.0
2021-10-01,86.41,31593.8139,1428833.0
2021-10-04,86.12,31487.7821,1544589.0
2021-10-05,88.72,32438.4118,2983860.0
2021-10-06,88.47,32347.0051,2148856.0
2021-10-07,89.08,32570.0375,1972517.0
2021-10-08,91.2,33345.1663,1856990.0
2021-10-11,90.97,33261.0722,1884965.0
2021-10-12,90.63,33136.7591,2350906.0
2021-10-13,89.61,32763.8197,2116584.0
2021-10-14,91.71,33531.636,1557143.0
2021-10-15,92.73,33904.5754,3815037.0
2021-10-18,94.79,34657.9893,6502058.0
2021-10-19,97.06,35487.9675,3426973.0
2021-10-20,99.37,36332.5709,2608991.0
2021-10-21,98.14,35882.847,2328479.0
2021-10-22,99.4,36343.5398,2029083.0
2021-10-25,98.6,36051.0365,1111282.0
2021-10-26,98.27,35930.3788,1329618.0
2021-10-27,96.24,35188.1516,1960002.0
2021-10-28,98.82,36131.4749,1422095.0
2021-10-29,98.55,36032.755,1709583.0
2021-11-01,99.33,36317.9458,1155533.0
2021-11-02,99.44,36358.165,1347716.0
2021-11-03,99.6,36416.6656,1541528.0
2021-11-04,96.53,35294.1841,2063928.0
2021-11-05,95.67,34979.743,2510782.0
2021-11-08,96.63,35330.747,1371968.0
2021-11-09,96.03,35111.3695,1172315.0
2021-11-10,97.55,35667.1258,1708378.0
2021-11-11,98.48,36007.161,1337311.0
2021-11-12,99.07,36222.8822,2585861.0
2021-11-15,99.92,36533.667,1384493.0
2021-11-16,98.61,36054.6927,1740265.0
2021-11-17,96.19,35169.8702,1367873.0
2021-11-18,95.24,34822.5224,1156429.0
2021-11-19,94.75,34643.3641,1229026.0
2021-11-22,97.25,35557.4371,1467005.0
2021-11-23,98.2,35904.7848,1518614.0
2021-11-24,98.26,35926.7225,1096255.0
2021-11-26,93.35,34131.4833,1330396.0
2021-11-29,93.19,34072.9826,1872531.0
2021-11-30,88.97,32530.0275,4767168.0
2021-12-01,88.62,32402.0573,2753383.0
2021-12-02,92.39,33780.4793,2494642.0
2021-12-03,90.01,32910.2819,2634589.0
2021-12-06,93.61,34226.5469,4280696.0
2021-12-07,94.9,34698.2085,3560339.0
2021-12-08,92.91,33970.6065,3633111.0
2021-12-09,93.98,34361.8297,2751439.0
2021-12-10,93.51,34189.984,2125615.0
2021-12-13,91.26,33367.3183,2030949.0
2021-12-14,92.1,33674.4468,1840523.0
2021-12-15,91.86,33586.6958,2389039.0
2021-12-16,92.69,33890.168,2311972.0
2021-12-17,91.83,33575.727,3364972.0
2021-12-20,90.1,32943.1885,1658906.0
2021-12-21,92.32,33754.8853,2119443.0
2021-12-22,92.59,33853.6051,1698502.0
2021-12-23,93.03,34014.482,1267719.0
2021-12-27,93.79,34292.3601,1106328.0
2021-12-28,93.7,34259.4535,2430396.0
2021-12-29,93.79,34292.3601,1038209.0
2021-12-30,93.24,34091.2641,846982.0
2021-12-31,93.0,34003.5131,967604.0
2022-01-03,94.45,34533.6754,1614585.0
2022-01-04,98.32,35948.6603,2367307.0
2022-01-05,97.15,35520.8742,2907202.0
2022-01-06,98.92,36168.0378,2494660.0
2022-01-07,101.66,37169.8617,4315686.0
2022-01-10,101.2,37001.6723,3335379.0
2022-01-11,102.35,37422.1459,2493763.0
2022-01-12,103.33,37780.4624,2808182.0
2022-01-13,103.44,37820.6817,1977560.0
2022-01-14,103.77,37941.3393,3286766.0
2022-01-18,101.01,36932.2028,3649435.0
2022-01-19,93.88,34325.2668,4091183.0
2022-01-20,94.21,34445.9244,3432409.0
2022-01-21,90.99,33268.5985,3257616.0
2022-01-24,93.8,34296.0164,5022581.0
2022-01-25,94.13,34416.6741,5227017.0
2022-01-26,94.32,34486.1436,3616098.0
2022-01-27,93.12,34047.3886,2441844.0
2022-01-28,93.65,34241.1721,1779880.0
2022-01-31,94.5,34551.9568,2537689.0
2022-02-01,96.51,35286.8715,1868639.0
2022-02-02,97.57,35708.9437,1783770.0
2022-02-03,97.09,35533.272,2001508.0
2022-02-04,98.89,36192.0411,2288021.0
2022-02-07,99.33,36353.0735,1735429.0
2022-02-08,101.85,37275.3502,2075506.0
2022-02-09,101.67,37209.4733,1097487.0
2022-02-10,101.39,37106.9981,1715862.0
2022-02-11,99.17,36294.5163,2059468.0
2022-02-14,98.68,36115.1847,1627763.0
2022-02-15,100.32,36715.3965,1097266.0
2022-02-16,100.28,36700.7572,1435117.0
2022-02-17,93.65,34282.2063,2431154.0
2022-02-18,93.39,34187.0288,2762207.0
2022-02-22,92.43,33835.6041,2011946.0
2022-02-23,87.23,31932.054,2817607.0
2022-02-24,85.48,31291.4361,3244478.0
2022-02-25,88.74,32484.8157,2178486.0
2022-02-28,85.33,31236.526,3709503.0
2022-03-01,80.89,29611.1871,3963798.0
2022-03-02,83.94,30727.6924,2710296.0
2022-03-03,83.94,30727.6924,1865989.0
2022-03-04,80.51,29472.0815,3271203.0
2022-03-07,78.17,28615.4839,2064814.0
2022-03-08,79.36,29051.104,2221682.0
2022-03-09,83.58,30595.9082,2685450.0
2022-03-10,82.92,30354.3037,2070363.0
2022-03-11,82.09,30050.4679,1531681.0
2022-03-14,83.35,30511.7127,1506115.0
2022-03-15,83.97,30738.6745,1384791.0
2022-03-16,87.45,32012.5888,1866172.0
2022-03-17,88.05,32232.2292,1520607.0
2022-03-18,88.93,32554.3685,3020662.0
2022-03-21,88.36,32345.7101,1382278.0
2022-03-22,90.33,33066.8627,2337299.0
2022-03-23,87.48,32023.5708,1840340.0
2022-03-24,89.01,32583.6538,1344725.0
2022-03-25,90.53,33140.0762,1076903.0
2022-03-28,90.11,32986.3279,1500234.0
2022-03-29,91.97,33667.2132,2125121.0
2022-03-30,92.11,33718.4626,2545035.0
2022-03-31,87.12,31891.7866,3086958.0
2022-04-01,85.81,31412.2384,2065198.0
2022-04-04,85.84,31423.2204,2825979.0
2022-04-05,85.31,31229.2047,1776119.0
2022-04-06,83.7,30639.8363,1453497.0
2022-04-07,83.96,30850.6249,1818097.0
2022-04-08,84.17,30927.7882,1154477.0
2022-04-11,82.72,30394.994,2128777.0
2022-04-12,82.25,30222.2952,1925685.0
2022-04-13,82.85,30442.7617,2459763.0
2022-04-14,75.81,27855.9537,5810231.0
2022-04-18,74.38,27330.5084,5355357.0
2022-04-19,74.91,27525.2539,4617524.0
2022-04-20,75.91,27892.6982,2579847.0
2022-04-21,74.58,27403.9972,2398600.0
2022-04-22,70.87,26040.7788,3327135.0
2022-04-25,70.95,26070.1744,3979240.0
2022-04-26,67.73,24887.0037,3228100.0
2022-04-27,66.86,24545.3229,3973004.0
2022-04-28,68.84,25272.2111,2512369.0
2022-04-29,66.97,24585.7056,3599294.0
2022-05-02,68.58,25176.7611,2688089.0
2022-05-03,69.91,25665.0243,2711131.0
2022-05-04,72.76,26711.3027,1992053.0
2022-05-05,71.22,26145.9453,2607425.0
2022-05-06,70.13,25745.7897,1965240.0
2022-05-09,69.25,25422.7283,2836973.0
2022-05-10,67.71,24857.3709,2619116.0
2022-05-11,66.31,24343.4096,3524143.0
2022-05-12,67.62,24824.3305,3412136.0
2022-05-13,69.21,25408.0437,2094512.0
2022-05-16,68.31,25077.64,1641173.0
2022-05-17,69.66,25573.2455,3998458.0
2022-05-18,66.97,24585.7056,2916843.0
2022-05-19,65.96,24214.9193,3171244.0
2022-05-20,67.47,24769.2632,3896407.0
2022-05-23,69.73,25598.9436,2259898.0
2022-05-24,68.67,25209.8015,1557302.0
2022-05-25,69.3,25441.0841,1561720.0
2022-05-26,70.99,26061.5088,1529203.0
2022-05-27,73.04,26814.0949,3041986.0
2022-05-31,72.49,26612.1816,6337534.0
2022-06-01,69.95,25679.7089,2955319.0
2022-06-02,73.13,26847.1353,2426485.0
2022-06-03,71.3,26175.3145,1252957.0
2022-06-06,71.41,26215.6971,1220922.0
2022-06-07,73.01,26803.0815,2085447.0
2022-06-08,69.04,25345.6341,7272660.0
2022-06-09,68.14,25015.2304,4397640.0
2022-06-10,65.23,23946.9251,2773372.0
2022-06-13,63.07,23153.9563,4184363.0
2022-06-14,62.18,22827.2238,3339830.0
2022-06-15,63.94,23473.3465,3224304.0
2022-06-16,62.33,22882.291,2605056.0
2022-06-17,61.75,22669.3642,6843598.0
2022-06-21,63.8,23421.9504,2732936.0
2022-06-22,63.33,23249.4062,1898028.0
2022-06-23,62.89,23087.8756,2225193.0
2022-06-24,66.27,24328.725,2467426.0
2022-06-27,65.21,23939.5828,2793416.0
2022-06-28,64.49,23675.2599,2004187.0
2022-06-29,64.08,23524.7427,2032217.0
2022-06-30,61.65,22632.6527,3178685.0
2022-07-01,63.38,23267.762,1959507.0
2022-07-05,63.07,23153.9563,1602184.0
2022-07-06,62.27,22860.2641,1746874.0
2022-07-07,63.7,23385.2389,2177987.0
2022-07-08,63.03,23139.2717,1278964.0
2022-07-11,62.7,23018.1237,1839672.0
2022-07-12,62.36,22893.2914,2832233.0
2022-07-13,60.94,22372.0009,2661445.0
2022-07-14,59.84,21968.1742,4319316.0
2022-07-15,65.67,24141.5629,8351866.0
2022-07-18,64.96,23880.5532,3475146.0
2022-07-19,67.33,24751.811,2747679.0
2022-07-20,66.97,24619.4681,2509946.0
2022-07-21,67.82,24931.9445,1826787.0
2022-07-22,68.16,25056.9351,2178233.0
2022-07-25,68.4,25145.1637,1489968.0
2022-07-26,66.99,24626.8205,1754779.0
2022-07-27,68.91,25332.6496,1476613.0
2022-07-28,69.97,25722.3265,1961263.0
2022-07-29,71.04,26115.6793,3991383.0
2022-08-01,70.36,25865.6981,1785565.0
2022-08-02,69.22,25446.612,1419644.0
2022-08-03,71.02,26108.3269,1735395.0
2022-08-04,70.33,25854.6695,1804743.0
2022-08-05,70.66,25975.9839,1470449.0
2022-08-08,70.3,25843.6409,1283595.0
2022-08-09,70.38,25873.0505,894593.0
2022-08-10,72.52,26659.7559,1199313.0
2022-08-11,73.51,27023.6991,1004400.0
2022-08-12,74.93,27545.7186,1586626.0
2022-08-15,74.46,27372.9375,1066612.0
2022-08-16,74.48,27380.2899,1410671.0
2022-08-17,73.96,27189.1278,1117136.0
2022-08-18,74.2,27277.3564,946451.0
2022-08-19,72.26,26564.1749,1336639.0
2022-08-22,70.88,26056.8602,1046509.0
2022-08-23,70.77,26016.422,614296.0
2022-08-24,70.53,25928.1934,942153.0
2022-08-25,71.67,26347.2795,975208.0
2022-08-26,69.13,25413.5263,986275.0
2022-08-29,68.72,25262.8024,1350358.0
2022-08-30,69.08,25395.1453,1263835.0
2022-08-31,68.35,25126.7832,1859612.0
2022-09-01,68.59,25215.0118,1385555.0
2022-09-02,67.68,24880.4782,1714630.0
2022-09-06,68.06,25020.1736,1341948.0
2022-09-07,69.74,25637.7741,2055596.0
2022-09-08,72.06,26490.651,2454289.0
2022-09-09,73.0,26836.2132,2639339.0
2022-09-12,74.19,27273.6802,3115238.0
2022-09-13,72.13,26516.3844,2207963.0
2022-09-14,71.4,26248.0222,2145763.0
2022-09-15,71.4,26248.0222,1465711.0
2022-09-16,70.1,25770.1171,2824633.0
2022-09-19,70.87,26053.184,1298348.0
2022-09-20,68.95,25347.3548,1689087.0
2022-09-21,67.77,24913.564,1895115.0
2022-09-22,66.08,24292.2872,1202352.0
2022-09-23,63.63,23391.6198,2555593.0
2022-09-26,62.61,23016.6481,3234907.0
2022-09-27,61.28,22527.7143,2808951.0
2022-09-28,63.23,23244.5721,2243888.0
2022-09-29,61.72,22689.4668,2054995.0
2022-09-30,60.81,22354.9332,2403634.0
2022-10-03,63.11,23200.4577,2621536.0
2022-10-04,65.61,24119.5061,2287158.0
2022-10-05,65.43,24053.3347,1304184.0
2022-10-06,63.96,23512.9342,1318294.0
2022-10-07,62.11,22832.8384,1782630.0
2022-10-10,61.62,22652.7049,1180023.0
2022-10-11,60.81,22354.9332,1899617.0
2022-10-12,60.16,22115.9806,1675432.0
2022-10-13,63.5,23343.8293,1998630.0
2022-10-14,61.11,22465.219,2693135.0
2022-10-17,63.81,23457.7913,3546230.0
2022-10-18,64.42,23704.4667,6023369.0
2022-10-19,64.57,23759.6618,3315015.0
2022-10-20,64.86,23866.3724,2871184.0
2022-10-21,69.12,25433.9139,3294813.0
2022-10-24,70.52,25949.0685,2738148.0
2022-10-25,72.05,26512.0587,3145259.0
2022-10-26,72.28,26522.4338,2281138.0
2022-10-27,73.1,26823.3247,2184574.0
2022-10-28,74.78,27439.7842,2373585.0
2022-10-31,74.0,27153.5709,2740148.0
2022-11-01,74.4,27300.3469,2576577.0
2022-11-02,73.88,27109.5381,2444669.0
2022-11-03,73.07,26812.3165,1941526.0
2022-11-04,75.45,27685.6341,1763824.0
2022-11-07,75.93,27861.7654,1842902.0
2022-11-08,76.15,27942.4922,2133553.0
2022-11-09,75.22,27601.2379,1690905.0
2022-11-10,79.86,29303.8401,2284398.0
2022-11-11,80.99,29718.4825,2897895.0
2022-11-14,79.0,28988.2716,3105263.0
2022-11-15,79.46,29157.0641,2681351.0
2022-11-16,78.91,28955.247,2232264.0
2022-11-17,74.51,27340.7104,5477219.0
2022-11-18,75.59,27737.0057,3901036.0
2022-11-21,76.61,28111.2847,2419490.0
2022-11-22,76.59,28103.9459,1972829.0
2022-11-23,77.05,28272.7383,1870751.0
2022-11-25,77.06,28276.4077,1030808.0
2022-11-28,73.52,26977.4396,2255809.0
2022-11-29,73.93,27127.8851,1502615.0
2022-11-30,79.67,29234.1215,7618948.0
2022-12-01,78.72,28885.5284,2907180.0
2022-12-02,77.72,28518.5882,4159038.0
2022-12-05,76.24,27975.5168,2284423.0
2022-12-06,74.36,27285.6693,2581224.0
2022-12-07,80.45,29520.3348,6096642.0
2022-12-08,78.12,28665.3643,2770885.0
2022-12-09,79.03,28999.2798,3070927.0
2022-12-12,80.26,29450.6162,2790792.0
2022-12-13,81.33,29843.2422,3751776.0
2022-12-14,79.89,29314.8483,3860299.0
2022-12-15,78.26,28716.7359,2909994.0
2022-12-16,77.7,28511.2494,5120243.0
2022-12-19,77.56,28459.8778,2387259.0
2022-12-20,77.99,28617.6621,2300026.0
2022-12-21,78.71,28881.859,2157162.0
2022-12-22,77.85,28566.2904,1087782.0
2022-12-23,77.49,28434.192,1232479.0
2022-12-27,77.15,28309.4323,1620218.0
2022-12-28,76.84,28195.6809,1546230.0
2022-12-29,78.34,28746.0911,1587459.0
2022-12-30,77.57,28463.5472,1387346.0
2023-01-03,78.4,28768.1075,3168101.0
2023-01-04,79.48,29164.4029,2324489.0
2023-01-05,78.71,28881.859,1980262.0
2023-01-06,80.68,29604.7311,2059343.0
2023-01-09,80.91,29689.1273,3437019.0
2023-01-10,81.46,29890.9444,2972116.0
2023-01-11,82.34,30213.8517,3100852.0
2023-01-12,82.37,30224.8599,3896517.0
2023-01-13,82.97,30445.024,4274374.0
2023-01-17,83.0,30456.0322,3085036.0
2023-01-18,81.54,29920.2996,2583093.0
2023-01-19,80.52,29546.0206,3358551.0
2023-01-20,84.28,30925.7156,4790157.0
2023-01-23,86.22,31637.5795,4304911.0
2023-01-24,87.03,31934.801,3312804.0
2023-01-25,88.2,30783.9315,3310590.0
2023-01-26,90.23,31492.4506,3307727.0
2023-01-27,90.73,31666.9627,2773934.0
2023-01-30,90.15,31464.5287,2818702.0
2023-01-31,91.33,31876.3772,4529817.0
2023-02-01,92.28,32207.9501,3589424.0
2023-02-02,92.37,32239.3623,3092602.0
2023-02-03,91.08,31789.1211,3329899.0
2023-02-06,90.73,31666.9475,2117076.0
2023-02-07,92.68,32347.5598,3043181.0
2023-02-08,93.59,32665.1718,3173002.0
2023-02-09,92.53,32295.2062,3057353.0
2023-02-10,92.58,32312.6419,2552150.0
2023-02-13,94.03,32818.7424,2457104.0
2023-02-14,93.58,32661.6815,2337323.0
2023-02-15,94.11,32846.6644,2408170.0
2023-02-16,93.27,32129.52,3424078.0
2023-02-17,92.0,31692.0322,2454853.0
2023-02-21,89.17,30717.1577,2432353.0
2023-02-22,88.1,30348.5656,2431089.0
2023-02-23,87.11,30007.5318,2526306.0
2023-02-24,87.17,30028.2005,1694206.0
2023-02-27,88.81,30593.1454,2514422.0
2023-02-28,88.68,30548.3632,2297584.0
2023-03-01,89.51,30834.2805,1996403.0
2023-03-02,88.77,30579.3663,1854885.0
2023-03-03,90.42,31147.756,2284454.0
2023-03-06,90.18,31065.0811,2185550.0
2023-03-07,86.66,29852.5164,3284641.0
2023-03-08,86.59,29828.4029,2767199.0
2023-03-09,82.84,28536.6081,3332655.0
2023-03-10,79.87,27513.5067,5195756.0
2023-03-13,73.97,25481.0829,5164467.0
2023-03-14,76.74,26435.2886,4597112.0
2023-03-15,73.7,25388.0736,4209783.0
2023-03-16,74.75,25749.7762,3821027.0
2023-03-17,71.77,24723.2299,9746937.0
2023-03-20,73.44,25298.5092,2896138.0
2023-03-21,76.72,26428.399,3051792.0
2023-03-22,73.75,25405.2976,2682133.0
2023-03-23,72.69,25040.1502,1836737.0
2023-03-24,71.65,24681.8925,2696999.0
2023-03-27,73.39,25281.2853,1997845.0
2023-03-28,73.62,25360.5153,1172987.0
2023-03-29,75.45,25990.9112,1689576.0
2023-03-30,75.0,25835.8958,1638640.0
2023-03-31,75.69,26073.5861,1679392.0
2023-04-03,75.46,25994.356,1831830.0
2023-04-04,74.62,25704.994,2263976.0
2023-04-05,75.59,26039.1382,2254256.0
2023-04-06,76.16,25624.6747,2163764.0
2023-04-10,77.33,26018.3311,2177494.0
2023-04-11,78.58,26438.9041,2671364.0
2023-04-12,78.21,26314.4145,1648504.0
2023-04-13,78.81,26516.2896,1805225.0
2023-04-14,80.03,26926.7689,2852159.0
2023-04-17,72.68,24453.9907,13773859.0
2023-04-18,74.9,25200.9343,6732299.0
2023-04-19,75.29,25332.1541,4032836.0
2023-04-20,74.99,25231.2158,2598714.0
2023-04-21,73.63,24773.6287,2781408.0
2023-04-24,73.47,24719.795,2294602.0
2023-04-25,70.62,23760.8809,4327912.0
2023-04-26,69.82,23491.712,3280442.0
2023-04-27,71.17,23789.2019,1708504.0
2023-04-28,72.26,24153.544,2058143.0
2023-05-01,71.53,23909.535,2197938.0
2023-05-02,70.29,23495.0541,3188632.0
2023-05-03,68.92,23037.1195,2949142.0
2023-05-04,66.86,22348.5462,2948339.0
2023-05-05,68.5,22896.7307,3496334.0
2023-05-08,69.07,23087.2583,1754292.0
2023-05-09,68.98,23057.175,1776737.0
2023-05-10,68.5,22896.7307,1733980.0
2023-05-11,67.73,22639.3514,2344957.0
2023-05-12,66.54,22241.5834,3109973.0
2023-05-15,68.0,22729.6013,1978203.0
2023-05-16,66.66,22281.6945,1765666.0
2023-05-17,68.46,22883.3604,1470241.0
2023-05-18,69.06,23083.9157,1855359.0
2023-05-19,68.0,22729.6013,1988514.0
2023-05-22,68.5,22896.7307,1879450.0
2023-05-23,68.37,22853.2771,1561329.0
2023-05-24,67.03,22405.3702,1809791.0
2023-05-25,67.75,22646.0366,2816747.0
2023-05-26,68.47,22886.703,2137075.0
2023-05-30,69.33,23174.1656,2430498.0
2023-05-31,68.02,22736.2865,5400219.0
2023-06-01,69.53,23241.0174,2668420.0
2023-06-02,71.55,23916.2202,2331504.0
2023-06-05,71.82,24006.4701,2687699.0
2023-06-06,74.25,24818.7191,3157145.0
2023-06-07,74.63,24945.7375,2450022.0
2023-06-08,73.53,24578.0527,2312258.0
2023-06-09,73.91,24705.0711,2033438.0
2023-06-12,73.07,24424.2937,4156448.0
2023-06-13,74.07,24758.5525,2996168.0
2023-06-14,73.2,24467.7473,2285319.0
2023-06-15,74.65,24952.4226,2076097.0
2023-06-16,73.77,24658.2748,7081830.0
2023-06-20,73.16,24454.377,2081386.0
2023-06-21,73.03,24410.9233,1722344.0
2023-06-22,72.21,24136.8311,1595312.0
2023-06-23,71.07,23755.776,3203632.0
2023-06-26,70.92,23705.6371,1810651.0
2023-06-27,72.59,24263.8494,1480188.0
2023-06-28,72.14,24113.4329,1534812.0
2023-06-29,73.14,24447.6918,1855303.0
2023-06-30,73.18,24461.0621,1459903.0
2023-07-03,74.34,24848.8024,763256.0
2023-07-05,73.53,24578.0527,1515148.0
2023-07-06,72.85,24350.7567,1757562.0
2023-07-07,73.88,24695.0433,2024894.0
2023-07-10,74.5,24902.2838,1482537.0
2023-07-11,75.66,25290.0241,1805591.0
2023-07-12,75.84,25350.1907,2438446.0
2023-07-13,77.46,25891.69,3051663.0
2023-07-14,68.1,22763.0272,9560622.0
2023-07-17,66.51,22231.5556,7007469.0
2023-07-18,68.29,22826.5364,8004588.0
2023-07-19,69.38,23190.8785,4570738.0
2023-07-20,70.34,23511.767,3566968.0
2023-07-21,70.27,23488.3689,3040244.0
2023-07-24,71.24,23812.6,3613084.0
2023-07-25,70.73,23642.128,2867127.0
2023-07-26,71.47,23889.4795,2726024.0
2023-07-27,70.48,23558.5633,2972810.0
2023-07-28,71.17,22677.6316,2590011.0
2023-07-31,72.44,23082.3048,2733122.0
2023-08-01,72.13,22983.5263,2395705.0
2023-08-02,72.71,23168.3377,2860706.0
2023-08-03,73.0,23260.7434,2926533.0
2023-08-04,73.14,23305.353,2474419.0
2023-08-07,73.9,23547.5196,2677751.0
2023-08-08,72.73,23174.7105,3214504.0
2023-08-09,72.23,23015.3903,3380363.0
2023-08-10,73.13,23302.1666,2679858.0
2023-08-11,73.68,23477.4188,2903589.0
2023-08-14,71.34,22731.8004,2222053.0
2023-08-15,69.56,22164.6207,1659643.0
2023-08-16,68.83,21932.0132,1914142.0
2023-08-17,68.3,21763.1339,1807601.0
2023-08-18,67.95,21651.6097,1398086.0
2023-08-21,67.42,21482.7304,1858091.0
2023-08-22,65.85,20982.4651,2120041.0
2023-08-23,67.55,21524.1536,2084377.0
2023-08-24,67.75,21587.8817,1356592.0
2023-08-25,67.55,21524.1536,1154138.0
2023-08-28,68.4,21794.9979,1036322.0
2023-08-29,68.52,21833.2347,1235754.0
2023-08-30,68.45,21810.9299,1163878.0
2023-08-31,68.74,21903.3356,2144569.0
2023-09-01,69.85,22257.0264,1578746.0
2023-09-05,70.08,22330.3136,2002649.0
2023-09-06,69.86,22260.2128,1845299.0
2023-09-07,69.51,22148.6886,2206207.0
2023-09-08,70.16,22355.8049,1646927.0
2023-09-11,71.39,22747.7324,3763170.0
2023-09-12,71.49,22779.5965,2550435.0
2023-09-13,71.25,22703.1228,2199355.0
2023-09-14,72.39,23066.3728,2500671.0
2023-09-15,71.85,22894.307,6781051.0
2023-09-18,71.26,22706.3092,1798758.0
2023-09-19,70.55,22480.0746,1835173.0
2023-09-20,69.69,22206.0439,1679905.0
2023-09-21,68.82,21928.8268,1289803.0
2023-09-22,67.81,21607.0001,1116809.0
2023-09-25,67.61,21543.272,1393040.0
2023-09-26,66.83,21294.7326,1390860.0
2023-09-27,66.78,21278.8006,1473187.0
2023-09-28,67.56,21527.34,1269551.0
2023-09-29,66.96,21336.1558,1665300.0
2023-10-02,66.19,21090.8028,1840099.0
2023-10-03,64.79,20644.7063,1485266.0
2023-10-04,64.46,20539.555,2151130.0
2023-10-05,64.27,20479.0134,2229790.0
2023-10-06,65.17,20765.7897,2074845.0
2023-10-09,64.74,20628.7743,1865131.0
2023-10-10,65.44,20851.8225,1732787.0
2023-10-11,65.3,20807.2129,1848321.0
2023-10-12,64.09,20421.6581,2688748.0
2023-10-13,64.28,20482.1998,2178715.0
2023-10-16,65.6,20902.805,2044873.0
2023-10-17,67.26,21431.7479,3927305.0
2023-10-18,68.63,21178.0864,5482957.0
2023-10-19,66.36,20477.6018,2981468.0
2023-10-20,64.86,20014.7265,3456036.0
2023-10-23,64.25,19826.4906,1754074.0
2023-10-24,64.74,19977.6965,1625404.0
2023-10-25,64.02,19755.5164,1357217.0
2023-10-26,64.66,19953.0098,1775481.0
2023-10-27,62.93,19419.1603,1655761.0
2023-10-30,63.88,19712.3147,1471785.0
2023-10-31,64.63,19943.7523,1548605.0
2023-11-01,64.74,19977.6965,1805234.0
2023-11-02,66.68,20576.3485,1533304.0
2023-11-03,67.76,20909.6187,1990223.0
2023-11-06,67.22,20742.9836,1426892.0
2023-11-07,66.54,20533.1468,1302756.0
2023-11-08,66.56,20539.3185,1624670.0
2023-11-09,66.52,20526.9752,1485953.0
2023-11-10,67.6,20860.2453,1406314.0
2023-11-13,67.05,20690.5244,1588005.0
2023-11-14,68.94,21273.7472,1911752.0
2023-11-15,69.73,21517.5282,1721164.0
2023-11-16,69.29,21381.7515,1733762.0
2023-11-17,70.19,21659.4766,1536827.0
2023-11-20,69.95,21585.4166,1429172.0
2023-11-21,69.05,21307.6914,1372406.0
2023-11-22,69.88,21563.8157,1200302.0
2023-11-24,70.38,21718.1075,797721.0
2023-11-27,69.74,21520.6141,1957616.0
2023-11-28,70.11,21634.79,1732703.0
2023-11-29,71.74,22137.7811,1653571.0
2023-11-30,72.82,22471.0513,3887064.0
2023-12-01,73.92,22810.4931,2699772.0
2023-12-04,74.1,22866.0382,2464684.0
2023-12-05,73.22,22594.4847,2145136.0
2023-12-06,71.44,22045.206,4466157.0
2023-12-07,73.18,22582.1413,2544978.0
2023-12-08,73.97,22825.9223,2149842.0
2023-12-11,74.6,23020.3299,2189669.0
2023-12-12,75.12,23180.7933,1819040.0
2023-12-13,76.61,23640.5828,2126092.0
2023-12-14,78.55,24239.2348,2343233.0
2023-12-15,77.63,23955.338,4948048.0
2023-12-18,77.19,23819.5612,1884597.0
2023-12-19,77.68,23970.7671,1624903.0
2023-12-20,76.05,23467.776,1822480.0
2023-12-21,77.01,23764.0162,1384957.0
2023-12-22,77.19,23819.5612,1536460.0
2023-12-26,77.72,23983.1105,1608626.0
2023-12-27,77.97,24060.2564,1154818.0
2023-12-28,78.42,24199.1189,1394279.0
2023-12-29,77.46,23902.8788,1084544.0
