,UAL US Equity,UAL US Equity,UAL US Equity
,PX_LAST,CUR_MKT_CAP,PX_VOLUME
2014-01-02,37.73,13653.4148,2228357.0
2014-01-03,39.95,14456.7697,7080683.0
2014-01-06,39.36,14243.2655,4640020.0
2014-01-07,38.69,14000.8115,4528381.0
2014-01-08,41.02,14843.9723,7799657.0
2014-01-09,43.8,15849.9753,24475709.0
2014-01-10,45.08,16313.1709,12793355.0
2014-01-13,44.6,16139.4726,5529215.0
2014-01-14,46.75,16917.4965,8855385.0
2014-01-15,46.5,16827.0286,8506238.0
2014-01-16,47.21,17083.9574,4673466.0
2014-01-17,47.07,17033.2954,5887006.0
2014-01-21,47.91,17337.2675,7026789.0
2014-01-22,49.18,17796.8444,6964544.0
2014-01-23,48.43,17525.4407,11051405.0
2014-01-24,46.13,16693.1361,10896346.0
2014-01-27,45.27,16381.9265,7611286.0
2014-01-28,46.03,16656.9489,6294435.0
2014-01-29,45.43,16439.826,5199121.0
2014-01-30,46.43,16801.6976,4303662.0
2014-01-31,45.84,16588.1933,4731436.0
2014-02-03,43.82,15857.2127,9529208.0
2014-02-04,43.97,15911.4935,5430168.0
2014-02-05,43.61,15781.2197,4482108.0
2014-02-06,45.03,16295.0773,4084094.0
2014-02-07,45.54,16479.6318,3333388.0
2014-02-10,45.11,16324.0271,2780457.0
2014-02-11,44.01,15925.9683,6445292.0
2014-02-12,44.49,16099.6667,4867734.0
2014-02-13,45.1,16320.4083,3666490.0
2014-02-14,44.5,16103.2854,3373274.0
2014-02-18,43.66,15799.3133,5539281.0
2014-02-19,43.28,15661.8021,4052561.0
2014-02-20,45.69,16976.4076,5218664.0
2014-02-21,45.6,16942.9675,4131389.0
2014-02-24,46.1,17128.7457,3347789.0
2014-02-25,47.26,17559.751,6162674.0
2014-02-26,46.81,17392.5506,3399287.0
2014-02-27,46.51,17281.0837,3099768.0
2014-02-28,44.96,16705.1715,9395753.0
2014-03-03,44.01,16352.193,4780425.0
2014-03-04,45.24,16809.2072,3811717.0
2014-03-05,47.1,17500.302,4926647.0
2014-03-06,47.98,17827.2715,6104221.0
2014-03-07,47.75,17741.8136,2848132.0
2014-03-10,46.66,17336.8172,4580279.0
2014-03-11,46.2,17165.9013,2994809.0
2014-03-12,45.94,17069.2966,3210237.0
2014-03-13,44.93,16694.0248,3631950.0
2014-03-14,44.4,16497.0999,4864865.0
2014-03-17,45.64,16957.8298,4947735.0
2014-03-18,45.22,16801.7761,4338037.0
2014-03-19,44.67,16597.4201,3595624.0
2014-03-20,45.23,16805.4917,3493065.0
2014-03-21,44.33,16471.091,6295762.0
2014-03-24,44.45,16515.6778,4280287.0
2014-03-25,45.2,16794.345,3210995.0
2014-03-26,44.13,16396.7797,3312092.0
2014-03-27,43.89,16307.6062,3501109.0
2014-03-28,42.96,15962.0589,3381816.0
2014-03-31,44.63,16582.5579,3105654.0
2014-04-01,46.9,17425.9907,6528070.0
2014-04-02,47.23,17548.6043,3946326.0
2014-04-03,46.45,17258.7904,2967855.0
2014-04-04,44.88,16675.447,3915684.0
2014-04-07,44.35,16478.5221,5027027.0
2014-04-08,43.31,16092.1036,6330100.0
2014-04-09,44.52,16541.6867,9320168.0
2014-04-10,42.28,15709.4006,5767035.0
2014-04-11,41.49,15415.8711,4168601.0
2014-04-14,41.12,15278.3953,4537769.0
2014-04-15,41.98,15597.9337,5000857.0
2014-04-16,43.94,16326.184,4613910.0
2014-04-17,43.55,16181.2771,3224087.0
2014-04-21,43.78,16266.735,3539298.0
2014-04-22,45.81,17020.9943,4664219.0
2014-04-23,46.06,17113.8834,4340517.0
2014-04-24,41.53,15511.6375,15590464.0
2014-04-25,39.41,14719.8082,13221276.0
2014-04-28,39.2,14641.3723,11360706.0
2014-04-29,41.56,15522.8426,9453354.0
2014-04-30,40.87,15265.1246,8674730.0
2014-05-01,40.92,15283.7998,3201442.0
2014-05-02,40.72,15209.0989,2637734.0
2014-05-05,40.52,15134.3981,3337844.0
2014-05-06,40.09,14973.7912,2852189.0
2014-05-07,39.9,14902.8253,5593138.0
2014-05-08,40.37,15078.3724,5041266.0
2014-05-09,40.16,14999.9365,3885016.0
2014-05-12,41.58,15530.3127,5333322.0
2014-05-13,42.14,15739.4752,4172495.0
2014-05-14,41.89,15646.0991,3406656.0
2014-05-15,40.8,15238.9793,4732729.0
2014-05-16,40.51,15130.663,4289438.0
2014-05-19,41.24,15403.3212,3127062.0
2014-05-20,40.38,15082.1075,4368406.0
2014-05-21,41.32,15433.2016,6503981.0
2014-05-22,42.0,15687.1846,3589642.0
2014-05-23,43.57,16273.5865,7412246.0
2014-05-27,43.49,16243.7061,3643670.0
2014-05-28,44.89,16766.6123,4373427.0
2014-05-29,44.6,16658.296,5394058.0
2014-05-30,44.37,16572.39,7028755.0
2014-06-02,46.7,17442.6552,7957551.0
2014-06-03,47.51,17745.1938,7507026.0
2014-06-04,46.87,17506.151,10945126.0
2014-06-05,47.0,17554.7065,4454792.0
2014-06-06,48.05,17946.8862,4178238.0
2014-06-09,46.38,17323.1338,7622061.0
2014-06-10,47.76,17838.5699,6689105.0
2014-06-11,45.26,16904.8089,9455358.0
2014-06-12,42.6,15911.2872,17075735.0
2014-06-13,42.78,15978.518,10900578.0
2014-06-16,42.53,15885.1419,6974614.0
2014-06-17,43.92,16404.313,6883285.0
2014-06-18,43.76,16344.5523,5034942.0
2014-06-19,43.63,16295.9967,3676698.0
2014-06-20,43.66,16307.2019,4865027.0
2014-06-23,43.15,16116.7146,5023972.0
2014-06-24,41.79,15608.7486,6871738.0
2014-06-25,41.81,15616.2187,5059975.0
2014-06-26,41.51,15504.1674,6674088.0
2014-06-27,41.49,15496.6973,4881555.0
2014-06-30,41.07,15339.8255,4457035.0
2014-07-01,42.26,15784.2957,6202039.0
2014-07-02,39.27,14667.5176,12844848.0
2014-07-03,39.88,14895.3553,4290675.0
2014-07-07,38.62,14424.7397,8454781.0
2014-07-08,39.54,14768.3638,15925199.0
2014-07-09,40.07,14966.3211,7504473.0
2014-07-10,45.17,16871.1935,20819891.0
2014-07-11,45.7,17069.1508,7651149.0
2014-07-14,44.92,16777.8174,5269494.0
2014-07-15,45.22,16889.8687,5158432.0
2014-07-16,44.9,16770.3473,3880387.0
2014-07-17,43.35,16191.4155,8266405.0
2014-07-18,44.25,16527.5695,5226088.0
2014-07-21,43.79,16355.7574,2591159.0
2014-07-22,44.82,16740.467,3546088.0
2014-07-23,46.0,17181.2021,7820989.0
2014-07-24,44.92,16780.969,14792876.0
2014-07-25,46.78,17475.8177,11748535.0
2014-07-28,46.55,17389.8955,5312953.0
2014-07-29,45.84,17124.6576,4901131.0
2014-07-30,46.97,17546.7968,7006188.0
2014-07-31,46.39,17330.1236,5015723.0
2014-08-01,46.73,17457.1389,3360923.0
2014-08-04,45.5,16997.6422,5029696.0
2014-08-05,43.94,16414.8659,8486254.0
2014-08-06,43.89,16396.1872,5368763.0
2014-08-07,43.26,16160.8352,5836657.0
2014-08-08,42.95,16045.0271,6789116.0
2014-08-11,43.12,16108.5348,4973648.0
2014-08-12,42.8,15988.9909,4529875.0
2014-08-13,44.11,16478.3736,4069837.0
2014-08-14,45.92,17154.5435,5621024.0
2014-08-15,46.01,17188.1652,5649609.0
2014-08-18,47.84,17871.8067,5664978.0
2014-08-19,47.68,17812.0348,5412942.0
2014-08-20,49.25,18398.5468,4813909.0
2014-08-21,48.01,17935.3144,5271508.0
2014-08-22,48.46,18103.4229,3380737.0
2014-08-25,48.51,18122.1016,3591054.0
2014-08-26,48.22,18013.765,2270156.0
2014-08-27,48.22,18013.765,2438136.0
2014-08-28,48.32,18051.1225,2208566.0
2014-08-29,47.61,17785.8845,4095976.0
2014-09-02,49.99,18674.992,6239764.0
2014-09-03,49.03,18316.3604,5439576.0
2014-09-04,50.42,18835.629,5688330.0
2014-09-05,50.73,18951.4371,6309829.0
2014-09-08,51.13,19100.867,5489486.0
2014-09-09,50.84,18992.5303,6349269.0
2014-09-10,51.74,19328.7474,4671364.0
2014-09-11,51.03,19063.5095,5889213.0
2014-09-12,50.41,18831.8933,5294849.0
2014-09-15,49.56,18514.3549,4064841.0
2014-09-16,49.54,18506.8834,4920914.0
2014-09-17,48.93,18279.0029,5042884.0
2014-09-18,49.9,18641.3703,3552357.0
2014-09-19,49.38,18447.1115,5738493.0
2014-09-22,47.79,17853.128,4804810.0
2014-09-23,48.25,18024.9723,4098832.0
2014-09-24,48.2,18006.2935,3987468.0
2014-09-25,47.01,17561.7398,5666336.0
2014-09-26,47.33,17681.2837,2837659.0
2014-09-29,46.75,17464.6104,3585617.0
2014-09-30,46.79,17479.5534,5221896.0
2014-10-01,45.47,16986.435,10630665.0
2014-10-02,46.13,17232.9942,5260717.0
2014-10-03,48.28,18036.1795,6526631.0
2014-10-06,46.94,17535.5896,5318383.0
2014-10-07,45.49,16993.9065,5872138.0
2014-10-08,43.83,16373.7727,10651588.0
2014-10-09,45.04,16825.7979,15993364.0
2014-10-10,43.74,16340.151,7869628.0
2014-10-13,40.55,15148.4482,14875173.0
2014-10-14,43.17,16127.2135,10138694.0
2014-10-15,42.55,15895.5973,15808264.0
2014-10-16,43.77,16351.3582,10699247.0
2014-10-17,44.68,16691.3111,4644522.0
2014-10-20,47.29,17666.3407,8639606.0
2014-10-21,49.51,18495.6762,9313975.0
2014-10-22,49.06,18327.5676,7624887.0
2014-10-23,49.42,18239.4775,15771061.0
2014-10-24,49.62,18313.2916,7256330.0
2014-10-27,51.73,19092.0309,10248958.0
2014-10-28,52.36,19324.5455,8493929.0
2014-10-29,52.26,19287.6385,5327961.0
2014-10-30,51.74,19095.7217,3917400.0
2014-10-31,52.81,19490.6274,6390321.0
2014-11-03,54.28,20033.1614,4793581.0
2014-11-04,55.21,20376.3972,7707511.0
2014-11-05,54.11,19970.4194,3868097.0
2014-11-06,55.66,20542.4791,6666659.0
2014-11-07,54.18,19996.2543,5311441.0
2014-11-10,54.83,20236.1503,3902098.0
2014-11-11,54.66,20173.4083,3633818.0
2014-11-12,54.6,20151.2641,3120318.0
2014-11-13,56.76,20948.4569,6223180.0
2014-11-14,56.1,20704.8702,5260493.0
2014-11-17,55.99,20664.2724,4929362.0
2014-11-18,58.29,21513.1352,6592842.0
2014-11-19,57.54,21236.3321,3836634.0
2014-11-20,56.39,20811.9007,4670786.0
2014-11-21,55.33,20420.6857,5273718.0
2014-11-24,55.91,20634.7468,3794401.0
2014-11-25,56.25,20760.2308,6844222.0
2014-11-26,56.6,20889.4056,3549752.0
2014-11-28,61.23,22598.2033,8699384.0
2014-12-01,59.57,21985.5458,5294159.0
2014-12-02,59.38,21915.4223,5597146.0
2014-12-03,59.29,21882.206,4098407.0
2014-12-04,61.75,22790.1201,8911737.0
2014-12-05,63.03,23262.5306,8157015.0
2014-12-08,64.25,23712.797,5475621.0
2014-12-09,62.52,23074.3046,9159933.0
2014-12-10,63.69,23506.1174,8788389.0
2014-12-11,65.8,24284.8567,6767616.0
2014-12-12,64.1,23657.4364,8170593.0
2014-12-15,64.04,23635.2921,6777149.0
2014-12-16,61.63,22745.8316,6412095.0
2014-12-17,62.85,23196.0979,8608503.0
2014-12-18,64.25,23712.797,5512860.0
2014-12-19,64.14,23672.1992,5102079.0
2014-12-22,64.0,23620.5293,4114414.0
2014-12-23,62.48,23059.5417,4957863.0
2014-12-24,64.93,23963.7651,2714807.0
2014-12-26,65.28,24092.9399,3062153.0
2014-12-29,65.22,24070.7956,2874473.0
2014-12-30,66.05,24377.1244,2644611.0
2014-12-31,66.89,24687.1438,4451235.0
2015-01-02,66.34,24484.1549,6215071.0
2015-01-05,66.15,24414.0315,5033887.0
2015-01-06,64.58,23834.5903,6052191.0
2015-01-07,65.53,24185.2076,5135039.0
2015-01-08,66.64,24594.8761,6889597.0
2015-01-09,65.34,24115.0841,3490313.0
2015-01-12,65.92,24329.1452,5246508.0
2015-01-13,66.41,24509.9899,6266291.0
2015-01-14,64.05,23638.9828,6747887.0
2015-01-15,63.83,23557.7873,6255711.0
2015-01-16,65.75,24266.4031,8142163.0
2015-01-20,68.03,25107.8845,9473708.0
2015-01-21,69.21,25543.388,7082180.0
2015-01-22,72.34,26698.5795,9681207.0
2015-01-23,73.1,26979.0733,3811225.0
2015-01-26,73.62,27170.9901,5595253.0
2015-01-27,71.8,26499.2813,4391943.0
2015-01-28,70.77,26119.1384,4491295.0
2015-01-29,73.53,27137.7737,6116906.0
2015-01-30,69.37,25602.4393,8056783.0
2015-02-02,69.38,25606.13,9992168.0
2015-02-03,67.97,25085.7403,8798098.0
2015-02-04,71.7,26462.3742,6394908.0
2015-02-05,69.6,25687.3256,5160371.0
2015-02-06,67.58,24941.8027,6423552.0
2015-02-09,64.57,23830.8996,7972343.0
2015-02-10,67.63,24960.2562,5488344.0
2015-02-11,67.12,24772.0301,4394791.0
2015-02-12,67.34,24853.2257,4416597.0
2015-02-13,66.23,24443.5571,4363901.0
2015-02-17,64.93,23963.7651,4447269.0
2015-02-18,66.72,24624.4018,4449291.0
2015-02-19,66.09,24391.8872,4806192.0
2015-02-20,68.01,26131.2361,4697722.0
2015-02-23,68.84,26450.144,5116974.0
2015-02-24,70.89,27237.808,5185595.0
2015-02-25,68.69,26392.51,4416876.0
2015-02-26,67.42,25904.5425,7527365.0
2015-02-27,65.18,25043.8754,5823914.0
2015-03-02,66.81,25670.1644,5052371.0
2015-03-03,69.0,26511.6202,6008406.0
2015-03-04,68.67,26384.8255,4579162.0
2015-03-05,67.92,26096.6557,3902648.0
2015-03-06,66.67,25616.3727,2370175.0
2015-03-09,66.15,25416.575,4612094.0
2015-03-10,64.61,24824.8664,4079019.0
2015-03-11,65.97,25347.4142,4881048.0
2015-03-12,67.74,26027.4949,4361298.0
2015-03-13,67.57,25962.1765,4763270.0
2015-03-16,67.92,26096.6557,4283698.0
2015-03-17,69.09,26546.2006,5052266.0
2015-03-18,68.1,26165.8164,5664394.0
2015-03-19,70.09,26930.4269,5548465.0
2015-03-20,69.45,26684.522,10443570.0
2015-03-23,67.61,25977.5455,5259962.0
2015-03-24,67.63,25985.23,4282820.0
2015-03-25,65.56,25189.8814,5417869.0
2015-03-26,64.97,24963.1879,5993050.0
2015-03-27,67.75,26031.3372,5120959.0
2015-03-30,68.19,26200.3968,3393434.0
2015-03-31,67.25,25839.224,3272424.0
2015-04-01,64.01,24594.3305,7428037.0
2015-04-02,61.88,23775.9284,7559435.0
2015-04-06,60.12,23099.6899,8067667.0
2015-04-07,59.57,22888.3654,4870891.0
2015-04-08,60.55,23264.9073,6791628.0
2015-04-09,61.16,23499.2854,8906243.0
2015-04-10,61.05,23457.0205,3731833.0
2015-04-13,61.01,23441.6514,4809329.0
2015-04-14,60.25,23149.6394,4807781.0
2015-04-15,60.99,23433.9669,6011800.0
2015-04-16,62.2,23898.8808,4452547.0
2015-04-17,61.49,23626.0801,4091232.0
2015-04-20,62.4,23975.7261,4736766.0
2015-04-21,63.7,24475.2204,5716642.0
2015-04-22,64.02,24598.1728,6285982.0
2015-04-23,62.8,23989.692,8683814.0
2015-04-24,63.51,24260.913,8820914.0
2015-04-27,61.98,23676.4508,4916099.0
2015-04-28,61.42,23462.53,4211943.0
2015-04-29,59.87,22870.4277,7503855.0
2015-04-30,59.74,22820.7675,7179945.0
2015-05-01,61.4,23454.8899,4519764.0
2015-05-04,60.92,23271.5292,3769664.0
2015-05-05,59.23,22625.9468,3617217.0
2015-05-06,59.44,22706.1671,4304246.0
2015-05-07,62.52,23882.7316,7861096.0
2015-05-08,62.44,23852.1715,4828998.0
2015-05-11,62.95,24046.9922,2726494.0
2015-05-12,61.86,23630.6106,4355063.0
2015-05-13,61.23,23389.9497,4511570.0
2015-05-14,61.75,23588.5905,3722928.0
2015-05-15,61.6,23531.2902,2803505.0
2015-05-18,62.25,23779.5912,4207314.0
2015-05-19,60.81,23229.5091,4842055.0
2015-05-20,54.54,20834.3599,22711304.0
2015-05-21,54.13,20677.7393,10723093.0
2015-05-22,53.69,20509.6586,6738893.0
2015-05-26,51.92,19833.5161,11236748.0
2015-05-27,53.7,20513.4787,6443602.0
2015-05-28,53.49,20433.2584,4948877.0
2015-05-29,54.59,20853.46,7309863.0
2015-06-01,56.31,21510.5025,9487316.0
2015-06-02,55.95,21372.982,6719786.0
2015-06-03,55.87,21342.4218,3668060.0
2015-06-04,54.57,20845.8199,7131128.0
2015-06-05,54.09,20662.4592,4867077.0
2015-06-08,51.73,19760.9358,9231941.0
2015-06-09,52.58,20085.637,12212166.0
2015-06-10,52.42,20024.5168,6406729.0
2015-06-11,52.5,20055.0769,3370897.0
2015-06-12,52.87,20196.4174,4098333.0
2015-06-15,52.25,19959.5765,3199372.0
2015-06-16,51.23,19569.935,4767514.0
2015-06-17,51.32,19604.3152,3712276.0
2015-06-18,52.01,19867.8962,4278616.0
2015-06-19,53.25,20341.578,5679970.0
2015-06-22,54.8,20933.6803,6806434.0
2015-06-23,55.23,21097.9409,5349391.0
2015-06-24,54.46,20803.7998,3987597.0
2015-06-25,54.94,20987.1605,4182387.0
2015-06-26,54.48,20811.4398,4252753.0
2015-06-29,52.81,20173.4974,5279045.0
2015-06-30,53.01,20249.8977,4621937.0
2015-07-01,51.69,19745.6557,13075770.0
2015-07-02,51.5,19673.0754,5318875.0
2015-07-06,53.85,20570.7789,6371475.0
2015-07-07,54.31,20746.4996,6627665.0
2015-07-08,52.82,20177.3174,4619129.0
2015-07-09,53.26,20345.398,3437781.0
2015-07-10,55.51,21204.9013,5922622.0
2015-07-13,56.39,21541.0626,4246761.0
2015-07-14,55.73,21288.9416,4516986.0
2015-07-15,55.5,21201.0813,6025218.0
2015-07-16,54.98,21002.4405,5440432.0
2015-07-17,55.39,21159.0611,5893878.0
2015-07-20,55.35,21143.7811,3425540.0
2015-07-21,55.97,21380.622,4032898.0
2015-07-22,57.07,21800.8236,9298903.0
2015-07-23,56.67,21648.023,10259219.0
2015-07-24,56.49,21579.2627,9533967.0
2015-07-27,56.81,21701.5032,5806452.0
2015-07-28,58.42,22316.5256,6206420.0
2015-07-29,57.21,21854.3038,4768076.0
2015-07-30,56.84,21712.9633,3153720.0
2015-07-31,56.39,21541.0626,3476333.0
2015-08-03,58.32,22278.3254,5270687.0
2015-08-04,58.95,22518.9864,4795274.0
2015-08-05,58.11,22198.1051,4580213.0
2015-08-06,57.51,21968.9042,3748966.0
2015-08-07,56.74,21674.7631,3489900.0
2015-08-10,57.15,21831.3837,3073965.0
2015-08-11,57.87,22106.4248,4419842.0
2015-08-12,57.41,21930.7041,4825855.0
2015-08-13,58.35,22289.7855,3337810.0
2015-08-14,58.53,22358.5457,2391773.0
2015-08-17,59.6,22767.2873,3888970.0
2015-08-18,58.51,22350.9057,3834350.0
2015-08-19,58.23,22243.9453,3825154.0
2015-08-20,56.59,21617.4629,4164800.0
2015-08-21,55.09,21044.4607,6683449.0
2015-08-24,52.33,19990.1367,7089334.0
2015-08-25,52.1,19902.2763,4597146.0
2015-08-26,53.95,20608.979,4991315.0
2015-08-27,53.36,20383.5982,5769712.0
2015-08-28,57.12,21819.9237,19988867.0
2015-08-31,56.97,21762.6235,10560430.0
2015-09-01,57.13,21823.7437,12670942.0
2015-09-02,57.29,21884.8639,67826188.0
2015-09-03,57.25,21869.5839,9954618.0
2015-09-04,56.69,21655.663,6099658.0
2015-09-08,57.51,21968.9042,7115115.0
2015-09-09,57.67,22030.0245,9040968.0
2015-09-10,56.9,21735.8833,6500875.0
2015-09-11,56.83,21709.1432,4028302.0
2015-09-14,57.45,21945.9842,4652076.0
2015-09-15,57.28,21881.0439,5310010.0
2015-09-16,57.95,22136.9849,5151770.0
2015-09-17,61.56,23516.0102,16405897.0
2015-09-18,60.31,23038.5083,7125600.0
2015-09-21,60.45,23091.9885,5417670.0
2015-09-22,58.24,22247.7653,5477364.0
2015-09-23,58.17,22221.0252,4215477.0
2015-09-24,56.33,21518.1425,5748911.0
2015-09-25,55.42,21170.5212,6322938.0
2015-09-28,53.72,20521.1187,5560945.0
2015-09-29,52.46,20039.7968,6290685.0
2015-09-30,53.05,20265.1777,6347009.0
2015-10-01,53.0,20246.0776,5989950.0
2015-10-02,51.76,19772.3958,6745544.0
2015-10-05,53.33,20372.1381,5846218.0
2015-10-06,50.78,19398.0344,7744873.0
2015-10-07,51.58,19703.6356,7080516.0
2015-10-08,52.26,19963.3966,5012538.0
2015-10-09,55.71,21281.3016,11375409.0
2015-10-12,57.8,22079.6847,6114311.0
2015-10-13,57.3,21888.6839,6223119.0
2015-10-14,57.51,21968.9042,5912763.0
2015-10-15,57.76,22064.4046,4188469.0
2015-10-16,55.97,21380.622,14594736.0
2015-10-19,56.75,21678.5831,6588376.0
2015-10-20,55.75,21296.5817,7306910.0
2015-10-21,54.55,20838.1799,7460861.0
2015-10-22,56.05,21411.1821,7564821.0
2015-10-23,59.68,22797.8474,12308608.0
2015-10-26,61.02,23309.7294,6017337.0
2015-10-27,60.94,23279.1693,5981591.0
2015-10-28,59.55,22748.1872,5823409.0
2015-10-29,60.25,23015.5883,4301864.0
2015-10-30,60.31,23038.5083,5520397.0
2015-11-02,60.6,23149.2888,4011960.0
2015-11-03,60.84,23240.9691,4883349.0
2015-11-04,60.29,23030.8683,6036473.0
2015-11-05,60.3,23034.6883,4623518.0
2015-11-06,61.49,23489.2701,6540712.0
2015-11-09,60.15,22977.3881,3469707.0
2015-11-10,60.06,22943.008,2659724.0
2015-11-11,59.64,22782.5674,2264453.0
2015-11-12,59.25,22633.5868,2707335.0
2015-11-13,58.8,22461.6861,3085183.0
2015-11-16,58.08,22186.6451,6174398.0
2015-11-17,57.38,21919.2441,4413512.0
2015-11-18,57.71,22045.3045,4658813.0
2015-11-19,58.5,22347.0857,3475638.0
2015-11-20,58.81,22465.5061,3563937.0
2015-11-23,58.56,22370.0058,2607120.0
2015-11-24,56.8,21697.6832,7259491.0
2015-11-25,56.22,21476.1224,4622753.0
2015-11-27,56.82,21705.3232,1638547.0
2015-11-30,55.73,21288.9416,5123737.0
2015-12-01,56.99,21770.2635,3967018.0
2015-12-02,57.91,22121.7048,5393362.0
2015-12-03,56.74,21674.7631,4111102.0
2015-12-04,58.94,22515.1663,5126061.0
2015-12-07,60.52,23118.7287,6911657.0
2015-12-08,58.65,22404.3859,4668168.0
2015-12-09,57.86,22102.6048,5138868.0
2015-12-10,59.53,22740.5472,5095632.0
2015-12-11,57.03,21785.5435,5041568.0
2015-12-14,57.3,21888.6839,5692904.0
2015-12-15,57.9,22117.8848,3675557.0
2015-12-16,58.87,22488.4262,4188976.0
2015-12-17,57.32,21896.324,3997565.0
2015-12-18,56.92,21743.5234,5017856.0
2015-12-21,58.05,22175.185,3303500.0
2015-12-22,58.0,22156.085,3921159.0
2015-12-23,58.35,22289.7855,3381814.0
2015-12-24,59.78,22836.0476,3015034.0
2015-12-28,59.01,22541.9064,2521366.0
2015-12-29,59.3,22652.6869,2317853.0
2015-12-30,57.51,21968.9042,3182440.0
2015-12-31,57.3,21888.6839,3516041.0
2016-01-04,55.61,21243.1015,5693154.0
2016-01-05,55.06,21033.0007,6982915.0
2016-01-06,55.2,21086.4809,4902083.0
2016-01-07,52.63,20104.7371,6095634.0
2016-01-08,51.89,19822.056,6365607.0
2016-01-11,51.62,19718.9156,8451235.0
2016-01-12,50.86,19428.5945,10054920.0
2016-01-13,48.06,18358.9904,8043602.0
2016-01-14,47.83,18271.1301,9801615.0
2016-01-15,45.67,17446.0069,10924015.0
2016-01-19,45.18,17258.8262,8597373.0
2016-01-20,45.12,17235.9061,11771555.0
2016-01-21,45.33,17316.1264,10292566.0
2016-01-22,46.72,17847.1084,8290083.0
2016-01-25,46.44,17740.148,5578372.0
2016-01-26,47.23,18041.9292,5602755.0
2016-01-27,47.71,18225.2899,8127166.0
2016-01-28,46.11,17614.0875,7770528.0
2016-01-29,48.28,18443.0307,9056660.0
2016-02-01,48.86,18664.5916,6719305.0
2016-02-02,46.45,17743.968,7114479.0
2016-02-03,47.57,18171.8097,6489983.0
2016-02-04,48.41,18492.6909,5711466.0
2016-02-05,46.86,17900.5886,5164852.0
2016-02-08,45.68,17449.8269,7691735.0
2016-02-09,46.48,17755.4281,9300171.0
2016-02-10,47.71,18225.2899,7833560.0
2016-02-11,46.98,17946.4288,4926370.0
2016-02-12,48.35,18469.7708,4097634.0
2016-02-16,48.87,18668.4116,4593530.0
2016-02-17,50.61,19333.0941,4214400.0
2016-02-18,51.94,19841.1561,5575146.0
2016-02-19,53.82,20559.3188,9733341.0
2016-02-22,55.49,20232.159,6665866.0
2016-02-23,55.45,19933.4323,4317052.0
2016-02-24,56.26,20224.615,5594694.0
2016-02-25,56.86,20440.3059,4655446.0
2016-02-26,56.58,20339.6501,4499521.0
2016-02-29,57.26,20584.0998,5605205.0
2016-03-01,58.4,20993.9125,5216525.0
2016-03-02,57.92,20821.3597,4849137.0
2016-03-03,58.34,20972.3434,5190049.0
2016-03-04,58.0,20850.1185,5766877.0
2016-03-07,57.61,20709.9195,4920380.0
2016-03-08,56.34,20253.3738,7848123.0
2016-03-09,57.44,20648.807,4755173.0
2016-03-10,57.26,20584.0998,3509513.0
2016-03-11,58.37,20983.1279,3119662.0
2016-03-14,58.98,21202.4136,3942549.0
2016-03-15,58.05,20868.0928,4730753.0
2016-03-16,58.77,21126.9218,3670933.0
2016-03-17,58.84,21152.0858,3279028.0
2016-03-18,60.41,21716.4769,7375328.0
2016-03-21,61.19,21996.875,3629177.0
2016-03-22,60.49,21745.2357,4467891.0
2016-03-23,59.74,21475.6221,4020443.0
2016-03-24,57.84,20792.601,6622409.0
2016-03-28,57.91,20817.7649,3395109.0
2016-03-29,58.66,21087.3785,4041039.0
2016-03-30,59.82,21504.3809,3402808.0
2016-03-31,59.86,21518.7603,5744983.0
2016-04-01,56.72,20389.978,7407158.0
2016-04-04,55.85,20077.2262,4622050.0
2016-04-05,55.58,19980.1653,2727418.0
2016-04-06,55.14,19821.992,3224221.0
2016-04-07,53.16,19110.2121,6754959.0
2016-04-08,53.08,19081.4533,3548375.0
2016-04-11,53.71,18090.7763,4584853.0
2016-04-12,54.07,18212.0327,3392710.0
2016-04-13,55.58,18720.6358,3789980.0
2016-04-14,56.73,19107.9825,3795105.0
2016-04-15,56.9,19165.2425,2847903.0
2016-04-18,56.98,19192.1883,2407080.0
2016-04-19,58.05,19552.5892,3551905.0
2016-04-20,58.6,19737.842,4122314.0
2016-04-21,52.76,17770.7943,25281198.0
2016-04-22,50.74,17090.4113,11340825.0
2016-04-25,49.37,16628.9635,6859043.0
2016-04-26,49.14,16551.4941,7547599.0
2016-04-27,48.94,16484.1295,5211328.0
2016-04-28,48.06,16187.725,5661412.0
2016-04-29,45.81,15429.8727,10249380.0
2016-05-02,46.66,15663.7469,6626223.0
2016-05-03,47.13,15821.5258,6726552.0
2016-05-04,45.55,15291.1203,7184791.0
2016-05-05,44.99,15103.1284,6037363.0
2016-05-06,45.7,15341.4752,9247339.0
2016-05-09,45.71,15344.8322,4617237.0
2016-05-10,47.0,15777.8848,4796774.0
2016-05-11,45.8,15375.0452,5069311.0
2016-05-12,43.78,14696.9318,7912315.0
2016-05-13,43.84,14717.0738,5766452.0
2016-05-16,44.59,14968.8486,6079226.0
2016-05-17,45.05,15123.2704,5917896.0
2016-05-18,45.27,15197.1244,4480389.0
2016-05-19,44.01,14774.1428,5576295.0
2016-05-20,44.49,14935.2786,3281677.0
2016-05-23,44.2,14837.9257,3745545.0
2016-05-24,44.99,15103.1284,3703283.0
2016-05-25,45.13,15150.1264,3650347.0
2016-05-26,44.5,14938.6356,4891029.0
2016-05-27,45.18,15166.9114,3619407.0
2016-05-31,45.09,15136.6984,6080864.0
2016-06-01,45.25,15190.4104,3982287.0
2016-06-02,45.17,15163.5544,3355673.0
2016-06-03,44.3,14871.4957,5640245.0
2016-06-06,44.53,14948.7066,5251171.0
2016-06-07,45.81,15378.4022,5863012.0
2016-06-08,45.69,15338.1182,4875326.0
2016-06-09,46.7,15677.1749,4648846.0
2016-06-10,46.08,15469.0411,4206276.0
2016-06-13,44.06,14790.9277,7127803.0
2016-06-14,42.09,14129.5994,8162821.0
2016-06-15,42.89,14398.1591,6334525.0
2016-06-16,41.83,14042.3175,7695590.0
2016-06-17,42.62,14307.5202,8183106.0
2016-06-20,43.4,14569.366,4427783.0
2016-06-21,44.86,15059.4875,7749375.0
2016-06-22,45.09,15136.6984,4815290.0
2016-06-23,45.17,15163.5544,4914054.0
2016-06-24,41.06,13783.8287,12313823.0
2016-06-27,37.75,12672.6628,12913159.0
2016-06-28,38.95,13075.5024,7820471.0
2016-06-29,40.57,13619.3359,7373103.0
2016-06-30,41.04,13777.1147,6052579.0
2016-07-01,41.37,13887.8956,5092904.0
2016-07-05,40.29,13525.34,5207822.0
2016-07-06,39.31,13196.3543,8217758.0
2016-07-07,40.09,13458.2,4606347.0
2016-07-08,41.48,13924.8226,5261202.0
2016-07-11,42.41,14237.0233,4661729.0
2016-07-12,46.16,15495.8971,9780954.0
2016-07-13,45.86,15395.1872,5491893.0
2016-07-14,47.85,16063.2295,7702514.0
2016-07-15,47.43,15922.2357,5184843.0
2016-07-18,47.71,16016.2316,3692696.0
2016-07-19,47.85,16063.2295,4720493.0
2016-07-20,48.3,16214.2944,8422197.0
2016-07-21,46.66,15663.7469,5879776.0
2016-07-22,47.57,15969.2336,4903777.0
2016-07-25,46.89,15740.9578,3752833.0
2016-07-26,47.73,16022.9456,4226117.0
2016-07-27,47.44,15925.5927,3208696.0
2016-07-28,47.4,15912.1647,2496682.0
2016-07-29,46.89,15740.9578,3449756.0
2016-08-01,47.36,15898.7367,2934749.0
2016-08-02,44.4,14314.9283,7290724.0
2016-08-03,44.9,14476.1324,4616014.0
2016-08-04,45.9,14798.5407,3879129.0
2016-08-05,48.41,15607.7855,5994981.0
2016-08-08,48.49,15633.5782,4311296.0
2016-08-09,47.81,15414.3406,3885959.0
2016-08-10,47.12,15191.8788,3077047.0
2016-08-11,47.27,15240.2401,4018950.0
2016-08-12,47.1,15185.4307,2165945.0
2016-08-15,48.01,15478.8222,3025448.0
2016-08-16,47.99,15472.3741,3456206.0
2016-08-17,48.18,15533.6316,3299437.0
2016-08-18,47.6,15346.6348,4915948.0
2016-08-19,47.09,15182.2066,3267145.0
2016-08-22,46.95,15137.0694,2606951.0
2016-08-23,47.49,15311.1699,2270808.0
2016-08-24,47.6,15346.6348,2203199.0
2016-08-25,47.53,15324.0662,2075818.0
2016-08-26,46.87,15111.2768,3349061.0
2016-08-29,46.95,15137.0694,2404469.0
2016-08-30,50.99,16439.5989,12918822.0
2016-08-31,50.41,16252.6021,5211719.0
2016-09-01,50.89,16407.3581,4012808.0
2016-09-02,51.09,16471.8398,3732402.0
2016-09-06,51.14,16487.9602,3838364.0
2016-09-07,53.68,17306.8773,7211559.0
2016-09-08,54.36,17526.1149,5593848.0
2016-09-09,52.45,16910.3151,4994146.0
2016-09-12,53.25,17168.2417,5217132.0
2016-09-13,51.64,16649.1643,4742416.0
2016-09-14,51.0,16442.823,4554661.0
2016-09-15,51.71,16671.7329,4726469.0
2016-09-16,51.0,16442.823,10477739.0
2016-09-19,50.96,16429.9267,3674009.0
2016-09-20,50.31,16220.3613,3718383.0
2016-09-21,50.23,16194.5686,4563131.0
2016-09-22,51.04,16455.7194,5482165.0
2016-09-23,50.95,16426.7026,3411605.0
2016-09-26,49.45,15943.0902,4693626.0
2016-09-27,50.41,16252.6021,3750553.0
2016-09-28,50.66,16333.2042,3760935.0
2016-09-29,51.14,16487.9602,5857451.0
2016-09-30,52.47,16916.7632,5366308.0
2016-10-03,53.25,17168.2417,4448134.0
2016-10-04,53.73,17322.9977,5658226.0
2016-10-05,53.82,17352.0144,2565598.0
2016-10-06,53.98,17403.5997,2731353.0
2016-10-07,52.82,17029.6061,2577634.0
2016-10-10,54.2,17474.5296,3989939.0
2016-10-11,53.52,17255.2919,5937679.0
2016-10-12,52.88,17048.9506,5332808.0
2016-10-13,53.69,17310.1013,8065385.0
2016-10-14,53.2,17152.1213,7416268.0
2016-10-17,53.03,17097.3119,6398188.0
2016-10-18,53.68,17306.8773,11297321.0
2016-10-19,55.44,17874.3159,7538336.0
2016-10-20,56.57,18238.6372,9571480.0
2016-10-21,55.6,17925.9012,3939814.0
2016-10-24,55.04,17745.3525,2875397.0
2016-10-25,54.63,17613.1651,3150980.0
2016-10-26,53.98,17403.5997,6115410.0
2016-10-27,54.42,17545.4594,4902077.0
2016-10-28,55.11,17767.9211,5086583.0
2016-10-31,56.23,18129.0184,5329478.0
2016-11-01,56.0,18054.8645,4709875.0
2016-11-02,56.14,18100.0017,3957979.0
2016-11-03,55.94,18035.52,3697575.0
2016-11-04,57.23,18451.4267,5021185.0
2016-11-07,58.53,18870.5575,4495666.0
2016-11-08,59.31,19122.036,4078258.0
2016-11-09,60.13,19386.4108,5343582.0
2016-11-10,59.94,19325.1532,5716103.0
2016-11-11,60.25,19425.0998,5150134.0
2016-11-14,62.94,20292.3781,6663586.0
2016-11-15,66.06,21298.2919,10423023.0
2016-11-16,65.5,21117.7433,4938373.0
2016-11-17,67.86,21878.6269,4909434.0
2016-11-18,68.29,22017.2624,4963616.0
2016-11-21,68.99,22242.9482,9001522.0
2016-11-22,69.5,22407.3765,4989795.0
2016-11-23,69.88,22529.8916,3762160.0
2016-11-25,70.09,22597.5974,1410370.0
2016-11-28,69.25,22326.7744,4969619.0
2016-11-29,69.72,22478.3063,2532133.0
2016-11-30,68.95,22230.0519,4166807.0
2016-12-01,68.47,22075.2959,3213032.0
2016-12-02,69.27,22333.2226,2577388.0
2016-12-05,68.26,22007.5902,3396930.0
2016-12-06,70.97,22881.3167,4375208.0
2016-12-07,72.43,23352.0328,4058093.0
2016-12-08,72.74,23451.9794,2875263.0
2016-12-09,75.17,24235.4315,5148603.0
2016-12-12,73.24,23237.9961,3115316.0
2016-12-13,72.55,23019.0691,2780639.0
2016-12-14,72.94,23142.8105,3826676.0
2016-12-15,74.79,23729.7888,4753692.0
2016-12-16,74.42,23612.3931,6567057.0
2016-12-19,74.48,23631.4303,2589856.0
2016-12-20,76.05,24129.5686,2820425.0
2016-12-21,75.72,24024.8644,1562154.0
2016-12-22,74.19,23539.4174,2292793.0
2016-12-23,74.79,23729.7888,1623393.0
2016-12-27,74.67,23691.7145,1092508.0
2016-12-28,73.53,23330.009,1946793.0
2016-12-29,73.28,23250.6876,1272532.0
2016-12-30,72.88,23123.7733,1720816.0
2017-01-03,72.71,23069.8348,2517563.0
2017-01-04,73.02,23168.1933,2199290.0
2017-01-05,70.93,22505.0664,3578981.0
2017-01-06,71.37,22644.6721,3648292.0
2017-01-09,71.28,22616.1164,1937664.0
2017-01-10,73.66,23371.2561,3545162.0
2017-01-11,75.04,23809.1102,5185872.0
2017-01-12,74.0,23479.1332,4144393.0
2017-01-13,74.32,23580.6646,2949516.0
2017-01-17,73.74,23396.6389,4151458.0
2017-01-18,74.0,23479.1332,4569545.0
2017-01-19,74.02,23485.4789,2768092.0
2017-01-20,75.24,23872.5673,2966243.0
2017-01-23,72.75,23082.5262,4420161.0
2017-01-24,73.18,23218.959,2665299.0
2017-01-25,73.59,23349.0461,2786805.0
2017-01-26,75.38,23916.9873,5429674.0
2017-01-27,74.42,23612.3931,4382496.0
2017-01-30,71.72,22755.722,3905667.0
2017-01-31,70.47,22359.1151,5455341.0
2017-02-01,71.48,22679.5735,3414188.0
2017-02-02,72.14,22888.982,3104856.0
2017-02-03,73.06,23180.8847,2517938.0
2017-02-06,73.5,23320.4904,3934382.0
2017-02-07,71.29,22619.2892,4972040.0
2017-02-08,71.7,22749.3763,2970552.0
2017-02-09,72.98,23155.5019,3759680.0
2017-02-10,72.6,23034.9334,1942369.0
2017-02-13,73.84,23428.3675,3283778.0
2017-02-14,73.74,23396.6389,2538148.0
2017-02-15,75.75,24034.3829,5001592.0
2017-02-16,75.67,24009.0001,2199193.0
2017-02-17,75.96,24101.0129,1890788.0
2017-02-21,75.41,23926.5059,2663485.0
2017-02-22,75.43,23932.8516,1703613.0
2017-02-23,74.56,23656.8131,4967269.0
2017-02-24,75.08,23821.8016,2056301.0
2017-02-27,75.28,23885.2587,1898087.0
2017-02-28,74.09,23507.6889,3003613.0
2017-03-01,75.39,23920.1601,3726488.0
2017-03-02,73.28,23250.6876,2862130.0
2017-03-03,75.59,23983.6173,4256153.0
2017-03-06,73.14,23206.2676,5898779.0
2017-03-07,72.64,23047.6248,3763972.0
2017-03-08,73.44,23301.4533,3508372.0
2017-03-09,72.54,23015.8962,3732151.0
2017-03-10,72.34,22952.4391,4552742.0
2017-03-13,69.85,22162.398,6741902.0
2017-03-14,66.55,21115.3556,8262398.0
2017-03-15,68.17,21629.3582,11321559.0
2017-03-16,67.56,21435.814,8794385.0
2017-03-17,66.79,21191.5041,5837467.0
2017-03-20,67.49,21413.604,4326005.0
2017-03-21,65.28,20712.4029,4923320.0
2017-03-22,66.95,21242.2698,4928795.0
2017-03-23,67.5,21416.7769,4444429.0
2017-03-24,67.93,21553.2097,2626887.0
2017-03-27,68.37,21692.8153,2943107.0
2017-03-28,70.74,22444.7822,4972851.0
2017-03-29,69.85,22162.398,3409875.0
2017-03-30,70.78,22457.4736,2463137.0
2017-03-31,70.64,22413.0536,2406804.0
2017-04-03,71.35,22638.3264,2947489.0
2017-04-04,69.76,22133.8423,2658310.0
2017-04-05,70.06,22229.028,2640252.0
2017-04-06,70.22,22279.7937,1874235.0
2017-04-07,70.88,22489.2022,2471072.0
2017-04-10,71.52,22692.2649,3460363.0
2017-04-11,70.71,22435.2636,17696474.0
2017-04-12,69.93,22187.7809,7622861.0
2017-04-13,69.07,21914.9153,5185216.0
2017-04-17,70.77,22454.3007,4761937.0
2017-04-18,67.75,21496.0983,11002889.0
2017-04-19,69.29,21984.7181,6768437.0
2017-04-20,69.8,22146.5337,4103691.0
2017-04-21,69.56,21877.9361,3274073.0
2017-04-24,71.0,22330.8434,4638888.0
2017-04-25,70.97,22321.4078,3519768.0
2017-04-26,71.33,22434.6346,4739677.0
2017-04-27,70.7,22236.4877,5512195.0
2017-04-28,70.21,22082.3734,2909321.0
2017-05-01,70.27,22101.2446,3317381.0
2017-05-02,73.94,23255.529,5434735.0
2017-05-03,74.21,23340.4491,2690265.0
2017-05-04,74.91,23560.6124,2886331.0
2017-05-05,75.3,23683.2747,2166201.0
2017-05-08,74.98,23582.6287,3082015.0
2017-05-09,78.55,24705.4612,5841176.0
2017-05-10,78.55,24705.4612,3308365.0
2017-05-11,77.36,24331.1837,2780920.0
2017-05-12,76.41,24032.3907,2051322.0
2017-05-15,77.79,24466.4269,3461684.0
2017-05-16,79.06,24865.8659,3320403.0
2017-05-17,76.18,23960.0514,5673018.0
2017-05-18,75.98,23897.1476,3559591.0
2017-05-19,77.98,24526.1855,4143616.0
2017-05-22,78.92,24821.8332,2469136.0
2017-05-23,79.03,24856.4303,1821890.0
2017-05-24,78.94,24828.1236,1944172.0
2017-05-25,81.41,25604.9854,3647658.0
2017-05-26,81.25,25554.6623,2537325.0
2017-05-30,79.25,24925.6245,3428672.0
2017-05-31,79.67,25057.7224,2523180.0
2017-06-01,80.98,25469.7422,2458579.0
2017-06-02,82.03,25799.9871,3206538.0
2017-06-05,81.67,25686.7603,1840542.0
2017-06-06,81.24,25551.5171,2170981.0
2017-06-07,81.66,25683.6151,6263062.0
2017-06-08,80.52,25325.0635,4005571.0
2017-06-09,78.83,24793.5265,5285746.0
2017-06-12,77.73,24447.5557,5146540.0
2017-06-13,77.48,24368.926,4073324.0
2017-06-14,77.56,24394.0866,2479634.0
2017-06-15,77.34,24324.8924,3560835.0
2017-06-16,76.78,24148.7618,3164959.0
2017-06-19,78.63,24730.6218,3336816.0
2017-06-20,77.28,24306.0213,2389095.0
2017-06-21,77.59,24403.5221,2134447.0
2017-06-22,77.45,24359.4895,3160080.0
2017-06-23,76.79,24151.907,4623404.0
2017-06-26,77.03,24227.3916,2545132.0
2017-06-27,76.0,23903.4371,2768074.0
2017-06-28,76.7,24123.6003,2628750.0
2017-06-29,75.44,23727.3065,3524860.0
2017-06-30,75.25,23667.5479,3456452.0
2017-07-03,75.08,23614.0797,2390824.0
2017-07-05,76.54,24073.2773,4519464.0
2017-07-06,77.71,24441.2644,4312651.0
2017-07-07,78.94,24828.1227,4200490.0
2017-07-10,78.26,24614.2498,4082396.0
2017-07-11,76.92,24192.7945,3516280.0
2017-07-12,80.53,25328.2077,5053946.0
2017-07-13,80.17,25214.9809,3477746.0
2017-07-14,79.85,25114.3349,2127870.0
2017-07-17,79.78,25092.3186,2355354.0
2017-07-18,78.9,24815.5419,4117989.0
2017-07-19,74.24,23349.8838,15490955.0
2017-07-20,72.08,22670.523,8095739.0
2017-07-21,71.57,22510.1183,5996029.0
2017-07-24,70.43,22151.5668,4314373.0
2017-07-25,69.48,21137.5802,4696321.0
2017-07-26,70.24,21368.7915,4442005.0
2017-07-27,68.09,20714.7069,7925682.0
2017-07-28,67.88,20650.8195,4989590.0
2017-07-31,67.68,20589.9745,2512942.0
2017-08-01,67.86,20644.735,2767757.0
2017-08-02,67.44,20516.9604,3191637.0
2017-08-03,68.19,20745.1294,3752011.0
2017-08-04,68.91,20964.1717,3278018.0
2017-08-07,68.39,20805.9745,3095718.0
2017-08-08,67.79,20623.4393,2640688.0
2017-08-09,67.06,20401.3547,3533511.0
2017-08-10,65.24,19847.6645,4966389.0
2017-08-11,65.87,20039.3265,3512587.0
2017-08-14,66.71,20294.8758,3366067.0
2017-08-15,66.96,20370.9322,2162778.0
2017-08-16,66.92,20358.7632,1972425.0
2017-08-17,64.7,19683.3828,3905638.0
2017-08-18,64.75,19698.5941,3196980.0
2017-08-21,64.85,19729.0166,2899418.0
2017-08-22,64.7,19683.3828,3703195.0
2017-08-23,62.83,19114.4813,4920228.0
2017-08-24,61.48,18703.777,4637362.0
2017-08-25,63.36,19275.7208,4620513.0
2017-08-28,63.15,19211.8334,4137998.0
2017-08-29,62.89,19132.7348,5212843.0
2017-08-30,62.02,18868.0587,4694651.0
2017-08-31,61.96,18849.8052,3909256.0
2017-09-01,62.43,18992.7912,3868434.0
2017-09-05,61.1,18588.1714,5522523.0
2017-09-06,60.33,18353.9178,10848839.0
2017-09-07,58.58,17821.5234,6936547.0
2017-09-08,58.38,17760.6783,4085982.0
2017-09-11,60.46,18393.4671,6732735.0
2017-09-12,61.24,18630.7629,5374438.0
2017-09-13,61.66,18758.5376,4823073.0
2017-09-14,61.25,18633.8052,4067165.0
2017-09-15,59.8,18192.6784,10105064.0
2017-09-18,58.11,17678.5375,6514114.0
2017-09-19,57.54,17505.129,5330140.0
2017-09-20,58.06,17663.3262,5521669.0
2017-09-21,58.53,17806.3121,4222862.0
2017-09-22,58.8,17888.453,4279702.0
2017-09-25,59.44,18083.1572,4728108.0
2017-09-26,59.68,18156.1713,3977174.0
2017-09-27,60.92,18533.4108,4891256.0
2017-09-28,61.16,18606.4249,4063006.0
2017-09-29,60.88,18521.2418,3995470.0
2017-10-02,60.43,18384.3404,4460319.0
2017-10-03,64.14,19513.0166,6821679.0
2017-10-04,64.47,19613.411,5469357.0
2017-10-05,64.32,19567.7771,4059911.0
2017-10-06,65.25,19850.7068,3979643.0
2017-10-09,64.7,19683.3828,2728757.0
2017-10-10,67.72,20602.1435,10299491.0
2017-10-11,67.4,20504.7914,6701117.0
2017-10-12,66.64,20273.5801,3431908.0
2017-10-13,67.57,20556.5097,4082127.0
2017-10-16,66.95,20367.8899,3901731.0
2017-10-17,67.51,20538.2561,4806906.0
2017-10-18,67.99,20684.2843,5309263.0
2017-10-19,59.78,17709.9706,29908870.0
2017-10-20,59.9,17745.5209,10397370.0
2017-10-23,59.1,17508.5189,6910647.0
2017-10-24,59.91,17748.4834,8758222.0
2017-10-25,59.92,17751.4459,6596468.0
2017-10-26,59.95,17760.3335,9846817.0
2017-10-27,60.25,17849.2092,4894518.0
2017-10-30,59.04,17490.7438,5278853.0
2017-10-31,58.48,17324.8424,5161651.0
2017-11-01,58.64,17372.2428,4799048.0
2017-11-02,58.27,17262.6294,3872057.0
2017-11-03,59.65,17671.4577,4924805.0
2017-11-06,59.92,17751.4459,3948931.0
2017-11-07,58.71,17392.9805,3681335.0
2017-11-08,58.92,17455.1935,2651389.0
2017-11-09,58.39,17298.1797,3571082.0
2017-11-10,58.52,17336.6925,3179981.0
2017-11-13,57.81,17126.3533,4479989.0
2017-11-14,57.2,16945.6393,5187670.0
2017-11-15,57.49,17031.5525,4940216.0
2017-11-16,58.68,17384.0929,3133343.0
2017-11-17,58.2,17241.8917,4260060.0
2017-11-20,58.76,17407.7931,3108390.0
2017-11-21,59.71,17689.2329,2871167.0
2017-11-22,59.69,17683.3078,1804636.0
2017-11-24,59.43,17606.2822,1196697.0
2017-11-27,59.09,17505.5564,2896330.0
2017-11-28,60.19,17831.4341,4149445.0
2017-11-29,62.09,18394.3137,6093275.0
2017-11-30,63.32,18758.7042,4993043.0
2017-12-01,62.57,18536.5149,4461887.0
2017-12-04,62.59,18542.4399,5054325.0
2017-12-05,62.2,18426.9015,2635072.0
2017-12-06,62.19,18423.9389,3078552.0
2017-12-07,63.53,18820.9172,3790542.0
2017-12-08,63.55,18826.8422,5162027.0
2017-12-11,64.24,19031.2564,4067591.0
2017-12-12,63.36,18770.5543,2827863.0
2017-12-13,63.03,18672.791,3727255.0
2017-12-14,63.13,18702.4162,5827839.0
2017-12-15,63.76,18889.0553,6744273.0
2017-12-18,64.56,19126.0572,3710085.0
2017-12-19,64.43,19087.5444,3339439.0
2017-12-20,65.9,19523.0355,4566625.0
2017-12-21,67.28,19931.8638,4554982.0
2017-12-22,67.25,19922.9763,2154581.0
2017-12-26,67.35,19952.6015,2347336.0
2017-12-27,67.12,19884.4634,2939912.0
2017-12-28,67.54,20008.8895,2454699.0
2017-12-29,67.4,19967.4141,3079454.0
2018-01-02,68.94,20423.6429,3390587.0
2018-01-03,68.49,20290.3293,4590853.0
2018-01-04,69.26,20518.4436,3922856.0
2018-01-05,69.36,20548.0689,2675864.0
2018-01-08,68.51,20296.2543,4277877.0
2018-01-09,68.48,20287.3667,3056969.0
2018-01-10,73.08,21650.1279,9380357.0
2018-01-11,76.45,22648.4987,6913386.0
2018-01-12,78.4,23226.1909,4479310.0
2018-01-16,77.49,22956.6012,3912380.0
2018-01-17,76.58,22687.0115,2951153.0
2018-01-18,76.3,22604.0608,3442188.0
2018-01-19,76.5,22663.3113,3994614.0
2018-01-22,76.87,22772.9247,3010735.0
2018-01-23,77.97,23098.8024,5115767.0
2018-01-24,69.05,20456.2306,27117214.0
2018-01-25,66.08,19576.3609,16960258.0
2018-01-26,66.56,19718.5621,6503507.0
2018-01-29,65.78,19487.4852,5414823.0
2018-01-30,67.01,19851.8757,7802302.0
2018-01-31,67.82,20091.8401,6234766.0
2018-02-01,67.15,19893.351,5603314.0
2018-02-02,65.68,19457.8599,4189758.0
2018-02-05,63.4,18782.4044,5433829.0
2018-02-06,63.95,18945.3432,4670812.0
2018-02-07,65.36,19363.0592,5694871.0
2018-02-08,63.37,18773.5168,4634325.0
2018-02-09,62.98,18657.9784,6069985.0
2018-02-12,64.14,19001.6312,3279782.0
2018-02-13,65.7,19463.785,3151063.0
2018-02-14,65.68,19457.8599,2747602.0
2018-02-15,66.74,19771.8875,3722329.0
2018-02-16,66.52,19706.712,3309725.0
2018-02-20,66.59,19727.4496,3391476.0
2018-02-21,67.0,19848.9131,3376144.0
2018-02-22,66.7,18989.5265,2534568.0
2018-02-23,67.57,19237.216,2656735.0
2018-02-26,69.26,19718.3599,4628263.0
2018-02-27,67.86,19319.7791,3531149.0
2018-02-28,67.79,19299.8501,3042608.0
2018-03-01,67.54,19228.6749,4109064.0
2018-03-02,67.51,19220.1339,3234637.0
2018-03-05,67.21,19134.7238,3036169.0
2018-03-06,67.52,19222.9809,2472019.0
2018-03-07,67.81,19305.5441,2734129.0
2018-03-08,69.87,19892.0272,7131571.0
2018-03-09,71.55,20370.3241,5646136.0
2018-03-12,72.0,20498.4394,3738300.0
2018-03-13,72.6,20669.2597,4832190.0
2018-03-14,70.74,20139.7167,4138896.0
2018-03-15,70.14,19968.8964,3463473.0
2018-03-16,70.88,20179.5748,5085217.0
2018-03-19,70.13,19966.0494,2237919.0
2018-03-20,70.48,20065.6946,2018748.0
2018-03-21,69.94,19911.9563,2619478.0
2018-03-22,68.45,19487.7524,3475516.0
2018-03-23,67.39,19185.9699,2899250.0
2018-03-26,68.48,19496.2935,2693654.0
2018-03-27,68.18,19410.8833,3481470.0
2018-03-28,67.91,19334.0141,3062406.0
2018-03-29,69.47,19778.147,3003776.0
2018-04-02,66.77,19009.4555,3988762.0
2018-04-03,69.19,19698.4308,4385304.0
2018-04-04,69.99,19926.1913,3147567.0
2018-04-05,70.69,20125.4817,3151076.0
2018-04-06,68.63,19538.9985,3699753.0
2018-04-09,68.52,19507.6815,5259420.0
2018-04-10,67.59,19242.91,5354452.0
2018-04-11,64.87,18468.5245,5370056.0
2018-04-12,66.1,18818.7062,4800408.0
2018-04-13,66.54,18943.9744,2665909.0
2018-04-16,67.31,19163.1938,2831820.0
2018-04-17,67.34,19171.7348,4754097.0
2018-04-18,70.58,20094.1646,10265432.0
2018-04-19,70.23,19994.5194,6380051.0
2018-04-20,71.75,20427.2642,6263036.0
2018-04-23,70.33,19500.0821,3648360.0
2018-04-24,68.95,19117.4557,3815310.0
2018-04-25,68.51,18995.4589,3728616.0
2018-04-26,66.62,18471.4271,5466963.0
2018-04-27,67.86,18815.2364,2662160.0
2018-04-30,67.54,18726.5114,2468317.0
2018-05-01,68.38,18959.4144,2122186.0
2018-05-02,67.92,18831.8723,3010025.0
2018-05-03,67.52,18720.9661,2211444.0
2018-05-04,68.32,18942.7785,2171223.0
2018-05-07,67.52,18720.9661,2100437.0
2018-05-08,67.72,18776.4192,2705423.0
2018-05-09,65.8,18244.0694,4415145.0
2018-05-10,66.02,18305.0678,2689152.0
2018-05-11,66.92,18554.6068,2887280.0
2018-05-14,66.64,18476.9725,2775374.0
2018-05-15,68.03,18862.3715,3262118.0
2018-05-16,69.74,19336.4955,3385478.0
2018-05-17,69.49,19267.1791,2726285.0
2018-05-18,68.42,18970.505,3733708.0
2018-05-21,70.07,19427.9931,3530541.0
2018-05-22,69.99,19405.8119,3242082.0
2018-05-23,69.54,19281.0424,1956947.0
2018-05-24,70.47,19538.8993,2094097.0
2018-05-25,71.68,19874.3905,3972453.0
2018-05-29,69.52,19275.4971,2540956.0
2018-05-30,69.8,19353.1314,2945716.0
2018-05-31,69.59,19294.9057,2275883.0
2018-06-01,69.25,19200.6354,2326049.0
2018-06-04,69.98,19403.0392,2450035.0
2018-06-05,69.32,19220.044,2401811.0
2018-06-06,70.36,19508.4001,2698534.0
2018-06-07,69.54,19281.0424,2875320.0
2018-06-08,69.99,19405.8119,2713241.0
2018-06-11,72.15,20004.7053,4261338.0
2018-06-12,72.39,20071.249,2489050.0
2018-06-13,72.5,20101.7482,2389593.0
2018-06-14,73.02,20245.9263,2693244.0
2018-06-15,73.89,20487.1473,5148763.0
2018-06-18,74.49,20653.5066,4324204.0
2018-06-19,73.0,20240.381,3482821.0
2018-06-20,74.07,20537.0551,2021264.0
2018-06-21,74.42,20634.098,2000909.0
2018-06-22,72.94,20223.7451,3980190.0
2018-06-25,71.33,19777.3476,3305158.0
2018-06-26,71.02,19691.3953,2366484.0
2018-06-27,69.57,19289.3603,2633944.0
2018-06-28,69.44,19253.3158,2236635.0
2018-06-29,69.73,19333.7228,2170443.0
2018-07-02,70.92,19663.6688,1932631.0
2018-07-03,70.16,19452.947,1630239.0
2018-07-05,70.92,19663.6688,3860103.0
2018-07-06,70.96,19674.7594,2292552.0
2018-07-09,71.79,19904.8897,2240882.0
2018-07-10,71.3,19769.0297,2681744.0
2018-07-11,68.88,19098.0472,6261984.0
2018-07-12,71.04,19696.9406,4584735.0
2018-07-13,72.1,19990.842,3067256.0
2018-07-16,72.26,20035.2045,3852525.0
2018-07-17,72.62,20135.0201,5675133.0
2018-07-18,79.0,21903.9739,15644037.0
2018-07-19,80.59,22344.8261,10213237.0
2018-07-20,80.91,22433.551,4549137.0
2018-07-23,81.59,22241.7581,3541158.0
2018-07-24,80.04,21819.2219,3847369.0
2018-07-25,80.56,21960.976,3852006.0
2018-07-26,81.24,22146.3467,3915885.0
2018-07-27,80.01,21811.0438,3509541.0
2018-07-30,80.07,21827.4,3447651.0
2018-07-31,80.4,21917.3593,2567386.0
2018-08-01,80.02,21813.7698,4605138.0
2018-08-02,80.85,22040.0311,2464611.0
2018-08-03,81.34,22173.6071,2009055.0
2018-08-06,81.83,22307.183,2075466.0
2018-08-07,82.32,22440.759,1816890.0
2018-08-08,82.79,22568.8828,1498611.0
2018-08-09,82.75,22557.9787,1563160.0
2018-08-10,81.72,22277.1966,2354112.0
2018-08-13,81.21,22138.1686,1832604.0
2018-08-14,81.44,22200.8675,1795218.0
2018-08-15,81.87,22318.0872,2542277.0
2018-08-16,81.9,22326.2653,2041906.0
2018-08-17,82.01,22356.2517,1671887.0
2018-08-20,85.22,23231.3105,5630095.0
2018-08-21,85.66,23351.2562,3152930.0
2018-08-22,84.53,23043.2138,1296636.0
2018-08-23,84.74,23100.4606,1365417.0
2018-08-24,85.14,23209.5022,2389180.0
2018-08-27,85.94,23427.5854,1895155.0
2018-08-28,86.82,23667.4768,2784980.0
2018-08-29,87.11,23746.532,1907861.0
2018-08-30,86.92,23694.7372,1854417.0
2018-08-31,87.42,23831.0392,3079479.0
2018-09-04,88.3,24070.9307,3083305.0
2018-09-05,88.19,24040.9443,4088049.0
2018-09-06,87.13,23751.9841,5633030.0
2018-09-07,87.68,23901.9163,2442210.0
2018-09-10,88.09,24013.6839,3205168.0
2018-09-11,89.12,24294.466,3513429.0
2018-09-12,87.8,23934.6287,2467606.0
2018-09-13,89.58,24419.8638,3571736.0
2018-09-14,90.33,24624.3168,2448473.0
2018-09-17,90.16,24577.9741,1646261.0
2018-09-18,90.11,24564.3439,1933594.0
2018-09-19,89.35,24357.1649,2545614.0
2018-09-20,89.12,24294.466,2409841.0
2018-09-21,89.94,24518.0012,4690350.0
2018-09-24,87.84,23945.5329,3534890.0
2018-09-25,87.92,23967.3412,2061663.0
2018-09-26,88.97,24253.5754,2031541.0
2018-09-27,88.34,24081.8349,2156248.0
2018-09-28,89.06,24278.1097,2091566.0
2018-10-01,87.61,23882.834,2459934.0
2018-10-02,86.71,23637.4904,3210476.0
2018-10-03,87.39,23822.8611,1945359.0
2018-10-04,86.04,23454.8458,2751995.0
2018-10-05,84.14,22936.8982,4242778.0
2018-10-08,83.68,22811.5004,2897333.0
2018-10-09,81.43,22198.1414,4287266.0
2018-10-10,78.93,21516.6315,5573818.0
2018-10-11,80.12,21841.0302,5567559.0
2018-10-12,80.18,21857.3865,2870732.0
2018-10-15,81.34,22173.6071,3512635.0
2018-10-16,83.52,22767.8837,4965755.0
2018-10-17,88.49,24110.3758,10329511.0
2018-10-18,87.09,23728.9256,4979982.0
2018-10-19,87.43,23821.5635,4582744.0
2018-10-22,88.61,24143.0715,3820521.0
2018-10-23,86.33,23521.8527,5809037.0
2018-10-24,82.19,22393.85,5221028.0
2018-10-25,85.6,23322.9537,4328610.0
2018-10-26,84.63,23058.6632,3364347.0
2018-10-29,84.99,23156.7504,3902045.0
2018-10-30,85.85,23391.0698,4363214.0
2018-10-31,85.51,23298.4319,3796840.0
2018-11-01,88.04,23987.7668,3398927.0
2018-11-02,88.68,24162.1441,3335964.0
2018-11-05,89.47,24377.3909,2735506.0
2018-11-06,89.64,24423.7099,2187428.0
2018-11-07,92.16,25110.3202,3792231.0
2018-11-08,92.56,25219.306,2460310.0
2018-11-09,92.35,25162.0884,4254067.0
2018-11-12,91.2,24848.7544,2903263.0
2018-11-13,92.6,25230.2046,3696571.0
2018-11-14,91.79,25009.5084,2387001.0
2018-11-15,91.98,25061.2766,3691475.0
2018-11-16,92.26,25137.5667,2837923.0
2018-11-19,92.09,25091.2477,2684617.0
2018-11-20,91.77,25004.0591,3232754.0
2018-11-21,92.86,25301.0453,3771625.0
2018-11-23,94.84,25840.5248,2688683.0
2018-11-26,91.75,24998.6098,4244651.0
2018-11-27,93.38,25442.7268,4035884.0
2018-11-28,94.48,25742.4376,3438583.0
2018-11-29,95.07,25903.1916,3617702.0
2018-11-30,96.7,26347.3086,4033984.0
2018-12-03,96.46,26281.9172,2800581.0
2018-12-04,91.94,25050.378,5576460.0
2018-12-06,93.03,25347.3642,3766803.0
2018-12-07,88.23,24039.5351,5052598.0
2018-12-10,88.55,24126.7237,3089484.0
2018-12-11,88.14,24015.0133,4525146.0
2018-12-12,89.63,24420.9852,2868470.0
2018-12-13,87.48,23835.1868,3776442.0
2018-12-14,87.74,23906.0275,2800657.0
2018-12-17,86.21,23489.157,4051907.0
2018-12-18,87.8,23922.3754,3276839.0
2018-12-19,86.37,23532.7513,2715128.0
2018-12-20,84.41,22998.721,3966503.0
2018-12-21,81.47,22197.6756,10687289.0
2018-12-24,79.12,21557.3843,3338602.0
2018-12-26,83.8,22832.5177,5253398.0
2018-12-27,83.04,22625.4448,4128474.0
2018-12-28,83.17,22660.8651,2257370.0
2018-12-31,83.73,22813.4452,2663686.0
2019-01-02,84.18,22936.0542,2973498.0
2019-01-03,80.0,21797.153,6426213.0
2019-01-04,82.68,22527.3576,3808373.0
2019-01-07,83.23,22677.213,2653000.0
2019-01-08,82.38,22445.6183,3910027.0
2019-01-09,83.76,22821.6191,5332619.0
2019-01-10,81.37,22170.4292,7376208.0
2019-01-11,80.07,21816.2255,4325268.0
2019-01-14,79.91,21772.6312,3951170.0
2019-01-15,81.2,22124.1103,5971886.0
2019-01-16,86.36,23530.0266,10840612.0
2019-01-17,86.74,23633.5631,3571260.0
2019-01-18,85.59,23320.229,3797142.0
2019-01-22,83.34,22707.1841,3776274.0
2019-01-23,82.88,22581.8505,3916532.0
2019-01-24,84.03,22895.1845,4740124.0
2019-01-25,84.14,22925.1556,4745321.0
2019-01-28,84.6,23050.4893,2762386.0
2019-01-29,85.67,23342.0262,2273934.0
2019-01-30,87.47,23832.4621,2541429.0
2019-01-31,87.27,23777.9692,3762657.0
2019-02-01,87.49,23837.9114,1824172.0
2019-02-04,88.62,24145.7962,2377438.0
2019-02-05,89.46,24374.6663,3083725.0
2019-02-06,89.75,24453.681,2205351.0
2019-02-07,87.86,23938.7232,3165281.0
2019-02-08,88.17,24023.1872,2197493.0
2019-02-11,89.15,24290.2023,2348870.0
2019-02-12,87.97,23968.6943,2798498.0
2019-02-13,88.58,24134.8976,3680079.0
2019-02-14,88.15,24017.7379,1482559.0
2019-02-15,88.31,24061.3322,2230336.0
2019-02-19,89.24,24314.7241,2224527.0
2019-02-20,88.5,24113.1005,3151009.0
2019-02-21,88.84,24205.7384,2132473.0
2019-02-22,89.43,24366.4924,1907566.0
2019-02-25,89.58,24407.362,2395019.0
2019-02-26,89.53,24393.7388,4089393.0
2019-02-27,87.6,23867.8825,2466711.0
2019-02-28,87.81,23925.1,2299972.0
2019-03-01,86.92,23682.6067,3699442.0
2019-03-04,84.31,22487.802,4094499.0
2019-03-05,85.05,22685.1804,2848184.0
2019-03-06,84.33,22493.1366,2544506.0
2019-03-07,82.61,22034.3651,4565662.0
2019-03-08,82.4,21978.3523,2316809.0
2019-03-11,82.38,21973.0178,5140479.0
2019-03-12,79.85,21298.197,6055255.0
2019-03-13,81.21,21660.9465,3450325.0
2019-03-14,81.49,21735.6302,1816514.0
2019-03-15,81.69,21788.9758,4860537.0
2019-03-18,80.73,21532.9173,2780498.0
2019-03-19,81.34,21695.6211,2390447.0
2019-03-20,79.83,21292.8625,4661132.0
2019-03-21,81.0,21604.9337,2330693.0
2019-03-22,79.63,21239.517,3160048.0
2019-03-25,78.12,20836.7583,4731381.0
2019-03-26,77.49,20668.7199,3061405.0
2019-03-27,78.53,20946.1166,2371493.0
2019-03-28,78.6,20964.7876,1563094.0
2019-03-29,79.78,21279.5261,2449908.0
2019-04-01,80.87,21570.2592,2723196.0
2019-04-02,82.77,22077.0415,3795126.0
2019-04-03,84.2,22458.462,4047947.0
2019-04-04,84.64,22575.8221,1748396.0
2019-04-05,84.91,22647.8386,3018089.0
2019-04-08,84.58,22559.8185,1853047.0
2019-04-09,84.25,22471.7984,2016715.0
2019-04-10,84.52,22543.8148,3547327.0
2019-04-11,85.75,22871.8897,2570204.0
2019-04-12,85.49,22592.5385,4507885.0
2019-04-15,84.52,22336.1955,2324197.0
2019-04-16,85.17,22507.9717,3747828.0
2019-04-17,89.24,23583.5552,6963709.0
2019-04-18,88.28,23329.8549,3508268.0
2019-04-22,87.56,23139.5797,2060637.0
2019-04-23,87.97,23247.9309,2220784.0
2019-04-24,88.03,23263.7871,2049891.0
2019-04-25,86.86,22954.5899,2152812.0
2019-04-26,87.94,23240.0027,1544882.0
2019-04-29,89.61,23681.3355,2561940.0
2019-04-30,88.86,23483.1322,2688182.0
2019-05-01,87.94,23240.0027,2239578.0
2019-05-02,88.31,23337.783,1868571.0
2019-05-03,88.5,23387.9946,1164969.0
2019-05-06,87.79,23200.3621,1620399.0
2019-05-07,85.68,22642.75,2400047.0
2019-05-08,84.64,22367.908,1900461.0
2019-05-09,84.12,22230.487,2329400.0
2019-05-10,84.79,22407.5487,2841876.0
2019-05-13,82.07,21688.7312,3908145.0
2019-05-14,83.45,22053.4254,1928510.0
2019-05-15,82.35,21762.7271,2371011.0
2019-05-16,82.58,21823.5095,1803357.0
2019-05-17,81.5,21538.0967,2857897.0
2019-05-20,81.74,21601.5218,2355552.0
2019-05-21,82.97,21926.5752,2162609.0
2019-05-22,81.88,21638.5197,1505934.0
2019-05-23,80.91,21382.1767,2231069.0
2019-05-24,80.79,21350.4642,2266313.0
2019-05-28,79.81,21091.4785,2242085.0
2019-05-29,79.25,20943.4867,3133154.0
2019-05-30,79.47,21001.6263,1528867.0
2019-05-31,77.65,20520.6529,3554131.0
2019-06-03,77.72,20539.1518,2065458.0
2019-06-04,80.52,21279.111,3026503.0
2019-06-05,81.85,21630.5916,2002536.0
2019-06-06,82.96,21923.9325,2390326.0
2019-06-07,83.27,22005.8566,1475833.0
2019-06-10,82.67,21847.2939,1697764.0
2019-06-11,82.77,21873.721,1894357.0
2019-06-12,83.79,22143.2776,1999992.0
2019-06-13,87.11,23020.6577,3864970.0
2019-06-14,87.12,23023.3004,1652511.0
2019-06-17,86.77,22930.8055,1820598.0
2019-06-18,87.4,23097.2963,1694109.0
2019-06-19,88.66,23430.2779,2091617.0
2019-06-20,87.14,23028.5858,3261860.0
2019-06-21,86.72,22917.592,2461939.0
2019-06-24,86.55,22872.6659,1507828.0
2019-06-25,85.06,22478.9019,2481284.0
2019-06-26,85.33,22550.2551,2034693.0
2019-06-27,86.43,22840.9533,1394847.0
2019-06-28,87.55,23136.937,3025379.0
2019-07-01,88.45,23374.781,4017249.0
2019-07-02,88.87,23485.7749,2237183.0
2019-07-03,90.67,23961.4629,1647124.0
2019-07-05,90.59,23940.3212,3227673.0
2019-07-08,90.67,23961.4629,2514955.0
2019-07-09,89.46,23641.6948,3912846.0
2019-07-10,89.51,23654.9084,2395319.0
2019-07-11,89.48,23646.9803,2262280.0
2019-07-12,91.23,24109.4547,2895023.0
2019-07-15,91.32,24133.2391,2388252.0
2019-07-16,93.92,24820.3441,4706092.0
2019-07-17,94.78,25047.6172,6019468.0
2019-07-18,95.28,25179.7528,3300545.0
2019-07-19,93.83,24796.5597,3361100.0
2019-07-22,93.83,24106.9414,2305149.0
2019-07-23,94.93,24389.5551,2105228.0
2019-07-24,95.11,24435.8009,2344366.0
2019-07-25,93.93,24132.6336,3196204.0
2019-07-26,93.36,23986.1883,1684835.0
2019-07-29,93.44,24006.7421,1957136.0
2019-07-30,93.93,24132.6336,1717369.0
2019-07-31,91.91,23613.6522,2125262.0
2019-08-01,90.49,23248.8237,2518736.0
2019-08-02,89.43,22976.487,2281848.0
2019-08-05,85.59,21989.9085,3721837.0
2019-08-06,85.46,21956.5087,2369853.0
2019-08-07,86.48,22218.5686,2380052.0
2019-08-08,87.63,22514.0283,1419870.0
2019-08-09,86.98,22347.0294,2078719.0
2019-08-12,84.71,21763.8176,2185046.0
2019-08-13,84.56,21725.2794,2669290.0
2019-08-14,81.95,21054.7144,3250818.0
2019-08-15,81.62,20969.9303,3236384.0
2019-08-16,82.94,21309.0666,2294252.0
2019-08-19,83.89,21553.142,2268781.0
2019-08-20,84.03,21589.111,1495009.0
2019-08-21,85.29,21912.8321,1672641.0
2019-08-22,85.56,21982.2009,1310135.0
2019-08-23,82.53,21203.7288,3674673.0
2019-08-26,83.58,21473.4964,1851387.0
2019-08-27,81.94,21052.1452,2213751.0
2019-08-28,82.45,21183.1751,2299537.0
2019-08-29,84.69,21758.6792,4085102.0
2019-08-30,84.31,21661.0491,1929469.0
2019-09-03,83.15,21363.0201,2350081.0
2019-09-04,83.91,21558.2805,2739635.0
2019-09-05,85.84,22054.1389,2968888.0
2019-09-06,86.3,22172.3228,2345125.0
2019-09-09,87.33,22436.9519,2123125.0
2019-09-10,87.56,22496.0438,1711943.0
2019-09-11,88.38,22706.7194,2431520.0
2019-09-12,89.38,22963.6409,2724658.0
2019-09-13,91.35,23469.7762,3000707.0
2019-09-16,88.76,22804.3496,3438150.0
2019-09-17,89.98,23117.7938,3635129.0
2019-09-18,90.23,23182.0241,2174822.0
2019-09-19,89.42,22973.9178,2367602.0
2019-09-20,89.09,22889.1337,2764305.0
2019-09-23,88.21,22663.0428,3178752.0
2019-09-24,88.3,22686.1657,1563720.0
2019-09-25,89.17,22909.6874,1744522.0
2019-09-26,88.45,22724.7039,1306010.0
2019-09-27,88.14,22645.0583,1668260.0
2019-09-30,88.41,22714.4271,1959398.0
2019-10-01,87.84,22567.9818,2429757.0
2019-10-02,83.69,21501.7577,4346907.0
2019-10-03,83.27,21393.8507,2768483.0
2019-10-04,84.29,21655.9106,1957962.0
2019-10-07,84.85,21799.7866,2124385.0
2019-10-08,84.69,21758.6792,2575541.0
2019-10-09,86.46,22213.4302,3163430.0
2019-10-10,87.34,22439.5211,2830522.0
2019-10-11,87.15,22390.706,2461176.0
2019-10-14,86.97,22344.4602,3457479.0
2019-10-15,87.88,22578.2587,4746893.0
2019-10-16,89.7,23045.8558,6805187.0
2019-10-17,89.46,22984.1946,2493214.0
2019-10-18,90.085,23144.7705,2722683.0
2019-10-21,90.78,22971.3025,2066314.0
2019-10-22,89.71,22700.5458,2033340.0
2019-10-23,89.9,22748.6241,1644482.0
2019-10-24,89.81,22725.8502,2294969.0
2019-10-25,91.64,23188.9201,2218463.0
2019-10-28,92.19,23328.0941,1841018.0
2019-10-29,91.03,23034.5635,1552535.0
2019-10-30,91.67,23196.5114,1694758.0
2019-10-31,90.84,22986.4852,1997503.0
2019-11-01,91.65,23191.4505,2248324.0
2019-11-04,92.39,23378.7028,1905931.0
2019-11-05,93.12,23563.4247,2623950.0
2019-11-06,93.34,23619.0943,1179340.0
2019-11-07,93.8,23735.4944,3014104.0
2019-11-08,93.44,23644.3987,914941.0
2019-11-11,93.53,23667.1726,1127088.0
2019-11-12,92.72,23462.2072,1543614.0
2019-11-13,92.42,23386.2941,1863345.0
2019-11-14,92.52,23411.5985,1051767.0
2019-11-15,92.51,23409.0681,1552721.0
2019-11-18,92.77,23474.8594,1808656.0
2019-11-19,93.29,23606.4421,1606663.0
2019-11-20,91.7,23204.1027,3133884.0
2019-11-21,90.97,23019.3808,1630935.0
2019-11-22,91.78,23224.3462,1440399.0
2019-11-25,92.52,23411.5985,1941650.0
2019-11-26,92.76,23472.329,2043490.0
2019-11-27,93.05,23545.7116,1602154.0
2019-11-29,92.8,23482.4507,905807.0
2019-12-02,91.63,23186.3896,1941963.0
2019-12-03,88.87,22487.9892,3393153.0
2019-12-04,88.17,22310.8586,2072411.0
2019-12-05,87.86,22232.4151,1959655.0
2019-12-06,88.58,22414.6065,1485328.0
2019-12-09,87.61,22169.1542,2235201.0
2019-12-10,86.51,21890.8062,1994909.0
2019-12-11,87.02,22019.8584,2418182.0
2019-12-12,88.47,22386.7717,2903831.0
2019-12-13,87.58,22161.5629,1972842.0
2019-12-16,88.63,22427.2587,2090200.0
2019-12-17,89.36,22611.9806,2218406.0
2019-12-18,88.84,22480.3979,1876903.0
2019-12-19,89.22,22576.5545,2172531.0
2019-12-20,89.28,22591.7371,3026482.0
2019-12-23,89.44,22632.2241,1906056.0
2019-12-24,89.15,22558.8414,771149.0
2019-12-26,89.26,22586.6762,1041642.0
2019-12-27,88.37,22361.4674,1402073.0
2019-12-30,87.96,22257.7195,1799897.0
2019-12-31,88.09,22290.6151,2073700.0
2020-01-02,89.74,22708.1372,2671623.0
2020-01-03,87.9,22242.5368,3562918.0
2020-01-06,87.7,22191.9281,2652773.0
2020-01-07,86.77,21956.5975,2594744.0
2020-01-08,87.3,22090.7106,4153259.0
2020-01-09,87.95,22255.189,2252191.0
2020-01-10,87.31,22093.2411,2035663.0
2020-01-13,86.89,21986.9627,2707860.0
2020-01-14,87.85,22229.8847,3243640.0
2020-01-15,88.29,22341.2239,1878934.0
2020-01-16,89.54,22657.5284,2427506.0
2020-01-17,89.7,22698.0154,4221217.0
2020-01-21,85.79,21708.6147,9546684.0
2020-01-22,83.34,21088.6578,8453244.0
2020-01-23,84.88,21478.345,6194380.0
2020-01-24,81.9,20724.2749,6869764.0
2020-01-27,77.63,19643.7785,8671260.0
2020-01-28,77.05,19497.0132,7575578.0
2020-01-29,75.21,19031.4129,5512397.0
2020-01-30,77.75,19674.1438,5900393.0
2020-01-31,74.8,18927.665,5196562.0
2020-02-03,74.91,18955.4998,3951366.0
2020-02-04,78.89,19962.6135,6423869.0
2020-02-05,81.85,20711.6228,6993789.0
2020-02-06,80.5,20370.0138,5218811.0
2020-02-07,79.48,20111.9093,3129720.0
2020-02-10,79.47,20109.3789,3492868.0
2020-02-11,80.53,20377.6051,2763727.0
2020-02-12,82.2,20800.188,2907099.0
2020-02-13,80.99,20494.0052,2998888.0
2020-02-14,79.55,20129.6224,3119656.0
2020-02-18,80.24,20304.2225,4183723.0
2020-02-19,79.42,20096.7267,3350290.0
2020-02-20,79.91,20220.7181,2893884.0
2020-02-21,78.01,19739.9351,4545057.0
2020-02-24,75.47,19097.2043,6332868.0
2020-02-25,70.57,17857.2904,8076210.0
2020-02-26,66.53,16834.994,9372177.0
2020-02-27,64.94,16101.9455,10257090.0
2020-02-28,61.59,15271.3092,9957999.0
2020-03-02,61.26,15189.4854,13015179.0
2020-03-03,58.29,14453.0706,9208799.0
2020-03-04,59.47,14745.6529,10671198.0
2020-03-05,51.59,12791.7981,13974729.0
2020-03-06,52.1,12918.2531,16492236.0
2020-03-09,46.78,11599.1532,12307563.0
2020-03-10,52.56,13032.3107,15642906.0
2020-03-11,49.34,12233.9081,10917056.0
2020-03-12,37.08,9194.0274,19423635.0
2020-03-13,41.64,10324.6845,24135263.0
2020-03-16,35.47,8794.8261,28259544.0
2020-03-17,30.67,7604.6607,21078874.0
2020-03-18,21.38,5301.1949,35372666.0
2020-03-19,21.28,5276.3997,31611169.0
2020-03-20,24.5,6074.8023,37407966.0
2020-03-23,26.25,6508.7168,25585768.0
2020-03-24,33.0,8182.3868,31502493.0
2020-03-25,36.6,9075.0108,32988796.0
2020-03-26,35.55,8814.6622,29647797.0
2020-03-27,32.84,8142.7146,18379566.0
2020-03-30,30.16,7478.2057,18386439.0
2020-03-31,31.55,7822.8577,16568762.0
2020-04-01,25.65,6359.9461,27541553.0
2020-04-02,23.42,5807.0151,25212818.0
2020-04-03,22.885,5674.3613,28350252.0
2020-04-06,24.02,5955.7858,32386709.0
2020-04-07,24.48,6069.8433,43809293.0
2020-04-08,27.51,6821.1352,32657738.0
2020-04-09,31.5,7788.5909,54118482.0
2020-04-13,28.91,7148.1957,36493665.0
2020-04-14,30.9,7640.2368,28650556.0
2020-04-15,31.86,7877.6034,46775180.0
2020-04-16,28.21,6975.1159,44795626.0
2020-04-17,29.08,7190.2293,26829601.0
2020-04-20,27.79,6871.268,37042169.0
2020-04-21,27.88,6893.5211,28293236.0
2020-04-22,25.88,7517.2699,90730574.0
2020-04-23,25.72,7470.7953,35812489.0
2020-04-24,25.56,7424.3207,34850727.0
2020-04-27,25.0,7261.6595,35980034.0
2020-04-28,27.84,8086.584,59812102.0
2020-04-29,31.21,9065.4558,52643463.0
2020-04-30,29.58,8591.9955,44896845.0
2020-05-01,26.62,7732.2151,47710309.0
2020-05-04,25.26,7337.1808,63152395.0
2020-05-05,24.12,7006.0491,35651671.0
2020-05-06,22.91,6654.5848,43355299.0
2020-05-07,22.75,6608.1102,44179275.0
2020-05-08,25.42,7383.6554,55613248.0
2020-05-11,23.97,6962.4792,47485794.0
2020-05-12,22.76,6611.0148,40420913.0
2020-05-13,20.71,6015.5588,59007864.0
2020-05-14,20.3,5896.4675,74107763.0
2020-05-15,19.92,5786.0903,39807953.0
2020-05-18,24.13,7008.9538,72914839.0
2020-05-19,23.68,6878.2439,81387952.0
2020-05-20,24.91,7235.5176,56271963.0
2020-05-21,25.84,7505.6513,53737286.0
2020-05-22,25.4,7377.8461,45062054.0
2020-05-26,29.54,8580.3769,88220681.0
2020-05-27,30.69,8914.4132,89323153.0
2020-05-28,28.89,8391.5737,57401175.0
2020-05-29,28.04,8144.6773,64483619.0
2020-06-01,29.46,8557.1396,57585068.0
2020-06-02,29.91,8687.8495,47473423.0
2020-06-03,33.65,9774.1937,85543749.0
2020-06-04,39.1,11357.2355,142812822.0
2020-06-05,42.405,12483.6665,135585062.0
2020-06-08,48.69,14333.9163,89957309.0
2020-06-09,44.64,13141.6312,79612837.0
2020-06-10,39.72,11693.2257,105254914.0
2020-06-11,33.32,9809.1208,104768771.0
2020-06-12,39.66,11675.5622,98882648.0
2020-06-15,39.0,11327.4259,102434837.0
2020-06-16,40.21,11678.8666,71155208.0
2020-06-17,39.25,11400.0376,60125887.0
2020-06-18,39.34,11426.1779,64927112.0
2020-06-19,36.84,10700.0608,101013889.0
2020-06-22,36.54,10612.9268,65256605.0
2020-06-23,36.08,10479.3212,63531776.0
2020-06-24,33.07,9605.0763,65450849.0
2020-06-25,34.69,10075.6002,72479467.0
2020-06-26,32.89,9552.7959,58993341.0
2020-06-29,35.27,10244.0593,64905787.0
2020-06-30,34.61,10052.3644,54406449.0
2020-07-01,34.45,10005.8929,87861288.0
2020-07-02,34.14,9915.8544,53576626.0
2020-07-06,35.21,10226.6325,46540285.0
2020-07-07,32.55,9454.044,47337561.0
2020-07-08,32.53,9448.235,55863871.0
2020-07-09,30.17,8762.7805,53324015.0
2020-07-10,32.67,9488.8976,80475539.0
2020-07-13,31.76,9224.591,56572983.0
2020-07-14,31.74,9218.782,44172199.0
2020-07-15,36.37,10563.5508,84741889.0
2020-07-16,34.49,10017.5108,53333159.0
2020-07-17,33.92,9851.9561,37397502.0
2020-07-20,32.33,9390.1457,36534210.0
2020-07-21,33.07,9605.0763,45932073.0
2020-07-22,31.67,9198.4508,48195751.0
2020-07-23,33.23,9651.5478,82254207.0
2020-07-24,32.88,9549.8914,38446609.0
2020-07-27,32.42,9416.2859,33062563.0
2020-07-28,33.46,9718.3506,41625352.0
2020-07-29,32.57,9459.8529,31122766.0
2020-07-30,31.74,9218.782,31536796.0
2020-07-31,31.38,9114.2212,29612057.0
2020-08-03,31.87,9256.5401,35214418.0
2020-08-04,32.29,9378.5278,30010096.0
2020-08-05,33.73,9796.7712,49260749.0
2020-08-06,34.4,9991.3706,51250743.0
2020-08-07,34.33,9971.0393,30394464.0
2020-08-10,37.54,10903.3736,48876392.0
2020-08-11,36.83,10697.1563,56549341.0
2020-08-12,36.4,10572.2642,35005417.0
2020-08-13,35.81,10400.9006,35460092.0
2020-08-14,36.18,10508.3659,28384144.0
2020-08-17,34.4,9991.3706,22574255.0
2020-08-18,33.98,9869.3829,19070273.0
2020-08-19,34.44,10002.9884,40587931.0
2020-08-20,34.05,9889.7142,28196951.0
2020-08-21,33.04,9596.3629,22730340.0
2020-08-24,36.32,10549.0285,50533589.0
2020-08-25,35.22,10229.537,39748269.0
2020-08-26,34.25,9947.8036,23414509.0
2020-08-27,36.22,10519.9838,51046519.0
2020-08-28,37.34,10865.3378,35228929.0
2020-08-31,36.0,10475.4194,27114238.0
2020-09-01,36.01,10478.3293,29757267.0
2020-09-02,36.89,10734.3951,26622811.0
2020-09-03,37.4,10882.7969,53966447.0
2020-09-04,38.21,11118.4938,33121590.0
2020-09-08,37.28,10847.8788,33207116.0
2020-09-09,36.03,10484.1489,25407620.0
2020-09-10,36.45,10606.3622,24905319.0
2020-09-11,36.07,10495.7883,19198709.0
2020-09-14,36.74,10690.7475,18939876.0
2020-09-15,36.8,10708.2065,21378239.0
2020-09-16,38.3,11144.6823,33301841.0
2020-09-17,38.355,11160.6864,31339682.0
2020-09-18,36.97,10757.6738,32772794.0
2020-09-21,33.79,9832.3451,29900929.0
2020-09-22,34.07,9913.8206,16700552.0
2020-09-23,33.08,9625.7465,21576925.0
2020-09-24,32.74,9526.812,24638809.0
2020-09-25,34.2,9951.6485,21461109.0
2020-09-28,35.94,10457.9604,34828066.0
2020-09-29,34.51,10041.8535,25029773.0
2020-09-30,34.75,10111.6896,29441351.0
2020-10-01,35.18,10236.8127,18972215.0
2020-10-02,36.01,10478.3293,35080985.0
2020-10-05,36.2,10533.6162,18046415.0
2020-10-06,34.88,10149.5175,28719027.0
2020-10-07,36.38,10585.9933,27677310.0
2020-10-08,37.0,10766.4033,28333465.0
2020-10-09,37.12,10801.3214,25311770.0
2020-10-12,36.38,10585.9933,20202572.0
2020-10-13,35.26,10260.0914,17302985.0
2020-10-14,35.61,10361.9357,15064442.0
2020-10-15,34.25,9966.1977,23651963.0
2020-10-16,34.16,9940.0091,16210035.0
2020-10-19,35.5,10329.9275,33094432.0
2020-10-20,36.06,10492.8785,22578065.0
2020-10-21,35.54,10341.5668,16092670.0
2020-10-22,37.24,10836.2394,24747751.0
2020-10-23,38.01,11060.297,20690272.0
2020-10-26,35.34,10283.3701,25924487.0
2020-10-27,34.17,9942.9189,17594206.0
2020-10-28,32.6,9486.0743,21822932.0
2020-10-29,33.57,9768.3286,17257404.0
2020-10-30,33.86,9852.9543,18795301.0
2020-11-02,33.78,9829.6751,13901027.0
2020-11-03,34.02,9899.5129,16309029.0
2020-11-04,33.34,9701.639,14812281.0
2020-11-05,35.35,10286.5309,16192113.0
2020-11-06,34.68,10091.5669,13194121.0
2020-11-09,41.32,12023.747,60942626.0
2020-11-10,40.05,11654.1885,26596642.0
2020-11-11,38.51,11206.0624,20044085.0
2020-11-12,36.85,10723.0174,23543724.0
2020-11-13,38.99,11345.738,20034685.0
2020-11-16,41.0,11930.6299,28722695.0
2020-11-17,40.6,11814.2335,19661440.0
2020-11-18,41.05,11945.1794,22481992.0
2020-11-19,40.94,11913.1704,18556311.0
2020-11-20,39.9,11610.5398,15604677.0
2020-11-23,40.93,11978.67,21729997.0
2020-11-24,44.96,13278.4767,29934567.0
2020-11-25,45.64,13479.3077,24250768.0
2020-11-27,45.3,13378.8922,14103891.0
2020-11-30,45.05,13305.0573,23401474.0
2020-12-01,45.32,13384.799,18860212.0
2020-12-02,46.73,13801.2281,17745667.0
2020-12-03,49.91,14740.4086,32545226.0
2020-12-04,49.24,14542.531,26300629.0
2020-12-07,49.2,14530.7174,22364645.0
2020-12-08,49.04,14483.463,17797906.0
2020-12-09,48.02,14182.2164,23325078.0
2020-12-10,49.64,14660.6669,19020500.0
2020-12-11,48.36,14282.632,14770643.0
2020-12-14,46.72,13798.2747,15744995.0
2020-12-15,47.46,14016.8261,16836295.0
2020-12-16,46.0,13585.6301,17369545.0
2020-12-17,45.88,13550.1893,13785021.0
2020-12-18,44.74,13213.5019,16333232.0
2020-12-21,44.055,13011.1942,21879086.0
2020-12-22,42.97,12690.7505,16602731.0
2020-12-23,44.11,13027.4379,15284729.0
2020-12-24,43.26,12776.3991,7230607.0
2020-12-28,43.92,12971.3233,13693204.0
2020-12-29,43.74,12918.1622,9927674.0
2020-12-30,44.65,13186.9214,9473270.0
2020-12-31,43.25,12773.4457,12683975.0
2021-01-04,41.63,12294.9952,14710220.0
2021-01-05,43.4,12817.7466,12294450.0
2021-01-06,43.54,12859.0942,12318860.0
2021-01-07,43.62,12882.7214,9592931.0
2021-01-08,43.29,12785.2592,9215340.0
2021-01-11,42.7,12611.0088,8988803.0
2021-01-12,44.08,13018.5777,9053062.0
2021-01-13,44.43,13121.9466,11390177.0
2021-01-14,46.29,13671.2786,16310456.0
2021-01-15,43.89,12962.4631,13211536.0
2021-01-19,44.75,13216.4553,9706312.0
2021-01-20,45.18,13343.4514,11661304.0
2021-01-21,42.59,12578.5214,32185626.0
2021-01-22,42.14,13141.1581,13544971.0
2021-01-25,40.38,12592.3105,20281919.0
2021-01-26,41.25,12863.6158,13388598.0
2021-01-27,40.91,12757.5884,15279986.0
2021-01-28,42.55,13269.0146,22174963.0
2021-01-29,39.99,12470.6908,24192571.0
2021-02-01,39.935,12453.5393,13143423.0
2021-02-02,40.83,12732.6408,13118649.0
2021-02-03,42.04,13109.9736,15174840.0
2021-02-04,42.41,13225.3563,13633792.0
2021-02-05,42.14,13141.1581,10764265.0
2021-02-08,44.35,13830.336,19794297.0
2021-02-09,43.32,13509.1355,11967158.0
2021-02-10,43.78,13652.5843,9772515.0
2021-02-11,43.44,13546.5569,8478124.0
2021-02-12,43.935,13700.9203,8987489.0
2021-02-16,45.71,14254.4456,13954879.0
2021-02-17,46.08,14369.8283,12840055.0
2021-02-18,44.96,14020.5616,10250399.0
2021-02-19,48.03,14977.9265,21112041.0
2021-02-22,49.7,15498.708,27547898.0
2021-02-23,50.61,15782.4872,20124969.0
2021-02-24,54.96,17139.014,27482084.0
2021-02-25,51.78,16147.3461,25949974.0
2021-02-26,52.68,16428.0068,18330190.0
2021-03-01,53.31,16624.4693,19500588.0
2021-03-02,53.21,16593.2848,12370989.0
2021-03-03,54.57,17017.3943,18438946.0
2021-03-04,52.05,16576.6904,19937491.0
2021-03-05,50.52,16089.4217,21503158.0
2021-03-08,54.06,17216.8277,17588966.0
2021-03-09,53.43,17016.1876,15292842.0
2021-03-10,53.92,17172.241,13438932.0
2021-03-11,54.06,17216.8277,17140757.0
2021-03-12,56.29,17927.0298,19762477.0
2021-03-15,60.94,19407.9445,35374512.0
2021-03-16,59.81,19048.0663,18306413.0
2021-03-17,62.45,19888.8437,18338038.0
2021-03-18,60.82,19369.7273,19129709.0
2021-03-19,60.77,19353.8035,19643819.0
2021-03-22,58.33,18576.7214,12958276.0
2021-03-23,54.36,17312.3706,21698204.0
2021-03-24,53.83,17143.5782,18015776.0
2021-03-25,56.05,17850.5955,21500079.0
2021-03-26,56.83,18099.007,15432445.0
2021-03-29,56.2,17898.3669,12083040.0
2021-03-30,58.21,18538.5043,12708910.0
2021-03-31,57.54,18325.1252,11023782.0
2021-04-01,57.82,18709.2389,10932226.0
2021-04-05,59.29,19184.8975,17175712.0
2021-04-06,59.48,19246.3772,11917227.0
2021-04-07,59.57,19275.4992,13772591.0
2021-04-08,59.43,19230.1983,13655758.0
2021-04-09,58.43,18906.6211,10896080.0
2021-04-12,56.16,18172.1006,18714698.0
2021-04-13,56.66,18333.8893,15349381.0
2021-04-14,56.92,18418.0193,12971146.0
2021-04-15,56.12,18159.1575,12123396.0
2021-04-16,55.87,18078.293,10620386.0
2021-04-19,54.99,17793.5445,13984371.0
2021-04-20,50.3,16275.9645,44364750.0
2021-04-21,51.86,16780.7459,21085585.0
2021-04-22,51.03,16512.1763,20538150.0
2021-04-23,53.11,17185.2411,13862419.0
2021-04-26,53.78,17402.0385,12358766.0
2021-04-27,53.48,17304.965,10331466.0
2021-04-28,53.55,17327.6155,11535979.0
2021-04-29,53.69,17372.9165,9804825.0
2021-04-30,54.4,17602.657,11143955.0
2021-05-03,54.46,17622.0717,9912920.0
2021-05-04,52.8,17084.9318,13673150.0
2021-05-05,53.27,17237.0136,11151324.0
2021-05-06,53.05,17165.8264,10524357.0
2021-05-07,54.73,17709.4378,11819918.0
2021-05-10,54.03,17482.9331,10852915.0
2021-05-11,52.7,17052.574,15065935.0
2021-05-12,51.01,16505.7267,12728687.0
2021-05-13,52.43,16965.2079,13373744.0
2021-05-14,55.28,17887.4059,14499188.0
2021-05-17,56.57,18304.8218,17529926.0
2021-05-18,56.38,18243.342,13706168.0
2021-05-19,55.79,18052.4308,15121626.0
2021-05-20,55.09,17825.926,11702491.0
2021-05-21,55.3,17893.8774,10527393.0
2021-05-24,56.14,18165.6832,9470671.0
2021-05-25,56.98,18437.4889,23605740.0
2021-05-26,58.01,18770.7745,11697308.0
2021-05-27,59.13,19133.1822,12307490.0
2021-05-28,58.35,18880.7911,14357297.0
2021-06-01,59.67,19307.9144,14321083.0
2021-06-02,60.29,19508.5329,12089180.0
2021-06-03,57.73,18680.1726,13746467.0
2021-06-04,56.93,18421.31,13622768.0
2021-06-07,57.3,18541.034,8914964.0
2021-06-08,57.73,18680.1726,10777956.0
2021-06-09,57.23,18518.3835,8151464.0
2021-06-10,56.26,18204.5126,11663964.0
2021-06-11,56.52,18288.6429,9780472.0
2021-06-14,55.74,18036.2519,8248534.0
2021-06-15,55.29,17890.6417,7541966.0
2021-06-16,55.6,17990.9509,9952010.0
2021-06-17,54.24,17550.8845,12509916.0
2021-06-18,54.92,17770.9177,12490745.0
2021-06-21,55.69,18020.073,10891566.0
2021-06-22,55.17,17851.8123,9819669.0
2021-06-23,55.12,17835.6334,9957545.0
2021-06-24,54.34,17583.2423,11548556.0
2021-06-25,53.88,17434.3963,12256367.0
2021-06-28,52.49,16984.6226,19098758.0
2021-06-29,52.15,16874.6059,12598306.0
2021-06-30,52.29,16919.9069,9244478.0
2021-07-01,53.08,17177.2594,8577588.0
2021-07-02,52.77,17076.9401,9219856.0
2021-07-06,51.44,16646.5378,10652336.0
2021-07-07,50.3,16277.6215,12719050.0
2021-07-08,49.66,16070.5106,13207761.0
2021-07-09,51.1,16536.5101,9914705.0
2021-07-12,50.62,16381.1769,11567189.0
2021-07-13,48.5,15695.1221,14287157.0
2021-07-14,48.16,15585.0944,14949343.0
2021-07-15,47.71,15439.4696,12331828.0
2021-07-16,46.01,14889.3313,13760722.0
2021-07-19,43.46,14064.1238,26444011.0
2021-07-20,46.32,14989.6506,21894036.0
2021-07-21,48.1,15565.6778,23048276.0
2021-07-22,47.95,15517.1362,12922278.0
2021-07-23,47.53,15381.2197,9491348.0
2021-07-26,49.46,16005.7884,10775250.0
2021-07-27,48.65,15743.6637,10559900.0
2021-07-28,49.14,15902.233,9772459.0
2021-07-29,48.49,15691.886,7643569.0
2021-07-30,46.72,15119.0949,12123471.0
2021-08-02,46.07,14908.7479,10995896.0
2021-08-03,46.54,15060.845,12596991.0
2021-08-04,45.28,14653.0954,12205041.0
2021-08-05,47.24,15287.3725,12644615.0
2021-08-06,47.62,15410.3446,9919257.0
2021-08-09,46.45,15031.72,13064799.0
2021-08-10,47.68,15429.7613,12551748.0
2021-08-11,48.21,15601.275,12779269.0
2021-08-12,47.24,15287.3725,9323627.0
2021-08-13,46.49,15044.6645,7572363.0
2021-08-16,46.3,14983.1784,8408444.0
2021-08-17,45.29,14656.3315,9745534.0
2021-08-18,45.04,14575.4289,9460719.0
2021-08-19,43.93,14216.2209,12360708.0
2021-08-20,44.03,14248.582,9866975.0
2021-08-23,45.53,14733.9981,8269215.0
2021-08-24,47.12,15248.5392,10047996.0
2021-08-25,47.59,15400.6363,9772287.0
2021-08-26,47.01,15212.9421,8604046.0
2021-08-27,47.71,15439.4696,6824272.0
2021-08-30,45.91,14856.9702,11376129.0
2021-08-31,46.51,15051.1367,8884233.0
2021-09-01,46.19,14947.5812,8607983.0
2021-09-02,46.76,15132.0394,9785416.0
2021-09-03,46.22,14957.2896,7710172.0
2021-09-07,46.57,15070.5533,7812349.0
2021-09-08,45.53,14733.9981,9053359.0
2021-09-09,46.58,15073.7894,12872337.0
2021-09-10,44.34,14348.9013,17498633.0
2021-09-13,44.84,14510.7067,14173593.0
2021-09-14,43.87,14196.8043,10762752.0
2021-09-15,43.86,14193.5682,10321569.0
2021-09-16,44.47,14390.9707,12204301.0
2021-09-17,44.54,14413.6235,11743870.0
2021-09-20,45.27,14649.8593,14700328.0
2021-09-21,44.45,14384.4985,12217719.0
2021-09-22,45.68,14782.5397,13782969.0
2021-09-23,47.47,15361.803,13703508.0
2021-09-24,48.79,15788.9692,12236356.0
2021-09-27,49.08,15882.8163,14094302.0
2021-09-28,48.68,15753.372,9820648.0
2021-09-29,48.71,15763.0804,9791562.0
2021-09-30,47.57,15394.1641,12016541.0
2021-10-01,51.34,16614.1767,21464897.0
2021-10-04,51.3,16601.2322,13986660.0
2021-10-05,50.88,16465.3157,9828086.0
2021-10-06,50.22,16251.7326,9995859.0
2021-10-07,49.52,16025.2051,10812061.0
2021-10-08,49.16,15908.7052,7349319.0
2021-10-11,49.18,15915.1774,8145107.0
2021-10-12,49.67,16073.7467,7402318.0
2021-10-13,47.88,15494.4834,13271546.0
2021-10-14,47.91,15504.1918,7434975.0
2021-10-15,48.0,15533.3167,8527987.0
2021-10-18,47.17,15264.7198,9126832.0
2021-10-19,46.22,14957.2896,14646375.0
2021-10-20,45.95,14869.9147,19751205.0
2021-10-21,46.72,15119.0949,13252595.0
2021-10-22,46.73,15122.331,8565757.0
2021-10-25,46.65,15096.4422,7494238.0
2021-10-26,46.79,15141.7477,9345532.0
2021-10-27,45.82,14827.8453,7896598.0
2021-10-28,46.01,14889.3313,7376817.0
2021-10-29,46.14,14931.4007,9674916.0
2021-11-01,48.05,15549.4973,13566892.0
2021-11-02,47.98,15526.8445,8764855.0
2021-11-03,49.05,15873.108,11270831.0
2021-11-04,49.14,15902.233,8659241.0
2021-11-05,52.71,17057.5234,21551754.0
2021-11-08,53.11,17186.9677,14923105.0
2021-11-09,52.81,17089.8845,7623949.0
2021-11-10,51.77,16753.3293,7155824.0
2021-11-11,51.34,16614.1767,5878841.0
2021-11-12,49.83,16125.5244,10277123.0
2021-11-15,50.48,16335.8714,6506751.0
2021-11-16,49.2,15921.6496,9333059.0
2021-11-17,48.74,15772.7887,8291600.0
2021-11-18,47.43,15348.8586,9883648.0
2021-11-19,46.11,14921.6924,17013976.0
2021-11-22,46.48,15041.4284,10953997.0
2021-11-23,46.7,15112.6227,7006859.0
2021-11-24,46.73,15122.331,5595585.0
2021-11-26,42.26,13675.7909,36386880.0
2021-11-29,42.54,13766.4019,18487111.0
2021-11-30,42.26,13675.7909,14919014.0
2021-12-01,39.06,12640.2365,27539017.0
2021-12-02,41.64,13475.1523,24005568.0
2021-12-03,40.61,13141.8332,17327272.0
2021-12-06,43.99,14235.6376,27543837.0
2021-12-07,43.41,14047.9433,17780996.0
2021-12-08,45.25,14643.3871,22497259.0
2021-12-09,44.44,14381.2624,12453111.0
2021-12-10,44.05,14255.0542,11038396.0
2021-12-13,41.74,13507.5133,16089480.0
2021-12-14,41.38,13391.0135,12280254.0
2021-12-15,41.5,13429.8467,14853342.0
2021-12-16,40.05,12960.6111,12724177.0
2021-12-17,40.78,13196.847,15031335.0
2021-12-20,41.1,13300.4024,14567180.0
2021-12-21,43.93,14216.2209,19615766.0
2021-12-22,44.57,14423.3318,13013124.0
2021-12-23,44.87,14520.415,10322991.0
2021-12-27,44.58,14426.5679,11239297.0
2021-12-28,45.27,14649.8593,9256245.0
2021-12-29,44.43,14378.0263,8341042.0
2021-12-30,44.13,14280.9431,9854573.0
2021-12-31,43.78,14167.6793,7398931.0
2022-01-03,45.49,14721.0537,13889940.0
2022-01-04,46.25,14966.9979,11254866.0
2022-01-05,45.78,14814.9008,10987887.0
2022-01-06,45.77,14811.6647,8225848.0
2022-01-07,47.31,15310.0253,11643916.0
2022-01-10,46.58,15073.7894,9204548.0
2022-01-11,46.9,15177.3449,8589861.0
2022-01-12,46.54,15060.845,8995734.0
2022-01-13,48.17,15588.3306,14671228.0
2022-01-14,46.74,15125.5672,11204767.0
2022-01-18,45.61,14759.887,11128114.0
2022-01-19,44.4,14368.318,10365279.0
2022-01-20,42.88,13876.4296,15589624.0
2022-01-21,41.65,13478.3884,16065163.0
2022-01-24,41.39,13394.2496,20968679.0
2022-01-25,41.78,13520.4578,11304636.0
2022-01-26,41.43,13407.194,13585746.0
2022-01-27,40.93,13245.3886,12936444.0
2022-01-28,40.91,13238.9164,14042664.0
2022-01-31,42.88,13876.4296,11871003.0
2022-02-01,43.96,14225.9292,9614301.0
2022-02-02,44.12,14277.707,12135270.0
2022-02-03,43.08,13941.1518,8016485.0
2022-02-04,42.82,13857.013,8956941.0
2022-02-07,44.44,14381.2624,10462880.0
2022-02-08,46.83,15154.6921,12211668.0
2022-02-09,48.93,15834.2747,15867938.0
2022-02-10,49.24,15934.5941,16295801.0
2022-02-11,46.97,15199.9976,15711571.0
2022-02-14,46.93,15187.0532,10641740.0
2022-02-15,50.48,16335.8714,17789060.0
2022-02-16,50.21,16248.4965,10118922.0
2022-02-17,48.36,15649.8166,9932345.0
2022-02-18,47.43,15348.8586,10238296.0
2022-02-22,46.32,14989.6506,11015100.0
2022-02-23,43.85,14190.332,12835912.0
2022-02-24,44.06,14258.2903,19073472.0
2022-02-25,45.85,14837.5536,15838156.0
2022-02-28,44.4,14368.318,14839858.0
2022-03-01,41.85,13543.1105,18149042.0
2022-03-02,42.42,13727.5687,12915781.0
2022-03-03,40.37,13064.1666,15663882.0
2022-03-04,36.71,11879.7512,36684001.0
2022-03-07,31.2,10096.6559,45172415.0
2022-03-08,32.235,10431.593,34172808.0
2022-03-09,34.9,11294.0157,34309039.0
2022-03-10,35.2,11391.0989,18456402.0
2022-03-11,34.87,11284.3074,15575920.0
2022-03-14,35.02,11332.849,16023155.0
2022-03-15,38.24,12374.8757,23183168.0
2022-03-16,41.19,13329.5274,22511180.0
2022-03-17,41.42,13403.9579,17002053.0
2022-03-18,42.35,13704.9159,15842626.0
2022-03-21,40.85,13219.4998,14758149.0
2022-03-22,42.2,13656.3743,13179155.0
2022-03-23,41.53,13439.5551,9409864.0
2022-03-24,42.78,13844.0685,11308448.0
2022-03-25,43.18,13973.5128,12835076.0
2022-03-28,43.86,14193.5682,12507848.0
2022-03-29,45.67,14779.3036,15886545.0
2022-03-30,45.86,14840.7897,9884309.0
2022-03-31,46.36,15002.5951,11832055.0
2022-04-01,45.78,14814.9008,9768895.0
2022-04-04,45.53,14733.9981,8878189.0
2022-04-05,44.71,14468.6373,12020442.0
2022-04-06,43.07,13937.9156,15403050.0
2022-04-07,42.4,13721.0964,11385899.0
2022-04-08,41.96,13578.7077,9124070.0
2022-04-11,42.42,13727.5687,10624311.0
2022-04-12,42.73,13827.888,9933290.0
2022-04-13,45.14,14607.7899,16966570.0
2022-04-14,45.13,14604.5538,12314943.0
2022-04-18,43.97,14366.268,12677432.0
2022-04-19,45.95,15013.1912,13667408.0
2022-04-20,46.52,15199.4266,19528658.0
2022-04-21,50.85,16614.1626,42225042.0
2022-04-22,51.46,16813.4672,23701358.0
2022-04-25,51.3,16761.1906,16254043.0
2022-04-26,48.86,15963.9721,16046062.0
2022-04-27,50.28,16427.9271,13381891.0
2022-04-28,51.82,16931.0896,12786695.0
2022-04-29,50.5,16499.8075,10699197.0
2022-05-02,50.19,16398.5215,13391949.0
2022-05-03,51.38,16787.3289,12214872.0
2022-05-04,51.9,16957.2279,12953220.0
2022-05-05,48.9,15977.0413,15536286.0
2022-05-06,47.52,15526.1555,13824524.0
2022-05-09,43.31,14150.627,16391930.0
2022-05-10,44.12,14415.2773,14104721.0
2022-05-11,43.18,14108.1522,15388033.0
2022-05-12,41.5,13559.2477,19112440.0
2022-05-13,43.27,14137.5578,13874689.0
2022-05-16,43.54,14225.7746,9832062.0
2022-05-17,46.97,15346.4546,13756398.0
2022-05-18,44.63,14581.9091,12138067.0
2022-05-19,44.21,14444.6829,10157806.0
2022-05-20,43.55,14229.0419,12924345.0
2022-05-23,44.76,14624.3838,10144063.0
2022-05-24,41.57,13582.1188,13328459.0
2022-05-25,43.08,14075.4793,11007489.0
2022-05-26,46.07,15052.3986,13895967.0
2022-05-27,48.41,15816.9442,10995204.0
2022-05-31,47.63,15562.0956,16931823.0
2022-06-01,45.49,14862.8959,12460216.0
2022-06-02,45.77,14954.38,8383486.0
2022-06-03,44.43,14516.5633,10413092.0
2022-06-06,44.76,14624.3838,7860189.0
2022-06-07,46.45,15176.5556,10441718.0
2022-06-08,44.6,14572.1072,8219338.0
2022-06-09,42.7,13951.3224,10364591.0
2022-06-10,41.16,13448.1599,16492150.0
2022-06-13,37.02,12095.5024,17493547.0
2022-06-14,36.99,12085.7006,12608777.0
2022-06-15,37.89,12379.7565,16355298.0
2022-06-16,34.78,11363.6298,15128015.0
2022-06-17,36.28,11853.7231,19451838.0
2022-06-21,36.5,11925.6034,10584233.0
2022-06-22,36.72,11997.4838,9037089.0
2022-06-23,35.81,11700.1605,11778662.0
2022-06-24,38.51,12582.3284,13245282.0
2022-06-27,37.2,12154.3136,9770053.0
2022-06-28,36.97,12079.166,12433880.0
2022-06-29,35.68,11657.6858,10245131.0
2022-06-30,35.42,11572.7363,12620387.0
2022-07-01,36.44,11905.9997,10923092.0
2022-07-05,36.97,12079.166,15456973.0
2022-07-06,36.66,11977.88,9664637.0
2022-07-07,36.69,11987.6819,11752061.0
2022-07-08,36.47,11915.8016,9955718.0
2022-07-11,35.37,11556.3998,7570608.0
2022-07-12,38.23,12490.8444,14459252.0
2022-07-13,37.91,12386.2911,11847665.0
2022-07-14,37.85,12366.6874,9181813.0
2022-07-15,38.78,12670.5452,7702497.0
2022-07-18,39.34,12853.5134,11729810.0
2022-07-19,41.47,13549.4459,10518086.0
2022-07-20,41.68,13618.0589,12822062.0
2022-07-21,37.44,12232.7286,29856054.0
2022-07-22,36.33,11870.0595,14579734.0
2022-07-25,36.34,11873.3268,10186923.0
2022-07-26,35.34,11546.5979,8151666.0
2022-07-27,36.42,11899.4651,10580651.0
2022-07-28,36.74,12004.0184,10248709.0
2022-07-29,36.75,12007.2856,7801508.0
2022-08-01,37.69,12314.4108,9471773.0
2022-08-02,37.23,12164.1155,8624860.0
2022-08-03,38.63,12621.5359,10166164.0
2022-08-04,38.63,12621.5359,8985795.0
2022-08-05,37.82,12356.8855,6889271.0
2022-08-08,38.65,12628.0705,7359947.0
2022-08-09,37.8,12350.3509,7627185.0
2022-08-10,38.69,12641.1396,8655362.0
2022-08-11,38.67,12634.6051,8370967.0
2022-08-12,39.34,12853.5134,6796958.0
2022-08-15,39.86,13023.4124,7341027.0
2022-08-16,40.29,13163.9058,6924675.0
2022-08-17,38.96,12729.3564,8557779.0
2022-08-18,39.06,12762.0293,6725427.0
2022-08-19,37.5,12252.3323,8142960.0
2022-08-22,36.36,11879.8614,8481887.0
2022-08-23,36.91,12059.5623,6774998.0
2022-08-24,37.39,12216.3921,5387622.0
2022-08-25,38.27,12503.9135,6296579.0
2022-08-26,36.57,11948.4744,6130177.0
2022-08-29,36.02,11768.7736,6334467.0
2022-08-30,35.94,11742.6353,6660159.0
2022-08-31,35.01,11438.7774,8595594.0
2022-09-01,35.18,11494.3213,9399712.0
2022-09-02,35.31,11536.7961,9496400.0
2022-09-06,36.58,11951.7417,10468423.0
2022-09-07,38.6,12611.734,11802614.0
2022-09-08,38.88,12703.2181,10187972.0
2022-09-09,39.26,12827.3751,7413417.0
2022-09-12,39.22,12814.3059,7832921.0
2022-09-13,37.79,12347.0837,7532753.0
2022-09-14,38.43,12556.1901,7989980.0
2022-09-15,38.9,12709.7527,8410980.0
2022-09-16,37.48,12245.7977,10788125.0
2022-09-19,38.7,12644.4069,7951085.0
2022-09-20,38.17,12471.2406,9607834.0
2022-09-21,36.12,11801.4465,14719687.0
2022-09-22,34.45,11255.8093,12080954.0
2022-09-23,33.07,10804.9234,13273147.0
2022-09-26,31.9,10422.6507,10792020.0
2022-09-27,32.83,10726.5085,12247299.0
2022-09-28,33.92,11082.643,10074527.0
2022-09-29,32.91,10752.6468,9418227.0
2022-09-30,32.53,10628.4898,9136388.0
2022-10-03,32.81,10719.9739,8905153.0
2022-10-04,35.33,11543.3307,12024875.0
2022-10-05,35.42,11572.7363,8573476.0
2022-10-06,34.96,11422.441,9808686.0
2022-10-07,33.86,11063.0392,9386374.0
2022-10-10,34.2,11174.127,9607419.0
2022-10-11,33.93,11085.9103,12083056.0
2022-10-12,34.23,11183.9289,8886471.0
2022-10-13,35.4,11566.2017,13375296.0
2022-10-14,35.47,11589.0727,11114562.0
2022-10-17,36.1,11794.9119,9615773.0
2022-10-18,37.25,12170.6501,14113136.0
2022-10-19,39.1,12775.0985,28314564.0
2022-10-20,39.05,12758.762,13004257.0
2022-10-21,40.44,13212.9151,13232541.0
2022-10-24,41.88,13683.4047,11935396.0
2022-10-25,42.6,13918.6495,9671080.0
2022-10-26,42.45,13869.6401,9613671.0
2022-10-27,42.99,14046.0737,7599683.0
2022-10-28,43.72,14284.5858,9134346.0
2022-10-31,43.08,14075.4793,7777775.0
2022-11-01,42.66,13938.2532,8536057.0
2022-11-02,41.11,13431.8235,10269493.0
2022-11-03,40.95,13379.5469,7724443.0
2022-11-04,42.62,13925.1841,9718510.0
2022-11-07,42.78,13977.4607,6055616.0
2022-11-08,42.18,13781.4234,7091871.0
2022-11-09,42.37,13843.5018,6343503.0
2022-11-10,44.33,14483.8904,9378708.0
2022-11-11,44.71,14608.0474,8173352.0
2022-11-14,44.03,14385.8717,5912352.0
2022-11-15,44.04,14389.139,7062923.0
2022-11-16,43.29,14144.0924,4851876.0
2022-11-17,43.25,14131.0232,4288812.0
2022-11-18,43.82,14317.2587,4883405.0
2022-11-21,43.43,14189.8344,4047110.0
2022-11-22,43.43,14189.8344,3249723.0
2022-11-23,43.69,14274.7839,3380478.0
2022-11-25,44.42,14513.296,2398421.0
2022-11-28,43.02,14055.8756,6025272.0
2022-11-29,43.69,14274.7839,4434114.0
2022-11-30,44.17,14431.6138,4549013.0
2022-12-01,43.89,14340.1297,3906137.0
2022-12-02,43.89,14340.1297,4528976.0
2022-12-05,45.03,14712.6006,11174116.0
2022-12-06,45.92,15003.3893,7601836.0
2022-12-07,44.06,14395.6736,8126450.0
2022-12-08,42.8,13983.9953,8779358.0
2022-12-09,43.04,14062.4102,5791845.0
2022-12-12,44.24,14454.4848,5297134.0
2022-12-13,41.17,13451.4272,18385109.0
2022-12-14,40.1,13101.8273,13887307.0
2022-12-15,38.55,12595.3976,10407244.0
2022-12-16,38.43,12556.1901,11429884.0
2022-12-19,37.98,12409.1621,5432494.0
2022-12-20,38.55,12595.3976,5512570.0
2022-12-21,39.0,12742.4256,6047284.0
2022-12-22,38.28,12507.1808,7246362.0
2022-12-23,38.39,12543.121,4262487.0
2022-12-27,38.2,12481.0425,6653995.0
2022-12-28,37.29,12183.7192,6402606.0
2022-12-29,37.92,12389.5584,5890562.0
2022-12-30,37.7,12317.6781,6295835.0
2023-01-03,37.21,12157.5809,8149601.0
2023-01-04,39.72,12977.6704,8743685.0
2023-01-05,41.24,13474.2982,8292701.0
2023-01-06,42.24,13801.0271,7728171.0
2023-01-09,43.35,14163.6961,10072187.0
2023-01-10,45.75,14947.8454,10584263.0
2023-01-11,47.71,15588.234,16692538.0
2023-01-12,51.3,16761.1906,21249666.0
2023-01-13,51.65,16875.5457,15893624.0
2023-01-17,51.2,16728.5177,20025388.0
2023-01-18,48.86,15963.9721,31617551.0
2023-01-19,48.37,15803.875,15601994.0
2023-01-20,49.46,16160.0095,9431792.0
2023-01-23,49.28,16101.1983,7375128.0
2023-01-24,49.3,16107.7328,5412203.0
2023-01-25,50.28,16427.9271,8657991.0
2023-01-26,49.45,16156.7422,7688854.0
2023-01-27,48.73,15921.4974,6500141.0
2023-01-30,48.21,15751.5984,6112422.0
2023-01-31,48.96,15996.645,5352269.0
2023-02-01,50.22,16408.3234,7826555.0
2023-02-02,52.31,17091.1867,11135531.0
2023-02-03,51.12,16702.3794,6959180.0
2023-02-06,50.92,16637.0336,4996937.0
2023-02-07,50.75,16581.4897,4854370.0
2023-02-08,50.77,16588.0243,7367423.0
2023-02-09,49.82,16277.6319,5215675.0
2023-02-10,48.86,15963.9721,6144055.0
2023-02-13,49.19,16071.7927,4356355.0
2023-02-14,50.06,16356.0468,6199563.0
2023-02-15,49.91,16307.0375,3677739.0
2023-02-16,48.99,16006.4469,5472324.0
2023-02-17,49.63,16215.5534,4860517.0
2023-02-21,48.2,15748.3311,5385583.0
2023-02-22,48.78,15937.8338,4622138.0
2023-02-23,50.58,16525.9458,8536058.0
2023-02-24,50.21,16405.0561,5339952.0
2023-02-27,50.7,16565.1533,4914323.0
2023-02-28,51.96,16976.8316,6279671.0
2023-03-01,52.39,17117.325,4876098.0
2023-03-02,52.56,17172.8689,3261566.0
2023-03-03,53.06,17336.2334,6189345.0
2023-03-06,52.44,17133.6615,4501585.0
2023-03-07,54.01,17646.6258,9884502.0
2023-03-08,54.26,17728.308,4875698.0
2023-03-09,52.12,17029.1082,6478206.0
2023-03-10,50.97,16653.37,10974960.0
2023-03-13,48.83,15954.1703,11968236.0
2023-03-14,46.21,15098.1407,21019446.0
2023-03-15,43.14,14095.0831,16641087.0
2023-03-16,43.59,14242.1111,10612865.0
2023-03-17,43.04,14062.4102,9367270.0
2023-03-20,43.09,14078.7466,6787134.0
2023-03-21,44.26,14461.0194,6373630.0
2023-03-22,42.82,13990.5298,6897739.0
2023-03-23,41.66,13611.5243,9530530.0
2023-03-24,41.36,13513.5057,7722645.0
2023-03-27,41.94,13703.0084,6793498.0
2023-03-28,42.41,13856.571,5068531.0
2023-03-29,43.47,14202.9036,6985509.0
2023-03-30,43.71,14281.3185,7338034.0
2023-03-31,44.25,14457.7521,5140438.0
2023-04-03,43.35,14163.6961,7304230.0
2023-04-04,42.54,13899.0457,5850281.0
2023-04-05,42.03,13732.414,8509455.0
2023-04-06,42.66,13938.2532,6306662.0
2023-04-10,43.13,14091.8158,6000330.0
2023-04-11,44.32,14480.6231,7853686.0
2023-04-12,41.44,13539.644,15750788.0
2023-04-13,41.97,13712.8103,12302725.0
2023-04-14,41.67,13614.7916,5998667.0
2023-04-17,42.38,13846.7691,5691526.0
2023-04-18,43.04,14062.4102,10692571.0
2023-04-19,46.27,15117.7444,24080497.0
2023-04-20,44.89,14666.8586,10794697.0
2023-04-21,44.45,14523.0979,5317384.0
2023-04-24,43.93,14353.1989,5935436.0
2023-04-25,42.49,13882.7093,6114008.0
2023-04-26,42.095,13753.6514,5614046.0
2023-04-27,42.83,13993.7971,7015402.0
2023-04-28,43.8,14310.7241,5894015.0
2023-05-01,44.41,14510.0287,6253793.0
2023-05-02,44.53,14549.2362,6887911.0
2023-05-03,44.48,14532.8997,6485274.0
2023-05-04,42.92,14023.2027,8970921.0
2023-05-05,44.81,14640.7203,7768186.0
2023-05-08,45.86,14983.7856,6963093.0
2023-05-09,46.36,15147.15,4906887.0
2023-05-10,45.52,14872.6978,7466936.0
2023-05-11,45.08,14728.9371,4350942.0
2023-05-12,45.08,14728.9371,4202696.0
2023-05-15,45.2,14768.1445,4431381.0
2023-05-16,45.35,14817.1538,5620030.0
2023-05-17,47.75,15601.3031,13632674.0
2023-05-18,48.13,15725.4601,5947932.0
2023-05-19,47.54,15532.6901,5243374.0
2023-05-22,47.41,15490.2153,6024714.0
2023-05-23,47.87,15640.5106,6531977.0
2023-05-24,46.66,15245.1687,7675760.0
2023-05-25,47.48,15513.0863,6113285.0
2023-05-26,47.26,15441.206,4408370.0
2023-05-30,48.01,15686.2526,5267000.0
2023-05-31,47.465,15508.1854,7529977.0
2023-06-01,47.41,15490.2153,4985455.0
2023-06-02,48.5,15846.3498,7858978.0
2023-06-05,48.26,15767.9348,3701066.0
2023-06-06,48.79,15941.1011,3971758.0
2023-06-07,49.39,16137.1384,5180507.0
2023-06-08,49.87,16293.9683,5544842.0
2023-06-09,50.42,16473.6692,5752326.0
2023-06-12,51.31,16764.4579,6492384.0
2023-06-13,53.19,17378.7081,8633861.0
2023-06-14,53.35,17430.9847,6522198.0
2023-06-15,53.58,17506.1324,5878608.0
2023-06-16,53.5,17479.9941,6810498.0
2023-06-20,52.7,17218.611,5198814.0
2023-06-21,52.85,17267.6203,4255062.0
2023-06-22,53.05,17332.9661,3266284.0
2023-06-23,52.65,17202.2745,4091868.0
2023-06-26,53.32,17421.1829,4962711.0
2023-06-27,56.03,18306.6181,10655047.0
2023-06-28,56.3,18394.8349,7064399.0
2023-06-29,53.72,17551.8744,11804314.0
2023-06-30,54.87,17927.6126,10051583.0
2023-07-03,55.06,17989.6911,3226264.0
2023-07-05,55.63,18175.9265,5553163.0
2023-07-06,54.42,17780.5846,4938598.0
2023-07-07,55.39,18097.5116,5327284.0
2023-07-10,56.33,18404.6367,4779332.0
2023-07-11,56.18,18355.6274,4397763.0
2023-07-12,55.4,18100.7789,5881333.0
2023-07-13,55.23,18045.235,8583704.0
2023-07-14,53.34,17427.7174,7548806.0
2023-07-17,53.33,17424.4502,4617079.0
2023-07-18,54.79,17901.4743,5582285.0
2023-07-19,54.8,17904.7416,8730621.0
2023-07-20,56.57,18483.0517,22003324.0
2023-07-21,57.61,18822.8497,11419692.0
2023-07-24,56.06,18316.4199,8125173.0
2023-07-25,54.22,17715.2388,12126957.0
2023-07-26,54.57,17829.5939,5921429.0
2023-07-27,53.26,17401.5791,7709997.0
2023-07-28,54.17,17698.9024,6038282.0
2023-07-31,54.31,17744.6444,3808247.0
2023-08-01,53.26,17401.5791,6176941.0
2023-08-02,52.67,17208.8091,4779965.0
2023-08-03,52.16,17042.1774,5986729.0
2023-08-04,52.37,17110.7905,4409746.0
2023-08-07,53.68,17538.8053,5672469.0
2023-08-08,54.86,17924.3453,6648852.0
2023-08-09,53.13,17359.1044,5550592.0
2023-08-10,52.95,17300.2932,4642479.0
2023-08-11,52.26,17074.8503,4063298.0
2023-08-14,52.31,17091.1867,3273083.0
2023-08-15,51.34,16774.2597,4262144.0
2023-08-16,50.72,16571.6878,4356847.0
2023-08-17,49.53,16182.8805,5527124.0
2023-08-18,49.1,16042.3871,4903325.0
2023-08-21,49.63,16215.5534,3512155.0
2023-08-22,49.43,16150.2076,2870708.0
2023-08-23,50.39,16463.8673,4779529.0
2023-08-24,49.4,16140.4057,4674219.0
2023-08-25,48.94,15990.1105,4235921.0
2023-08-28,49.19,16071.7927,4459400.0
2023-08-29,50.28,16427.9271,4165250.0
2023-08-30,50.1,16369.1159,3075006.0
2023-08-31,49.81,16274.3646,4160018.0
2023-09-01,49.72,16244.959,3266655.0
2023-09-05,48.47,15836.5479,12327595.0
2023-09-06,48.34,15794.0731,6623788.0
2023-09-07,47.68,15578.4321,5505317.0
2023-09-08,47.44,15500.0172,4866936.0
2023-09-11,47.69,15581.6994,4113497.0
2023-09-12,47.6,15552.2938,3416361.0
2023-09-13,45.79,14960.9145,9290927.0
2023-09-14,45.42,14840.0249,7128889.0
2023-09-15,45.7,14931.5089,5875064.0
2023-09-18,44.63,14581.9091,5493166.0
2023-09-19,45.24,14781.2137,4192925.0
2023-09-20,44.36,14493.6923,4419035.0
2023-09-21,43.69,14274.7839,6045128.0
2023-09-22,43.07,14072.212,5096794.0
2023-09-25,42.93,14026.47,5129362.0
2023-09-26,42.65,13934.9859,5139203.0
2023-09-27,42.03,13732.414,5258048.0
2023-09-28,42.31,13823.8981,6091895.0
2023-09-29,42.3,13820.6308,6662702.0
2023-10-02,41.62,13598.4552,6398867.0
2023-10-03,40.53,13242.3207,7045864.0
2023-10-04,41.41,13529.8421,7731085.0
2023-10-05,41.32,13500.4365,6480467.0
2023-10-06,41.82,13663.801,6348743.0
2023-10-09,39.78,12997.2741,11089390.0
2023-10-10,40.39,13196.5787,6497610.0
2023-10-11,41.0,13395.8833,6218556.0
2023-10-12,39.82,13010.3432,9377086.0
2023-10-13,38.72,12650.9415,8262214.0
2023-10-16,39.53,12915.5919,6678648.0
2023-10-17,40.12,13108.3619,11983168.0
2023-10-18,36.24,11840.6539,34214050.0
2023-10-19,36.03,11772.0409,14628590.0
2023-10-20,35.09,11464.9157,11967023.0
2023-10-23,35.38,11559.6671,9656027.0
2023-10-24,35.14,11481.2522,7842388.0
2023-10-25,34.85,11386.5008,8362483.0
2023-10-26,34.92,11409.3718,8741616.0
2023-10-27,33.9,11076.1084,7817927.0
2023-10-30,34.8,11370.1644,8389983.0
2023-10-31,35.01,11438.7774,6842429.0
2023-11-01,34.81,11373.4317,8360965.0
2023-11-02,35.82,11703.4278,6849959.0
2023-11-03,37.51,12255.5996,13069775.0
2023-11-06,36.76,12010.5529,7315365.0
2023-11-07,37.03,12098.7697,6793261.0
2023-11-08,38.04,12428.7659,9896360.0
2023-11-09,37.32,12193.5211,7876108.0
2023-11-10,37.99,12412.4294,6414812.0
2023-11-13,38.11,12451.6369,6552395.0
2023-11-14,39.38,12866.5825,6980135.0
2023-11-15,39.94,13049.5507,10065930.0
2023-11-16,39.28,12833.9097,5829609.0
2023-11-17,39.76,12990.7395,4948559.0
2023-11-20,40.02,13075.689,4857939.0
2023-11-21,39.44,12886.1863,4950372.0
2023-11-22,39.8,13003.8087,8771916.0
2023-11-24,39.71,12974.4031,3151263.0
2023-11-27,39.21,12811.0386,5153436.0
2023-11-28,38.96,12729.3564,6732044.0
2023-11-29,39.25,12824.1078,5970644.0
2023-11-30,39.4,12923.8665,7059677.0
2023-12-01,40.24,13199.4007,10633758.0
2023-12-04,40.52,13291.2454,7435105.0
2023-12-05,39.59,12986.1897,7790043.0
2023-12-06,40.93,13425.7323,9696100.0
2023-12-07,41.26,13533.9779,10392603.0
2023-12-08,40.97,13438.853,8115561.0
2023-12-11,40.56,13304.3661,6018752.0
2023-12-12,41.1,13481.4952,7963082.0
2023-12-13,41.58,13638.9433,8726313.0
2023-12-14,43.59,14298.2573,12180892.0
2023-12-15,43.58,14294.9772,8679614.0
2023-12-18,42.33,13884.956,9030207.0
2023-12-19,42.42,13914.4775,7220747.0
2023-12-20,41.18,13507.7366,7778943.0
2023-12-21,42.58,13966.9602,7572997.0
2023-12-22,42.55,13957.1197,4964191.0
2023-12-26,42.08,13802.9518,5260449.0
2023-12-27,41.73,13688.1459,4863106.0
2023-12-28,41.97,13766.8699,3813693.0
2023-12-29,41.26,13533.9779,5593172.0
