,VLO US Equity,VLO US Equity,VLO US Equity
,PX_LAST,CUR_MKT_CAP,PX_VOLUME
2014-01-02,49.87,26907.9697,4582849.0
2014-01-03,49.35,26627.3973,4340909.0
2014-01-06,49.83,26886.3872,6317331.0
2014-01-07,51.42,27744.2912,13198337.0
2014-01-08,51.86,27981.6986,11679303.0
2014-01-09,52.9,28542.8433,10732239.0
2014-01-10,53.24,28726.2945,10084066.0
2014-01-13,51.49,27782.0606,8229045.0
2014-01-14,52.38,28262.271,7616085.0
2014-01-15,51.64,27862.9949,12484334.0
2014-01-16,50.88,27452.9276,10525789.0
2014-01-17,51.42,27744.2912,6720995.0
2014-01-21,51.89,27997.8855,5776225.0
2014-01-22,50.95,27490.6969,6845199.0
2014-01-23,51.25,27652.5656,10802348.0
2014-01-24,49.04,26460.133,10795606.0
2014-01-27,49.57,26746.101,7479398.0
2014-01-28,50.2,27086.0252,6956136.0
2014-01-29,51.4,27733.5,11734109.0
2014-01-30,51.41,27738.8956,6473056.0
2014-01-31,51.1,27571.6313,6419370.0
2014-02-03,48.85,26357.6162,9526516.0
2014-02-04,48.24,26028.4832,15607883.0
2014-02-05,46.37,25019.5018,16105923.0
2014-02-06,47.18,25456.5472,8944202.0
2014-02-07,48.82,26341.4293,9815638.0
2014-02-10,47.36,25553.6684,7970110.0
2014-02-11,47.82,25801.8671,6581110.0
2014-02-12,47.64,25704.7459,5882492.0
2014-02-13,49.01,26443.9462,6816801.0
2014-02-14,49.86,26902.5741,7064569.0
2014-02-18,50.74,27377.3889,7283152.0
2014-02-19,50.5,27247.8939,8077274.0
2014-02-20,49.59,26756.8923,11277016.0
2014-02-21,50.23,27102.2121,6853864.0
2014-02-24,50.92,27474.5101,6672678.0
2014-02-25,52.09,28105.7979,6467655.0
2014-02-26,50.72,27366.5976,7301567.0
2014-02-27,48.51,25832.0724,15346357.0
2014-02-28,47.98,25549.842,9533403.0
2014-03-03,48.35,25746.8708,7244475.0
2014-03-04,49.22,26210.1547,10644132.0
2014-03-05,50.28,26774.6156,7902341.0
2014-03-06,52.88,28159.1422,13447614.0
2014-03-07,52.99,28217.7184,7758416.0
2014-03-10,53.47,28473.3233,8101805.0
2014-03-11,53.67,28579.8253,7848649.0
2014-03-12,55.29,29442.4919,13044793.0
2014-03-13,54.04,28776.8541,8917533.0
2014-03-14,54.23,28878.0311,8602203.0
2014-03-17,54.32,28925.957,6887979.0
2014-03-18,55.08,29330.6648,5723857.0
2014-03-19,54.34,28936.6072,5009429.0
2014-03-20,55.19,29389.2409,6930003.0
2014-03-21,53.79,28654.2357,9185812.0
2014-03-24,54.13,28835.3556,6728794.0
2014-03-25,54.37,28963.205,5810232.0
2014-03-26,53.94,28734.1415,6181460.0
2014-03-27,52.17,27791.2526,7698846.0
2014-03-28,52.86,28158.8195,5656147.0
2014-03-31,53.1,28286.6688,5721134.0
2014-04-01,55.51,29570.4894,8715395.0
2014-04-02,54.85,29218.9037,6669045.0
2014-04-03,55.79,29719.647,5752059.0
2014-04-04,54.38,28968.532,6974300.0
2014-04-07,51.91,27652.7491,10304061.0
2014-04-08,51.65,27514.2457,8746970.0
2014-04-09,52.95,28206.763,5823736.0
2014-04-10,51.93,27663.4032,5189113.0
2014-04-11,50.96,27146.6788,5938014.0
2014-04-14,52.05,27727.3279,6014218.0
2014-04-15,53.57,28537.0405,7006599.0
2014-04-16,55.94,29799.5528,9455935.0
2014-04-17,56.0,29831.5151,8013209.0
2014-04-21,56.22,29948.7104,4847746.0
2014-04-22,56.55,30124.5032,8450988.0
2014-04-23,56.46,30076.5597,4387891.0
2014-04-24,56.55,30124.5032,4026463.0
2014-04-25,56.67,30188.4279,5527500.0
2014-04-28,57.97,30880.9452,9807022.0
2014-04-29,56.84,30278.9879,8051421.0
2014-04-30,57.17,30454.7807,7455843.0
2014-05-01,57.71,30742.4418,5992715.0
2014-05-02,57.91,30848.9829,6601076.0
2014-05-05,58.26,31035.4299,6595974.0
2014-05-06,58.51,31168.6063,7560198.0
2014-05-07,57.82,30801.0394,7327658.0
2014-05-08,56.81,30315.1877,4827023.0
2014-05-09,55.93,29845.5985,6609959.0
2014-05-12,56.28,30032.3669,5776311.0
2014-05-13,56.37,30080.3931,6530997.0
2014-05-14,56.52,30160.4367,5933598.0
2014-05-15,55.83,29792.236,5251195.0
2014-05-16,55.1,29402.6904,6770642.0
2014-05-19,55.27,29493.4065,4374191.0
2014-05-20,54.92,29306.6381,5622903.0
2014-05-21,54.23,28938.4374,8100829.0
2014-05-22,54.67,29173.232,3498326.0
2014-05-23,54.54,29103.8609,4197323.0
2014-05-27,53.74,28676.9616,6710528.0
2014-05-28,55.69,29717.5287,9424085.0
2014-05-29,56.64,30224.4716,4925988.0
2014-05-30,56.05,29909.6334,5165200.0
2014-06-02,56.51,30155.1005,3083201.0
2014-06-03,55.4,29562.7777,5640498.0
2014-06-04,54.55,29109.1971,6609113.0
2014-06-05,55.64,29690.8475,5216877.0
2014-06-06,55.22,29466.7253,3074446.0
2014-06-09,54.84,29263.9481,3911756.0
2014-06-10,53.3,28442.167,8210862.0
2014-06-11,53.19,28383.4683,7261285.0
2014-06-12,53.81,28714.3153,9069039.0
2014-06-13,53.74,28676.9616,3923739.0
2014-06-16,53.35,28468.8482,4963421.0
2014-06-17,54.11,28874.4025,4578036.0
2014-06-18,55.64,29690.8475,6865768.0
2014-06-19,57.09,30464.6025,8749300.0
2014-06-20,57.36,30608.681,6674923.0
2014-06-23,57.31,30581.9998,4432187.0
2014-06-24,55.99,29877.6159,6602784.0
2014-06-25,51.35,27401.5999,44023669.0
2014-06-26,52.27,27892.5341,15472097.0
2014-06-27,51.67,27572.3596,10683669.0
2014-06-30,50.1,26734.5697,13613543.0
2014-07-01,50.32,26851.967,14613839.0
2014-07-02,50.83,27124.1153,8329777.0
2014-07-03,51.0,27214.8314,4336834.0
2014-07-07,50.27,26825.2858,6025130.0
2014-07-08,49.17,26238.2992,10184374.0
2014-07-09,49.28,26296.9979,9120248.0
2014-07-10,49.21,26259.6442,7465954.0
2014-07-11,50.11,26739.9059,7377567.0
2014-07-14,49.93,26643.8536,6380469.0
2014-07-15,50.28,26830.622,13465425.0
2014-07-16,50.06,26713.2247,7499201.0
2014-07-17,48.84,26062.2033,7432445.0
2014-07-18,48.81,26046.1945,6735482.0
2014-07-21,47.82,25517.9066,7918350.0
2014-07-22,47.86,25539.2516,6755196.0
2014-07-23,48.35,25800.7274,6131061.0
2014-07-24,48.68,25976.8234,5637467.0
2014-07-25,49.2,26254.308,5078167.0
2014-07-28,49.04,26168.9281,6628006.0
2014-07-29,49.85,26601.1637,9926444.0
2014-07-30,50.06,26713.2247,10030196.0
2014-07-31,50.8,27108.1066,11043148.0
2014-08-01,50.44,26916.0019,7027771.0
2014-08-04,50.42,26905.3294,5651210.0
2014-08-05,49.73,26537.1288,5956907.0
2014-08-06,51.26,27353.5737,7191578.0
2014-08-07,50.85,26846.9347,5075093.0
2014-08-08,51.36,27116.196,4448789.0
2014-08-11,51.04,26947.2477,3960620.0
2014-08-12,51.02,26936.6885,3648857.0
2014-08-13,51.33,27100.3571,6514586.0
2014-08-14,52.78,27865.9039,6819790.0
2014-08-15,52.49,27712.7946,6434586.0
2014-08-18,53.32,28151.0041,6392545.0
2014-08-19,54.15,28589.2137,5078694.0
2014-08-20,53.94,28478.3414,4570580.0
2014-08-21,53.51,28251.3171,5242239.0
2014-08-22,53.81,28409.7061,3437722.0
2014-08-25,54.18,28605.0526,3706929.0
2014-08-26,53.77,28388.5876,4521947.0
2014-08-27,54.25,28642.01,4323211.0
2014-08-28,54.16,28594.4933,3367746.0
2014-08-29,54.14,28583.934,3793372.0
2014-09-02,53.42,28203.8004,4877508.0
2014-09-03,53.14,28055.9707,5551412.0
2014-09-04,52.6,27770.8705,4973287.0
2014-09-05,53.01,27987.3355,4865245.0
2014-09-08,53.52,28256.5968,4276203.0
2014-09-09,52.69,27818.3872,5353869.0
2014-09-10,50.96,26905.0107,10207737.0
2014-09-11,49.87,26329.5307,10824961.0
2014-09-12,48.42,25563.9839,11484046.0
2014-09-15,48.98,25859.6433,7794060.0
2014-09-16,48.7,25711.8136,7520226.0
2014-09-17,48.21,25453.1116,10346381.0
2014-09-18,47.62,25141.6132,10824800.0
2014-09-19,48.37,25537.5857,11421721.0
2014-09-22,47.26,24951.5464,8564667.0
2014-09-23,47.14,24888.1908,7465950.0
2014-09-24,46.85,24735.0814,14920171.0
2014-09-25,46.33,24460.5405,8881102.0
2014-09-26,47.02,24824.8352,8263856.0
2014-09-29,46.77,24692.8444,7305563.0
2014-09-30,46.27,24428.8627,9366540.0
2014-10-01,45.6,24075.1273,8619727.0
2014-10-02,45.17,23848.1031,9606032.0
2014-10-03,44.74,23621.0788,9542310.0
2014-10-06,44.72,23610.5196,5830956.0
2014-10-07,45.13,23826.9845,7990119.0
2014-10-08,46.84,24729.8018,9447572.0
2014-10-09,45.43,23985.3735,8679388.0
2014-10-10,45.15,23837.5438,7566818.0
2014-10-13,44.55,23520.7658,8441248.0
2014-10-14,44.92,23716.1122,11378320.0
2014-10-15,43.76,23103.6748,10989029.0
2014-10-16,44.75,23626.3585,12250026.0
2014-10-17,45.15,23837.5438,8897460.0
2014-10-20,46.31,24449.9813,6282105.0
2014-10-21,48.3,25500.6283,8942279.0
2014-10-22,48.0,25342.2393,10248824.0
2014-10-23,48.01,25347.5189,5625901.0
2014-10-24,48.62,25669.5765,5047888.0
2014-10-27,48.36,25532.3061,4453571.0
2014-10-28,49.49,26128.9046,4844136.0
2014-10-29,48.53,25622.0598,6248426.0
2014-10-30,48.85,25791.0081,4326953.0
2014-10-31,50.09,26445.6826,7607813.0
2014-11-03,50.34,26577.6734,7701699.0
2014-11-04,50.63,26730.7828,8782703.0
2014-11-05,49.64,26208.0991,10009945.0
2014-11-06,50.24,26187.3516,6769053.0
2014-11-07,50.72,26437.5492,6614243.0
2014-11-10,50.59,26369.7874,6202052.0
2014-11-11,51.16,26666.8971,5509685.0
2014-11-12,51.33,26755.5087,5573772.0
2014-11-13,49.68,25895.4544,9948472.0
2014-11-14,49.51,25806.8427,7214388.0
2014-11-17,49.72,25916.3042,5743077.0
2014-11-18,50.06,26093.5275,5928769.0
2014-11-19,50.12,26124.8022,5942150.0
2014-11-20,50.26,26197.7765,8481989.0
2014-11-21,50.29,26213.4139,11518885.0
2014-11-24,50.81,26484.4613,7486907.0
2014-11-25,50.98,26573.073,6516225.0
2014-11-26,50.94,26552.2232,4733101.0
2014-11-28,48.61,25337.7222,6734223.0
2014-12-01,48.9,25488.8832,7101398.0
2014-12-02,50.88,26520.9485,8538846.0
2014-12-03,51.72,26958.7943,9364982.0
2014-12-04,51.59,26891.0324,8172900.0
2014-12-05,49.78,25947.5789,8287634.0
2014-12-08,48.11,25077.0997,8361228.0
2014-12-09,48.59,25327.2973,9498064.0
2014-12-10,46.65,24316.0819,10050269.0
2014-12-11,46.81,24399.4811,5657782.0
2014-12-12,46.27,24118.0087,7575874.0
2014-12-15,46.11,24034.6095,6812576.0
2014-12-16,47.03,24514.155,9631998.0
2014-12-17,47.79,24910.3012,8219364.0
2014-12-18,47.07,24535.0048,13097101.0
2014-12-19,48.88,25478.4583,11362848.0
2014-12-22,48.84,25457.6085,7796483.0
2014-12-23,49.36,25728.656,5236050.0
2014-12-24,49.79,25952.7913,3646658.0
2014-12-26,50.29,26213.4139,5273032.0
2014-12-29,50.01,26067.4653,4834961.0
2014-12-30,49.71,25911.0917,5165926.0
2014-12-31,49.5,25801.6303,5925925.0
2015-01-02,50.34,26239.4761,5897048.0
2015-01-05,48.27,25160.4989,7732696.0
2015-01-06,47.68,24852.9643,8586789.0
2015-01-07,47.31,24660.1036,8825816.0
2015-01-08,50.02,26072.6777,8941712.0
2015-01-09,48.65,25358.572,8475059.0
2015-01-12,47.37,24691.3783,6898660.0
2015-01-13,45.95,23951.2103,10932808.0
2015-01-14,44.86,23383.0532,13608548.0
2015-01-15,44.07,22971.2696,11217161.0
2015-01-16,45.4,23664.5255,9632950.0
2015-01-20,46.51,24243.1076,8528091.0
2015-01-21,47.19,24597.5542,6944373.0
2015-01-22,48.0,25019.7627,9023296.0
2015-01-23,50.16,26145.652,11629549.0
2015-01-26,51.19,26682.5344,9803161.0
2015-01-27,51.23,26703.3842,6593372.0
2015-01-28,51.51,26849.3328,12498686.0
2015-01-29,52.08,27146.4425,11391471.0
2015-01-30,52.88,27563.4386,10200535.0
2015-02-02,54.44,28376.5809,9905795.0
2015-02-03,54.38,28345.3062,10521146.0
2015-02-04,54.29,28298.3941,7770524.0
2015-02-05,55.01,28673.6905,6612236.0
2015-02-06,54.86,28595.5038,7786218.0
2015-02-09,54.45,28381.7933,5036268.0
2015-02-10,55.52,28939.5255,7759704.0
2015-02-11,55.36,28856.1263,6647321.0
2015-02-12,56.55,29476.4079,10149258.0
2015-02-13,58.6,30544.9603,13179674.0
2015-02-17,58.73,30612.7221,8450125.0
2015-02-18,59.27,30894.1945,6655660.0
2015-02-19,60.18,31368.5275,7449200.0
2015-02-20,60.72,31649.9998,6927874.0
2015-02-23,62.5,32577.816,9827221.0
2015-02-24,61.6,32108.6955,6310430.0
2015-02-25,61.27,31936.6846,5407489.0
2015-02-26,61.97,31907.6321,7633470.0
2015-02-27,61.69,31763.4633,8224906.0
2015-03-02,58.67,30208.5005,13063654.0
2015-03-03,60.08,30934.4931,6377736.0
2015-03-04,59.08,30419.6047,7102051.0
2015-03-05,59.96,30872.7065,6580399.0
2015-03-06,58.74,30244.5427,5741031.0
2015-03-09,58.6,30172.4583,6148257.0
2015-03-10,57.77,29745.1009,6435446.0
2015-03-11,57.74,29729.6543,10911146.0
2015-03-12,57.78,29750.2498,7140062.0
2015-03-13,58.53,30136.4161,5127070.0
2015-03-16,59.66,30718.24,5317151.0
2015-03-17,59.9,30841.8132,5471883.0
2015-03-18,61.96,31902.4832,8494276.0
2015-03-19,60.8,31305.2127,5156567.0
2015-03-20,61.55,31638.4657,10391775.0
2015-03-23,62.49,32121.6526,7250667.0
2015-03-24,62.07,31905.7606,7275457.0
2015-03-25,63.78,32784.7496,10707143.0
2015-03-26,63.38,32579.1382,7688313.0
2015-03-27,61.87,31802.9548,7746815.0
2015-03-30,63.76,32774.4691,7052874.0
2015-03-31,63.62,32702.505,5371251.0
2015-04-01,63.45,32615.1202,7650746.0
2015-04-02,59.8,30738.9155,13137889.0
2015-04-06,59.53,30600.1277,9501571.0
2015-04-07,58.59,30116.9407,9843688.0
2015-04-08,58.62,30132.3616,6688528.0
2015-04-09,58.92,30286.5702,5982608.0
2015-04-10,59.73,30702.9334,5167585.0
2015-04-13,57.46,29536.0883,7597834.0
2015-04-14,57.19,29397.3006,7286437.0
2015-04-15,57.11,29356.1783,6877392.0
2015-04-16,58.26,29947.3113,6487315.0
2015-04-17,57.56,29587.4912,5230595.0
2015-04-20,57.47,29541.2286,5317851.0
2015-04-21,58.33,29983.2933,5382134.0
2015-04-22,59.35,30507.6025,6344473.0
2015-04-23,59.23,30445.9191,5542651.0
2015-04-24,60.05,30867.4226,5277652.0
2015-04-27,59.4,30533.304,8056407.0
2015-04-28,58.7,30173.4839,7905446.0
2015-04-29,57.92,29772.5415,6002556.0
2015-04-30,56.9,29248.2323,8067518.0
2015-05-01,58.9,30276.2896,6905675.0
2015-05-04,58.11,29870.207,6709560.0
2015-05-05,58.02,29823.9444,4179073.0
2015-05-06,57.52,29566.93,4726991.0
2015-05-07,57.79,29393.2324,5762505.0
2015-05-08,59.09,30054.4403,5542734.0
2015-05-11,58.27,29637.3707,5689869.0
2015-05-12,57.53,29260.9908,4417485.0
2015-05-13,58.28,29642.4569,4495198.0
2015-05-14,59.79,30410.4753,5104555.0
2015-05-15,59.62,30324.0096,4768759.0
2015-05-18,60.41,30725.8206,3805604.0
2015-05-19,59.88,30456.2512,4911674.0
2015-05-20,60.23,30634.2687,4324612.0
2015-05-21,60.61,30827.5448,3711487.0
2015-05-22,60.99,31020.821,3562546.0
2015-05-26,59.53,30278.2337,7054432.0
2015-05-27,59.15,30084.9576,6799900.0
2015-05-28,58.92,29967.9746,4678660.0
2015-05-29,59.24,30130.7335,7824496.0
2015-06-01,58.78,29896.7676,5574229.0
2015-06-02,58.51,29759.4398,5107852.0
2015-06-03,57.76,29377.9738,5002552.0
2015-06-04,56.88,28930.3869,5025644.0
2015-06-05,57.74,29367.8013,5390405.0
2015-06-08,57.62,29306.7668,3787233.0
2015-06-09,57.15,29067.7147,4248339.0
2015-06-10,58.21,29606.8534,5756919.0
2015-06-11,59.65,30339.2683,6697374.0
2015-06-12,58.85,29932.3711,4692531.0
2015-06-15,58.47,29739.095,4832420.0
2015-06-16,58.92,29967.9746,2900383.0
2015-06-17,59.61,30318.9234,6264454.0
2015-06-18,60.27,30654.6136,5864370.0
2015-06-19,60.33,30685.1308,6109992.0
2015-06-22,59.92,30476.5961,5859252.0
2015-06-23,61.15,31102.2004,7956532.0
2015-06-24,60.61,30827.5448,6005253.0
2015-06-25,60.31,30674.9584,3915742.0
2015-06-26,60.9,30975.0451,7884577.0
2015-06-29,60.56,30802.1138,5457398.0
2015-06-30,62.6,31839.7015,10430278.0
2015-07-01,64.47,32790.8236,9035055.0
2015-07-02,64.72,32917.9789,6007687.0
2015-07-06,65.34,33233.3242,7291301.0
2015-07-07,64.65,32882.3754,11268850.0
2015-07-08,63.98,32541.5991,7221086.0
2015-07-09,64.11,32607.7198,5979431.0
2015-07-10,65.85,33492.7211,6043541.0
2015-07-13,66.87,34011.515,9443828.0
2015-07-14,66.31,33726.687,8369587.0
2015-07-15,65.19,33157.031,6265420.0
2015-07-16,67.46,34311.6016,7226358.0
2015-07-17,67.94,34555.7399,5326972.0
2015-07-20,66.57,33858.9286,5613165.0
2015-07-21,66.32,33731.7732,4126675.0
2015-07-22,66.67,33909.7907,6134547.0
2015-07-23,65.72,33426.6003,5477609.0
2015-07-24,65.7,33416.4279,5714560.0
2015-07-27,64.38,32745.0476,5845160.0
2015-07-28,65.07,33095.9964,4990475.0
2015-07-29,66.04,33589.3592,7178993.0
2015-07-30,64.23,32668.7544,9201547.0
2015-07-31,65.6,33365.5658,7003316.0
2015-08-03,64.66,32887.4616,5330692.0
2015-08-04,64.43,32770.4787,5994597.0
2015-08-05,64.82,32968.8411,7818736.0
2015-08-06,65.68,32650.3041,5102986.0
2015-08-07,65.42,32521.055,3951123.0
2015-08-10,69.0,34300.7153,8464170.0
2015-08-11,70.43,35011.5852,7584826.0
2015-08-12,70.19,34892.2784,8781688.0
2015-08-13,69.68,34638.7514,8978531.0
2015-08-14,68.12,33863.2569,6132419.0
2015-08-17,69.72,34658.6358,4713730.0
2015-08-18,69.47,34534.3579,3978504.0
2015-08-19,67.87,33738.979,6032780.0
2015-08-20,67.25,33430.7697,5956323.0
2015-08-21,61.14,30393.4165,12583938.0
2015-08-24,58.52,29090.9835,10953693.0
2015-08-25,57.61,28638.6117,9937489.0
2015-08-26,58.85,29255.0304,9098946.0
2015-08-27,58.35,29006.4745,11148870.0
2015-08-28,59.0,29329.5972,7686550.0
2015-08-31,59.34,29498.6152,9326075.0
2015-09-01,57.4,28534.2183,9612342.0
2015-09-02,59.01,29334.5683,7724003.0
2015-09-03,59.4,29528.4419,7003121.0
2015-09-04,58.46,29061.1568,6323279.0
2015-09-08,60.83,30239.3118,7428164.0
2015-09-09,61.64,30641.9724,8970700.0
2015-09-10,62.95,31293.1888,7188128.0
2015-09-11,62.91,31273.3044,5347196.0
2015-09-14,60.73,30189.6006,5835087.0
2015-09-15,61.44,30542.55,5840522.0
2015-09-16,60.3,29975.8425,10914510.0
2015-09-17,60.59,30120.005,6079422.0
2015-09-18,59.91,29781.9689,8796437.0
2015-09-21,59.69,29672.6043,5210371.0
2015-09-22,59.22,29438.9618,5451858.0
2015-09-23,59.82,29737.2289,6299642.0
2015-09-24,59.8,29727.2866,5785026.0
2015-09-25,60.81,30229.3696,6660034.0
2015-09-28,57.88,28772.8319,6749896.0
2015-09-29,58.74,29200.3481,6885636.0
2015-09-30,60.1,29876.4202,6383427.0
2015-10-01,62.24,30940.2395,6856132.0
2015-10-02,63.1,31367.7556,5016957.0
2015-10-05,64.58,32103.4811,6664729.0
2015-10-06,63.94,31785.3295,6316167.0
2015-10-07,64.59,32108.4522,6008265.0
2015-10-08,65.71,32665.2175,4850620.0
2015-10-09,64.2,31914.5786,6652909.0
2015-10-12,64.5,32063.7122,3297176.0
2015-10-13,62.16,30900.4705,6751794.0
2015-10-14,61.38,30512.7233,4779104.0
2015-10-15,63.34,31487.0625,4349681.0
2015-10-16,63.75,31690.8783,4313488.0
2015-10-19,61.43,30537.5789,6017145.0
2015-10-20,60.08,29866.4779,6117641.0
2015-10-21,59.3,29478.7307,4821891.0
2015-10-22,60.36,30005.6692,6128810.0
2015-10-23,61.75,30696.6547,4929835.0
2015-10-26,61.9,30771.2214,4486268.0
2015-10-27,62.46,31049.6041,6828911.0
2015-10-28,63.42,31526.8314,7538477.0
2015-10-29,65.81,32714.9286,7268155.0
2015-10-30,65.92,32769.6109,5786994.0
2015-11-02,68.03,33818.5169,5043206.0
2015-11-03,69.6,34598.9824,6467839.0
2015-11-04,71.1,34234.8952,8324290.0
2015-11-05,71.93,34634.543,6613274.0
2015-11-06,71.95,34644.1731,4802991.0
2015-11-09,70.49,33941.1781,4808388.0
2015-11-10,71.32,34340.8259,4309204.0
2015-11-11,71.17,34268.6004,3308727.0
2015-11-12,69.41,33421.1544,5271843.0
2015-11-13,68.96,33204.4778,3844125.0
2015-11-16,69.67,33546.3453,3558284.0
2015-11-17,70.0,33705.2414,3394690.0
2015-11-18,70.66,34023.0337,3790207.0
2015-11-19,71.14,34254.1553,5569168.0
2015-11-20,71.98,34658.6182,4114816.0
2015-11-23,72.68,34995.6706,5119854.0
2015-11-24,73.03,35164.1968,5702737.0
2015-11-25,72.93,35116.0465,3637881.0
2015-11-27,72.94,35120.8615,1767400.0
2015-11-30,71.86,34600.8378,7250627.0
2015-12-01,72.57,34942.7053,4562131.0
2015-12-02,71.69,34518.9822,4251995.0
2015-12-03,69.99,33700.4264,6506415.0
2015-12-04,71.39,34374.5312,6189818.0
2015-12-07,70.79,34085.6291,7434959.0
2015-12-08,70.53,33960.4382,5428483.0
2015-12-09,69.88,33647.461,5092531.0
2015-12-10,71.38,34369.7162,5105973.0
2015-12-11,67.51,32506.2978,7725335.0
2015-12-14,67.55,32525.5579,7947715.0
2015-12-15,68.31,32891.5006,6453697.0
2015-12-16,70.2,33801.5421,9256699.0
2015-12-17,71.68,34514.1672,7334654.0
2015-12-18,70.03,33719.6865,10995631.0
2015-12-21,71.11,34239.7102,4806365.0
2015-12-22,71.48,34417.8665,4507021.0
2015-12-23,71.83,34586.3927,6009746.0
2015-12-24,71.93,34634.543,1727464.0
2015-12-28,70.62,34003.7735,3179798.0
2015-12-29,71.09,34230.0802,2536009.0
2015-12-30,71.58,34466.0168,5063973.0
2015-12-31,70.71,34047.1088,3231410.0
2016-01-04,69.94,33676.3512,6629238.0
2016-01-05,71.16,34263.7854,5152474.0
2016-01-06,70.66,34023.0337,7666201.0
2016-01-07,72.09,34711.5836,9149211.0
2016-01-08,68.26,32867.4254,10241902.0
2016-01-11,69.07,33257.4432,6680254.0
2016-01-12,71.19,34278.2305,8173789.0
2016-01-13,65.03,31312.1693,13534463.0
2016-01-14,67.32,32414.8122,8700172.0
2016-01-15,66.41,31976.644,8629599.0
2016-01-19,66.54,32039.2395,7105758.0
2016-01-20,65.48,31528.8458,7963062.0
2016-01-21,63.43,30541.7637,8961723.0
2016-01-22,67.86,32674.824,9274746.0
2016-01-25,65.14,31365.1346,6063339.0
2016-01-26,67.71,32602.5985,5989150.0
2016-01-27,65.99,31774.4126,7528991.0
2016-01-28,64.54,31076.2326,10704292.0
2016-01-29,67.87,32679.639,7275158.0
2016-02-01,68.7,33079.2869,5461373.0
2016-02-02,65.28,31432.5451,6879776.0
2016-02-03,60.94,29342.8202,12704032.0
2016-02-04,61.79,29752.0981,10085782.0
2016-02-05,57.12,27503.477,9175828.0
2016-02-08,54.82,26396.019,11496979.0
2016-02-09,54.82,26396.019,6624899.0
2016-02-10,54.88,26424.9093,6826948.0
2016-02-11,55.57,26757.1466,8175484.0
2016-02-12,57.75,27806.8242,6712319.0
2016-02-16,57.35,27614.2228,6991057.0
2016-02-17,57.77,27816.4542,5971043.0
2016-02-18,55.56,26752.3316,6813075.0
2016-02-19,57.05,27469.7717,5530148.0
2016-02-22,58.68,28254.6224,5025760.0
2016-02-23,57.49,27681.6333,5713322.0
2016-02-24,60.61,29183.924,8503526.0
2016-02-25,60.69,28548.1311,5303112.0
2016-02-26,59.66,28063.6267,5374557.0
2016-02-29,60.08,28261.1916,5333608.0
2016-03-01,61.59,28971.4845,4507081.0
2016-03-02,62.08,29201.9769,5392127.0
2016-03-03,63.84,30029.868,6239536.0
2016-03-04,63.89,30053.3877,7029937.0
2016-03-07,63.25,29752.3364,5197557.0
2016-03-08,62.33,29319.5751,5212440.0
2016-03-09,64.8,30481.445,6116952.0
2016-03-10,64.18,30189.8015,5400154.0
2016-03-11,65.37,30749.5688,4976762.0
2016-03-14,64.39,30288.584,4234709.0
2016-03-15,64.94,30547.3,4649943.0
2016-03-16,65.94,31017.6926,4990154.0
2016-03-17,64.18,30189.8015,6442112.0
2016-03-18,65.16,30650.7864,9723938.0
2016-03-21,65.85,30975.3573,5072949.0
2016-03-22,66.07,31078.8437,4016607.0
2016-03-23,64.9,30528.4843,4293425.0
2016-03-24,65.84,30970.6534,4255410.0
2016-03-28,65.24,30688.4178,3293673.0
2016-03-29,65.28,30707.2335,3554252.0
2016-03-30,63.98,30095.723,4970802.0
2016-03-31,64.14,30131.5678,5731616.0
2016-04-01,62.91,29553.7407,4441896.0
2016-04-04,63.29,29732.2564,3466362.0
2016-04-05,63.14,29661.7897,3946707.0
2016-04-06,61.68,28975.9136,8103499.0
2016-04-07,61.66,28966.5181,4447773.0
2016-04-08,63.06,29624.2074,7235149.0
2016-04-11,60.74,28534.3222,6120360.0
2016-04-12,60.9,28609.4867,7141421.0
2016-04-13,62.55,29384.6206,4419670.0
2016-04-14,61.56,28919.5402,4140704.0
2016-04-15,59.49,27947.0996,6987677.0
2016-04-18,60.71,28520.2289,5606168.0
2016-04-19,60.11,28238.362,6157158.0
2016-04-20,60.22,28290.0376,6518330.0
2016-04-21,60.65,28492.0422,5053158.0
2016-04-22,61.24,28769.2113,3973750.0
2016-04-25,61.77,29018.1937,4362243.0
2016-04-26,61.81,29036.9848,4214598.0
2016-04-27,62.19,29215.5005,4611792.0
2016-04-28,60.91,28614.1845,4581204.0
2016-04-29,58.87,27655.8371,6701278.0
2016-05-02,59.82,28102.1263,5419009.0
2016-05-03,57.63,27073.3123,8338522.0
2016-05-04,56.15,26378.0407,8052561.0
2016-05-05,55.61,26125.7233,6325580.0
2016-05-06,55.36,26008.2726,6734178.0
2016-05-09,54.98,25829.7476,5390697.0
2016-05-10,56.0,26308.9463,4913741.0
2016-05-11,55.87,26247.8719,5687942.0
2016-05-12,54.78,25735.7871,4516634.0
2016-05-13,55.11,25890.822,4555555.0
2016-05-16,55.19,25928.4062,5794808.0
2016-05-17,55.25,25956.5943,4382414.0
2016-05-18,56.44,26515.6594,5813422.0
2016-05-19,55.4,26027.0647,5244684.0
2016-05-20,56.13,26370.0206,3498410.0
2016-05-23,54.46,25585.4503,4635499.0
2016-05-24,55.35,26003.5746,5390792.0
2016-05-25,54.62,25660.6187,6709935.0
2016-05-26,54.09,25411.6233,5436677.0
2016-05-27,54.57,25637.1286,4437678.0
2016-05-31,54.7,25698.2029,6194401.0
2016-06-01,55.75,26191.4956,6355000.0
2016-06-02,55.72,26177.4016,5520943.0
2016-06-03,55.15,25909.6141,4541524.0
2016-06-06,54.92,25801.5595,5254772.0
2016-06-07,55.64,26139.8173,5563256.0
2016-06-08,54.39,25552.5641,6276501.0
2016-06-09,53.81,25280.0786,6292227.0
2016-06-10,53.43,25101.5536,4673653.0
2016-06-13,51.02,23969.3293,8842665.0
2016-06-14,50.79,23861.2747,7431983.0
2016-06-15,51.29,24096.176,8192099.0
2016-06-16,51.79,24331.0773,5707931.0
2016-06-17,51.71,24293.4931,7101985.0
2016-06-20,51.68,24279.399,4519994.0
2016-06-21,52.47,24650.5431,4809473.0
2016-06-22,52.81,24810.276,5301465.0
2016-06-23,53.71,25233.0983,5570918.0
2016-06-24,52.56,24692.8253,8054914.0
2016-06-27,51.13,24021.0076,6317933.0
2016-06-28,51.83,24349.8694,7708875.0
2016-06-29,51.92,24392.1516,7510137.0
2016-06-30,51.0,23959.9332,10412869.0
2016-07-01,51.43,24161.9484,5896198.0
2016-07-05,49.84,23414.9622,7937284.0
2016-07-06,48.66,22860.5951,11096154.0
2016-07-07,47.24,22193.4754,10441951.0
2016-07-08,47.73,22423.6787,9573650.0
2016-07-11,48.49,22780.7287,6178241.0
2016-07-12,49.25,23137.7787,7872437.0
2016-07-13,49.54,23274.0214,8156311.0
2016-07-14,50.4,23678.0517,5975054.0
2016-07-15,49.94,23461.9425,5729860.0
2016-07-18,50.43,23692.1457,5078590.0
2016-07-19,50.85,23889.4628,4880910.0
2016-07-20,50.78,23856.5767,4508950.0
2016-07-21,50.07,23523.0168,4555544.0
2016-07-22,49.88,23433.7543,6151302.0
2016-07-25,50.29,23626.3734,7659192.0
2016-07-26,52.67,24744.5036,12769547.0
2016-07-27,52.21,24528.3944,9149316.0
2016-07-28,51.87,24368.6615,5808329.0
2016-07-29,52.28,24561.2806,5116350.0
2016-08-01,51.63,24255.9089,6897328.0
2016-08-02,52.35,24594.1668,6961905.0
2016-08-03,54.71,25702.9009,11362091.0
2016-08-04,53.33,24603.3108,8840431.0
2016-08-05,53.5,24681.7388,8010346.0
2016-08-08,54.19,25000.064,6624378.0
2016-08-09,52.49,24215.7845,6853592.0
2016-08-10,52.92,24414.1611,7119156.0
2016-08-11,54.35,25073.8786,7812071.0
2016-08-12,54.33,25064.6517,4847080.0
2016-08-15,54.52,25152.3065,4942605.0
2016-08-16,54.5,25143.0797,4319879.0
2016-08-17,55.17,25452.1781,5803411.0
2016-08-18,55.06,25401.4306,5096398.0
2016-08-19,54.82,25290.7088,3976627.0
2016-08-22,54.43,25110.7858,5185790.0
2016-08-23,55.21,25470.6317,4354140.0
2016-08-24,55.7,25696.6888,5688213.0
2016-08-25,55.02,25382.977,5914353.0
2016-08-26,55.28,25502.9256,4064616.0
2016-08-29,55.63,25664.3949,3559309.0
2016-08-30,55.8,25742.8229,4046844.0
2016-08-31,55.35,25535.2195,5006246.0
2016-09-01,54.29,25046.1981,5281497.0
2016-09-02,54.83,25295.3222,4872863.0
2016-09-06,55.27,25498.3122,3553983.0
2016-09-07,56.09,25876.6117,4613621.0
2016-09-08,56.15,25904.2922,4467100.0
2016-09-09,54.92,25336.8429,5773659.0
2016-09-12,55.88,25779.7302,5791410.0
2016-09-13,55.35,25535.2195,4689504.0
2016-09-14,54.57,25175.3736,5416839.0
2016-09-15,56.19,25922.7458,6716442.0
2016-09-16,56.73,26171.8699,7316532.0
2016-09-19,57.14,26361.0197,5976463.0
2016-09-20,55.45,25581.3536,6201087.0
2016-09-21,55.68,25687.462,6033433.0
2016-09-22,55.6,25650.5547,4741816.0
2016-09-23,55.67,25682.8486,5392029.0
2016-09-26,54.29,25046.1981,4827185.0
2016-09-27,55.02,25382.977,5951975.0
2016-09-28,55.11,25424.4977,6715593.0
2016-09-29,51.71,23855.9386,13909620.0
2016-09-30,53.0,24451.0683,8318572.0
2016-10-03,52.9,24404.9342,5172192.0
2016-10-04,53.65,24750.9399,5804032.0
2016-10-05,54.8,25281.482,6393874.0
2016-10-06,54.9,25327.6161,4045611.0
2016-10-07,54.27,25036.9713,5564693.0
2016-10-10,54.74,25253.8015,4118431.0
2016-10-11,54.19,25000.064,4419745.0
2016-10-12,53.79,24815.5276,5334202.0
2016-10-13,53.85,24843.2081,3862351.0
2016-10-14,53.79,24815.5276,3071944.0
2016-10-17,54.15,24981.6104,5476245.0
2016-10-18,55.46,25585.967,6109446.0
2016-10-19,54.54,25161.5333,7486664.0
2016-10-20,54.77,25267.6417,3650861.0
2016-10-21,55.76,25724.3692,5287856.0
2016-10-24,56.16,25908.9056,5358674.0
2016-10-25,58.93,27186.8199,10808919.0
2016-10-26,59.52,27459.0111,7770825.0
2016-10-27,58.81,27131.459,6598112.0
2016-10-28,58.6,27034.5774,4742117.0
2016-10-31,59.24,27329.8356,4969484.0
2016-11-01,59.49,27445.1708,7817612.0
2016-11-02,58.43,26956.1495,7317619.0
2016-11-03,57.86,26693.1852,3855988.0
2016-11-04,57.87,26697.7986,3729942.0
2016-11-07,58.52,26997.6702,4075111.0
2016-11-08,58.14,26317.9294,3803447.0
2016-11-09,62.03,28078.7953,10909132.0
2016-11-10,62.96,28499.7736,8019919.0
2016-11-11,62.45,28268.9145,4273736.0
2016-11-14,62.58,28327.761,4614069.0
2016-11-15,63.15,28585.7799,4652157.0
2016-11-16,63.63,28803.059,4684124.0
2016-11-17,64.67,29273.8303,5854922.0
2016-11-18,63.39,28694.4194,4737657.0
2016-11-21,64.54,29214.9839,4922760.0
2016-11-22,65.25,29536.3759,4427399.0
2016-11-23,64.72,29296.4636,4306372.0
2016-11-25,64.86,29359.8366,1735372.0
2016-11-28,63.79,28875.4853,4666386.0
2016-11-29,63.77,28866.432,4427864.0
2016-11-30,61.56,27866.0429,14238350.0
2016-12-01,60.53,27399.7982,10720481.0
2016-12-02,61.46,27820.7764,5295670.0
2016-12-05,64.52,29205.9306,8277910.0
2016-12-06,64.72,29296.4636,5149317.0
2016-12-07,67.54,30572.9782,6397994.0
2016-12-08,68.37,30948.6899,5556096.0
2016-12-09,68.0,30781.204,5124518.0
2016-12-12,66.82,30247.0596,6769789.0
2016-12-13,67.2,30419.0722,4336362.0
2016-12-14,66.49,30097.6802,4534287.0
2016-12-15,67.64,30618.2447,5106894.0
2016-12-16,68.0,30781.204,8009899.0
2016-12-19,67.45,30532.2384,3612280.0
2016-12-20,67.57,30586.5581,2765102.0
2016-12-21,67.93,30749.5174,3206370.0
2016-12-22,68.72,31107.1226,3212354.0
2016-12-23,68.96,31215.7622,1696795.0
2016-12-27,69.45,31437.5679,2153879.0
2016-12-28,68.67,31084.4894,2471069.0
2016-12-29,68.63,31066.3828,1913030.0
2016-12-30,68.32,30926.0567,2552875.0
2017-01-03,70.42,31876.6527,4425039.0
2017-01-04,67.89,30731.4109,7431035.0
2017-01-05,67.68,30636.3513,6450632.0
2017-01-06,66.66,30174.6332,3771723.0
2017-01-09,66.37,30043.3604,5132604.0
2017-01-10,66.53,30115.7868,5433399.0
2017-01-11,67.08,30364.7524,3391045.0
2017-01-12,66.52,30111.2601,4530147.0
2017-01-13,66.39,30052.4137,3366737.0
2017-01-17,66.19,29961.8808,4942176.0
2017-01-18,66.75,30215.373,4252098.0
2017-01-19,66.07,29907.561,3642165.0
2017-01-20,66.24,29984.514,2911178.0
2017-01-23,66.25,29989.0406,4049567.0
2017-01-24,67.86,30717.8309,3893732.0
2017-01-25,68.33,30930.5834,4606237.0
2017-01-26,67.37,30496.0252,4006340.0
2017-01-27,67.31,30468.8653,4628178.0
2017-01-30,68.23,30885.3169,8413949.0
2017-01-31,65.76,29767.2349,11657679.0
2017-02-01,65.37,29590.6956,5204470.0
2017-02-02,65.42,29613.3289,6193179.0
2017-02-03,65.51,29654.0687,4416379.0
2017-02-06,65.11,29473.0028,4297823.0
2017-02-07,65.44,29622.3822,4968517.0
2017-02-08,67.08,30364.7524,4428117.0
2017-02-09,67.62,30609.1914,2805912.0
2017-02-10,67.47,30541.2917,2653911.0
2017-02-13,67.04,30346.6458,3367526.0
2017-02-14,67.62,30609.1914,2512323.0
2017-02-15,67.76,30672.5644,2572705.0
2017-02-16,66.6,30147.4733,5266519.0
2017-02-17,65.49,29645.0154,4808766.0
2017-02-21,66.27,29998.0939,4499580.0
2017-02-22,66.01,29880.4011,4240404.0
2017-02-23,67.03,30233.85,4208181.0
2017-02-24,66.72,30094.0246,3670673.0
2017-02-27,67.24,30328.5704,3129406.0
2017-02-28,67.95,30648.8156,9074708.0
2017-03-01,68.48,30887.8718,4921856.0
2017-03-02,66.45,29972.2413,7342972.0
2017-03-03,66.08,29805.3529,4054091.0
2017-03-06,66.44,29967.7308,3315268.0
2017-03-07,65.62,29597.8702,5504104.0
2017-03-08,66.87,30161.6821,7446438.0
2017-03-09,66.48,29985.7728,4720291.0
2017-03-10,66.57,30026.3672,4471559.0
2017-03-13,67.66,30518.0112,4970722.0
2017-03-14,67.44,30418.7803,2955367.0
2017-03-15,68.73,31000.6342,4751235.0
2017-03-16,68.55,30919.4453,3654241.0
2017-03-17,68.9,31077.3126,9529901.0
2017-03-20,68.53,30910.4243,3175135.0
2017-03-21,67.15,30287.9759,4068049.0
2017-03-22,67.57,30477.4167,3123491.0
2017-03-23,67.1,30109.837,3298752.0
2017-03-24,65.78,29517.5123,4372045.0
2017-03-27,66.23,29719.4412,2799341.0
2017-03-28,66.29,29746.365,3443381.0
2017-03-29,67.14,30127.7862,3326870.0
2017-03-30,66.23,29719.4412,7512752.0
2017-03-31,66.29,29746.365,3622057.0
2017-04-03,66.23,29719.4412,3319449.0
2017-04-04,65.81,29530.9742,3101537.0
2017-04-05,65.09,29207.8881,3236739.0
2017-04-06,65.07,29198.9134,3378058.0
2017-04-07,65.57,29423.2788,3854615.0
2017-04-10,65.35,29324.5581,3409388.0
2017-04-11,65.63,29450.2027,3927450.0
2017-04-12,65.13,29225.8373,4156219.0
2017-04-13,64.68,29023.9084,3105204.0
2017-04-17,65.19,29252.7611,2909848.0
2017-04-18,64.15,28786.0811,4606085.0
2017-04-19,63.49,28489.9188,4988347.0
2017-04-20,64.1,28763.6446,2777836.0
2017-04-21,65.23,29270.7104,5113234.0
2017-04-24,66.82,29984.1924,7074976.0
2017-04-25,65.83,29539.9489,7379746.0
2017-04-26,64.9,29122.6292,6540483.0
2017-04-27,65.32,29311.0961,4222844.0
2017-04-28,64.61,28992.4973,4079246.0
2017-05-01,64.36,28880.3146,5432870.0
2017-05-02,64.49,28938.6496,4476255.0
2017-05-03,64.9,29122.6292,2993619.0
2017-05-04,64.37,28884.8019,3068340.0
2017-05-05,65.34,29320.0708,4668899.0
2017-05-08,66.11,29665.5935,3472896.0
2017-05-09,66.63,29799.0292,3836294.0
2017-05-10,66.68,29821.3907,3410253.0
2017-05-11,66.35,29673.8044,2847543.0
2017-05-12,66.42,29705.1106,3549592.0
2017-05-15,65.55,29316.0192,3294950.0
2017-05-16,64.54,28864.3155,6322456.0
2017-05-17,63.8,28533.3643,4529820.0
2017-05-18,63.54,28417.0841,3385934.0
2017-05-19,63.87,28564.6705,3396116.0
2017-05-22,63.84,28551.2535,2742453.0
2017-05-23,64.12,28676.4783,2945595.0
2017-05-24,63.81,28537.8366,3001282.0
2017-05-25,63.19,28260.5531,3786245.0
2017-05-26,62.45,27929.6019,3718744.0
2017-05-30,62.09,27768.5985,6566649.0
2017-05-31,61.47,27491.3151,4655909.0
2017-06-01,62.12,27782.0155,3541383.0
2017-06-02,62.1,27773.0709,2788894.0
2017-06-05,62.4,27907.2403,3897147.0
2017-06-06,62.29,27858.0448,2579818.0
2017-06-07,62.3,27862.5171,4378186.0
2017-06-08,63.18,28256.0808,5021336.0
2017-06-09,65.26,29186.3221,6201156.0
2017-06-12,65.92,29481.4949,6725913.0
2017-06-13,66.53,29754.306,4336426.0
2017-06-14,64.75,28958.2337,6431033.0
2017-06-15,64.69,28931.3998,3974119.0
2017-06-16,65.8,29427.8267,6522493.0
2017-06-19,66.61,29790.0842,4078321.0
2017-06-20,65.65,29360.742,3634080.0
2017-06-21,64.68,28926.9275,5566133.0
2017-06-22,64.82,28989.5399,3801388.0
2017-06-23,65.98,29508.3284,4915246.0
2017-06-26,66.04,29535.1623,3376758.0
2017-06-27,66.81,29879.5304,5447333.0
2017-06-28,67.47,30174.7032,3336411.0
2017-06-29,67.09,30004.7552,3282872.0
2017-06-30,67.46,30170.2309,2972006.0
2017-07-03,68.02,30420.6804,2159962.0
2017-07-05,67.07,29995.8106,3938059.0
2017-07-06,66.46,29722.9994,3332080.0
2017-07-07,68.18,30492.2375,5083561.0
2017-07-10,68.09,30451.9866,3718199.0
2017-07-11,67.93,30380.4296,2188193.0
2017-07-12,68.03,30425.1528,4206132.0
2017-07-13,67.78,30313.3449,2883729.0
2017-07-14,68.04,30429.6251,2194732.0
2017-07-17,67.43,30156.8139,2868806.0
2017-07-18,67.51,30192.5924,2816047.0
2017-07-19,68.03,30425.1528,3481850.0
2017-07-20,67.52,30197.0647,2914831.0
2017-07-21,67.78,30313.3449,2725709.0
2017-07-24,67.68,30268.6218,2318781.0
2017-07-25,68.44,30608.5176,3131122.0
2017-07-26,67.99,30407.2635,3356842.0
2017-07-27,67.59,30228.3709,4377800.0
2017-07-28,66.69,29825.8627,7105643.0
2017-07-31,68.97,30845.5503,7354847.0
2017-08-01,68.82,30778.4656,5330081.0
2017-08-02,68.5,30635.3515,3724920.0
2017-08-03,68.5,30635.3515,3342676.0
2017-08-04,68.53,30648.7685,3201836.0
2017-08-07,68.0,30033.1498,2671912.0
2017-08-08,67.79,29940.4004,3114863.0
2017-08-09,66.93,29560.5694,3498139.0
2017-08-10,66.2,29238.1547,3425052.0
2017-08-11,66.15,29216.0715,2330040.0
2017-08-14,66.79,29498.7364,3034319.0
2017-08-15,67.15,29657.7355,4079274.0
2017-08-16,65.99,29145.4052,2807522.0
2017-08-17,64.55,28509.4091,3358377.0
2017-08-18,64.75,28597.7419,3082623.0
2017-08-21,64.7,28575.6587,2463927.0
2017-08-22,65.58,28964.323,2865842.0
2017-08-23,65.71,29021.7393,2808682.0
2017-08-24,67.44,29785.818,5491952.0
2017-08-25,67.67,29887.4007,3915941.0
2017-08-28,68.42,30218.6487,6445791.0
2017-08-29,67.92,29997.8167,3557717.0
2017-08-30,68.41,30214.2321,3248108.0
2017-08-31,68.1,30077.3162,4434442.0
2017-09-01,69.2,30563.1466,3954362.0
2017-09-05,67.91,29993.4001,4581350.0
2017-09-06,68.11,30081.7329,4428807.0
2017-09-07,68.86,30412.9808,3675949.0
2017-09-08,69.54,30713.3123,3771329.0
2017-09-11,69.81,30832.5616,3287724.0
2017-09-12,70.21,31009.2272,2629179.0
2017-09-13,71.0,31358.1417,4122457.0
2017-09-14,69.94,30889.9779,4494020.0
2017-09-15,71.13,31415.558,6859864.0
2017-09-18,72.2,31888.1385,3823804.0
2017-09-19,72.71,32113.3871,3870204.0
2017-09-20,73.18,32320.9692,3255614.0
2017-09-21,73.36,32400.4687,3106129.0
2017-09-22,74.29,32811.2162,3263922.0
2017-09-25,75.12,33177.7973,3461014.0
2017-09-26,74.96,33107.131,3287925.0
2017-09-27,75.47,33332.3797,4515981.0
2017-09-28,76.74,33893.2929,6079426.0
2017-09-29,76.93,33977.2091,4442166.0
2017-10-02,77.05,34030.2087,3141303.0
2017-10-03,77.57,34259.874,3194729.0
2017-10-04,77.69,34312.8737,2669910.0
2017-10-05,77.27,34127.3748,4923445.0
2017-10-06,77.23,34109.7082,4672372.0
2017-10-09,77.13,34065.5419,2925600.0
2017-10-10,77.37,34171.5412,2659594.0
2017-10-11,77.92,34414.4564,2277477.0
2017-10-12,77.91,34410.0397,2532542.0
2017-10-13,78.08,34485.1226,2161725.0
2017-10-16,77.42,34193.6244,2405385.0
2017-10-17,77.62,34281.9572,2358413.0
2017-10-18,77.62,34281.9572,2399587.0
2017-10-19,77.63,34286.3738,2329909.0
2017-10-20,77.54,34246.6241,4149907.0
2017-10-23,77.4,34184.7911,4820087.0
2017-10-24,77.69,34312.8737,3241724.0
2017-10-25,77.68,34308.457,4901207.0
2017-10-26,76.29,33694.5441,5371277.0
2017-10-27,77.75,34339.3735,6118616.0
2017-10-30,78.4,34626.4551,4427085.0
2017-10-31,78.89,34842.8704,3230961.0
2017-11-01,80.71,35646.6989,4097841.0
2017-11-02,81.59,36035.3631,4972901.0
2017-11-03,80.88,35721.7817,3390483.0
2017-11-06,81.45,35973.5302,3326225.0
2017-11-07,81.83,36141.3625,2603267.0
2017-11-08,81.67,35737.2694,2976068.0
2017-11-09,81.28,35566.6127,3569747.0
2017-11-10,81.37,35605.995,2473887.0
2017-11-13,80.67,35299.6881,2568506.0
2017-11-14,81.37,35605.995,3108694.0
2017-11-15,81.48,35654.129,3121972.0
2017-11-16,82.12,35934.181,4322565.0
2017-11-17,82.88,36266.7429,2897431.0
2017-11-20,82.09,35921.0536,3163574.0
2017-11-21,83.8,36669.3177,3528007.0
2017-11-22,82.35,36034.8247,3271714.0
2017-11-24,82.25,35991.0666,1623414.0
2017-11-27,82.12,35934.181,3073467.0
2017-11-28,83.24,36424.2722,3015255.0
2017-11-29,83.34,36468.0303,2752868.0
2017-11-30,85.62,37465.7158,5521846.0
2017-12-01,84.17,36831.2228,4123184.0
2017-12-04,83.63,36594.9289,4049389.0
2017-12-05,85.78,37535.7288,4197347.0
2017-12-06,84.97,37181.2879,2975920.0
2017-12-07,85.59,37452.5883,2128948.0
2017-12-08,87.6,38332.1269,3533297.0
2017-12-11,87.2,38157.0943,2853831.0
2017-12-12,86.94,38043.3232,2515284.0
2017-12-13,87.45,38266.4897,3111953.0
2017-12-14,87.48,38279.6171,3635764.0
2017-12-15,88.19,38590.2999,6579312.0
2017-12-18,88.93,38914.1101,3432978.0
2017-12-19,88.07,38537.7901,2953483.0
2017-12-20,90.16,39452.3351,3506644.0
2017-12-21,90.72,39697.3807,3004208.0
2017-12-22,91.13,39876.7891,1837180.0
2017-12-26,91.86,40196.2235,1442920.0
2017-12-27,92.14,40318.7462,2388260.0
2017-12-28,92.3,40388.7593,1835741.0
2017-12-29,91.91,40218.1025,2343843.0
2018-01-02,92.8,40607.5499,3582862.0
2018-01-03,93.29,40821.9648,3057571.0
2018-01-04,93.59,40953.2392,2976998.0
2018-01-05,94.03,41145.775,2973820.0
2018-01-08,94.22,41228.9155,2493352.0
2018-01-09,94.1,41176.4057,3884922.0
2018-01-10,94.15,41198.2848,2391786.0
2018-01-11,94.55,41373.3173,2679658.0
2018-01-12,96.75,42335.9963,2873350.0
2018-01-16,96.15,42073.4475,3052475.0
2018-01-17,97.56,42690.4372,2940671.0
2018-01-18,96.46,42209.0977,2489440.0
2018-01-19,97.26,42559.1628,2368832.0
2018-01-22,98.95,43298.6753,2441159.0
2018-01-23,98.69,43184.9041,2120302.0
2018-01-24,97.66,42734.1953,3109532.0
2018-01-25,97.18,42524.1563,2725312.0
2018-01-26,98.69,43184.9041,2122211.0
2018-01-29,96.39,42178.467,2787105.0
2018-01-30,94.34,41281.4252,4338765.0
2018-01-31,95.97,41994.6828,5334042.0
2018-02-01,94.69,41434.5787,5032298.0
2018-02-02,93.19,40778.2067,4656726.0
2018-02-05,89.77,39281.6784,7072852.0
2018-02-06,90.46,39583.6096,6335047.0
2018-02-07,89.84,39312.3091,4344520.0
2018-02-08,86.77,37968.9343,3975852.0
2018-02-09,88.22,38603.4273,5463449.0
2018-02-12,88.84,38874.7278,4020910.0
2018-02-13,89.48,39154.7798,3638168.0
2018-02-14,92.63,40533.1611,4877254.0
2018-02-15,93.0,40695.0662,4057606.0
2018-02-16,93.27,40813.2132,2538806.0
2018-02-20,91.58,40073.7007,3083630.0
2018-02-21,90.83,39745.5147,2018076.0
2018-02-22,92.05,40279.3639,3047341.0
2018-02-23,92.46,40458.7723,2069238.0
2018-02-26,93.31,40830.7164,2563286.0
2018-02-27,92.77,40594.4225,2893040.0
2018-02-28,90.42,39566.1063,2746798.0
2018-03-01,90.82,39341.0678,3035876.0
2018-03-02,92.2,39938.851,3485040.0
2018-03-05,91.56,39661.6182,4656722.0
2018-03-06,91.72,39730.9264,2852301.0
2018-03-07,92.04,39869.5428,2616836.0
2018-03-08,93.31,40419.6766,3650780.0
2018-03-09,94.32,40857.1847,3500425.0
2018-03-12,92.69,40151.1074,3231872.0
2018-03-13,93.49,40497.6484,4322437.0
2018-03-14,92.66,40138.1121,2747370.0
2018-03-15,92.33,39995.1639,2786119.0
2018-03-16,93.79,40627.6012,5308569.0
2018-03-19,92.94,40259.4014,2334742.0
2018-03-20,94.47,40922.1611,3354424.0
2018-03-21,95.45,41131.5332,3066199.0
2018-03-22,93.04,40093.0105,3264464.0
2018-03-23,91.22,39308.7319,3195415.0
2018-03-26,94.25,40614.4265,3111477.0
2018-03-27,92.27,39761.2003,3756653.0
2018-03-28,90.28,38903.665,3864839.0
2018-03-29,92.77,39976.6615,4173881.0
2018-04-02,91.56,39455.2455,2788538.0
2018-04-03,92.7,39946.4969,2930597.0
2018-04-04,93.35,40226.5964,3659638.0
2018-04-05,95.86,41308.2114,3766292.0
2018-04-06,95.18,41015.1842,3432020.0
2018-04-09,96.01,41372.8497,3653831.0
2018-04-10,98.89,42613.906,3505714.0
2018-04-11,100.31,43225.8156,3506946.0
2018-04-12,100.53,43320.6185,3245123.0
2018-04-13,101.83,43880.8175,2641150.0
2018-04-16,105.49,45457.9931,5876430.0
2018-04-17,106.69,45975.0999,3669149.0
2018-04-18,107.54,46341.3838,3904816.0
2018-04-19,108.2,46625.7925,3240458.0
2018-04-20,108.55,46776.6153,2795114.0
2018-04-23,109.26,47082.5702,2162817.0
2018-04-24,108.29,46664.5755,3279747.0
2018-04-25,108.68,46832.6352,3799790.0
2018-04-26,111.54,48065.073,4912242.0
2018-04-27,109.78,47306.6498,2658727.0
2018-04-30,110.93,47802.2104,5667668.0
2018-05-01,110.72,47711.7167,3680774.0
2018-05-02,112.25,48371.0278,5677387.0
2018-05-03,113.37,48853.6608,3576427.0
2018-05-04,113.39,48862.2793,2922966.0
2018-05-07,113.67,48994.4319,3449932.0
2018-05-08,113.19,48787.5407,6102241.0
2018-05-09,114.82,49490.1089,4159784.0
2018-05-10,114.49,49347.8711,5038726.0
2018-05-11,114.63,49408.2144,2773365.0
2018-05-14,115.87,49942.6834,3935966.0
2018-05-15,115.9,49955.6141,3541287.0
2018-05-16,114.99,49563.3828,2691937.0
2018-05-17,119.71,51597.8134,5888468.0
2018-05-18,120.56,51964.1833,3906497.0
2018-05-21,122.06,52610.7184,2992626.0
2018-05-22,120.15,51787.4637,3253265.0
2018-05-23,121.05,52175.3847,3395780.0
2018-05-24,121.88,52533.1342,3158321.0
2018-05-25,118.73,51175.4104,3581608.0
2018-05-29,119.47,51494.3677,3025589.0
2018-05-30,122.21,52675.3719,2995951.0
2018-05-31,121.2,52240.0383,5480938.0
2018-06-01,123.78,53352.0787,2941882.0
2018-06-04,124.44,53636.5541,3792047.0
2018-06-05,123.33,53158.1181,3392478.0
2018-06-06,121.2,52240.0383,3554163.0
2018-06-07,121.49,52365.0351,2329429.0
2018-06-08,119.72,51602.1236,3743644.0
2018-06-11,120.57,51968.4935,3279200.0
2018-06-12,118.02,50869.3838,4422601.0
2018-06-13,117.88,50809.0405,5546216.0
2018-06-14,116.82,50352.1557,2431365.0
2018-06-15,115.18,49645.2773,5087159.0
2018-06-18,116.54,50231.4691,3064017.0
2018-06-19,116.62,50265.951,2491228.0
2018-06-20,115.73,49882.3402,3093055.0
2018-06-21,111.22,47938.4245,4528652.0
2018-06-22,112.24,48378.0684,5120731.0
2018-06-25,109.26,47093.6187,4559498.0
2018-06-26,110.25,47520.3318,3422246.0
2018-06-27,109.52,47205.6847,3412437.0
2018-06-28,109.11,47028.9651,2668607.0
2018-06-29,110.83,47770.3254,3483647.0
2018-07-02,109.23,47080.6879,3748514.0
2018-07-03,108.17,46623.8031,2078110.0
2018-07-05,107.53,46347.9481,3400611.0
2018-07-06,107.83,46477.2552,2464121.0
2018-07-09,109.27,47097.9289,2726471.0
2018-07-10,108.62,46817.7637,2648251.0
2018-07-11,106.36,45843.6507,3512565.0
2018-07-12,106.79,46028.9908,2992229.0
2018-07-13,107.34,46266.0537,2504096.0
2018-07-16,106.3,45817.7893,2548369.0
2018-07-17,106.09,45727.2744,2590609.0
2018-07-18,106.65,45968.6475,3100460.0
2018-07-19,107.0,46119.5057,2564344.0
2018-07-20,106.21,45778.9972,2292569.0
2018-07-23,106.28,45809.1689,2542431.0
2018-07-24,107.27,46235.882,3347512.0
2018-07-25,109.33,47123.7903,3425417.0
2018-07-26,116.83,50356.4659,5408060.0
2018-07-27,116.35,50149.5747,3454150.0
2018-07-30,117.26,50541.806,2930502.0
2018-07-31,118.35,51011.6215,4034564.0
2018-08-01,116.78,50334.9148,3411556.0
2018-08-02,115.33,49709.9308,2588088.0
2018-08-03,115.38,49731.482,2582954.0
2018-08-06,114.89,49103.7593,2401082.0
2018-08-07,116.71,49881.6237,2606684.0
2018-08-08,115.9,49535.4313,2009579.0
2018-08-09,115.14,49210.6088,2175564.0
2018-08-10,115.37,49308.9104,2059267.0
2018-08-13,114.79,49061.0195,1875590.0
2018-08-14,115.05,49172.143,1440239.0
2018-08-15,111.52,47663.428,3452450.0
2018-08-16,111.32,47577.9484,1875801.0
2018-08-17,111.0,47441.181,1791078.0
2018-08-20,113.4,48466.9363,2072226.0
2018-08-21,114.14,48783.2108,2021915.0
2018-08-22,115.68,49441.4038,1670916.0
2018-08-23,118.06,50458.6111,3151093.0
2018-08-24,120.55,51522.8322,3448431.0
2018-08-27,121.21,51804.9149,2038203.0
2018-08-28,120.39,51454.4485,2062632.0
2018-08-29,120.61,51548.476,2525931.0
2018-08-30,119.05,50881.7351,2648123.0
2018-08-31,117.88,50381.6794,3722495.0
2018-09-04,120.24,51390.3388,3372066.0
2018-09-05,116.91,49967.1033,4506406.0
2018-09-06,116.07,49608.089,3406630.0
2018-09-07,115.08,49184.9649,2498189.0
2018-09-10,115.25,49257.6226,2451788.0
2018-09-11,115.1,49193.5129,2708109.0
2018-09-12,116.31,49710.6645,3195230.0
2018-09-13,116.83,49932.9115,2081510.0
2018-09-14,117.13,50061.1309,1724466.0
2018-09-17,115.46,49347.3762,1876035.0
2018-09-18,115.33,49291.8145,2028291.0
2018-09-19,109.7,46885.5636,5033521.0
2018-09-20,110.48,47218.934,3135595.0
2018-09-21,112.24,47971.1546,4044503.0
2018-09-24,114.96,49133.6772,3069891.0
2018-09-25,116.76,49902.9936,3219309.0
2018-09-26,116.52,49800.4181,2492562.0
2018-09-27,115.29,49274.7185,2281966.0
2018-09-28,113.75,48616.5256,2787371.0
2018-10-01,113.88,48672.0873,2404606.0
2018-10-02,115.52,49373.0201,3240573.0
2018-10-03,119.99,51283.4893,3683803.0
2018-10-04,117.22,50099.5967,2213981.0
2018-10-05,117.11,50052.5829,1834069.0
2018-10-08,116.18,49655.1028,2722556.0
2018-10-09,115.66,49432.8558,2400462.0
2018-10-10,110.84,47372.7973,3083005.0
2018-10-11,106.89,45684.5751,3478740.0
2018-10-12,108.25,46265.8364,3502545.0
2018-10-15,103.79,44359.6412,3741658.0
2018-10-16,105.91,45265.725,2209421.0
2018-10-17,103.74,44338.2713,3378808.0
2018-10-18,103.39,44188.682,4018856.0
2018-10-19,92.76,39645.441,11818138.0
2018-10-22,92.85,39683.9068,4662983.0
2018-10-23,91.66,39175.3032,6303689.0
2018-10-24,86.69,37051.135,6376928.0
2018-10-25,87.38,37346.0396,5189849.0
2018-10-26,85.79,36666.4767,6921383.0
2018-10-29,87.38,37346.0396,5884311.0
2018-10-30,90.1,38508.5622,5477024.0
2018-10-31,91.09,38931.6863,5501717.0
2018-11-01,92.51,39538.5915,4340940.0
2018-11-02,91.83,39247.9608,3424296.0
2018-11-05,91.15,38957.3302,3339203.0
2018-11-06,91.28,38730.8563,2609458.0
2018-11-07,92.59,39286.7001,3672963.0
2018-11-08,88.7,37636.1411,5813292.0
2018-11-09,87.58,37160.9158,4760465.0
2018-11-12,85.97,36477.7796,3901254.0
2018-11-13,83.57,35459.4398,4393121.0
2018-11-14,82.34,34937.5406,5663147.0
2018-11-15,83.27,35332.1473,4288108.0
2018-11-16,83.95,35620.6769,3448084.0
2018-11-19,80.69,34237.432,4040824.0
2018-11-20,78.61,33354.8709,5786906.0
2018-11-21,79.2,33605.2128,4244148.0
2018-11-23,77.03,32684.4639,2105204.0
2018-11-26,78.78,33427.0033,4315514.0
2018-11-27,77.43,32854.1872,4435406.0
2018-11-28,79.42,33698.5606,3914037.0
2018-11-29,79.47,33719.776,3701941.0
2018-11-30,79.9,33902.2285,5685690.0
2018-12-03,81.3,34496.2601,6462782.0
2018-12-04,79.51,33736.7483,6217834.0
2018-12-06,78.84,33452.4618,4711080.0
2018-12-07,75.99,32243.1833,4669786.0
2018-12-10,73.38,31135.7388,7407620.0
2018-12-11,73.27,31089.0649,4749377.0
2018-12-12,73.64,31246.0589,4088986.0
2018-12-13,73.46,31169.6835,4508656.0
2018-12-14,73.3,31101.7941,5021533.0
2018-12-17,72.58,30796.2922,4508478.0
2018-12-18,71.06,30151.3437,4295822.0
2018-12-19,70.98,30117.399,4913136.0
2018-12-20,70.61,29960.405,6304462.0
2018-12-21,71.64,30397.4425,7720434.0
2018-12-24,68.94,29251.8102,3265070.0
2018-12-26,73.31,31106.0372,5828303.0
2018-12-27,74.63,31666.1241,4872771.0
2018-12-28,73.48,31178.1696,4265717.0
2018-12-31,74.97,31810.3889,3817764.0
2019-01-02,75.56,32060.7308,4271897.0
2019-01-03,74.2,31483.6716,3300844.0
2019-01-04,77.01,32675.9777,4364472.0
2019-01-07,77.09,32709.9224,3833621.0
2019-01-08,77.36,32824.4856,3087672.0
2019-01-09,77.29,32794.784,4280194.0
2019-01-10,77.42,32849.9441,3818692.0
2019-01-11,78.47,33295.4677,3607345.0
2019-01-14,78.95,33499.1357,4496294.0
2019-01-15,78.77,33422.7602,3341386.0
2019-01-16,79.0,33520.3511,3957455.0
2019-01-17,80.49,34152.5704,4055995.0
2019-01-18,82.59,35043.6177,5110692.0
2019-01-22,82.01,34797.5189,7602981.0
2019-01-23,79.78,33851.3115,4507521.0
2019-01-24,78.95,33499.1357,5093676.0
2019-01-25,82.19,34873.8944,6463830.0
2019-01-28,81.03,34381.6968,3662006.0
2019-01-29,81.14,34428.3708,3949564.0
2019-01-30,83.28,35336.3904,4688866.0
2019-01-31,87.82,37262.7498,8796722.0
2019-02-01,85.26,36176.5207,5136199.0
2019-02-04,84.79,35977.0958,4448533.0
2019-02-05,85.96,36473.5365,3918446.0
2019-02-06,85.92,36456.5642,2783865.0
2019-02-07,83.91,35603.7046,3114710.0
2019-02-08,84.14,35701.2955,4126577.0
2019-02-11,83.34,35361.8489,3446552.0
2019-02-12,82.33,34933.2976,3083356.0
2019-02-13,83.46,35412.7659,2724960.0
2019-02-14,83.61,35476.4121,2810599.0
2019-02-15,84.4,35811.6156,3929766.0
2019-02-19,84.79,35977.0958,2031360.0
2019-02-20,85.43,36248.6531,3951494.0
2019-02-21,84.48,35845.5603,3207947.0
2019-02-22,85.32,36201.9792,3158088.0
2019-02-25,84.98,36057.7144,2033732.0
2019-02-26,84.41,35815.8587,2146339.0
2019-02-27,83.09,35255.7718,3009729.0
2019-02-28,81.56,34606.5802,3608506.0
2019-03-01,82.89,34616.0648,3103117.0
2019-03-04,82.53,34465.7236,3688817.0
2019-03-05,81.15,33889.4156,3934760.0
2019-03-06,81.35,33972.9385,3444355.0
2019-03-07,80.59,33655.5515,3145850.0
2019-03-08,79.75,33304.7553,4089085.0
2019-03-11,83.48,34862.4574,4375513.0
2019-03-12,83.85,35016.9747,5009869.0
2019-03-13,84.22,35171.4921,4275798.0
2019-03-14,84.94,35472.1745,3545992.0
2019-03-15,85.08,35530.6406,5656967.0
2019-03-18,86.75,36228.0567,3471804.0
2019-03-19,86.43,36094.4201,2946130.0
2019-03-20,86.44,36098.5963,3921774.0
2019-03-21,86.38,36073.4422,2335863.0
2019-03-22,84.63,35342.6188,2877691.0
2019-03-25,85.48,35697.5902,2602687.0
2019-03-26,87.0,36332.3625,3233484.0
2019-03-27,86.02,35923.1014,3460333.0
2019-03-28,84.83,35426.1415,2812793.0
2019-03-29,84.83,35426.1415,3208350.0
2019-04-01,86.43,36094.3229,2919142.0
2019-04-02,84.45,35267.4484,2924724.0
2019-04-03,84.26,35188.1019,2983221.0
2019-04-04,84.35,35225.6871,3267682.0
2019-04-05,86.69,36202.9024,2966668.0
2019-04-08,86.2,35998.2718,2141273.0
2019-04-09,85.11,35543.0732,2419392.0
2019-04-10,88.43,36929.5496,5232378.0
2019-04-11,89.04,37184.2938,3682212.0
2019-04-12,88.41,36921.1973,4003178.0
2019-04-15,87.65,36603.8112,2824572.0
2019-04-16,88.32,36883.6121,2507365.0
2019-04-17,89.42,37342.9868,3209283.0
2019-04-18,88.04,36766.6804,2670278.0
2019-04-22,91.15,38065.4579,3062987.0
2019-04-23,90.28,37702.1343,4232530.0
2019-04-24,87.73,36637.2202,5046412.0
2019-04-25,90.83,37931.8217,6311997.0
2019-04-26,90.08,37618.6116,3008054.0
2019-04-29,89.6,37418.1572,2661834.0
2019-04-30,90.66,37860.8274,3049000.0
2019-05-01,89.77,37489.1515,3881348.0
2019-05-02,88.25,36854.3792,5084728.0
2019-05-03,88.44,36933.7257,2994449.0
2019-05-06,86.39,36077.6183,4741718.0
2019-05-07,84.36,35198.4888,6014934.0
2019-05-08,82.4,34380.6956,4850833.0
2019-05-09,81.74,34105.3162,6662001.0
2019-05-10,83.73,34935.6267,4484078.0
2019-05-13,81.41,33967.6265,3943434.0
2019-05-14,82.96,34614.3508,3389268.0
2019-05-15,83.37,34785.4198,2589581.0
2019-05-16,85.47,35661.6268,3282885.0
2019-05-17,83.71,34927.2819,2553723.0
2019-05-20,82.08,34247.1783,2774091.0
2019-05-21,82.47,34409.9025,3115946.0
2019-05-22,80.35,33525.3506,2942229.0
2019-05-23,75.41,31464.1778,6238043.0
2019-05-24,76.22,31802.1434,3385652.0
2019-05-28,75.09,31330.6606,3709018.0
2019-05-29,74.86,31234.695,3054139.0
2019-05-30,72.87,30404.3845,5119631.0
2019-05-31,70.4,29373.7982,5671011.0
2019-06-03,72.0,30041.3845,3760700.0
2019-06-04,73.85,30813.2812,3135169.0
2019-06-05,73.14,30517.0397,3245445.0
2019-06-06,74.47,31071.9709,3767932.0
2019-06-07,74.73,31180.4536,2847311.0
2019-06-10,75.86,31651.9365,3136428.0
2019-06-11,76.36,31860.5572,2483727.0
2019-06-12,76.5,31918.971,2569218.0
2019-06-13,77.26,32236.0745,2820044.0
2019-06-14,76.76,32027.4538,2084175.0
2019-06-17,76.93,32098.3848,2470138.0
2019-06-18,77.8,32461.3849,2759623.0
2019-06-19,78.16,32611.5918,2316416.0
2019-06-20,79.75,33275.0057,3011751.0
2019-06-21,81.91,34176.2473,6568620.0
2019-06-24,80.76,33696.4196,2558124.0
2019-06-25,81.63,34059.4196,3278668.0
2019-06-26,84.93,35436.3164,5154184.0
2019-06-27,83.93,35019.075,2408516.0
2019-06-28,85.61,35720.0406,3248184.0
2019-07-01,84.25,35152.5922,4565030.0
2019-07-02,80.7,33671.3851,7183249.0
2019-07-03,81.98,34205.4542,2307371.0
2019-07-05,81.84,34147.0403,1653406.0
2019-07-08,81.36,33946.7645,2320503.0
2019-07-09,82.24,34313.9369,2654642.0
2019-07-10,83.4,34797.937,2976838.0
2019-07-11,84.43,35227.6957,2782358.0
2019-07-12,84.75,35361.213,1769638.0
2019-07-15,84.32,35181.7991,2513621.0
2019-07-16,84.21,35135.9026,1772925.0
2019-07-17,83.24,34731.1784,2955343.0
2019-07-18,83.35,34777.0749,2060057.0
2019-07-19,83.65,34902.2474,1903105.0
2019-07-22,84.35,35194.3164,2348625.0
2019-07-23,84.77,35369.5578,2902178.0
2019-07-24,86.17,35953.6958,4002460.0
2019-07-25,83.45,34818.7991,5248713.0
2019-07-26,84.31,35177.6267,2712556.0
2019-07-29,84.03,35060.7991,2013577.0
2019-07-30,84.79,35377.9026,2589774.0
2019-07-31,85.25,35569.8337,3217858.0
2019-08-01,84.34,35190.144,4233921.0
2019-08-02,82.07,34243.0059,3289893.0
2019-08-05,75.78,31618.5572,5976265.0
2019-08-06,76.84,32060.8331,3328294.0
2019-08-07,75.81,31415.9248,4100467.0
2019-08-08,78.76,32638.4149,3474489.0
2019-08-09,78.85,32675.7112,3789660.0
2019-08-12,77.15,31971.2254,2959362.0
2019-08-13,78.74,32630.1269,3127083.0
2019-08-14,76.0,31494.6614,3912389.0
2019-08-15,76.72,31793.0319,3082172.0
2019-08-16,78.12,32373.1967,2697472.0
2019-08-19,79.7,33027.9542,2835404.0
2019-08-20,78.01,32327.6124,2572631.0
2019-08-21,78.4,32489.2297,2409376.0
2019-08-22,77.42,32083.1143,2307637.0
2019-08-23,74.18,30740.4472,3508173.0
2019-08-26,73.71,30545.6776,2912873.0
2019-08-27,71.71,29716.8707,3700509.0
2019-08-28,72.76,30151.9943,2125814.0
2019-08-29,75.24,31179.7148,2660016.0
2019-08-30,75.28,31196.291,2467594.0
2019-09-03,74.57,30902.0645,2388931.0
2019-09-04,74.78,30989.0892,2579139.0
2019-09-05,76.79,31822.0402,4630483.0
2019-09-06,78.13,32377.3408,3036839.0
2019-09-09,79.38,32895.3451,2757037.0
2019-09-10,81.68,33848.473,3634848.0
2019-09-11,82.67,34258.7324,3421704.0
2019-09-12,83.7,34685.5679,3847987.0
2019-09-13,85.53,35443.9262,4410315.0
2019-09-16,82.39,34142.6994,9945793.0
2019-09-17,84.31,34938.354,4599295.0
2019-09-18,83.6,34644.1276,2477368.0
2019-09-19,83.55,34623.4074,2514980.0
2019-09-20,82.85,34333.325,3827588.0
2019-09-23,84.14,34867.9054,2064209.0
2019-09-24,83.1,34436.9259,2870143.0
2019-09-25,83.66,34668.9918,2551422.0
2019-09-26,83.12,34445.2139,2899267.0
2019-09-27,84.44,34992.2265,2861448.0
2019-09-30,85.24,35323.7492,2926232.0
2019-10-01,85.22,35315.4612,3198883.0
2019-10-02,82.8,34312.6048,3352333.0
2019-10-03,83.54,34619.2634,2473974.0
2019-10-04,84.52,35025.3787,2102784.0
2019-10-07,83.42,34569.535,2015878.0
2019-10-08,83.32,34528.0946,2904825.0
2019-10-09,85.07,35253.3006,2798453.0
2019-10-10,85.8,35555.8152,2602222.0
2019-10-11,88.0,36467.5027,3127584.0
2019-10-14,88.53,36687.1365,1382447.0
2019-10-15,89.45,37068.3877,2203631.0
2019-10-16,89.09,36919.2025,2282004.0
2019-10-17,90.1,37337.7499,2549165.0
2019-10-18,91.06,37735.5772,3796365.0
2019-10-21,93.21,38626.5446,3268593.0
2019-10-22,94.17,39024.3719,3108702.0
2019-10-23,93.85,38891.7628,3548936.0
2019-10-24,96.91,40159.8374,4593939.0
2019-10-25,99.27,41137.8295,3899159.0
2019-10-28,100.07,41469.3522,3941667.0
2019-10-29,100.82,41780.1548,3259293.0
2019-10-30,98.81,40947.2039,4187016.0
2019-10-31,96.98,40188.8456,4396556.0
2019-11-01,99.86,41382.3275,2842954.0
2019-11-04,101.24,41954.2043,2482463.0
2019-11-05,101.09,41892.0437,3286226.0
2019-11-06,100.35,41585.3852,2529833.0
2019-11-07,101.4,41640.187,3220809.0
2019-11-08,100.86,41418.4345,2678428.0
2019-11-11,100.68,41344.5171,1901443.0
2019-11-12,100.48,41262.3865,1928254.0
2019-11-13,100.25,41167.9364,2223248.0
2019-11-14,100.82,41402.0084,2288112.0
2019-11-15,100.61,41315.7714,2487576.0
2019-11-18,101.06,41500.5651,2938001.0
2019-11-19,97.62,40087.9197,3641272.0
2019-11-20,97.19,39911.339,4590088.0
2019-11-21,98.41,40412.3354,3127709.0
2019-11-22,97.51,40042.7479,2878014.0
2019-11-25,97.35,39977.0435,3027924.0
2019-11-26,97.44,40014.0022,4971221.0
2019-11-27,97.1,39874.3803,3016679.0
2019-11-29,95.49,39213.2294,1716781.0
2019-12-02,95.6,39258.4012,3172888.0
2019-12-03,93.89,38556.185,3370699.0
2019-12-04,93.21,38276.9411,3897957.0
2019-12-05,92.99,38186.5975,3136070.0
2019-12-06,93.61,38441.2022,3825143.0
2019-12-09,92.52,37993.5908,3322646.0
2019-12-10,94.57,38835.4289,2858390.0
2019-12-11,92.89,38145.5323,3049725.0
2019-12-12,94.53,38819.0028,2495467.0
2019-12-13,93.81,38523.3328,2456386.0
2019-12-16,95.14,39069.5009,3878278.0
2019-12-17,95.68,39291.2534,2972917.0
2019-12-18,94.51,38810.7897,4334260.0
2019-12-19,94.59,38843.6419,2921344.0
2019-12-20,95.27,39122.8858,4801636.0
2019-12-23,95.24,39110.5662,1910321.0
2019-12-24,95.1,39053.0748,559799.0
2019-12-26,94.42,38773.831,1206012.0
2019-12-27,93.2,38272.8346,1752420.0
2019-12-30,92.88,38141.4257,2186825.0
2019-12-31,93.65,38457.6284,1581958.0
2020-01-02,95.13,39065.3944,2087204.0
2020-01-03,91.52,37582.938,5058032.0
2020-01-06,91.53,37587.0446,3393193.0
2020-01-07,92.73,38079.8278,3800671.0
2020-01-08,93.09,38227.6628,4101757.0
2020-01-09,95.18,39085.927,3033336.0
2020-01-10,96.89,39788.1432,3551757.0
2020-01-13,96.25,39525.3255,2703236.0
2020-01-14,95.4,39176.2706,3272144.0
2020-01-15,92.26,37886.8211,4001916.0
2020-01-16,91.98,37771.8383,2829510.0
2020-01-17,91.22,37459.7422,2891815.0
2020-01-21,90.25,37061.4091,3221549.0
2020-01-22,89.62,36802.6978,2129544.0
2020-01-23,89.51,36757.526,2952270.0
2020-01-24,89.26,36654.8629,2580291.0
2020-01-27,85.05,34926.0149,3369666.0
2020-01-28,85.95,35295.6023,2424065.0
2020-01-29,86.46,35505.0352,3478350.0
2020-01-30,88.19,36215.4644,4281405.0
2020-01-31,84.31,34622.1318,6537156.0
2020-02-03,80.25,32954.8817,5190700.0
2020-02-04,81.24,33361.4279,4504401.0
2020-02-05,83.78,34404.4859,3247994.0
2020-02-06,83.27,34195.053,2615075.0
2020-02-07,84.04,34511.2556,2333499.0
2020-02-10,84.37,34646.771,2603021.0
2020-02-11,84.24,34593.3861,1886503.0
2020-02-12,85.04,34921.9083,2543828.0
2020-02-13,83.7,34371.6337,4507592.0
2020-02-14,82.64,33936.3418,2990406.0
2020-02-18,82.52,33887.0634,1856734.0
2020-02-19,83.23,34178.6269,1831540.0
2020-02-20,84.17,34564.6405,2015775.0
2020-02-21,82.9,34043.1115,2085002.0
2020-02-24,78.1,32071.9784,3868672.0
2020-02-25,74.44,30568.9894,4057470.0
2020-02-26,71.72,29452.0139,4702297.0
2020-02-27,66.19,27094.0244,7682400.0
2020-02-28,66.25,27118.5846,7421941.0
2020-03-02,67.87,27781.7107,6526342.0
2020-03-03,64.44,26377.6844,5587919.0
2020-03-04,64.15,26258.9766,6485046.0
2020-03-05,61.7,25256.1007,5918881.0
2020-03-06,63.09,25825.0793,9569551.0
2020-03-09,58.4,23905.2882,12531115.0
2020-03-10,60.45,24744.4293,10516167.0
2020-03-11,54.42,22276.1264,9186682.0
2020-03-12,43.96,17994.4601,14645697.0
2020-03-13,49.9,20425.9226,9700629.0
2020-03-16,41.63,17040.7046,8241788.0
2020-03-17,39.02,15972.3347,8839456.0
2020-03-18,35.02,14334.9862,8900226.0
2020-03-19,37.41,15313.3019,8775973.0
2020-03-20,38.66,15794.3817,9225334.0
2020-03-23,32.62,13326.7649,6535261.0
2020-03-24,34.65,14156.1129,9068445.0
2020-03-25,39.63,16190.6712,8933276.0
2020-03-26,45.6,18629.6898,10057085.0
2020-03-27,45.04,18400.9041,8028656.0
2020-03-30,47.19,19279.2776,7691896.0
2020-03-31,45.36,18531.6388,7426372.0
2020-04-01,41.0,16750.3789,5354588.0
2020-04-02,41.5,16954.6519,8098301.0
2020-04-03,40.34,16480.7387,5313355.0
2020-04-06,46.1,18833.9627,6212957.0
2020-04-07,48.01,19614.2852,7767693.0
2020-04-08,51.6,21080.9647,6830816.0
2020-04-09,50.1,20468.146,7711627.0
2020-04-13,49.7,20304.7277,4668107.0
2020-04-14,50.95,20815.4099,4201006.0
2020-04-15,46.7,19079.0902,5311823.0
2020-04-16,45.0,18384.5623,5133232.0
2020-04-17,51.76,21146.3321,6855738.0
2020-04-20,50.31,20553.9406,5451304.0
2020-04-21,49.45,20202.5912,5692788.0
2020-04-22,50.57,20660.1625,4679518.0
2020-04-23,52.07,21272.9813,5164514.0
2020-04-24,52.5,21448.656,4013871.0
2020-04-27,55.57,22702.8917,3813881.0
2020-04-28,57.87,23642.5471,4570923.0
2020-04-29,66.28,27022.2628,9892376.0
2020-04-30,63.35,25827.7059,6676758.0
2020-05-01,58.76,23956.3694,4667772.0
2020-05-04,63.66,25954.0925,6630059.0
2020-05-05,63.02,25693.1654,6329588.0
2020-05-06,60.91,24832.9214,4405966.0
2020-05-07,61.26,24975.6159,4308211.0
2020-05-08,65.92,26875.4913,4410329.0
2020-05-11,65.57,26732.7968,4981625.0
2020-05-12,63.34,25823.6289,5030747.0
2020-05-13,59.05,24074.602,5721139.0
2020-05-14,59.41,24221.3735,5237860.0
2020-05-15,58.78,23964.5234,3767980.0
2020-05-18,64.35,26235.4045,4422774.0
2020-05-19,64.05,26113.0949,4573396.0
2020-05-20,67.34,27454.4233,5337324.0
2020-05-21,65.73,26798.0286,2959960.0
2020-05-22,65.68,26777.6437,3521123.0
2020-05-26,68.7,28008.8934,4833519.0
2020-05-27,70.18,28612.2873,4359766.0
2020-05-28,67.13,27368.8066,4994313.0
2020-05-29,66.64,27169.0343,4973757.0
2020-06-01,66.58,27144.5724,3894786.0
2020-06-02,68.19,27800.9671,4373919.0
2020-06-03,70.54,28759.0588,4963083.0
2020-06-04,70.05,28559.2865,3391685.0
2020-06-05,74.64,30430.6231,5700919.0
2020-06-08,75.62,30830.1677,4397300.0
2020-06-09,71.27,29056.6788,4902357.0
2020-06-10,69.05,28151.5879,4571153.0
2020-06-11,60.68,24739.1507,6214042.0
2020-06-12,63.79,26007.0933,3575200.0
2020-06-15,63.59,25925.5536,4973847.0
2020-06-16,66.16,26973.339,4047735.0
2020-06-17,62.32,25407.7764,4649795.0
2020-06-18,64.63,26349.5601,3817787.0
2020-06-19,63.16,25750.2432,9539856.0
2020-06-22,62.66,25546.3939,3137993.0
2020-06-23,62.65,25542.3169,2628462.0
2020-06-24,58.02,23654.6724,5688110.0
2020-06-25,57.28,23352.9755,4887040.0
2020-06-26,56.32,22961.5848,4852324.0
2020-06-29,56.95,23218.4349,3637291.0
2020-06-30,58.82,23980.8313,5122887.0
2020-07-01,56.44,23010.5086,3172213.0
2020-07-02,56.34,22969.7388,3834589.0
2020-07-06,56.47,23022.7396,3595922.0
2020-07-07,53.12,21656.9493,6069872.0
2020-07-08,52.98,21599.8715,5539661.0
2020-07-09,50.22,20474.6234,6920887.0
2020-07-10,53.65,21873.0296,5180723.0
2020-07-13,53.23,21701.7962,4305504.0
2020-07-14,54.4,22178.8035,4671105.0
2020-07-15,57.23,23332.5905,3941374.0
2020-07-16,56.58,23067.5864,2530939.0
2020-07-17,55.47,22615.041,3094520.0
2020-07-20,54.33,22150.2646,2329211.0
2020-07-21,57.58,23475.285,4051316.0
2020-07-22,57.07,23267.3588,2741095.0
2020-07-23,57.67,23511.9779,3576137.0
2020-07-24,57.98,23638.3645,2978553.0
2020-07-27,58.03,23658.7494,2678438.0
2020-07-28,56.89,23193.973,3645603.0
2020-07-29,59.69,24335.5291,4510891.0
2020-07-30,56.33,22965.6618,6257320.0
2020-07-31,56.23,22928.1915,5122999.0
2020-08-03,53.91,21982.1946,5397759.0
2020-08-04,53.02,21619.2907,5702931.0
2020-08-05,51.62,21048.4305,5294349.0
2020-08-06,51.48,20991.3445,3924551.0
2020-08-07,52.66,21472.498,3310242.0
2020-08-10,53.55,21835.402,5663272.0
2020-08-11,53.65,21876.1778,4711004.0
2020-08-12,55.12,22475.5809,3139896.0
2020-08-13,53.19,21688.6094,3411036.0
2020-08-14,54.46,22206.4611,3693695.0
2020-08-17,55.6,22671.3044,4335857.0
2020-08-18,54.74,22320.6332,2567465.0
2020-08-19,54.26,22124.9097,3031141.0
2020-08-20,52.7,21488.8083,3796056.0
2020-08-21,52.62,21456.1878,2936814.0
2020-08-24,54.99,22422.5725,3226423.0
2020-08-25,54.25,22120.8321,3380918.0
2020-08-26,53.7,21896.5656,4065177.0
2020-08-27,53.44,21790.5487,3453860.0
2020-08-28,54.89,22381.7968,3805722.0
2020-08-31,52.59,21443.955,4486595.0
2020-09-01,52.47,21395.0242,3200374.0
2020-09-02,52.91,21574.4374,3959523.0
2020-09-03,52.33,21337.9381,3624178.0
2020-09-04,51.22,20885.3276,3700480.0
2020-09-08,48.73,19870.012,4513369.0
2020-09-09,47.75,19470.4098,4490576.0
2020-09-10,45.63,18605.9644,4870767.0
2020-09-11,46.39,18915.8599,3969594.0
2020-09-14,47.51,19372.5481,5927719.0
2020-09-15,46.56,18985.1787,3568431.0
2020-09-16,49.1,20020.8822,6197488.0
2020-09-17,49.0,19980.1064,6633587.0
2020-09-18,48.71,19861.8568,8200354.0
2020-09-21,47.36,19311.3845,6162489.0
2020-09-22,47.42,19335.8499,4799553.0
2020-09-23,44.51,18149.2763,4627472.0
2020-09-24,44.58,18177.8193,3818130.0
2020-09-25,43.92,17908.6995,4687198.0
2020-09-28,44.82,18275.681,3248037.0
2020-09-29,43.41,17700.7433,4385173.0
2020-09-30,43.32,17664.0451,4757086.0
2020-10-01,40.28,16424.463,10606694.0
2020-10-02,40.73,16607.9538,6992108.0
2020-10-05,43.07,17562.1058,5107919.0
2020-10-06,42.33,17260.3654,4450119.0
2020-10-07,42.35,17268.5206,4239591.0
2020-10-08,44.36,18088.1127,3251411.0
2020-10-09,43.64,17794.5274,5618101.0
2020-10-12,43.09,17570.2609,3733438.0
2020-10-13,41.43,16893.3839,3890866.0
2020-10-14,41.71,17007.5559,3693700.0
2020-10-15,41.56,16946.3923,5678644.0
2020-10-16,40.22,16399.9976,5520339.0
2020-10-19,39.29,16020.7833,5086760.0
2020-10-20,40.7,16595.7211,4120614.0
2020-10-21,40.54,16530.4799,5592143.0
2020-10-22,41.28,16832.2203,6565773.0
2020-10-23,41.97,17113.5728,6217208.0
2020-10-26,39.54,16122.7226,4902007.0
2020-10-27,38.26,15600.7933,4886818.0
2020-10-28,36.19,14757.8918,6338213.0
2020-10-29,37.53,15304.3293,5068706.0
2020-10-30,38.61,15744.7417,6550829.0
2020-11-02,39.9,16270.7898,4660187.0
2020-11-03,39.48,16099.5183,4003299.0
2020-11-04,38.97,15891.5458,4643624.0
2020-11-05,39.53,16119.9077,4695021.0
2020-11-06,38.17,15565.3144,4378749.0
2020-11-09,50.08,20422.084,19211580.0
2020-11-10,49.96,20373.1493,8816628.0
2020-11-11,49.79,20303.8251,6325274.0
2020-11-12,47.28,19280.2742,5757321.0
2020-11-13,50.92,20764.6269,5719899.0
2020-11-16,55.67,22701.6257,9029300.0
2020-11-17,54.15,22081.7861,5972240.0
2020-11-18,51.25,20899.1974,5562745.0
2020-11-19,51.21,20882.8858,4768384.0
2020-11-20,50.82,20723.848,3001076.0
2020-11-23,56.09,22872.8972,7371501.0
2020-11-24,58.49,23851.5913,8713532.0
2020-11-25,56.43,23011.5455,4372376.0
2020-11-27,56.62,23089.0255,1754959.0
2020-11-30,53.77,21926.8262,5482242.0
2020-12-01,54.4,22183.7334,4157184.0
2020-12-02,58.07,23680.3198,5275998.0
2020-12-03,57.91,23615.0736,4011300.0
2020-12-04,61.27,24985.2453,5207097.0
2020-12-07,59.46,24247.1468,4659971.0
2020-12-08,58.98,24051.408,4539925.0
2020-12-09,58.8,23978.006,4383272.0
2020-12-10,59.87,24414.3404,3878233.0
2020-12-11,59.03,24071.7975,3768659.0
2020-12-14,56.39,22995.2339,4008373.0
2020-12-15,57.48,23439.7242,3526944.0
2020-12-16,56.92,23211.3622,5016218.0
2020-12-17,56.34,22974.8445,4719476.0
2020-12-18,54.77,22334.6154,10658543.0
2020-12-21,54.05,22041.0072,5343936.0
2020-12-22,53.7,21898.281,4596511.0
2020-12-23,55.79,22750.5604,3282777.0
2020-12-24,55.68,22705.7036,1351987.0
2020-12-28,55.09,22465.108,2450569.0
2020-12-29,55.45,22611.9121,2470851.0
2020-12-30,56.72,23129.8044,2732146.0
2020-12-31,56.57,23068.636,2537652.0
2021-01-04,55.73,22726.0931,3028275.0
2021-01-05,57.32,23374.4779,3946296.0
2021-01-06,58.6,23896.4481,5597253.0
2021-01-07,59.67,24332.7826,3040449.0
2021-01-08,57.71,23533.5157,3913516.0
2021-01-11,58.64,23912.7597,2885560.0
2021-01-12,59.51,24267.5363,3634776.0
2021-01-13,57.7,23529.4378,4433992.0
2021-01-14,60.27,24577.4561,4459475.0
2021-01-15,58.3,23774.1114,3710594.0
2021-01-19,60.54,24687.5592,3941388.0
2021-01-20,60.57,24699.7929,3222750.0
2021-01-21,58.86,24002.4733,3083926.0
2021-01-22,59.45,24243.069,3000070.0
2021-01-25,59.41,24226.7574,3093763.0
2021-01-26,58.15,23712.943,3150281.0
2021-01-27,58.73,23949.4607,4744773.0
2021-01-28,58.33,23786.345,4362964.0
2021-01-29,56.43,23011.5455,5512624.0
2021-02-01,56.24,22934.0656,4159382.0
2021-02-02,57.77,23557.9831,3919214.0
2021-02-03,60.1,24508.1319,5257367.0
2021-02-04,61.06,24899.6096,3643775.0
2021-02-05,61.72,25168.7505,3127513.0
2021-02-08,64.79,26420.6634,4217739.0
2021-02-09,64.59,26339.1055,3864860.0
2021-02-10,65.11,26551.1559,3574087.0
2021-02-11,64.55,26322.794,2505415.0
2021-02-12,64.74,26400.2739,2578124.0
2021-02-16,66.96,27305.566,4645509.0
2021-02-17,68.12,27778.6015,3450064.0
2021-02-18,67.83,27660.3426,3096928.0
2021-02-19,71.53,29169.1627,5783746.0
2021-02-22,74.25,30278.3494,4771794.0
2021-02-23,75.81,30973.1528,4794689.0
2021-02-24,78.16,31933.2756,4578414.0
2021-02-25,78.15,31929.1899,6460839.0
2021-02-26,76.98,31451.1713,5344749.0
2021-03-01,77.8,31786.1929,2974860.0
2021-03-02,76.63,31308.1743,3458491.0
2021-03-03,77.53,31675.8809,4145755.0
2021-03-04,76.37,31201.948,6359348.0
2021-03-05,79.03,32288.7253,4664396.0
2021-03-08,80.56,32913.8265,4834572.0
2021-03-09,76.58,31287.7462,5459639.0
2021-03-10,81.37,33244.7624,4069329.0
2021-03-11,82.48,33698.2672,4254268.0
2021-03-12,82.42,33673.7535,2492152.0
2021-03-15,81.83,33432.7014,2961236.0
2021-03-16,79.32,32407.2085,3793192.0
2021-03-17,79.14,32333.6672,3556920.0
2021-03-18,73.7,30111.0851,6232981.0
2021-03-19,73.7,30125.5709,11305391.0
2021-03-22,72.28,29545.1325,4149070.0
2021-03-23,70.08,28645.8617,4085024.0
2021-03-24,71.78,29340.7527,2895790.0
2021-03-25,72.42,29602.3588,3263150.0
2021-03-26,73.11,29884.4028,2730819.0
2021-03-29,71.86,29373.4535,2406224.0
2021-03-30,71.78,29340.7527,2364872.0
2021-03-31,71.6,29267.176,3014547.0
2021-04-01,75.3,30779.586,3793032.0
2021-04-05,74.62,30501.6296,3820209.0
2021-04-06,74.18,30321.7754,3626069.0
2021-04-07,74.41,30415.7901,2773986.0
2021-04-08,72.88,29790.3881,4285521.0
2021-04-09,71.09,29058.7087,3503575.0
2021-04-12,70.3,28735.7888,3111830.0
2021-04-13,70.28,28727.6136,3951852.0
2021-04-14,72.28,29545.1325,3461322.0
2021-04-15,71.39,29181.3366,2820322.0
2021-04-16,72.5,29635.0595,5629576.0
2021-04-19,70.85,28960.6065,3653883.0
2021-04-20,68.68,28073.5985,4263353.0
2021-04-21,70.3,28735.7888,2644578.0
2021-04-22,68.48,27991.8466,4375150.0
2021-04-23,70.18,28686.7376,3067145.0
2021-04-26,70.52,28825.7158,2142653.0
2021-04-27,71.82,29357.1031,2457882.0
2021-04-28,74.12,30297.2498,3891974.0
2021-04-29,74.86,30599.7318,3792041.0
2021-04-30,73.96,30231.9018,3160607.0
2021-05-03,78.15,31944.6069,4577933.0
2021-05-04,78.16,31948.6945,3802629.0
2021-05-05,80.06,32725.3388,4558024.0
2021-05-06,80.46,32888.8429,2787520.0
2021-05-07,80.49,32901.1057,3186761.0
2021-05-10,79.64,32553.6595,4286215.0
2021-05-11,77.69,31756.5772,3421284.0
2021-05-12,79.97,32688.5504,5653574.0
2021-05-13,78.5,32087.673,3694636.0
2021-05-14,81.21,33195.413,5325563.0
2021-05-17,81.62,33363.0047,3612443.0
2021-05-18,79.58,32529.1339,3046306.0
2021-05-19,77.28,31588.9856,4503595.0
2021-05-20,76.99,31470.4451,3308624.0
2021-05-21,77.2,31556.2847,2826388.0
2021-05-24,78.31,32010.0085,2217038.0
2021-05-25,77.33,31609.4236,3340260.0
2021-05-26,79.09,32328.8414,3333477.0
2021-05-27,80.79,33023.7337,4947669.0
2021-05-28,80.4,32864.3173,2321959.0
2021-06-01,82.18,33591.9104,3153646.0
2021-06-02,84.39,34495.2703,3441329.0
2021-06-03,83.32,34057.8969,3027286.0
2021-06-04,83.24,34025.1961,2979958.0
2021-06-07,82.69,33800.378,2597477.0
2021-06-08,83.26,34033.3713,3197690.0
2021-06-09,81.93,33489.7203,3366293.0
2021-06-10,81.94,33493.8079,2903799.0
2021-06-11,81.29,33228.1138,2194502.0
2021-06-14,81.95,33497.8955,3042309.0
2021-06-15,82.3,33640.9616,2819608.0
2021-06-16,81.46,33297.603,3326590.0
2021-06-17,78.58,32120.3738,3981317.0
2021-06-18,76.02,31073.9477,7077704.0
2021-06-21,79.98,32692.638,3682260.0
2021-06-22,80.98,33101.3982,4484466.0
2021-06-23,80.85,33048.2593,4793464.0
2021-06-24,81.73,33407.9683,4225259.0
2021-06-25,82.09,33555.1219,9568430.0
2021-06-28,77.72,31768.84,6461839.0
2021-06-29,76.92,31441.8319,5199587.0
2021-06-30,78.08,31915.9937,4259827.0
2021-07-01,77.81,31805.6284,4679203.0
2021-07-02,78.07,31911.9061,2980431.0
2021-07-06,74.7,30534.3843,5822189.0
2021-07-07,72.31,29557.4475,8220519.0
2021-07-08,70.26,28719.4892,5815310.0
2021-07-09,72.3,29553.3599,3532411.0
2021-07-12,71.68,29299.9286,2728291.0
2021-07-13,70.47,28805.3288,3394317.0
2021-07-14,67.67,27660.8004,5213701.0
2021-07-15,66.8,27305.179,4787820.0
2021-07-16,64.88,26520.3595,4696630.0
2021-07-19,61.92,25310.4294,7318704.0
2021-07-20,62.57,25576.1235,5525389.0
2021-07-21,64.91,26532.6223,5129675.0
2021-07-22,63.48,25948.0953,3307947.0
2021-07-23,63.71,26042.1101,3964685.0
2021-07-26,65.54,26790.1412,3800199.0
2021-07-27,65.58,26806.4916,4769289.0
2021-07-28,67.3,27509.5591,4606166.0
2021-07-29,67.64,27652.8168,4526813.0
2021-07-30,66.97,27378.9051,3587891.0
2021-08-02,66.4,27145.8758,4398363.0
2021-08-03,69.01,28212.9049,4367166.0
2021-08-04,64.18,26238.2877,6121236.0
2021-08-05,65.71,26863.7876,3311982.0
2021-08-06,66.5,27186.7581,2850978.0
2021-08-09,66.0,26982.3464,2736320.0
2021-08-10,66.9,27350.2875,3721137.0
2021-08-11,66.84,27325.7581,4869417.0
2021-08-12,67.25,27493.3757,1905057.0
2021-08-13,66.25,27084.5522,1944195.0
2021-08-16,64.54,26385.4642,2993513.0
2021-08-17,63.51,25964.376,3256770.0
2021-08-18,62.24,25445.1703,3082602.0
2021-08-19,60.24,24627.5234,5267936.0
2021-08-20,60.2,24611.1705,4871041.0
2021-08-23,63.11,25800.8467,4826286.0
2021-08-24,65.23,26667.5523,3833670.0
2021-08-25,66.34,27121.3463,3064648.0
2021-08-26,65.46,26761.5817,2726012.0
2021-08-27,67.11,27436.1404,3200349.0
2021-08-30,66.02,26990.5228,2653287.0
2021-08-31,66.31,27109.0816,6113151.0
2021-09-01,63.95,26144.2583,5186884.0
2021-09-02,65.2,26655.2876,3503394.0
2021-09-03,64.7,26450.8759,2091932.0
2021-09-07,65.52,26786.1111,3021897.0
2021-09-08,63.7,26042.0525,3396751.0
2021-09-09,63.54,25976.6407,2827854.0
2021-09-10,63.41,25923.4937,3212121.0
2021-09-13,66.18,27055.9346,4432782.0
2021-09-14,64.7,26450.8759,2956348.0
2021-09-15,66.51,27190.8463,4031971.0
2021-09-16,65.46,26761.5817,2308125.0
2021-09-17,65.6,26818.817,4780533.0
2021-09-20,62.97,25743.6114,3801882.0
2021-09-21,63.32,25886.6996,3019560.0
2021-09-22,65.32,26704.3464,4729307.0
2021-09-23,67.17,27460.6698,3373788.0
2021-09-24,67.63,27648.7286,2297939.0
2021-09-27,70.78,28936.5224,5049566.0
2021-09-28,71.17,29095.9635,4656729.0
2021-09-29,70.31,28744.3754,2820968.0
2021-09-30,70.57,28850.6695,4088773.0
2021-10-01,73.62,30097.5809,5098837.0
2021-10-04,75.02,30669.9337,4074465.0
2021-10-05,74.3,30375.5808,4785457.0
2021-10-06,75.37,30813.0219,4529377.0
2021-10-07,75.9,31029.6983,3904624.0
2021-10-08,78.6,32133.5216,3476795.0
2021-10-11,77.8,31806.4629,4028870.0
2021-10-12,78.92,32264.3451,2567851.0
2021-10-13,78.14,31945.4628,3072965.0
2021-10-14,79.17,32366.551,2533405.0
2021-10-15,78.66,32158.051,2568345.0
2021-10-18,78.13,31941.3746,3525362.0
2021-10-19,80.15,32767.1979,3560463.0
2021-10-20,81.04,33131.0508,3897415.0
2021-10-21,82.0,33523.5213,4558519.0
2021-10-22,80.99,33110.6096,3923659.0
2021-10-25,82.69,33805.6094,2730625.0
2021-10-26,81.88,33474.4624,2363263.0
2021-10-27,78.67,32163.0978,3180245.0
2021-10-28,78.46,32077.2424,3366054.0
2021-10-29,77.33,31615.2581,4783990.0
2021-11-01,78.02,31897.3547,3375295.0
2021-11-02,75.86,31014.2698,3913054.0
2021-11-03,75.88,31022.4465,4436215.0
2021-11-04,76.35,31214.5992,3475100.0
2021-11-05,77.92,31856.4711,3492629.0
2021-11-08,77.78,31799.2341,2701994.0
2021-11-09,78.25,31991.3869,3519902.0
2021-11-10,76.86,31423.1054,3523615.0
2021-11-11,77.22,31570.2862,2710394.0
2021-11-12,76.58,31308.6314,2847024.0
2021-11-15,77.35,31623.4348,4343083.0
2021-11-16,77.94,31864.6478,4544201.0
2021-11-17,73.45,30028.9759,4190428.0
2021-11-18,72.96,29828.6465,3985145.0
2021-11-19,69.07,28238.2759,5477544.0
2021-11-22,70.65,28884.2362,3631729.0
2021-11-23,72.55,29661.0239,3418275.0
2021-11-24,72.95,29824.5581,3636989.0
2021-11-26,68.01,27804.9102,5674446.0
2021-11-29,68.17,27870.3239,3889641.0
2021-11-30,66.94,27367.4561,9927907.0
2021-12-01,67.31,27518.7252,5872680.0
2021-12-02,71.17,29096.8307,5242754.0
2021-12-03,69.71,28499.9307,4134236.0
2021-12-06,70.41,28786.1157,2575734.0
2021-12-07,71.63,29284.8951,3384114.0
2021-12-08,70.72,28912.8547,2674541.0
2021-12-09,70.31,28745.2321,3247008.0
2021-12-10,70.85,28966.0033,2194231.0
2021-12-13,68.22,27890.7657,2859793.0
2021-12-14,68.19,27878.5006,2694005.0
2021-12-15,68.24,27898.9424,3136429.0
2021-12-16,68.75,28107.4485,3030689.0
2021-12-17,68.69,28082.9184,5213447.0
2021-12-20,68.69,28082.9184,4400760.0
2021-12-21,71.32,29158.1561,4584991.0
2021-12-22,71.3,29149.9793,1856921.0
2021-12-23,71.73,29325.7787,3644157.0
2021-12-27,73.13,29898.1485,2220065.0
2021-12-28,74.5,30458.2533,2784850.0
2021-12-29,74.65,30519.5787,2778119.0
2021-12-30,74.28,30368.3095,2202026.0
2021-12-31,75.11,30707.643,2478088.0
2022-01-03,77.14,31537.5793,3568275.0
2022-01-04,78.51,32097.6841,4171720.0
2022-01-05,78.2,31970.9451,3999807.0
2022-01-06,80.16,32772.2629,4248163.0
2022-01-07,81.0,33115.6848,3723186.0
2022-01-10,81.03,33127.9499,3975934.0
2022-01-11,83.85,34280.8663,4174131.0
2022-01-12,84.37,34493.4608,3192545.0
2022-01-13,83.36,34080.5369,3033147.0
2022-01-14,85.2,34832.7944,3121437.0
2022-01-18,85.64,35012.6821,3514079.0
2022-01-19,84.21,34428.0471,2786852.0
2022-01-20,81.41,33283.3074,3868776.0
2022-01-21,79.29,32416.5759,5994934.0
2022-01-24,78.59,32130.391,5075821.0
2022-01-25,81.16,33181.0985,4948080.0
2022-01-26,81.3,33238.3355,4132216.0
2022-01-27,81.98,33516.3437,5823139.0
2022-01-28,81.41,33283.3074,4647850.0
2022-01-31,82.97,33921.091,4649374.0
2022-02-01,86.55,35384.7225,6046778.0
2022-02-02,86.61,35409.2526,4797194.0
2022-02-03,85.09,34787.8225,3121908.0
2022-02-04,86.7,35446.0478,3717493.0
2022-02-07,89.63,36643.9362,5173835.0
2022-02-08,88.49,36177.8636,3128643.0
2022-02-09,88.84,36320.956,2464579.0
2022-02-10,89.89,36750.2334,5166474.0
2022-02-11,92.0,37612.8766,6433645.0
2022-02-14,89.72,36680.7314,4349108.0
2022-02-15,88.53,36194.217,3627859.0
2022-02-16,88.04,35993.8875,4920065.0
2022-02-17,87.04,35585.0519,3024436.0
2022-02-18,86.72,35454.2245,2655706.0
2022-02-22,85.84,35134.6236,3638807.0
2022-02-23,86.35,35343.3685,3544179.0
2022-02-24,83.84,34316.0163,5802176.0
2022-02-25,84.87,34737.5991,3275398.0
2022-02-28,83.51,34180.9461,6226911.0
2022-03-01,80.63,33002.1517,5799248.0
2022-03-02,83.62,34225.9695,4917697.0
2022-03-03,84.19,34459.2726,3359026.0
2022-03-04,85.98,35191.9261,5881917.0
2022-03-07,84.01,34385.598,5611660.0
2022-03-08,90.54,37058.3507,10814282.0
2022-03-09,87.14,35666.7183,7787144.0
2022-03-10,89.58,36665.4192,4537405.0
2022-03-11,91.67,37520.8638,6776752.0
2022-03-14,90.55,37062.4437,4746960.0
2022-03-15,84.41,34549.3194,6187563.0
2022-03-16,84.94,34766.2503,3399906.0
2022-03-17,89.09,36464.8604,4175658.0
2022-03-18,90.43,37023.5542,7593157.0
2022-03-21,94.26,38591.6202,4735685.0
2022-03-22,93.59,38317.311,3529676.0
2022-03-23,95.52,39107.4853,3968302.0
2022-03-24,96.44,39484.1487,3398805.0
2022-03-25,97.25,39815.7762,3213612.0
2022-03-28,96.37,39455.4895,3087485.0
2022-03-29,96.68,39582.4087,2898543.0
2022-03-30,100.5,41146.3806,4192629.0
2022-03-31,101.54,41572.174,5261458.0
2022-04-01,101.27,41461.6314,3301770.0
2022-04-04,100.74,41244.6406,2668209.0
2022-04-05,101.46,41539.4206,3818663.0
2022-04-06,103.3,42292.7474,3994341.0
2022-04-07,103.33,42305.0299,3700012.0
2022-04-08,103.22,42259.994,3291393.0
2022-04-11,100.9,41310.1472,3706109.0
2022-04-12,100.79,41265.1114,4189877.0
2022-04-13,103.94,42554.7741,3899946.0
2022-04-14,104.86,42931.4375,3794052.0
2022-04-18,110.35,45179.1353,4813254.0
2022-04-19,107.74,44110.5576,5141828.0
2022-04-20,108.07,44245.6651,3289945.0
2022-04-21,104.91,42951.9083,3977474.0
2022-04-22,103.05,42190.3932,3767670.0
2022-04-25,100.88,41301.9589,6651216.0
2022-04-26,105.14,43046.0742,6731757.0
2022-04-27,109.51,44835.2252,5539728.0
2022-04-28,115.53,47147.3789,6427737.0
2022-04-29,111.48,45494.5885,5963426.0
2022-05-02,116.6,47584.0421,6708010.0
2022-05-03,121.4,49542.9049,5823689.0
2022-05-04,128.23,52330.2034,8342132.0
2022-05-05,125.83,51350.772,5800958.0
2022-05-06,129.18,52717.895,4400077.0
2022-05-09,118.45,48339.0205,8179467.0
2022-05-10,120.97,49367.4234,7048782.0
2022-05-11,120.42,49142.9704,5003816.0
2022-05-12,120.41,49138.8895,3800118.0
2022-05-13,124.7,50889.6231,3800670.0
2022-05-16,127.78,52146.56,4599131.0
2022-05-17,128.06,52260.827,5185010.0
2022-05-18,124.68,50881.4611,5436895.0
2022-05-19,124.26,50710.0607,5401672.0
2022-05-20,122.98,50187.6972,5095658.0
2022-05-23,123.96,50587.6317,5266164.0
2022-05-24,124.21,50689.6558,3677628.0
2022-05-25,127.34,51966.9976,5677219.0
2022-05-26,128.12,52285.3128,4887390.0
2022-05-27,131.81,53791.1886,4518938.0
2022-05-31,129.6,52889.2955,6325340.0
2022-06-01,132.55,54093.1799,3974008.0
2022-06-02,133.62,54529.8431,4476110.0
2022-06-03,135.42,55264.4167,4860393.0
2022-06-06,138.69,56598.8919,4451162.0
2022-06-07,145.08,59206.628,5637709.0
2022-06-08,143.77,58672.0217,5828241.0
2022-06-09,143.41,58525.107,4332439.0
2022-06-10,140.51,57341.6274,4771161.0
2022-06-13,131.61,53709.5693,6435937.0
2022-06-14,133.75,54582.8956,5183534.0
2022-06-15,128.3,52358.7702,8490716.0
2022-06-16,118.74,48457.3684,10800561.0
2022-06-17,112.44,45886.361,15530906.0
2022-06-21,116.47,47530.9896,8833485.0
2022-06-22,113.13,46167.9475,8295345.0
2022-06-23,104.53,42658.3184,10350240.0
2022-06-24,103.93,42413.4605,15070026.0
2022-06-27,112.24,45804.7417,8892259.0
2022-06-28,116.25,47441.2084,8610932.0
2022-06-29,108.85,44421.2949,5579247.0
2022-06-30,106.28,43372.4871,6085063.0
2022-07-01,107.98,44066.251,4355371.0
2022-07-05,103.59,42274.7077,5316800.0
2022-07-06,101.71,41507.4865,5496182.0
2022-07-07,106.34,43396.9729,4351377.0
2022-07-08,107.03,43678.5594,3675210.0
2022-07-11,107.79,43988.7127,2942503.0
2022-07-12,104.86,42792.9902,3152460.0
2022-07-13,102.39,41784.992,3118791.0
2022-07-14,100.78,41127.9568,5118144.0
2022-07-15,104.59,42682.8041,2791874.0
2022-07-18,106.31,43384.73,3145181.0
2022-07-19,108.74,44376.4043,2933521.0
2022-07-20,109.28,44596.7763,2720617.0
2022-07-21,104.15,42503.2417,4933822.0
2022-07-22,104.02,42450.1892,3855275.0
2022-07-25,109.32,44613.1002,3740243.0
2022-07-26,107.63,43923.4173,2853083.0
2022-07-27,111.5,45502.7504,4220462.0
2022-07-28,109.51,43143.6922,6920523.0
2022-07-29,110.77,43640.0948,6066745.0
2022-08-01,110.65,43592.8183,3960743.0
2022-08-02,112.99,44514.7089,4282630.0
2022-08-03,107.81,42473.9426,5096158.0
2022-08-04,104.33,41102.9258,5451764.0
2022-08-05,104.99,41362.9462,3680514.0
2022-08-08,106.39,41914.5047,2959626.0
2022-08-09,110.67,43600.6977,3535809.0
2022-08-10,111.76,44030.1254,4384969.0
2022-08-11,114.09,44948.0763,3752253.0
2022-08-12,115.19,45381.4437,2413259.0
2022-08-15,111.95,44104.9798,3822595.0
2022-08-16,113.31,44640.7795,3353089.0
2022-08-17,117.75,46390.0078,4093895.0
2022-08-18,118.79,46799.7369,4531926.0
2022-08-19,118.55,46705.184,2667491.0
2022-08-22,119.13,46933.6868,2774196.0
2022-08-23,122.11,48107.7185,3179355.0
2022-08-24,122.12,48111.6582,3423826.0
2022-08-25,123.36,48600.1814,4014746.0
2022-08-26,121.88,48017.1053,3077325.0
2022-08-29,123.42,48623.8196,3335964.0
2022-08-30,118.03,46500.3195,4032732.0
2022-08-31,117.12,46141.8065,4688049.0
2022-09-01,110.64,43588.8786,4500671.0
2022-09-02,113.82,44841.7043,3772561.0
2022-09-06,112.78,44431.9752,2637582.0
2022-09-07,112.62,44368.9399,3052773.0
2022-09-08,111.93,44097.1004,2714159.0
2022-09-09,113.32,44644.7192,2595471.0
2022-09-12,114.25,45011.1116,2516381.0
2022-09-13,111.33,43860.7182,2936945.0
2022-09-14,109.59,43175.2098,5043611.0
2022-09-15,105.16,41429.9212,6351636.0
2022-09-16,104.46,41154.1419,10339917.0
2022-09-19,104.67,41236.8757,3491617.0
2022-09-20,107.42,42320.2941,4195946.0
2022-09-21,105.53,41575.6902,4301266.0
2022-09-22,107.59,42387.2691,3026755.0
2022-09-23,100.57,39621.5973,5809056.0
2022-09-26,97.89,38565.7568,4691737.0
2022-09-27,101.17,39857.9795,3256421.0
2022-09-28,108.8,42863.9732,4073925.0
2022-09-29,107.24,42249.3795,3152869.0
2022-09-30,106.85,42095.731,3718455.0
2022-10-03,112.31,44246.8091,3970428.0
2022-10-04,117.58,46323.0328,4324775.0
2022-10-05,118.09,46523.9577,4207242.0
2022-10-06,119.22,46969.1442,2857988.0
2022-10-07,113.78,44825.9455,4557800.0
2022-10-10,110.86,43675.5521,3494714.0
2022-10-11,109.69,43214.6068,2874879.0
2022-10-12,115.2,45385.3834,4252330.0
2022-10-13,120.86,47615.2555,4495623.0
2022-10-14,114.12,44959.8954,3738269.0
2022-10-17,115.5,45503.5745,3712404.0
2022-10-18,117.7,46370.3093,4929378.0
2022-10-19,123.96,48836.5636,4692945.0
2022-10-20,124.44,49025.6694,4177617.0
2022-10-21,127.74,50325.7715,3401944.0
2022-10-24,129.22,50908.8476,4595984.0
2022-10-25,126.8,49955.4394,4396353.0
2022-10-26,126.74,48861.2203,3307876.0
2022-10-27,128.27,49451.0709,3488577.0
2022-10-28,125.98,48568.2226,3505129.0
2022-10-31,125.55,48402.4476,4265069.0
2022-11-01,130.0,50118.0261,3973984.0
2022-11-02,125.83,48510.3941,4057301.0
2022-11-03,129.71,50006.2244,3218890.0
2022-11-04,128.72,49624.5563,3203978.0
2022-11-07,131.78,50804.2576,3767934.0
2022-11-08,132.25,50985.4535,3736876.0
2022-11-09,128.0,49346.9796,4125891.0
2022-11-10,132.45,51062.5582,2916284.0
2022-11-11,133.96,51644.6983,4438213.0
2022-11-14,136.8,52739.5844,4593674.0
2022-11-15,140.71,54246.9804,4765766.0
2022-11-16,135.53,52249.9699,4649672.0
2022-11-17,137.91,53167.5153,2900030.0
2022-11-18,137.62,53055.7135,3388274.0
2022-11-21,135.96,52415.7449,3927479.0
2022-11-22,141.98,54736.595,3134360.0
2022-11-23,139.21,53668.6955,2878324.0
2022-11-25,138.4,53356.4217,998236.0
2022-11-28,134.84,51983.9588,3393929.0
2022-11-29,135.2,52122.7472,4075754.0
2022-11-30,133.62,51513.6204,8274270.0
2022-12-01,132.03,50900.6384,4563399.0
2022-12-02,127.07,48988.4429,5487993.0
2022-12-05,120.96,46632.8957,5081170.0
2022-12-06,118.86,45823.2968,4494794.0
2022-12-07,120.19,46336.0428,4990411.0
2022-12-08,116.9,45067.6712,4984321.0
2022-12-09,114.65,44200.2438,4975060.0
2022-12-12,120.66,46517.2387,5807324.0
2022-12-13,120.53,46467.1207,3828781.0
2022-12-14,119.73,46158.7021,3607828.0
2022-12-15,119.92,46231.9515,3234506.0
2022-12-16,119.37,46019.9137,6945904.0
2022-12-19,119.71,46150.9916,3260773.0
2022-12-20,121.88,46987.5771,3156260.0
2022-12-21,122.68,47295.9957,3040126.0
2022-12-22,119.62,46116.2945,3037881.0
2022-12-23,124.37,47947.5301,3270406.0
2022-12-27,126.41,48733.9976,3484446.0
2022-12-28,125.35,48325.3429,3856285.0
2022-12-29,126.32,48699.3005,2456773.0
2022-12-30,126.86,48907.483,2043533.0
2023-01-03,120.04,46278.2143,3671585.0
2023-01-04,119.62,46116.2945,3283770.0
2023-01-05,126.59,48803.3918,4974643.0
2023-01-06,127.56,49177.3493,4818820.0
2023-01-09,128.58,49570.5831,4438557.0
2023-01-10,132.01,50892.9279,3518096.0
2023-01-11,133.6,51505.9099,4172549.0
2023-01-12,135.32,52169.01,3269557.0
2023-01-13,136.13,52481.2838,2603965.0
2023-01-17,137.61,53051.8583,2781060.0
2023-01-18,135.52,52246.1146,3564358.0
2023-01-19,138.47,53383.4083,3224866.0
2023-01-20,142.73,55025.7375,3709802.0
2023-01-23,143.08,55160.6706,3908311.0
2023-01-24,145.03,55912.441,3142401.0
2023-01-25,143.35,55264.7619,2955948.0
2023-01-26,149.96,57813.0708,4708086.0
2023-01-27,143.21,55210.7886,3638503.0
2023-01-30,140.19,54046.5083,2991348.0
2023-01-31,140.03,53984.8246,5427278.0
2023-02-01,136.23,52519.8362,4159196.0
2023-02-02,133.05,51293.8721,4171067.0
2023-02-03,131.73,50784.9814,3027312.0
2023-02-06,128.09,49381.6767,4401832.0
2023-02-07,134.52,51860.5914,3591355.0
2023-02-08,134.12,51706.382,4991051.0
2023-02-09,132.62,51128.0971,3822410.0
2023-02-10,140.73,54254.6909,4815438.0
2023-02-13,139.8,53896.1543,3072456.0
2023-02-14,139.69,53853.7467,3030268.0
2023-02-15,136.37,52573.8094,3978195.0
2023-02-16,133.97,51648.5536,2589829.0
2023-02-17,129.61,49967.6721,3380213.0
2023-02-21,132.2,50966.1774,3343519.0
2023-02-22,130.69,50384.0372,3245372.0
2023-02-23,132.43,49151.5052,2620472.0
2023-02-24,132.75,49270.2735,3012958.0
2023-02-27,135.05,50123.9204,2901945.0
2023-02-28,131.73,48891.6996,5428040.0
2023-03-01,139.29,51697.5999,5042214.0
2023-03-02,139.23,51675.3309,3473421.0
2023-03-03,141.17,52395.3635,3703897.0
2023-03-06,139.69,51846.0603,3413871.0
2023-03-07,136.96,50832.8185,3577673.0
2023-03-08,132.77,49277.6965,5029789.0
2023-03-09,132.28,49095.8326,4913020.0
2023-03-10,132.16,49051.2945,3856020.0
2023-03-13,128.11,47548.1336,5199221.0
2023-03-14,131.62,48850.873,4717274.0
2023-03-15,124.33,46145.1834,8770720.0
2023-03-16,127.17,47199.2518,7040750.0
2023-03-17,126.37,46902.3311,13800928.0
2023-03-20,128.91,47845.0543,5343766.0
2023-03-21,132.19,49062.429,6393185.0
2023-03-22,131.77,48906.5457,3909974.0
2023-03-23,130.38,47958.9982,3793722.0
2023-03-24,129.26,47547.0173,4362297.0
2023-03-27,131.88,48510.7585,4003945.0
2023-03-28,136.02,50033.6167,4099683.0
2023-03-29,136.95,50375.708,4453867.0
2023-03-30,137.02,50401.4568,3254678.0
2023-03-31,139.6,51350.4844,3330602.0
2023-04-03,138.53,50956.8954,6276124.0
2023-04-04,127.43,46873.8698,8945015.0
2023-04-05,135.09,49691.5253,8034228.0
2023-04-06,132.59,48771.925,3170466.0
2023-04-10,135.1,49695.2037,2369600.0
2023-04-11,136.71,50287.4264,2476263.0
2023-04-12,133.72,49187.5843,2968706.0
2023-04-13,133.13,48970.5586,3223081.0
2023-04-14,131.86,48503.4017,2463365.0
2023-04-17,128.3,47193.8907,3525909.0
2023-04-18,127.11,46756.161,3827964.0
2023-04-19,124.4,45759.3142,4409216.0
2023-04-20,122.95,45225.946,3966550.0
2023-04-21,119.63,44004.7167,6644645.0
2023-04-24,120.0,44140.8175,5268600.0
2023-04-25,117.85,43349.9612,4058270.0
2023-04-26,116.64,42904.8746,5711833.0
2023-04-27,114.64,41444.303,7742723.0
2023-04-28,114.67,41455.1485,4042843.0
2023-05-01,115.41,41722.6711,3054252.0
2023-05-02,110.78,40048.8476,4598310.0
2023-05-03,107.06,38704.0046,4871926.0
2023-05-04,104.31,37709.833,5083917.0
2023-05-05,107.04,38696.7742,3872185.0
2023-05-08,107.38,38819.69,3179997.0
2023-05-09,108.4,39188.4373,4146013.0
2023-05-10,111.01,40131.9965,6454130.0
2023-05-11,110.66,40005.4656,4411430.0
2023-05-12,110.52,39954.8532,3526776.0
2023-05-15,112.91,40818.8787,4611965.0
2023-05-16,109.64,39636.7183,4956126.0
2023-05-17,112.1,40526.05,4231438.0
2023-05-18,111.55,40327.2157,4692252.0
2023-05-19,111.27,40225.9909,3708266.0
2023-05-22,112.79,40775.4967,3819493.0
2023-05-23,112.5,40670.6568,5606652.0
2023-05-24,114.79,41498.5306,4179174.0
2023-05-25,113.18,40916.4883,4426948.0
2023-05-26,113.82,41147.8591,3087459.0
2023-05-30,111.66,40366.9825,3515336.0
2023-05-31,107.04,38696.7742,11087040.0
2023-06-01,105.93,38295.4904,5241697.0
2023-06-02,109.27,39502.957,4709591.0
2023-06-05,107.39,38823.3052,4589267.0
2023-06-06,109.27,39502.957,3894949.0
2023-06-07,113.52,41039.4041,5141089.0
2023-06-08,112.44,40648.9657,5158750.0
2023-06-09,113.39,40992.4068,3143687.0
2023-06-12,113.08,40880.3366,4114018.0
2023-06-13,113.08,40880.3366,3710032.0
2023-06-14,111.83,40428.4404,3399708.0
2023-06-15,114.03,41223.7777,3873663.0
2023-06-16,114.21,41288.8507,9938997.0
2023-06-20,110.96,40113.9207,4058161.0
2023-06-21,111.62,40352.5218,3776246.0
2023-06-22,110.39,39907.856,3122330.0
2023-06-23,111.3,40236.8364,5722529.0
2023-06-26,112.99,40847.8001,3152491.0
2023-06-27,115.35,41700.9801,3740683.0
2023-06-28,115.69,41823.8958,2506083.0
2023-06-29,116.61,42156.4914,2272785.0
2023-06-30,117.3,42405.9381,2975707.0
2023-07-03,117.43,42452.9353,1466093.0
2023-07-05,116.75,42207.1038,2753291.0
2023-07-06,113.46,41017.713,4178251.0
2023-07-07,114.88,41531.0671,4587860.0
2023-07-10,112.61,40710.4236,4199291.0
2023-07-11,115.95,41917.8902,3683352.0
2023-07-12,115.04,41588.9098,3032903.0
2023-07-13,115.51,41758.8228,2966115.0
2023-07-14,113.48,41024.9434,2335397.0
2023-07-17,113.71,41108.0923,2968663.0
2023-07-18,115.42,41726.2863,2858729.0
2023-07-19,118.02,42666.2303,2797306.0
2023-07-20,120.73,43645.9413,3947242.0
2023-07-21,122.99,44462.9696,3556638.0
2023-07-24,125.71,45446.2957,4398075.0
2023-07-25,124.54,45023.3208,3398231.0
2023-07-26,126.18,45616.2086,3849501.0
2023-07-27,125.47,44307.5825,4422618.0
2023-07-28,129.07,45578.8608,2958961.0
2023-07-31,128.91,45522.3596,4360181.0
2023-08-01,128.77,45472.921,3353219.0
2023-08-02,126.31,44604.2141,4190656.0
2023-08-03,125.6,44353.4897,3446500.0
2023-08-04,126.89,44809.0311,2665089.0
2023-08-07,129.29,45656.5501,3045800.0
2023-08-08,131.34,46380.4725,4119026.0
2023-08-09,133.95,47302.1493,3898036.0
2023-08-10,134.86,47623.5002,3738741.0
2023-08-11,139.06,49106.6583,3420638.0
2023-08-14,136.5,48202.6381,3410307.0
2023-08-15,131.14,46309.8459,4969614.0
2023-08-16,130.94,46239.2193,3502729.0
2023-08-17,132.02,46620.6028,3311057.0
2023-08-18,133.58,47171.4901,3012091.0
2023-08-21,131.16,46316.9085,3734002.0
2023-08-22,130.89,46221.5627,2563838.0
2023-08-23,129.37,45684.8007,4025780.0
2023-08-24,129.46,45716.5826,2764701.0
2023-08-25,133.12,47009.049,5167228.0
2023-08-28,131.6,46472.287,2680112.0
2023-08-29,131.39,46398.1291,3041769.0
2023-08-30,131.45,46419.3171,3167882.0
2023-08-31,129.9,45871.9611,4154274.0
2023-09-01,133.58,47171.4901,2999619.0
2023-09-05,133.12,47009.049,2997563.0
2023-09-06,134.03,47330.3999,3163409.0
2023-09-07,136.25,48114.3549,3691544.0
2023-09-08,142.06,50166.0569,5147053.0
2023-09-11,143.74,50759.3202,5554923.0
2023-09-12,146.26,51649.215,4273891.0
2023-09-13,145.48,51373.7714,3185010.0
2023-09-14,145.95,51539.7438,3737702.0
2023-09-15,143.68,50738.1322,8067973.0
2023-09-18,146.28,51656.2777,4418418.0
2023-09-19,142.66,50377.9367,4568950.0
2023-09-20,142.97,50487.4079,3720415.0
2023-09-21,146.3,51663.3403,6814025.0
2023-09-22,145.27,51299.6135,4114807.0
2023-09-25,146.54,51748.0922,3241861.0
2023-09-26,141.58,49996.5532,4936809.0
2023-09-27,143.95,50833.4781,3643911.0
2023-09-28,147.18,51974.0973,3587272.0
2023-09-29,141.71,50042.4604,4302381.0
2023-10-02,138.09,48764.1194,4109678.0
2023-10-03,133.58,47171.4901,5762095.0
2023-10-04,128.67,45437.6077,4097008.0
2023-10-05,127.48,45017.3795,3399518.0
2023-10-06,126.53,44681.9033,2829540.0
2023-10-09,126.95,44830.2191,3798919.0
2023-10-10,130.21,45981.4323,3998884.0
2023-10-11,129.6,45766.0212,3012255.0
2023-10-12,126.23,44575.9634,3961728.0
2023-10-13,126.05,44512.3995,3826148.0
2023-10-16,129.2,45624.7681,2851978.0
2023-10-17,130.72,46161.5301,2277867.0
2023-10-18,134.03,47330.3999,3780419.0
2023-10-19,132.42,46761.856,2998627.0
2023-10-20,131.18,46323.9712,3075851.0
2023-10-23,130.73,46165.0614,2748975.0
2023-10-24,128.8,45483.5149,2913443.0
2023-10-25,126.86,44798.4372,3056167.0
2023-10-26,125.36,42679.1808,3992585.0
2023-10-27,123.56,42066.3655,3674533.0
2023-10-30,124.24,42297.8735,2925365.0
2023-10-31,127.0,43237.5236,3914769.0
2023-11-01,127.73,43486.0543,3741669.0
2023-11-02,128.96,43904.8114,3569486.0
2023-11-03,126.43,43043.4655,3297755.0
2023-11-06,125.82,42835.7892,2073056.0
2023-11-07,123.05,41892.7345,2641455.0
2023-11-08,121.58,41392.2687,3278182.0
2023-11-09,119.92,40827.1168,2553262.0
2023-11-10,122.67,41763.3624,2966380.0
2023-11-13,124.27,42308.0871,2831893.0
2023-11-14,126.08,42924.3069,2847491.0
2023-11-15,126.7,43135.3878,3239145.0
2023-11-16,121.92,41508.0227,3365841.0
2023-11-17,124.11,42253.6146,3132772.0
2023-11-20,124.73,42464.6955,2324620.0
2023-11-21,123.17,41933.5889,2369905.0
2023-11-22,125.36,42679.1808,2631263.0
2023-11-24,124.96,42542.9996,1204878.0
2023-11-27,125.61,42764.294,2454979.0
2023-11-28,125.24,42638.3265,2045460.0
2023-11-29,124.08,42243.401,3180533.0
2023-11-30,125.36,42679.1808,4460737.0
2023-12-01,126.38,43026.4428,2516478.0
2023-12-04,126.46,43053.679,2960032.0
2023-12-05,125.65,42777.9122,3128594.0
2023-12-06,122.73,41783.7896,3454113.0
2023-12-07,122.07,41559.0906,3277746.0
2023-12-08,122.74,41787.1941,2176131.0
2023-12-11,123.48,42039.1293,3293457.0
2023-12-12,120.9,41160.7607,4041742.0
2023-12-13,124.8,42488.5272,4238393.0
2023-12-14,129.18,43979.711,4415302.0
2023-12-15,128.57,43772.0348,9641837.0
2023-12-18,131.92,44912.5521,3621111.0
2023-12-19,133.6,45484.5131,3741345.0
2023-12-20,132.54,45123.6329,4492232.0
2023-12-21,131.92,44912.5521,2977065.0
2023-12-22,132.2,45007.8789,2279046.0
2023-12-26,133.19,45344.9273,1807112.0
2023-12-27,131.82,44878.5068,1358141.0
2023-12-28,130.09,44289.5232,1661194.0
2023-12-29,130.0,44258.8825,1964013.0
