,VRTX US Equity,VRTX US Equity,VRTX US Equity
,PX_LAST,CUR_MKT_CAP,PX_VOLUME
2014-01-02,73.83,17258.2695,966843.0
2014-01-03,73.45,17169.4418,799560.0
2014-01-06,75.5,17648.6434,1701749.0
2014-01-07,74.49,17412.549,1025019.0
2014-01-08,75.23,17585.5291,882596.0
2014-01-09,76.32,17840.324,1660257.0
2014-01-10,78.21,18282.1245,1204282.0
2014-01-13,77.04,18008.629,2867367.0
2014-01-14,79.38,18555.6201,1841023.0
2014-01-15,78.77,18413.0284,1221610.0
2014-01-16,81.0,18934.3062,1503203.0
2014-01-17,82.09,19189.1012,1978362.0
2014-01-21,85.48,19981.5369,2638049.0
2014-01-22,84.12,19663.6276,2397862.0
2014-01-23,83.83,19595.8381,1251187.0
2014-01-24,79.77,18646.7852,1868018.0
2014-01-27,79.37,18553.2825,2657122.0
2014-01-28,79.3,18536.9195,1340726.0
2014-01-29,78.82,18427.2491,1973687.0
2014-01-30,82.15,19205.7665,2458832.0
2014-01-31,79.04,18478.6827,1572652.0
2014-02-03,77.63,18149.0402,2404491.0
2014-02-04,79.15,18504.3995,2141151.0
2014-02-05,77.41,18097.6066,1843576.0
2014-02-06,78.17,18275.2862,1685274.0
2014-02-07,81.41,19032.7626,1466920.0
2014-02-10,82.17,19210.4423,1590434.0
2014-02-11,84.98,20035.8996,1439008.0
2014-02-12,83.9,19781.2659,1265750.0
2014-02-13,85.0,20040.6151,1492749.0
2014-02-14,81.61,19241.3482,1774106.0
2014-02-18,82.0,19333.2993,2043449.0
2014-02-19,82.6,19474.7624,1242590.0
2014-02-20,84.01,19807.2009,1234439.0
2014-02-21,84.81,19995.8184,1911497.0
2014-02-24,83.95,19793.0545,1287642.0
2014-02-25,84.62,19951.0217,1296021.0
2014-02-26,83.95,19793.0545,1129374.0
2014-02-27,83.16,19606.7947,1374793.0
2014-02-28,80.86,19064.5192,1790443.0
2014-03-03,81.56,19229.5596,1134660.0
2014-03-04,83.12,19597.3638,1205952.0
2014-03-05,82.96,19559.6403,914210.0
2014-03-06,79.94,18847.6091,1522554.0
2014-03-07,79.94,18847.6091,1706703.0
2014-03-10,79.65,18779.2352,1316306.0
2014-03-11,79.19,18670.7801,1200974.0
2014-03-12,79.87,18831.105,946268.0
2014-03-13,77.86,18357.2034,1130437.0
2014-03-14,78.32,18465.6585,1179284.0
2014-03-17,77.7,18319.4799,1302145.0
2014-03-18,79.0,18625.9834,959585.0
2014-03-19,77.8,18343.0571,1361777.0
2014-03-20,77.77,18335.9839,957287.0
2014-03-21,73.83,17407.0425,3526016.0
2014-03-24,72.44,17079.3195,1990000.0
2014-03-25,71.9,16952.0026,1409754.0
2014-03-26,70.44,16607.7756,1659180.0
2014-03-27,70.78,16687.9381,1786222.0
2014-03-28,67.8,15985.3377,1425572.0
2014-03-31,70.72,16697.8827,1860645.0
2014-04-01,71.87,16969.4122,2319515.0
2014-04-02,72.3,17070.9406,1316698.0
2014-04-03,69.12,16320.1025,1730196.0
2014-04-04,65.84,15545.6532,2207131.0
2014-04-07,66.4,15677.8763,1646356.0
2014-04-08,65.35,15429.9581,1677401.0
2014-04-09,69.95,16516.076,2107145.0
2014-04-10,65.69,15510.2363,2545734.0
2014-04-11,63.06,14889.2602,2140072.0
2014-04-14,62.44,14742.8704,1695751.0
2014-04-15,63.25,14934.1216,1886008.0
2014-04-16,64.39,15203.29,1459473.0
2014-04-17,64.17,15151.3452,1387435.0
2014-04-21,65.47,15458.2916,1103834.0
2014-04-22,68.3,16126.4902,1862312.0
2014-04-23,66.92,15800.6548,1451854.0
2014-04-24,66.18,15625.9315,1204660.0
2014-04-25,64.19,15156.0674,1120434.0
2014-04-28,64.51,15231.6235,1333472.0
2014-04-29,67.57,15954.128,1282201.0
2014-04-30,67.7,15984.8227,1466185.0
2014-05-01,68.95,16279.9634,1837050.0
2014-05-02,66.37,15670.7929,2812998.0
2014-05-05,68.41,16158.0545,1467929.0
2014-05-06,66.56,15721.095,1373586.0
2014-05-07,65.17,15392.7849,1380855.0
2014-05-08,63.8,15069.1986,1309632.0
2014-05-09,65.05,15364.4416,1245924.0
2014-05-12,67.74,15999.8043,1462857.0
2014-05-13,66.71,15756.5242,827209.0
2014-05-14,67.69,15987.9946,1036551.0
2014-05-15,65.46,15461.2812,1538525.0
2014-05-16,65.03,15359.7177,2018828.0
2014-05-19,67.22,15876.9833,1317208.0
2014-05-20,65.49,15468.3671,1071378.0
2014-05-21,67.15,15860.4497,1076080.0
2014-05-22,71.18,16812.3128,2010722.0
2014-05-23,71.04,16779.2456,1118826.0
2014-05-27,73.36,17327.2165,1593620.0
2014-05-28,71.72,16939.8578,1460400.0
2014-05-29,72.81,17197.3096,1320969.0
2014-05-30,72.26,17067.4027,1173480.0
2014-06-02,72.63,17154.7946,1172964.0
2014-06-03,72.96,17232.7387,975462.0
2014-06-04,72.64,17157.1566,1581854.0
2014-06-05,73.06,17256.3582,1405473.0
2014-06-06,73.49,17357.9217,1185247.0
2014-06-09,74.61,17622.4594,1114369.0
2014-06-10,74.04,17487.8286,1307512.0
2014-06-11,74.08,17497.2764,1033069.0
2014-06-12,73.5,17360.2837,1028955.0
2014-06-13,73.49,17357.9217,810456.0
2014-06-16,67.12,15853.3638,3436204.0
2014-06-17,65.89,15562.8448,1576603.0
2014-06-18,65.08,15371.5274,2213216.0
2014-06-19,64.63,15265.2399,2181922.0
2014-06-20,64.96,15343.1841,2686292.0
2014-06-23,66.61,15732.9047,2166127.0
2014-06-24,93.53,22091.2562,25236837.0
2014-06-25,89.86,21224.423,7001292.0
2014-06-26,93.17,22006.2263,5511777.0
2014-06-27,93.77,22147.9429,2179748.0
2014-06-30,94.68,22362.8797,2487332.0
2014-07-01,95.85,22639.2271,2154485.0
2014-07-02,98.03,23154.1308,3182054.0
2014-07-03,98.8,23336.0004,1300894.0
2014-07-07,96.84,22873.0595,2146603.0
2014-07-08,95.04,22447.9097,2747848.0
2014-07-09,98.1,23170.6644,1906299.0
2014-07-10,97.82,23104.5299,1330241.0
2014-07-11,99.07,23399.7729,1755615.0
2014-07-14,98.38,23236.7988,1246847.0
2014-07-15,96.53,22799.8392,1558375.0
2014-07-16,96.83,22870.6975,1618852.0
2014-07-17,94.49,22318.0028,1634985.0
2014-07-18,97.2,22958.0895,1964400.0
2014-07-21,96.31,22747.8765,1152827.0
2014-07-22,97.74,23085.6344,1499340.0
2014-07-23,98.14,23180.1121,1458144.0
2014-07-24,95.77,22620.3316,1962264.0
2014-07-25,95.75,22615.6077,1259017.0
2014-07-28,95.56,22570.7307,1178298.0
2014-07-29,95.56,22570.7307,1450069.0
2014-07-30,92.01,21732.2408,2295525.0
2014-07-31,88.91,21167.8286,2470099.0
2014-08-01,87.53,20839.2761,2479512.0
2014-08-04,86.69,20639.2876,1964612.0
2014-08-05,87.0,20713.0929,1498044.0
2014-08-06,86.81,20667.8574,1195367.0
2014-08-07,84.74,20175.0287,1388780.0
2014-08-08,86.42,20575.0056,986401.0
2014-08-11,86.2,20522.6277,959534.0
2014-08-12,85.41,20334.5433,710180.0
2014-08-13,88.75,21129.7356,1386831.0
2014-08-14,90.37,21515.4277,1156441.0
2014-08-15,90.88,21636.8492,1053292.0
2014-08-18,91.3,21736.8435,1147810.0
2014-08-19,91.92,21884.454,894155.0
2014-08-20,91.3,21736.8435,1071383.0
2014-08-21,88.99,21186.8752,1007361.0
2014-08-22,90.22,21479.7154,862435.0
2014-08-25,91.76,21846.361,971946.0
2014-08-26,93.64,22293.9543,1899755.0
2014-08-27,93.03,22148.7245,837012.0
2014-08-28,92.8,22093.9658,558165.0
2014-08-29,93.57,22277.2885,723167.0
2014-09-02,92.96,22132.0588,1289795.0
2014-09-03,92.82,22098.7274,660130.0
2014-09-04,91.55,21796.3639,864859.0
2014-09-05,95.04,22627.2684,2065566.0
2014-09-08,94.49,22496.3236,1353144.0
2014-09-09,93.12,22170.1519,967455.0
2014-09-10,94.74,22555.8439,1705206.0
2014-09-11,94.25,22439.184,1339441.0
2014-09-12,92.99,22139.2013,1215564.0
2014-09-15,92.13,21934.4511,1151152.0
2014-09-16,93.86,22346.3322,1550386.0
2014-09-17,94.5,22498.7044,1275171.0
2014-09-18,97.35,23177.2367,1413902.0
2014-09-19,103.75,24700.9585,6299332.0
2014-09-22,104.71,24929.5168,2697234.0
2014-09-23,104.84,24960.4674,2410212.0
2014-09-24,111.98,26660.3695,3784410.0
2014-09-25,110.28,26255.6309,2646600.0
2014-09-26,113.6,27046.0615,2235861.0
2014-09-29,113.9,27117.486,2067143.0
2014-09-30,112.31,26738.9364,2444208.0
2014-10-01,107.25,25534.2438,2747701.0
2014-10-02,104.8,24950.9441,2361692.0
2014-10-03,108.59,25853.2731,1954194.0
2014-10-06,105.76,25179.5024,1462565.0
2014-10-07,102.83,24481.9235,1237065.0
2014-10-08,107.02,25479.4851,1470936.0
2014-10-09,105.27,25062.8424,1578339.0
2014-10-10,104.73,24934.2784,2015910.0
2014-10-13,105.91,25215.2146,2409571.0
2014-10-14,104.26,24822.3801,1802387.0
2014-10-15,101.1,24070.0425,2353867.0
2014-10-16,101.26,24108.1355,1822737.0
2014-10-17,102.35,24367.6444,1825852.0
2014-10-20,104.77,24943.8017,1178616.0
2014-10-21,108.16,25750.898,1897317.0
2014-10-22,106.17,25277.1158,1539994.0
2014-10-23,108.09,25734.2323,1261219.0
2014-10-24,109.91,26167.5407,939320.0
2014-10-27,111.59,26567.5177,1204972.0
2014-10-28,114.07,27157.9599,2170562.0
2014-10-29,109.91,26167.5407,2449051.0
2014-10-30,110.85,26391.3373,1398361.0
2014-10-31,112.64,26817.5033,1664600.0
2014-11-03,112.98,26898.451,1046824.0
2014-11-04,114.1,27165.1023,1196307.0
2014-11-05,111.59,26567.5177,1099251.0
2014-11-06,117.29,28210.8025,1533635.0
2014-11-07,115.93,27883.6928,1307194.0
2014-11-10,116.94,28126.6199,1131693.0
2014-11-11,117.49,28258.9068,861704.0
2014-11-12,116.68,28064.0842,833768.0
2014-11-13,112.72,27111.6178,1240701.0
2014-11-14,111.34,26779.6977,1127471.0
2014-11-17,111.62,26847.0439,930453.0
2014-11-18,111.04,26707.5412,1815113.0
2014-11-19,112.8,27130.8596,1988519.0
2014-11-20,112.89,27152.5065,2557395.0
2014-11-21,111.4,26794.1291,1300131.0
2014-11-24,113.8,27371.3814,1085941.0
2014-11-25,114.19,27465.1849,1786132.0
2014-11-26,115.39,27753.8111,1061103.0
2014-11-28,117.88,28352.7104,1121848.0
2014-12-01,116.85,28104.9729,1100988.0
2014-12-02,118.95,28610.0687,1168055.0
2014-12-03,120.18,28905.9105,1083698.0
2014-12-04,118.71,28552.3434,971710.0
2014-12-05,117.95,28369.5469,1123124.0
2014-12-08,119.38,28713.4931,1486666.0
2014-12-09,120.3,28934.7731,1056734.0
2014-12-10,117.2,28189.1555,1563140.0
2014-12-11,120.78,29050.2236,1299781.0
2014-12-12,118.55,28513.86,1329784.0
2014-12-15,112.88,27150.1013,2137989.0
2014-12-16,110.855,26663.0447,2113070.0
2014-12-17,111.85,26902.3639,2554198.0
2014-12-18,117.74,28319.0373,2148261.0
2014-12-19,118.9,28598.0426,6131369.0
2014-12-22,116.68,28064.0842,2098087.0
2014-12-23,113.75,27359.3553,4062358.0
2014-12-24,115.15,27696.0858,519021.0
2014-12-26,118.41,28480.1869,573348.0
2014-12-29,119.79,28812.107,935935.0
2014-12-30,119.15,28658.173,861209.0
2014-12-31,118.8,28573.9904,946341.0
2015-01-02,123.07,29601.0185,1442665.0
2015-01-05,121.03,29110.354,1684426.0
2015-01-06,117.36,28227.639,2289743.0
2015-01-07,120.66,29021.361,1219866.0
2015-01-08,123.97,29817.4881,1358285.0
2015-01-09,122.21,29394.1698,1069475.0
2015-01-12,118.31,28456.1347,2783167.0
2015-01-13,120.6,29006.9297,1631808.0
2015-01-14,120.38,28954.0149,1224932.0
2015-01-15,117.78,28328.6582,1052322.0
2015-01-16,122.86,29550.5089,1424710.0
2015-01-20,124.74,30002.6899,1102897.0
2015-01-21,125.085,30085.67,1196838.0
2015-01-22,127.3,30618.4258,1579283.0
2015-01-23,125.57,30202.323,977026.0
2015-01-26,125.12,30094.0882,1203838.0
2015-01-27,123.67,29745.3316,1103818.0
2015-01-28,121.26,29165.6741,1830552.0
2015-01-29,114.14,27453.1588,4027048.0
2015-01-30,110.14,26491.0716,3027762.0
2015-02-02,111.18,26741.2143,1797560.0
2015-02-03,108.72,26149.5306,2205090.0
2015-02-04,109.27,26281.8176,2302622.0
2015-02-05,111.59,26839.8282,1099180.0
2015-02-06,108.66,26135.0993,1718740.0
2015-02-09,107.88,25947.4923,1183820.0
2015-02-10,108.43,26079.7793,1282335.0
2015-02-11,108.62,26125.4784,990870.0
2015-02-12,109.63,26368.4055,1328765.0
2015-02-13,113.66,27515.8224,1689561.0
2015-02-17,113.4,27452.8793,999112.0
2015-02-18,113.57,27494.0344,960912.0
2015-02-19,111.97,27106.6922,1244059.0
2015-02-20,118.61,28714.1623,2467549.0
2015-02-23,117.12,28353.4499,1262645.0
2015-02-24,116.92,28305.0321,1011019.0
2015-02-25,118.84,28769.8428,1651106.0
2015-02-26,119.97,29043.4032,1303281.0
2015-02-27,119.43,28912.6752,1050126.0
2015-03-02,120.17,29091.821,1511228.0
2015-03-03,123.52,29902.8188,1533144.0
2015-03-04,120.05,29062.7703,1363212.0
2015-03-05,126.96,30735.6045,2413717.0
2015-03-06,126.34,30585.5094,1581081.0
2015-03-09,126.98,30740.4463,1402960.0
2015-03-10,124.14,30052.9139,1672403.0
2015-03-11,122.64,29689.7805,1570934.0
2015-03-12,123.31,29851.9801,1371595.0
2015-03-13,124.0,30019.0214,1354443.0
2015-03-16,127.73,30922.013,1974548.0
2015-03-17,129.15,31265.7792,1195647.0
2015-03-18,129.79,31420.7161,1926812.0
2015-03-19,134.25,32500.4325,2143332.0
2015-03-20,131.0,31713.6436,5731415.0
2015-03-23,125.79,30452.3605,5118515.0
2015-03-24,124.335,30100.1212,1780271.0
2015-03-25,118.64,28721.425,2429906.0
2015-03-26,117.6,28469.6526,1902885.0
2015-03-27,120.34,29132.9761,1618094.0
2015-03-30,121.25,29353.277,1263776.0
2015-03-31,117.97,28559.2255,1525084.0
2015-04-01,116.43,28186.4086,1910642.0
2015-04-02,117.23,28380.0797,1513946.0
2015-04-06,118.25,28627.0103,1252182.0
2015-04-07,120.47,29164.4477,1113197.0
2015-04-08,123.79,29968.1828,1356888.0
2015-04-09,125.64,30416.0472,1091722.0
2015-04-10,128.47,31101.1587,1119522.0
2015-04-13,127.81,30941.3801,1004832.0
2015-04-14,128.73,31164.1018,949006.0
2015-04-15,129.2,31277.8836,1203780.0
2015-04-16,128.94,31214.9405,1142328.0
2015-04-17,125.07,30468.7169,1579115.0
2015-04-20,125.55,30585.6513,1351412.0
2015-04-21,132.2,32205.6798,3073965.0
2015-04-22,132.85,32364.0285,1119812.0
2015-04-23,135.82,33087.56,1672488.0
2015-04-24,133.2,32449.2931,1246849.0
2015-04-27,127.88,31153.2703,2258831.0
2015-04-28,125.47,30566.1622,1696251.0
2015-04-29,123.76,30149.5835,1705828.0
2015-04-30,123.28,30032.6491,1849674.0
2015-05-01,125.6,30597.832,1171946.0
2015-05-04,126.3,30785.9083,1196653.0
2015-05-05,122.15,29774.3365,1434216.0
2015-05-06,122.93,29964.4632,1266632.0
2015-05-07,125.05,30481.218,1306153.0
2015-05-08,127.41,31056.4733,2294548.0
2015-05-11,124.08,30244.7783,2293675.0
2015-05-12,,30244.7783,569747.0
2015-05-13,125.52,30595.7815,3879416.0
2015-05-14,123.0,29981.5259,2637053.0
2015-05-15,126.21,30763.9706,2213209.0
2015-05-18,127.31,31032.0981,1641804.0
2015-05-19,128.31,31275.8503,1097069.0
2015-05-20,126.75,30895.5968,1704889.0
2015-05-21,125.05,30481.218,1202635.0
2015-05-22,125.08,30488.5306,1174654.0
2015-05-26,122.63,29891.3376,1140179.0
2015-05-27,127.8,31151.5367,1387117.0
2015-05-28,127.4,31054.0358,799116.0
2015-05-29,128.29,31270.9753,1212778.0
2015-06-01,126.8,30907.7844,946918.0
2015-06-02,124.8,30420.2799,1341850.0
2015-06-03,126.92,30937.0347,935977.0
2015-06-04,126.94,30941.9097,1221432.0
2015-06-05,127.35,31041.8482,707534.0
2015-06-08,125.52,30595.7815,892633.0
2015-06-09,124.08,30244.7783,781233.0
2015-06-10,125.18,30512.9058,1291453.0
2015-06-11,126.35,30798.0959,1216063.0
2015-06-12,124.36,30313.0289,964272.0
2015-06-15,123.495,30102.1833,999150.0
2015-06-16,123.34,30064.4017,603865.0
2015-06-17,124.045,30236.247,782457.0
2015-06-18,127.63,31110.0988,1410708.0
2015-06-19,128.04,31210.0372,1925610.0
2015-06-22,129.03,31451.3519,887721.0
2015-06-23,131.62,32082.6702,1333080.0
2015-06-24,129.59,31587.8532,1147559.0
2015-06-25,128.35,31285.6004,1201737.0
2015-06-26,126.87,30924.8471,4661797.0
2015-06-29,122.03,29745.0862,1288950.0
2015-06-30,123.48,30098.527,1501378.0
2015-07-01,126.19,30759.0955,1451141.0
2015-07-02,131.26,31994.9194,3660501.0
2015-07-06,128.83,31402.6015,2264618.0
2015-07-07,127.48,31073.5359,1566992.0
2015-07-08,121.54,29625.6476,1994117.0
2015-07-09,120.89,29467.2087,1660328.0
2015-07-10,122.95,29969.3383,1520504.0
2015-07-13,124.24,30283.7787,1067043.0
2015-07-14,129.44,31551.2903,1784679.0
2015-07-15,133.53,32548.237,3082443.0
2015-07-16,133.9,32638.4253,2004219.0
2015-07-17,134.17,32704.2384,1276717.0
2015-07-20,133.47,32533.6119,1045590.0
2015-07-21,130.97,31924.2313,1046828.0
2015-07-22,131.02,31936.4189,978521.0
2015-07-23,130.85,31894.981,870010.0
2015-07-24,125.5,30590.9065,1362793.0
2015-07-27,123.23,30037.5889,2042296.0
2015-07-28,128.3,31273.4128,1944884.0
2015-07-29,125.62,30620.1568,1785295.0
2015-07-30,135.46,33018.6788,3099814.0
2015-07-31,135.0,32906.5528,1545982.0
2015-08-03,136.99,33391.6198,2161124.0
2015-08-04,140.3,34325.1713,2013809.0
2015-08-05,141.22,34550.2543,1374128.0
2015-08-06,139.44,34114.7675,1570305.0
2015-08-07,137.74,33698.8531,2440970.0
2015-08-10,139.63,34161.2521,1679199.0
2015-08-11,135.87,33241.3472,1475651.0
2015-08-12,137.64,33674.3875,1160550.0
2015-08-13,137.37,33608.3305,1268685.0
2015-08-14,136.88,33488.4493,956643.0
2015-08-17,139.61,34156.3589,816297.0
2015-08-18,139.76,34193.0573,949851.0
2015-08-19,141.48,34613.8648,1339352.0
2015-08-20,132.91,32517.1669,1861663.0
2015-08-21,125.47,30696.9297,2505007.0
2015-08-24,119.27,29180.0654,3324839.0
2015-08-25,121.17,29644.9109,2644370.0
2015-08-26,130.11,31832.1314,2515889.0
2015-08-27,133.75,32722.6775,2017524.0
2015-08-28,134.05,32796.0742,1240196.0
2015-08-31,127.52,31198.4735,1711093.0
2015-09-01,124.04,30347.0723,1998482.0
2015-09-02,129.0,31560.5637,1486912.0
2015-09-03,126.53,30956.2646,1010247.0
2015-09-04,126.99,31068.8061,1240743.0
2015-09-08,133.11,32566.098,1346925.0
2015-09-09,129.95,31792.9865,1104588.0
2015-09-10,132.0,32294.5303,981704.0
2015-09-11,134.06,32798.5207,1056164.0
2015-09-14,134.85,32991.7986,1390154.0
2015-09-15,135.45,33138.5919,1116017.0
2015-09-16,133.66,32700.6585,1186612.0
2015-09-17,135.19,33074.9815,1175894.0
2015-09-18,124.16,30376.431,4404873.0
2015-09-21,118.19,28915.8374,2583104.0
2015-09-22,114.41,27991.0395,4493650.0
2015-09-23,111.86,27367.1679,3310171.0
2015-09-24,111.11,27183.6763,2671675.0
2015-09-25,103.28,25268.0234,3395512.0
2015-09-28,98.5,24098.57,3948355.0
2015-09-29,99.83,24423.9618,3784080.0
2015-09-30,104.14,25478.4272,2864003.0
2015-10-01,107.23,26234.4128,2487218.0
2015-10-02,115.18,28179.4243,3527653.0
2015-10-05,114.52,28017.9516,2344353.0
2015-10-06,109.46,26779.9946,3592988.0
2015-10-07,109.4,26765.3153,2661983.0
2015-10-08,109.03,26674.7927,2745656.0
2015-10-09,110.0,26912.1086,1861423.0
2015-10-12,113.25,27707.2391,1860803.0
2015-10-13,109.4,26765.3153,1676232.0
2015-10-14,113.3,27719.4719,2335986.0
2015-10-15,115.79,28328.6641,2010335.0
2015-10-16,114.32,27969.0205,1936477.0
2015-10-19,115.88,28350.6831,1894538.0
2015-10-20,110.25,26973.2725,1683657.0
2015-10-21,109.62,26819.1395,1625407.0
2015-10-22,109.49,26787.3343,1844749.0
2015-10-23,114.37,27981.2533,1656766.0
2015-10-26,114.77,28079.1155,1518686.0
2015-10-27,121.01,29605.766,2430917.0
2015-10-28,120.1,29383.1295,3676511.0
2015-10-29,126.17,30868.1886,3562950.0
2015-10-30,124.74,30650.7742,2033471.0
2015-11-02,126.94,31191.3522,1854739.0
2015-11-03,128.36,31540.2707,1812731.0
2015-11-04,124.9,30690.0889,1614378.0
2015-11-05,121.91,29955.3942,1486215.0
2015-11-06,117.96,28984.811,2526440.0
2015-11-09,118.85,29203.4993,1522276.0
2015-11-10,118.9,29215.7852,1034561.0
2015-11-11,118.2,29043.7831,1053059.0
2015-11-12,117.3,28822.6375,1022433.0
2015-11-13,123.05,30235.5119,2292584.0
2015-11-16,125.28,30783.4615,1615142.0
2015-11-17,128.26,31515.699,1501740.0
2015-11-18,133.26,32744.2854,1760818.0
2015-11-19,130.08,31962.9045,1248262.0
2015-11-20,130.55,32078.3916,1672864.0
2015-11-23,132.29,32505.9397,970121.0
2015-11-24,133.13,32712.3422,1031265.0
2015-11-25,131.97,32427.3101,689929.0
2015-11-27,133.06,32695.142,340914.0
2015-11-30,129.36,31785.988,1344652.0
2015-12-01,130.36,32031.7053,1185824.0
2015-12-02,130.41,32043.9912,930544.0
2015-12-03,122.06,29992.2518,1770307.0
2015-12-04,125.17,30756.4326,1658058.0
2015-12-07,121.79,29925.9082,1510327.0
2015-12-08,123.29,30294.4841,1374874.0
2015-12-09,120.63,29640.8761,1555460.0
2015-12-10,121.87,29945.5655,1309317.0
2015-12-11,117.64,28906.1814,2205686.0
2015-12-14,115.7,28429.4899,2283410.0
2015-12-15,117.28,28817.7232,3948162.0
2015-12-16,118.53,29124.8698,2808216.0
2015-12-17,117.94,28979.8966,1220256.0
2015-12-18,116.51,28628.5209,2367492.0
2015-12-21,120.56,29623.6759,1237357.0
2015-12-22,122.74,30159.3396,1525939.0
2015-12-23,123.8,30419.7999,1162987.0
2015-12-24,124.84,30675.3459,367523.0
2015-12-28,123.95,30456.6575,677837.0
2015-12-29,127.87,31419.8693,1168555.0
2015-12-30,126.4,31058.6648,658753.0
2015-12-31,125.83,30918.606,797339.0
2016-01-04,122.89,30196.1972,2217601.0
2016-01-05,123.45,30333.7989,1300116.0
2016-01-06,122.23,30034.0238,1692442.0
2016-01-07,114.96,28247.6591,2362559.0
2016-01-08,110.71,27203.3606,1823007.0
2016-01-11,103.95,25542.3118,3230724.0
2016-01-12,103.64,25466.1394,3253546.0
2016-01-13,96.37,23679.7748,5709229.0
2016-01-14,101.91,25041.0485,3688585.0
2016-01-15,97.91,24058.1794,3222211.0
2016-01-19,94.99,23340.6849,2779826.0
2016-01-20,96.99,23832.1195,4089325.0
2016-01-21,95.07,23360.3423,2881794.0
2016-01-22,94.71,23271.8841,2572854.0
2016-01-25,92.12,22635.4763,2665424.0
2016-01-26,92.2,22655.1337,2561816.0
2016-01-27,92.5,22728.8489,3626002.0
2016-01-28,92.76,22792.7354,8088468.0
2016-01-29,90.75,22298.8436,3485582.0
2016-02-01,92.39,22701.82,2913248.0
2016-02-02,90.98,22355.3586,3142883.0
2016-02-03,93.88,23067.9387,3256678.0
2016-02-04,91.72,22537.1894,2452985.0
2016-02-05,86.61,21281.5741,4571268.0
2016-02-08,82.0,20148.8174,4215071.0
2016-02-09,80.14,19691.7832,4159543.0
2016-02-10,81.73,20082.4737,4115279.0
2016-02-11,79.71,19586.1248,3894627.0
2016-02-12,83.23,20451.0496,2771696.0
2016-02-16,85.37,21034.481,2191108.0
2016-02-17,88.25,21744.0898,2276253.0
2016-02-18,86.64,21347.3988,2133869.0
2016-02-19,88.08,21702.2032,2029687.0
2016-02-22,89.0,21928.8838,1599928.0
2016-02-23,85.28,21012.3057,1757670.0
2016-02-24,86.77,21379.4297,1809507.0
2016-02-25,85.53,21073.9037,1387814.0
2016-02-26,87.0,21436.0999,1408749.0
2016-02-29,85.49,21064.048,1762366.0
2016-03-01,89.57,22069.3272,1991285.0
2016-03-02,92.52,22796.1834,2779440.0
2016-03-03,89.45,22039.7602,1575719.0
2016-03-04,88.36,21771.1929,1703397.0
2016-03-07,90.95,22409.3481,1647733.0
2016-03-08,86.91,21413.9246,2776549.0
2016-03-09,84.63,20852.1509,2201846.0
2016-03-10,82.28,20273.1299,2456871.0
2016-03-11,86.26,21253.7698,1715925.0
2016-03-14,85.59,21088.6872,2014263.0
2016-03-15,82.83,20408.6454,1762560.0
2016-03-16,79.3,19538.8818,2957292.0
2016-03-17,79.18,19509.3148,2657969.0
2016-03-18,82.52,20332.2639,3768290.0
2016-03-21,84.02,20701.8519,1784542.0
2016-03-22,86.78,21381.8936,1785173.0
2016-03-23,80.15,19748.315,2198077.0
2016-03-24,80.58,19854.2635,1888254.0
2016-03-28,78.7,19391.0467,1508407.0
2016-03-29,79.24,19524.0983,1742088.0
2016-03-30,78.4,19317.1291,1729513.0
2016-03-31,79.49,19585.6963,3259399.0
2016-04-01,79.15,19501.923,3638695.0
2016-04-04,82.87,20418.5011,2743979.0
2016-04-05,84.16,20736.3467,2848975.0
2016-04-06,91.31,22498.0492,3460260.0
2016-04-07,86.3,21263.6255,2797591.0
2016-04-08,85.25,21004.914,1539729.0
2016-04-11,84.47,20812.7282,1413002.0
2016-04-12,83.37,20541.6971,1832752.0
2016-04-13,85.18,20987.6665,2128069.0
2016-04-14,87.08,21455.8112,1319208.0
2016-04-15,81.75,20142.5421,4163741.0
2016-04-18,83.22,20504.7383,2495577.0
2016-04-19,83.21,20502.2744,1667901.0
2016-04-20,84.11,20724.0271,1492349.0
2016-04-21,86.81,21389.2854,1731603.0
2016-04-22,86.8,21386.8215,1278986.0
2016-04-25,85.66,21105.9347,1460054.0
2016-04-26,84.14,20731.4189,1689817.0
2016-04-27,84.5,20820.12,2614905.0
2016-04-28,86.75,21374.5019,5463306.0
2016-04-29,84.34,20861.4879,2887997.0
2016-05-02,83.0,20530.0391,2165439.0
2016-05-03,82.16,20322.2652,2063372.0
2016-05-04,80.63,19943.8199,1907382.0
2016-05-05,84.0,20777.389,1814625.0
2016-05-06,85.54,21158.3078,1999533.0
2016-05-09,88.06,21781.6294,1801055.0
2016-05-10,89.08,22033.9263,2095059.0
2016-05-11,83.63,20685.8695,1662746.0
2016-05-12,82.1,20307.4242,2047081.0
2016-05-13,81.38,20129.3323,1119962.0
2016-05-16,82.14,20317.3182,2075515.0
2016-05-17,80.71,19963.6079,2166702.0
2016-05-18,81.71,20210.9578,1934316.0
2016-05-19,81.01,20037.8129,1674371.0
2016-05-20,84.7,20950.5339,1659482.0
2016-05-23,84.42,20881.2759,1223830.0
2016-05-24,88.42,21870.6754,1503025.0
2016-05-25,89.56,22152.6542,1598630.0
2016-05-26,89.19,22061.1348,1325308.0
2016-05-27,90.38,22355.4811,1109487.0
2016-05-31,93.15,23040.6403,1740980.0
2016-06-01,93.9,23226.1527,1432976.0
2016-06-02,95.82,23701.0644,1295054.0
2016-06-03,93.96,23240.9937,1473310.0
2016-06-06,96.09,23767.8489,1259856.0
2016-06-07,94.77,23441.3471,1851959.0
2016-06-08,94.59,23396.8241,1690374.0
2016-06-09,92.49,22877.3894,1191766.0
2016-06-10,91.49,22630.0395,1432027.0
2016-06-13,90.54,22395.0571,1209507.0
2016-06-14,91.37,22600.3575,1253842.0
2016-06-15,90.84,22469.2621,1083223.0
2016-06-16,90.41,22362.9016,1284757.0
2016-06-17,86.73,21452.6541,2658851.0
2016-06-20,86.72,21450.1806,1273069.0
2016-06-21,85.28,21093.9968,1881940.0
2016-06-22,85.22,21079.1558,1917796.0
2016-06-23,88.2,21816.2584,1397980.0
2016-06-24,81.9,20257.9543,2298494.0
2016-06-27,79.84,19748.4135,1908556.0
2016-06-28,83.44,20638.8731,1536354.0
2016-06-29,85.0,21024.7388,1754296.0
2016-06-30,86.02,21277.0357,1418486.0
2016-07-01,87.74,21702.4775,1292792.0
2016-07-05,86.51,21398.2371,870137.0
2016-07-06,89.66,22177.3892,1705293.0
2016-07-07,90.05,22273.8557,1254035.0
2016-07-08,88.96,22004.2443,1794278.0
2016-07-11,90.1,22286.2232,1388206.0
2016-07-12,89.63,22169.9687,1548387.0
2016-07-13,87.78,21712.3715,945726.0
2016-07-14,88.15,21803.8909,990289.0
2016-07-15,90.21,22313.4317,1309647.0
2016-07-18,89.42,22118.0253,1127156.0
2016-07-19,87.43,21625.799,1112312.0
2016-07-20,91.15,22545.9405,1309436.0
2016-07-21,93.21,23055.4813,1783324.0
2016-07-22,93.89,23223.6792,1235510.0
2016-07-25,95.77,23688.6969,1911970.0
2016-07-26,94.98,23493.2905,1657875.0
2016-07-27,96.01,23748.0609,2299202.0
2016-07-28,96.21,23797.5309,1455259.0
2016-07-29,97.0,23992.9373,1012773.0
2016-08-01,98.2,24331.8685,1988579.0
2016-08-02,99.14,24564.7805,2144656.0
2016-08-03,100.44,24886.8928,1492129.0
2016-08-04,100.28,24847.2482,1414118.0
2016-08-05,102.43,25379.9724,1113873.0
2016-08-08,102.47,25389.8836,1578231.0
2016-08-09,102.83,25479.0839,1155955.0
2016-08-10,99.7,24703.5366,1163894.0
2016-08-11,101.21,25077.6824,744396.0
2016-08-12,101.53,25156.9716,605328.0
2016-08-15,102.48,25392.3614,547753.0
2016-08-16,100.0,24777.8702,1183549.0
2016-08-17,99.89,24750.6145,852910.0
2016-08-18,99.1,24554.8693,744572.0
2016-08-19,98.01,24284.7906,891947.0
2016-08-22,100.96,25015.7377,1346614.0
2016-08-23,100.99,25023.1711,844279.0
2016-08-24,96.71,23962.6782,1494528.0
2016-08-25,96.38,23880.9113,1349446.0
2016-08-26,97.09,24056.8342,731131.0
2016-08-29,96.94,24019.6674,595225.0
2016-08-30,95.8,23737.1996,674391.0
2016-08-31,94.51,23417.5651,798207.0
2016-09-01,94.75,23477.032,966637.0
2016-09-02,95.11,23566.2323,843132.0
2016-09-06,95.78,23732.2441,877620.0
2016-09-07,95.6,23687.6439,928256.0
2016-09-08,97.31,24111.3455,1021660.0
2016-09-09,93.68,23211.9088,1313641.0
2016-09-12,97.86,24247.6238,1123605.0
2016-09-13,95.27,23605.8769,927299.0
2016-09-14,90.12,22329.8166,4994568.0
2016-09-15,93.1,23068.1971,2575963.0
2016-09-16,92.71,22971.5634,2130264.0
2016-09-19,91.26,22612.2843,1183354.0
2016-09-20,91.69,22718.8292,934812.0
2016-09-21,91.82,22751.0404,1936763.0
2016-09-22,92.12,22825.374,1191840.0
2016-09-23,90.63,22456.1837,1222221.0
2016-09-26,88.29,21876.3816,1608129.0
2016-09-27,89.12,22082.0379,1520320.0
2016-09-28,88.84,22012.6599,1715021.0
2016-09-29,85.0,21061.1897,2381055.0
2016-09-30,87.21,21608.7806,2545736.0
2016-10-03,86.79,21504.7135,1371337.0
2016-10-04,86.42,21413.0354,1081122.0
2016-10-05,87.65,21717.8032,964360.0
2016-10-06,84.96,21051.2785,1374988.0
2016-10-07,85.7,21234.6347,983269.0
2016-10-10,85.98,21304.0128,799805.0
2016-10-11,81.66,20233.6088,2329307.0
2016-10-12,80.15,19859.4629,2255974.0
2016-10-13,80.56,19961.0522,2114074.0
2016-10-14,79.23,19631.5065,1976996.0
2016-10-17,80.5,19946.1855,1934626.0
2016-10-18,82.96,20555.7211,1510249.0
2016-10-19,81.83,20275.7312,1318814.0
2016-10-20,82.92,20545.81,1045939.0
2016-10-21,80.76,20010.608,1142947.0
2016-10-24,78.73,19507.6172,2032698.0
2016-10-25,78.71,19502.6616,2557667.0
2016-10-26,78.71,19502.6616,4337924.0
2016-10-27,75.84,18791.5367,3549006.0
2016-10-28,77.58,19222.6717,3400659.0
2016-10-31,75.86,18815.8127,1928193.0
2016-11-01,77.88,19316.8401,2458210.0
2016-11-02,78.0,19346.6041,2580387.0
2016-11-03,77.69,19269.7138,2370996.0
2016-11-04,78.96,19584.7162,1902122.0
2016-11-07,83.22,20641.3384,2170116.0
2016-11-08,82.99,20584.2907,1767969.0
2016-11-09,92.88,23037.3409,3988038.0
2016-11-10,95.36,23652.4637,4130927.0
2016-11-11,92.0,22819.0715,2631080.0
2016-11-14,94.42,23419.3123,2485092.0
2016-11-15,93.06,23081.9869,2265741.0
2016-11-16,90.47,22439.5805,1486963.0
2016-11-17,91.2,22620.6448,1320095.0
2016-11-18,89.44,22184.1061,1265388.0
2016-11-21,89.05,22087.373,1278191.0
2016-11-22,86.2,21380.4779,1765652.0
2016-11-23,87.34,21663.236,1041100.0
2016-11-25,87.77,21769.8903,814399.0
2016-11-28,86.9,21554.1013,1855272.0
2016-11-29,85.65,21244.0595,1745516.0
2016-11-30,81.61,20242.0047,2292728.0
2016-12-01,77.82,19301.9581,2662560.0
2016-12-02,75.5,18726.5207,4580479.0
2016-12-05,75.55,18738.9223,2588618.0
2016-12-06,78.12,19376.3681,1816705.0
2016-12-07,75.32,18681.8747,2569111.0
2016-12-08,77.22,19153.1381,1773434.0
2016-12-09,76.67,19016.7197,1618599.0
2016-12-12,76.08,18870.38,1731686.0
2016-12-13,76.6,18999.3574,1210078.0
2016-12-14,78.33,19428.4551,3200088.0
2016-12-15,77.05,19110.9724,1972168.0
2016-12-16,76.8,19048.9641,2280214.0
2016-12-19,76.3,18924.9474,1555115.0
2016-12-20,76.44,18959.672,1327278.0
2016-12-21,72.6,18007.2238,2845545.0
2016-12-22,72.02,17863.3645,2486850.0
2016-12-23,74.31,18431.3609,1485211.0
2016-12-27,75.19,18649.6303,1032911.0
2016-12-28,74.59,18500.8103,1166035.0
2016-12-29,74.44,18463.6053,938589.0
2016-12-30,73.67,18272.6196,1357424.0
2017-01-03,74.89,18575.2203,1761887.0
2017-01-04,77.05,19110.9724,1667701.0
2017-01-05,79.06,19609.5195,2354722.0
2017-01-06,79.39,19691.3705,1669750.0
2017-01-09,82.86,20552.0464,4522498.0
2017-01-10,82.93,20569.4087,2110457.0
2017-01-11,81.93,20321.3753,2785209.0
2017-01-12,82.39,20435.4707,1351806.0
2017-01-13,83.17,20628.9367,1518581.0
2017-01-17,81.55,20227.1226,1501513.0
2017-01-18,82.52,20467.715,1620727.0
2017-01-19,80.91,20068.3813,1653002.0
2017-01-20,81.37,20182.4766,1105561.0
2017-01-23,81.4,20189.9176,1124756.0
2017-01-24,82.24,20398.2657,1366588.0
2017-01-25,85.19,21129.9642,2854597.0
2017-01-26,85.33,21164.6888,2531671.0
2017-01-27,87.37,21670.677,1861301.0
2017-01-30,84.38,20929.0571,1805728.0
2017-01-31,85.87,21298.6269,2418422.0
2017-02-01,86.24,21390.3992,1754741.0
2017-02-02,86.72,21509.4553,1290809.0
2017-02-03,86.73,21511.9356,1227304.0
2017-02-06,87.42,21683.0786,1423781.0
2017-02-07,86.84,21539.2193,1285437.0
2017-02-08,87.72,21757.4886,1310129.0
2017-02-09,89.27,22141.9404,1520037.0
2017-02-10,88.15,21864.143,1633837.0
2017-02-13,87.72,21757.4886,1123459.0
2017-02-14,88.91,22052.6484,2321559.0
2017-02-15,89.37,22166.7437,1329771.0
2017-02-16,87.7,21752.528,1322193.0
2017-02-17,88.33,21908.789,1429046.0
2017-02-21,86.55,21467.2896,1665274.0
2017-02-22,85.79,21278.7842,1263166.0
2017-02-23,85.73,21298.6005,890750.0
2017-02-24,86.07,21383.0695,1406789.0
2017-02-27,88.9,22086.1494,2073654.0
2017-02-28,90.62,22513.4629,2401894.0
2017-03-01,90.31,22436.4471,2089382.0
2017-03-02,89.89,22332.1031,1060890.0
2017-03-03,90.19,22406.6345,1422569.0
2017-03-06,90.91,22585.51,1587733.0
2017-03-07,91.32,22687.3696,1960731.0
2017-03-08,92.18,22901.0264,1763195.0
2017-03-09,93.57,23246.3554,1217095.0
2017-03-10,93.98,23348.215,1534220.0
2017-03-13,92.95,23092.3238,897550.0
2017-03-14,92.74,23040.1518,695178.0
2017-03-15,94.57,23494.7935,1031369.0
2017-03-16,92.36,22945.7453,1449700.0
2017-03-17,91.92,22836.4325,2501509.0
2017-03-20,91.31,22684.8852,1382494.0
2017-03-21,89.5,22235.2122,1711789.0
2017-03-22,90.04,22369.3688,1337153.0
2017-03-23,89.05,22123.4151,1043598.0
2017-03-24,89.98,22354.4625,1064364.0
2017-03-27,90.8,22558.1818,1383188.0
2017-03-28,89.67,22277.4467,1561363.0
2017-03-29,108.01,26833.8019,13681500.0
2017-03-30,107.29,26654.9265,3024367.0
2017-03-31,109.35,27166.709,2849236.0
2017-04-03,107.45,26694.6766,2040768.0
2017-04-04,112.29,27897.1171,2914105.0
2017-04-05,114.11,28349.2745,4032677.0
2017-04-06,114.26,28386.5402,1959774.0
2017-04-07,115.88,28789.01,2108064.0
2017-04-10,114.06,28336.8526,2116554.0
2017-04-11,114.23,28379.0871,1794271.0
2017-04-12,114.86,28535.6031,1161945.0
2017-04-13,113.8,28272.2587,1599960.0
2017-04-17,114.81,28592.6373,1184295.0
2017-04-18,114.65,28552.7904,1136516.0
2017-04-19,114.63,28547.8095,1570444.0
2017-04-20,117.26,29202.7928,1495498.0
2017-04-21,116.7,29063.3287,2803925.0
2017-04-24,117.66,29302.4101,1502994.0
2017-04-25,117.27,29205.2833,1243008.0
2017-04-26,116.34,28973.6732,1759118.0
2017-04-27,117.42,29242.6397,1424441.0
2017-04-28,118.3,29461.7976,3387189.0
2017-05-01,120.62,30042.677,2109563.0
2017-05-02,118.47,29507.1792,2465422.0
2017-05-03,119.05,29651.639,1333324.0
2017-05-04,116.39,28989.1161,1672738.0
2017-05-05,114.84,28603.0595,2545057.0
2017-05-08,115.06,28657.8546,1544391.0
2017-05-09,116.63,29048.8926,1185243.0
2017-05-10,115.35,28730.0845,1414006.0
2017-05-11,115.36,28732.5752,1395069.0
2017-05-12,114.6,28543.2829,986032.0
2017-05-15,116.23,28949.2651,1101274.0
2017-05-16,118.09,29412.533,1320397.0
2017-05-17,114.38,28488.4878,1717861.0
2017-05-18,117.93,29372.682,2155016.0
2017-05-19,118.02,29395.0982,1564730.0
2017-05-22,118.94,29624.2415,1062021.0
2017-05-23,116.59,29038.9298,1859970.0
2017-05-24,117.8,29340.3031,1818349.0
2017-05-25,118.6,29539.5581,1393410.0
2017-05-26,119.92,29868.3289,1477802.0
2017-05-30,120.39,29985.3912,1634758.0
2017-05-31,123.6,30784.902,2813594.0
2017-06-01,127.16,31671.5869,3356339.0
2017-06-02,129.9,32354.0354,2837882.0
2017-06-05,130.17,32421.284,2030081.0
2017-06-06,127.72,31811.0654,1250626.0
2017-06-07,124.99,31131.1076,2635934.0
2017-06-08,125.91,31360.2509,1954776.0
2017-06-09,122.66,30550.7774,1791106.0
2017-06-12,122.35,30473.566,2043770.0
2017-06-13,122.49,30508.4357,1344447.0
2017-06-14,124.71,31061.3678,1759259.0
2017-06-15,124.04,30894.4917,1017745.0
2017-06-16,123.14,30670.3298,3152299.0
2017-06-19,125.58,31278.0576,1509058.0
2017-06-20,126.33,31464.8592,1737625.0
2017-06-21,134.83,33581.9439,3239802.0
2017-06-22,135.53,33756.292,2890075.0
2017-06-23,133.5,33250.6824,2172643.0
2017-06-26,133.41,33228.2662,1289028.0
2017-06-27,129.23,32187.1587,1723659.0
2017-06-28,131.11,32655.408,1192028.0
2017-06-29,127.24,31691.5118,1368819.0
2017-06-30,128.87,32097.4939,1582260.0
2017-07-03,128.23,31938.0899,825185.0
2017-07-05,129.0,32129.8729,1320590.0
2017-07-06,128.46,31995.3757,1171802.0
2017-07-07,130.35,32466.1157,1019946.0
2017-07-10,128.66,32045.1895,1517263.0
2017-07-11,132.17,32919.4209,1336928.0
2017-07-12,131.44,32737.6007,1288462.0
2017-07-13,130.92,32608.0849,1600610.0
2017-07-14,130.99,32625.5198,1278651.0
2017-07-17,129.21,32182.1773,1136207.0
2017-07-18,132.16,32916.9302,3311555.0
2017-07-19,159.69,39773.7938,16800128.0
2017-07-20,159.33,39684.129,4927397.0
2017-07-21,163.17,40640.5532,3176393.0
2017-07-24,166.11,41372.8154,2444532.0
2017-07-25,161.97,40341.6706,2424136.0
2017-07-26,163.42,40702.8204,2087173.0
2017-07-27,156.19,39167.7663,3918877.0
2017-07-28,154.15,38864.1237,1880425.0
2017-07-31,151.82,38276.6867,2975961.0
2017-08-01,153.2,38624.6107,1621140.0
2017-08-02,157.55,39721.3278,1781663.0
2017-08-03,154.03,38833.8694,1407101.0
2017-08-04,154.54,38962.45,807795.0
2017-08-07,156.47,39449.0394,926423.0
2017-08-08,153.26,38639.7379,893487.0
2017-08-09,152.58,38468.297,1037955.0
2017-08-10,148.54,37449.7368,1302830.0
2017-08-11,153.78,38770.8397,1551523.0
2017-08-14,154.49,38949.8441,1082040.0
2017-08-15,152.72,38503.5937,734864.0
2017-08-16,151.37,38163.2332,913411.0
2017-08-17,148.54,37449.7368,1019238.0
2017-08-18,148.13,37346.3681,887138.0
2017-08-21,149.01,37568.2327,1090074.0
2017-08-22,155.48,39199.4418,1659747.0
2017-08-23,153.25,38637.2167,989435.0
2017-08-24,156.08,39350.7131,1148699.0
2017-08-25,153.27,38642.2591,943835.0
2017-08-28,153.4,38675.0345,1187856.0
2017-08-29,152.89,38546.4539,888423.0
2017-08-30,156.29,39403.658,1246885.0
2017-08-31,160.54,40475.1632,3329549.0
2017-09-01,162.24,40903.7653,1708717.0
2017-09-05,159.07,40104.5485,1327071.0
2017-09-06,157.08,39602.8319,1328406.0
2017-09-07,159.41,40190.2689,1235994.0
2017-09-08,158.83,40044.04,1064745.0
2017-09-11,157.81,39786.8787,1519866.0
2017-09-12,156.82,39537.281,800813.0
2017-09-13,156.8,39532.2387,995081.0
2017-09-14,153.38,38669.9921,1461691.0
2017-09-15,153.61,38727.9795,3112907.0
2017-09-18,153.2,38624.6107,1386918.0
2017-09-19,153.0,38574.187,1428257.0
2017-09-20,152.72,38503.5937,1931404.0
2017-09-21,152.06,38337.1952,808169.0
2017-09-22,151.26,38135.5001,1269855.0
2017-09-25,149.1,37590.9234,1741161.0
2017-09-26,148.46,37429.5673,1762039.0
2017-09-27,149.07,37583.3598,2112346.0
2017-09-28,149.62,37722.0252,2111073.0
2017-09-29,152.04,38332.1528,1500162.0
2017-10-02,152.23,38380.0554,2057693.0
2017-10-03,152.51,38450.6487,995007.0
2017-10-04,152.51,38450.6487,970185.0
2017-10-05,152.3,38397.7037,1273734.0
2017-10-06,155.1,39103.6366,1551110.0
2017-10-09,155.55,39217.0901,1142475.0
2017-10-10,154.52,38957.4076,1055522.0
2017-10-11,154.02,38831.3482,1757612.0
2017-10-12,153.98,38821.2634,1535039.0
2017-10-13,152.91,38551.4963,930281.0
2017-10-16,154.7,39002.789,2328423.0
2017-10-17,155.05,39091.0306,795374.0
2017-10-18,154.76,39017.9162,1050665.0
2017-10-19,154.6,38977.5771,1309420.0
2017-10-20,154.63,38985.1407,1320895.0
2017-10-23,151.06,38085.0764,1552169.0
2017-10-24,151.11,38097.6823,1829565.0
2017-10-25,146.8,37011.05,2388956.0
2017-10-26,143.76,36325.7081,3735337.0
2017-10-27,150.11,37930.2451,2747621.0
2017-10-30,149.53,37816.5629,1750533.0
2017-10-31,146.23,36981.9835,2457065.0
2017-11-01,142.63,36071.5332,2412596.0
2017-11-02,144.9,36645.6227,2049975.0
2017-11-03,149.97,37927.8401,1884899.0
2017-11-06,148.98,37677.4663,1608296.0
2017-11-07,151.31,38266.7299,1384975.0
2017-11-08,147.4,37277.8798,1191898.0
2017-11-09,148.17,37472.615,1132350.0
2017-11-10,148.74,37616.7696,861047.0
2017-11-13,148.03,37437.2086,743628.0
2017-11-14,147.82,37384.099,1209146.0
2017-11-15,148.66,37596.5374,1086600.0
2017-11-16,147.94,37414.4473,1516387.0
2017-11-17,147.41,37280.4088,903595.0
2017-11-20,144.64,36579.8679,1451615.0
2017-11-21,145.11,36698.7323,1501124.0
2017-11-22,147.04,37186.8348,906988.0
2017-11-24,146.55,37062.9124,660987.0
2017-11-27,148.55,37568.7181,1197667.0
2017-11-28,147.32,37257.6476,1116960.0
2017-11-29,143.75,36354.7844,1313862.0
2017-11-30,144.29,36491.3519,1739281.0
2017-12-01,140.79,35606.192,2448450.0
2017-12-04,138.79,35100.3863,2127679.0
2017-12-05,138.36,34991.638,1374011.0
2017-12-06,137.28,34718.503,1582655.0
2017-12-07,138.78,35097.8572,1687469.0
2017-12-08,143.61,36319.378,1725542.0
2017-12-11,141.68,35831.2755,1475182.0
2017-12-12,140.91,35636.5403,1010253.0
2017-12-13,144.8,36620.3324,2024156.0
2017-12-14,142.53,36046.2429,1411325.0
2017-12-15,145.86,36888.4094,3246092.0
2017-12-18,145.44,36782.1902,1231896.0
2017-12-19,145.15,36708.8484,1051252.0
2017-12-20,145.12,36701.2613,813580.0
2017-12-21,148.82,37637.0018,2290056.0
2017-12-22,149.97,37927.8401,1459966.0
2017-12-26,150.6,38087.1689,777860.0
2017-12-27,151.55,38327.4266,939096.0
2017-12-28,151.17,38231.3235,957374.0
2017-12-29,149.86,37900.0208,881899.0
2018-01-02,152.91,38671.3745,1382034.0
2018-01-03,152.01,38443.7619,1603979.0
2018-01-04,153.07,38711.8389,1345114.0
2018-01-05,155.69,39374.4444,1939967.0
2018-01-08,156.89,39677.9278,1986951.0
2018-01-09,156.01,39455.3733,1487743.0
2018-01-10,157.38,39801.8502,1700963.0
2018-01-11,158.4,40059.8111,950608.0
2018-01-12,157.93,39940.9468,1561110.0
2018-01-16,155.71,39379.5025,1834799.0
2018-01-17,156.99,39703.2181,1270888.0
2018-01-18,157.19,39753.7987,1250870.0
2018-01-19,157.97,39951.0629,2085311.0
2018-01-22,161.91,40947.5001,1689049.0
2018-01-23,166.58,42128.5564,3058687.0
2018-01-24,167.45,42348.5819,2492679.0
2018-01-25,166.24,42042.5695,1270617.0
2018-01-26,169.21,42793.6909,1495100.0
2018-01-29,167.14,42270.182,1828670.0
2018-01-30,166.54,42118.4403,2184621.0
2018-01-31,166.87,42260.3281,2323805.0
2018-02-01,172.99,43810.2365,5090031.0
2018-02-02,166.24,42100.7787,3455085.0
2018-02-05,155.14,39289.6704,2906900.0
2018-02-06,159.27,40335.6053,3114575.0
2018-02-07,155.67,39423.8945,1812917.0
2018-02-08,151.6,38393.1548,2854017.0
2018-02-09,152.96,38737.5789,2719763.0
2018-02-12,152.01,38496.9885,2242152.0
2018-02-13,154.14,39036.4174,1624480.0
2018-02-14,157.26,39826.5668,1992074.0
2018-02-15,160.94,40861.3759,1244660.0
2018-02-16,160.72,40805.5197,1001947.0
2018-02-20,160.98,40871.5316,1136414.0
2018-02-21,157.89,40087.0054,1160791.0
2018-02-22,157.59,40010.8378,1654835.0
2018-02-23,165.9,42120.6801,1591078.0
2018-02-26,169.54,43044.847,1779326.0
2018-02-27,165.88,42115.6023,1635786.0
2018-02-28,166.03,42153.6861,2055525.0
2018-03-01,165.83,42102.9077,2028742.0
2018-03-02,170.06,43176.8708,2111944.0
2018-03-05,173.16,43963.9359,1882421.0
2018-03-06,168.72,42836.6555,2176828.0
2018-03-07,170.17,43204.7989,1215786.0
2018-03-08,171.88,43638.9542,1060709.0
2018-03-09,176.26,44751.0011,1415305.0
2018-03-12,177.13,44971.8871,1357560.0
2018-03-13,174.96,44420.9415,1989486.0
2018-03-14,174.38,44273.6842,1036592.0
2018-03-15,173.97,44169.5885,952466.0
2018-03-16,175.66,44598.6659,2462076.0
2018-03-19,170.77,43357.1341,1161542.0
2018-03-20,171.47,43534.8585,1674317.0
2018-03-21,170.34,43247.9606,1050015.0
2018-03-22,166.1,42171.4585,1095474.0
2018-03-23,160.93,40858.837,1319393.0
2018-03-26,166.1,42171.4585,1327335.0
2018-03-27,160.34,40709.0407,1289311.0
2018-03-28,159.58,40516.0828,1443658.0
2018-03-29,162.98,41379.3156,1527247.0
2018-04-02,156.31,39685.856,1804506.0
2018-04-03,158.36,40206.3346,1542275.0
2018-04-04,162.12,41160.9684,1832014.0
2018-04-05,157.66,40028.6102,1352812.0
2018-04-06,154.25,39315.0885,1446291.0
2018-04-09,156.76,39954.8349,1235369.0
2018-04-10,161.17,41078.8513,1301729.0
2018-04-11,158.89,40497.7272,1526952.0
2018-04-12,161.98,41285.3033,1079909.0
2018-04-13,161.39,41134.9247,1486113.0
2018-04-16,158.7,40449.3002,1482901.0
2018-04-17,164.99,42052.4892,2399358.0
2018-04-18,163.36,41637.0364,1122146.0
2018-04-19,159.55,40665.9473,1235637.0
2018-04-20,158.15,40309.1167,1534723.0
2018-04-23,158.69,40446.7514,1154618.0
2018-04-24,155.67,39677.0167,1504877.0
2018-04-25,155.15,39544.4796,1313098.0
2018-04-26,158.81,40477.3368,1991083.0
2018-04-27,156.05,39766.2577,1866708.0
2018-04-30,153.16,39029.7983,1717317.0
2018-05-01,152.48,38856.5138,1648558.0
2018-05-02,149.47,38089.4748,2565220.0
2018-05-03,149.64,38132.7959,1518943.0
2018-05-04,149.39,38069.0884,2263777.0
2018-05-07,149.5,38097.1197,1448762.0
2018-05-08,148.27,37783.6785,1146964.0
2018-05-09,149.07,37987.5427,1419622.0
2018-05-10,151.01,38481.9133,1267581.0
2018-05-11,155.97,39745.8713,2242866.0
2018-05-14,157.46,40125.5683,1442379.0
2018-05-15,155.54,39636.2943,1370152.0
2018-05-16,156.16,39794.289,1240701.0
2018-05-17,156.34,39840.1585,1147519.0
2018-05-18,157.24,40069.5057,998525.0
2018-05-21,156.22,39809.5788,1199245.0
2018-05-22,156.28,39824.8687,956366.0
2018-05-23,156.98,40003.2498,791228.0
2018-05-24,156.97,40000.7015,634448.0
2018-05-25,157.5,40135.7615,653584.0
2018-05-29,155.24,39559.8452,1142294.0
2018-05-30,156.64,39916.6075,1164429.0
2018-05-31,154.0,39243.8557,1649430.0
2018-06-01,152.05,38746.9368,2176805.0
2018-06-04,149.65,38135.3442,2660991.0
2018-06-05,145.72,37133.8614,2957840.0
2018-06-06,145.97,37197.569,3087528.0
2018-06-07,145.75,37141.5063,2183214.0
2018-06-08,150.55,38364.6914,1791147.0
2018-06-11,148.63,37875.4174,1460342.0
2018-06-12,150.99,38476.8167,1539661.0
2018-06-13,151.94,38718.9055,1307687.0
2018-06-14,154.99,39496.1377,1384574.0
2018-06-15,155.02,39503.7826,2890161.0
2018-06-18,151.69,38655.1979,1371721.0
2018-06-19,154.5,39371.2708,1551161.0
2018-06-20,157.63,40168.8895,1385374.0
2018-06-21,156.57,39898.7694,835370.0
2018-06-22,159.19,40566.4246,2203490.0
2018-06-25,154.76,39437.5267,1491803.0
2018-06-26,151.5,38606.7801,1813927.0
2018-06-27,147.5,37587.4592,2075364.0
2018-06-28,147.59,37610.3939,1368358.0
2018-06-29,169.96,43310.9462,6716387.0
2018-07-02,169.61,43221.7556,2283604.0
2018-07-03,167.73,42742.6748,1059865.0
2018-07-05,169.49,43191.176,1178627.0
2018-07-06,173.45,44200.3037,1518916.0
2018-07-09,174.16,44381.2332,1334968.0
2018-07-10,175.11,44623.3219,1600268.0
2018-07-11,175.01,44597.8389,1618426.0
2018-07-12,178.27,45428.5855,1181060.0
2018-07-13,180.5,45996.8569,1458674.0
2018-07-16,181.22,46180.3346,1961482.0
2018-07-17,182.59,46529.4521,1133302.0
2018-07-18,181.13,46157.3999,1138482.0
2018-07-19,180.12,45900.0214,1080486.0
2018-07-20,177.4,45206.8832,1666374.0
2018-07-23,176.54,44987.7292,1388700.0
2018-07-24,174.88,44564.711,1704975.0
2018-07-25,176.81,45065.8632,1567334.0
2018-07-26,175.87,44945.3265,2400676.0
2018-07-27,172.1,43981.8655,1392093.0
2018-07-30,174.42,44574.7646,1534172.0
2018-07-31,175.05,44735.7673,1529430.0
2018-08-01,177.87,45456.4463,1384463.0
2018-08-02,177.89,45461.5575,1684292.0
2018-08-03,174.54,44605.4318,1117993.0
2018-08-06,174.91,44699.9889,761485.0
2018-08-07,177.51,45364.4448,1097804.0
2018-08-08,175.3,44799.6573,903526.0
2018-08-09,175.05,44735.7673,837042.0
2018-08-10,174.82,44676.9885,568010.0
2018-08-13,175.05,44735.7673,810394.0
2018-08-14,175.93,44960.6601,566678.0
2018-08-15,173.0,44211.8694,907510.0
2018-08-16,174.96,44712.7669,732505.0
2018-08-17,176.08,44998.9941,981740.0
2018-08-20,175.71,44904.4369,946746.0
2018-08-21,176.86,45198.3308,919581.0
2018-08-22,177.72,45418.1124,616391.0
2018-08-23,176.02,44983.6605,681036.0
2018-08-24,176.84,45193.2196,905185.0
2018-08-27,179.32,45827.0083,825637.0
2018-08-28,180.87,46223.1262,1257611.0
2018-08-29,184.86,47242.8103,1277524.0
2018-08-30,186.03,47541.8155,968908.0
2018-08-31,184.4,47125.2528,1302095.0
2018-09-04,183.31,46846.6924,1371082.0
2018-09-05,183.21,46821.1364,1027888.0
2018-09-06,180.05,46013.567,890712.0
2018-09-07,179.47,45865.3423,1204444.0
2018-09-10,179.28,45816.7859,797528.0
2018-09-11,178.61,45645.5607,1077737.0
2018-09-12,178.34,45576.5595,860811.0
2018-09-13,179.86,45965.0106,830409.0
2018-09-14,179.01,45747.7847,847297.0
2018-09-17,175.8,44927.4373,878076.0
2018-09-18,177.12,45264.7764,964893.0
2018-09-19,176.6,45131.8852,732151.0
2018-09-20,180.52,46133.6802,784813.0
2018-09-21,180.08,46021.2338,1642003.0
2018-09-24,182.17,46555.3541,706285.0
2018-09-25,182.65,46678.0229,835788.0
2018-09-26,186.65,47700.2626,1712114.0
2018-09-27,189.74,48489.9428,1381142.0
2018-09-28,192.74,49256.6226,2148204.0
2018-10-01,191.57,48957.6175,1841863.0
2018-10-02,191.93,49049.6191,941159.0
2018-10-03,192.21,49121.1759,1000926.0
2018-10-04,188.62,48203.7157,935470.0
2018-10-05,188.05,48058.0465,859808.0
2018-10-08,185.34,47365.4791,852196.0
2018-10-09,185.66,47447.2583,1087261.0
2018-10-10,176.43,45088.44,1565380.0
2018-10-11,175.66,44891.6589,2395236.0
2018-10-12,181.32,46338.1281,1257515.0
2018-10-15,177.65,45400.2232,1064193.0
2018-10-16,185.45,47393.5907,1136652.0
2018-10-17,185.48,47401.2575,886873.0
2018-10-18,178.9,45719.6731,2643374.0
2018-10-19,175.69,44899.3257,1905500.0
2018-10-22,177.4,45336.3332,1513448.0
2018-10-23,174.17,44510.8746,1960486.0
2018-10-24,163.09,41687.598,2053359.0
2018-10-25,165.61,42322.9662,2800090.0
2018-10-26,169.48,43311.9758,2659510.0
2018-10-29,170.34,43531.7557,2700823.0
2018-10-30,171.49,43825.6474,1441870.0
2018-10-31,169.46,43306.8646,1607491.0
2018-11-01,175.19,44771.2122,1368952.0
2018-11-02,173.29,44285.6519,1338116.0
2018-11-05,174.59,44617.8773,801406.0
2018-11-06,175.23,44781.4345,920333.0
2018-11-07,183.88,46992.0115,1535978.0
2018-11-08,180.26,46066.8914,1101756.0
2018-11-09,180.55,46141.0032,1845491.0
2018-11-12,172.85,44173.2063,1754054.0
2018-11-13,170.31,43524.0889,955741.0
2018-11-14,164.58,42059.7414,1502568.0
2018-11-15,166.67,42593.8577,1648087.0
2018-11-16,165.11,42195.1872,1924132.0
2018-11-19,161.07,41162.7327,1362928.0
2018-11-20,159.76,40827.9517,1658171.0
2018-11-21,160.25,40953.1751,874187.0
2018-11-23,160.39,40988.9532,346829.0
2018-11-26,167.4,42780.4151,1604009.0
2018-11-27,175.45,44837.6572,2327610.0
2018-11-28,178.38,45586.4423,1445111.0
2018-11-29,179.45,45859.8894,976406.0
2018-11-30,180.79,46202.3371,1095998.0
2018-12-03,184.65,47188.7912,1692900.0
2018-12-04,177.93,45471.4412,1316188.0
2018-12-06,179.61,45900.7787,1906316.0
2018-12-07,172.21,44009.6492,1627291.0
2018-12-10,173.78,44410.8753,907149.0
2018-12-11,173.23,44270.3184,1023565.0
2018-12-12,175.45,44837.6572,904998.0
2018-12-13,173.42,44318.8744,971193.0
2018-12-14,170.06,43460.1994,916918.0
2018-12-17,166.17,42466.0787,1765072.0
2018-12-18,163.43,41765.8497,1593169.0
2018-12-19,158.66,40546.8378,1877594.0
2018-12-20,161.3,41221.511,2213260.0
2018-12-21,156.5,39994.8325,2677605.0
2018-12-24,151.91,38821.8211,1158155.0
2018-12-26,161.84,41359.5124,1638369.0
2018-12-27,162.37,41494.9581,1485000.0
2018-12-28,161.42,41252.178,966721.0
2018-12-31,165.71,42348.522,1375410.0
2019-01-02,164.08,41931.9624,1465350.0
2019-01-03,163.73,41842.5171,1690854.0
2019-01-04,172.7,44134.8726,1874533.0
2019-01-07,175.85,44939.8805,1294712.0
2019-01-08,178.19,45537.8863,1653229.0
2019-01-09,182.3,46588.2298,2298518.0
2019-01-10,186.03,47541.4613,1988432.0
2019-01-11,188.16,48085.7999,2222560.0
2019-01-14,183.91,46999.6782,1962008.0
2019-01-15,186.68,47707.574,1330425.0
2019-01-16,186.15,47572.1282,2251237.0
2019-01-17,190.52,48688.9168,1605860.0
2019-01-18,194.7,49757.1494,2149793.0
2019-01-22,193.88,49547.5918,2003881.0
2019-01-23,189.89,48527.9153,2043144.0
2019-01-24,186.58,47682.0182,1825062.0
2019-01-25,189.5,48428.2476,1404751.0
2019-01-28,188.09,48067.9108,1513518.0
2019-01-29,186.38,47630.9066,1024572.0
2019-01-30,187.05,47802.1304,1385987.0
2019-01-31,190.91,48788.5845,900773.0
2019-02-01,191.52,48944.4749,893008.0
2019-02-04,187.98,48039.7994,1482263.0
2019-02-05,187.02,47722.2674,1643480.0
2019-02-06,182.39,46540.8211,1915715.0
2019-02-07,180.18,45976.891,1462546.0
2019-02-08,181.34,46272.8905,980716.0
2019-02-11,181.53,46321.3732,2037038.0
2019-02-12,184.01,46954.1997,1316645.0
2019-02-13,185.25,47360.4387,1244460.0
2019-02-14,185.72,47480.5974,917789.0
2019-02-15,188.07,48081.3911,1408240.0
2019-02-19,186.86,47772.0463,1823670.0
2019-02-20,187.84,48022.59,1066275.0
2019-02-21,183.06,46800.5501,1086953.0
2019-02-22,185.76,47490.8237,1027434.0
2019-02-25,186.33,47636.5481,1268772.0
2019-02-26,188.92,48298.6995,1477952.0
2019-02-27,189.81,48526.2341,633241.0
2019-02-28,188.75,48255.2378,1194699.0
2019-03-01,192.16,49127.0278,887724.0
2019-03-04,190.04,48585.0352,1208568.0
2019-03-05,187.8,48012.3638,1409099.0
2019-03-06,181.11,46302.0192,1381035.0
2019-03-07,178.61,45662.8769,1432915.0
2019-03-08,177.26,45317.7401,1451476.0
2019-03-11,180.52,46151.1816,1350697.0
2019-03-12,182.57,46675.2782,1545300.0
2019-03-13,185.66,47465.258,1202373.0
2019-03-14,186.11,47580.3036,785740.0
2019-03-15,188.09,48086.5043,2768606.0
2019-03-18,187.48,47930.5535,1554078.0
2019-03-19,181.76,46468.1961,1556196.0
2019-03-20,179.98,46013.1269,1213668.0
2019-03-21,182.56,46672.7217,1156531.0
2019-03-22,181.53,46409.3951,1612327.0
2019-03-25,183.85,47002.519,1754503.0
2019-03-26,189.91,48551.7998,1374128.0
2019-03-27,185.82,47506.1631,1181198.0
2019-03-28,182.42,46636.9297,1615217.0
2019-03-29,183.95,47028.0847,1274722.0
2019-04-01,186.05,47564.9642,1029960.0
2019-04-02,187.11,47835.9605,814385.0
2019-04-03,187.89,48035.3729,829756.0
2019-04-04,184.15,47079.2161,1193408.0
2019-04-05,188.89,48291.0298,2289193.0
2019-04-08,188.93,48301.256,910148.0
2019-04-09,188.31,48142.7488,976044.0
2019-04-10,190.37,48669.402,1155872.0
2019-04-11,185.12,47327.2033,1971928.0
2019-04-12,182.78,46728.9662,1077440.0
2019-04-15,182.49,46654.8257,826703.0
2019-04-16,179.74,45951.7692,900446.0
2019-04-17,166.97,42687.0308,2851420.0
2019-04-18,168.16,42991.2625,3195691.0
2019-04-22,168.52,43083.2989,1213527.0
2019-04-23,175.37,44834.5486,1514591.0
2019-04-24,172.58,44121.2659,1164516.0
2019-04-25,174.61,44640.2494,806666.0
2019-04-26,172.85,44190.2933,1117744.0
2019-04-29,172.52,44222.6182,750347.0
2019-04-30,168.98,43315.1983,1619777.0
2019-05-01,172.6,44243.1248,1824775.0
2019-05-02,169.54,43422.8154,1209837.0
2019-05-03,173.87,44531.8209,971769.0
2019-05-06,174.76,44759.7689,888288.0
2019-05-07,170.28,43612.3452,1345920.0
2019-05-08,169.01,43287.0711,1121620.0
2019-05-09,169.91,43517.5803,820212.0
2019-05-10,168.85,43246.0916,805666.0
2019-05-13,164.61,42160.1371,1118452.0
2019-05-14,166.72,42700.5531,938244.0
2019-05-15,166.88,42741.5326,663662.0
2019-05-16,170.23,43599.5391,1689001.0
2019-05-17,168.73,43215.3571,898185.0
2019-05-20,165.73,42446.993,644265.0
2019-05-21,169.12,43315.2444,703346.0
2019-05-22,172.37,44147.6388,1230425.0
2019-05-23,173.01,44311.5565,1272756.0
2019-05-24,171.77,43993.966,1115656.0
2019-05-28,172.76,44247.5262,1542109.0
2019-05-29,166.55,42657.0125,1788394.0
2019-05-30,170.26,43607.2228,902947.0
2019-05-31,166.18,42562.2476,982523.0
2019-06-03,166.64,42680.0634,1080560.0
2019-06-04,171.27,43865.9053,1456839.0
2019-06-05,173.27,44378.148,1254518.0
2019-06-06,167.75,42964.3581,1261065.0
2019-06-07,173.51,44439.6172,1109578.0
2019-06-10,172.84,44268.0159,1025053.0
2019-06-11,172.0,44052.8739,1442252.0
2019-06-12,170.63,43701.9877,1444580.0
2019-06-13,168.89,43256.3365,951626.0
2019-06-14,170.22,43596.9779,806077.0
2019-06-17,173.78,44508.7699,955604.0
2019-06-18,177.94,45574.2348,1521367.0
2019-06-19,181.75,46550.0572,1535436.0
2019-06-20,182.17,46657.6282,1217655.0
2019-06-21,183.97,47118.6466,1844607.0
2019-06-24,181.02,46363.0886,764040.0
2019-06-25,180.15,46140.263,960080.0
2019-06-26,177.66,45502.5208,768712.0
2019-06-27,178.58,45738.1525,731475.0
2019-06-28,183.38,46967.535,1604907.0
2019-07-01,181.84,46573.1081,1112937.0
2019-07-02,179.53,45981.4678,819621.0
2019-07-03,183.26,46936.8004,571593.0
2019-07-05,178.34,45676.6833,878875.0
2019-07-08,176.75,45269.4504,818899.0
2019-07-09,178.46,45707.4179,714725.0
2019-07-10,178.76,45784.2543,766560.0
2019-07-11,176.01,45079.9206,1258069.0
2019-07-12,175.79,45023.5739,1004048.0
2019-07-15,176.37,45172.1243,1055341.0
2019-07-16,176.16,45118.3388,619960.0
2019-07-17,177.14,45369.3377,773112.0
2019-07-18,178.09,45612.653,853492.0
2019-07-19,174.13,44598.4124,1121646.0
2019-07-22,174.08,44585.6063,1120958.0
2019-07-23,175.24,44882.7071,828427.0
2019-07-24,173.34,44396.0765,1135658.0
2019-07-25,169.56,43427.9378,1784010.0
2019-07-26,166.83,42728.7265,1640861.0
2019-07-29,166.23,42575.0537,1366589.0
2019-07-30,169.54,43422.8154,2339004.0
2019-07-31,166.62,42674.941,1460350.0
2019-08-01,179.29,45919.9986,3130255.0
2019-08-02,178.39,45852.5527,1814936.0
2019-08-05,175.56,45125.1424,1709396.0
2019-08-06,176.94,45479.8513,1287618.0
2019-08-07,175.65,45148.2756,940964.0
2019-08-08,182.94,47022.0639,1641733.0
2019-08-09,182.98,47032.3454,1275807.0
2019-08-12,179.84,46225.2541,1160938.0
2019-08-13,183.91,47271.3883,1263661.0
2019-08-14,179.53,46145.5731,1405777.0
2019-08-15,181.12,46554.2594,829130.0
2019-08-16,184.94,47536.1348,1331099.0
2019-08-19,187.09,48088.761,963229.0
2019-08-20,183.72,47222.5516,1001309.0
2019-08-21,186.4,47911.4066,575530.0
2019-08-22,184.24,47356.21,1026856.0
2019-08-23,180.18,46312.6461,1198694.0
2019-08-26,180.64,46430.8824,829517.0
2019-08-27,178.25,45816.5677,940100.0
2019-08-28,178.34,45839.7009,1680241.0
2019-08-29,178.98,46004.2036,680331.0
2019-08-30,180.02,46271.5204,892907.0
2019-09-03,178.7,45932.2337,1030148.0
2019-09-04,176.83,45451.5774,1003373.0
2019-09-05,179.86,46230.3948,868710.0
2019-09-06,181.33,46608.2369,979384.0
2019-09-09,174.81,44932.3658,1176986.0
2019-09-10,171.01,43955.6311,1849418.0
2019-09-11,173.11,44495.4055,1190846.0
2019-09-12,172.45,44325.7621,874480.0
2019-09-13,174.94,44965.7804,1216300.0
2019-09-16,177.55,45636.6429,959003.0
2019-09-17,176.0,45238.238,1165874.0
2019-09-18,174.52,44857.8255,1186280.0
2019-09-19,176.14,45274.2229,784800.0
2019-09-20,178.12,45783.1531,1773984.0
2019-09-23,175.88,45207.3937,825027.0
2019-09-24,172.52,44343.7546,778452.0
2019-09-25,171.5,44081.5785,956069.0
2019-09-26,169.55,43580.3594,1602849.0
2019-09-27,166.74,42858.0898,1206331.0
2019-09-30,169.42,43546.9448,1470435.0
2019-10-01,167.58,43073.9995,954636.0
2019-10-02,166.71,42850.3787,1499329.0
2019-10-03,170.5,43824.543,1143281.0
2019-10-04,172.42,44318.0511,879764.0
2019-10-07,172.05,44222.948,934991.0
2019-10-08,169.55,43580.3594,1016379.0
2019-10-09,168.73,43369.5903,797283.0
2019-10-10,170.22,43752.5731,800403.0
2019-10-11,172.41,44315.4807,869933.0
2019-10-14,173.59,44618.7826,579631.0
2019-10-15,176.14,45274.2229,762591.0
2019-10-16,176.09,45261.3712,814891.0
2019-10-17,177.72,45680.3389,1172127.0
2019-10-18,176.23,45297.3561,1122557.0
2019-10-21,183.53,47173.7149,1285163.0
2019-10-22,191.06,49109.1917,4442480.0
2019-10-23,190.51,48967.8222,1555191.0
2019-10-24,194.47,49985.6826,1893295.0
2019-10-25,194.49,49990.8233,1199278.0
2019-10-28,194.02,49870.0167,1337394.0
2019-10-29,197.89,50864.7438,1695040.0
2019-10-30,199.28,51222.0231,1195679.0
2019-10-31,195.48,50267.6015,2273379.0
2019-11-01,200.94,51671.6382,3010626.0
2019-11-04,199.42,51280.7708,1293317.0
2019-11-05,197.14,50694.4698,1324232.0
2019-11-06,195.97,50393.6048,1123979.0
2019-11-07,195.83,50357.6038,1018631.0
2019-11-08,201.31,51766.7836,1220080.0
2019-11-11,201.9,51918.5018,825165.0
2019-11-12,203.86,52422.515,939805.0
2019-11-13,207.1,53255.6797,1101055.0
2019-11-14,205.0,52715.6655,995539.0
2019-11-15,209.8,53949.9836,1581467.0
2019-11-18,210.0,54001.4135,1533611.0
2019-11-19,215.0,55287.1614,1706178.0
2019-11-20,215.07,55305.1619,2487280.0
2019-11-21,215.5,55415.7362,1241326.0
2019-11-22,218.0,56058.6102,1318934.0
2019-11-25,223.27,57413.7885,1491538.0
2019-11-26,219.05,56328.6173,1875480.0
2019-11-27,220.06,56588.3383,833110.0
2019-11-29,221.75,57022.9211,537133.0
2019-12-02,220.79,56776.0575,1093457.0
2019-12-03,221.13,56863.4884,957058.0
2019-12-04,223.91,57578.3642,937011.0
2019-12-05,223.07,57362.3586,767150.0
2019-12-06,223.25,57408.6455,1021307.0
2019-12-09,219.37,56410.9051,1803503.0
2019-12-10,220.27,56642.3397,1256553.0
2019-12-11,220.0,56572.9094,958908.0
2019-12-12,220.55,56714.3416,1094791.0
2019-12-13,218.98,56310.6168,1484056.0
2019-12-16,219.5,56444.3346,1919376.0
2019-12-17,217.62,55960.8933,1452464.0
2019-12-18,219.35,56405.7621,1759361.0
2019-12-19,217.78,56002.0373,1910172.0
2019-12-20,220.69,56750.3426,2824107.0
2019-12-23,219.98,56567.7664,1132805.0
2019-12-24,220.56,56716.9131,300516.0
2019-12-26,220.25,56637.1968,697040.0
2019-12-27,220.97,56822.3445,904599.0
2019-12-30,218.97,56308.0453,774326.0
2019-12-31,218.95,56302.9023,1036437.0
2020-01-02,219.45,56431.4771,1303850.0
2020-01-03,217.98,56053.4672,943577.0
2020-01-06,224.03,57609.2222,1436623.0
2020-01-07,223.79,57547.5063,1028630.0
2020-01-08,231.09,59424.6983,1802743.0
2020-01-09,230.26,59211.2641,1435381.0
2020-01-10,228.95,58874.3982,1017426.0
2020-01-13,226.49,58241.8102,1031533.0
2020-01-14,229.75,59080.1178,1042036.0
2020-01-15,234.15,60211.576,1741525.0
2020-01-16,235.5,60558.728,2124025.0
2020-01-17,235.83,60643.5873,1599342.0
2020-01-21,233.99,60170.4321,1399779.0
2020-01-22,234.61,60329.8648,1133969.0
2020-01-23,233.91,60149.8601,977959.0
2020-01-24,229.06,58902.6846,904271.0
2020-01-27,227.37,58468.1018,802283.0
2020-01-28,231.97,59650.9899,861813.0
2020-01-29,232.41,59764.1357,893569.0
2020-01-30,230.31,59224.1216,1169453.0
2020-01-31,227.05,58804.3607,3373655.0
2020-02-03,230.51,59700.4764,1988059.0
2020-02-04,239.66,62070.2624,1485889.0
2020-02-05,240.76,62355.1547,1951742.0
2020-02-06,239.12,61930.4062,1320423.0
2020-02-07,240.06,62173.8596,1443319.0
2020-02-10,244.75,63388.5368,1273055.0
2020-02-11,247.81,64181.0553,2280049.0
2020-02-12,242.21,62730.6945,1805742.0
2020-02-13,240.09,62181.6294,1329205.0
2020-02-14,243.82,63214.8683,1354016.0
2020-02-18,245.93,63761.9251,1305401.0
2020-02-19,247.78,64241.572,947716.0
2020-02-20,245.1,63546.7321,1524832.0
2020-02-21,246.29,63855.2618,1365436.0
2020-02-24,237.01,61449.2492,1659510.0
2020-02-25,230.0,59631.7764,1581236.0
2020-02-26,232.04,60160.6843,1578570.0
2020-02-27,223.3,57894.6768,1972989.0
2020-02-28,224.03,58083.9429,2491476.0
2020-03-02,232.29,60225.5015,2406547.0
2020-03-03,228.26,59180.649,2093182.0
2020-03-04,245.32,63603.7712,1971889.0
2020-03-05,237.31,61527.0298,1518316.0
2020-03-06,233.5,60539.2165,1872612.0
2020-03-09,219.65,56948.3465,2034532.0
2020-03-10,230.51,59764.0034,2024555.0
2020-03-11,220.34,57127.2418,1733873.0
2020-03-12,204.06,52906.3491,3758168.0
2020-03-13,220.86,57262.0614,3813367.0
2020-03-16,199.77,51794.0868,2521430.0
2020-03-17,210.44,54560.4827,4447501.0
2020-03-18,212.98,55219.0249,3406379.0
2020-03-19,215.69,55921.6428,3118569.0
2020-03-20,206.0,53409.3302,2764731.0
2020-03-23,202.21,52426.7022,2801959.0
2020-03-24,223.13,57850.6012,2830846.0
2020-03-25,210.09,54469.7387,2066918.0
2020-03-26,224.49,58203.2064,1752736.0
2020-03-27,217.24,56323.5091,1712723.0
2020-03-30,231.92,60129.5721,2138951.0
2020-03-31,237.95,61692.9617,3300687.0
2020-04-01,225.48,58459.8823,1482254.0
2020-04-02,242.16,62784.4825,2503957.0
2020-04-03,238.31,61786.2984,1989809.0
2020-04-06,255.3,66191.2718,3046253.0
2020-04-07,247.67,64213.0524,3551363.0
2020-04-08,249.66,64728.9969,2737502.0
2020-04-09,246.61,63938.2277,2491827.0
2020-04-13,252.28,65408.2806,1831345.0
2020-04-14,262.41,68034.6715,2180477.0
2020-04-15,255.23,66173.123,2686489.0
2020-04-16,264.76,68643.9527,2172764.0
2020-04-17,270.46,70121.7837,2166774.0
2020-04-20,273.26,70847.7357,1967867.0
2020-04-21,262.8,68135.7862,1602834.0
2020-04-22,269.37,69839.1809,1546047.0
2020-04-23,267.91,69460.6488,2770594.0
2020-04-24,269.86,69966.2225,1805896.0
2020-04-27,268.51,69616.2099,2181623.0
2020-04-28,256.96,66621.6577,2338277.0
2020-04-29,251.05,65065.168,2401696.0
2020-04-30,251.2,65104.0438,2825201.0
2020-05-01,254.9,66089.6331,1940527.0
2020-05-04,264.69,68627.9521,2650479.0
2020-05-05,272.33,70608.8262,1934615.0
2020-05-06,270.06,70020.268,1290338.0
2020-05-07,270.01,70007.3042,1622385.0
2020-05-08,271.63,70427.3325,1084271.0
2020-05-11,285.28,73966.4595,2068457.0
2020-05-12,276.47,71682.2317,1727937.0
2020-05-13,277.03,71827.4267,1645070.0
2020-05-14,277.0,71819.6484,3076324.0
2020-05-15,288.69,74850.5931,1740143.0
2020-05-18,284.13,73668.2913,1727055.0
2020-05-19,282.28,73188.6294,1267158.0
2020-05-20,284.62,73795.3369,1436482.0
2020-05-21,284.63,73797.9297,1315089.0
2020-05-22,284.96,73883.491,1066589.0
2020-05-26,266.5,69097.2429,3486950.0
2020-05-27,278.51,72211.1562,3189591.0
2020-05-28,277.38,71918.1735,1922230.0
2020-05-29,287.96,74661.3211,5408867.0
2020-06-01,286.64,74319.0759,1819617.0
2020-06-02,284.27,73704.5901,1600761.0
2020-06-03,277.01,71822.2412,1783009.0
2020-06-04,272.82,70735.8717,1603933.0
2020-06-05,265.69,68887.2288,2753400.0
2020-06-08,265.01,68710.9207,2088686.0
2020-06-09,270.85,70225.0966,2687854.0
2020-06-10,274.34,71129.9723,1600242.0
2020-06-11,263.89,68420.5307,1831276.0
2020-06-12,268.56,69631.353,1530170.0
2020-06-15,267.77,69426.5244,1385514.0
2020-06-16,273.77,70982.1846,1557610.0
2020-06-17,280.09,72620.8134,1645370.0
2020-06-18,279.19,72387.4644,1371969.0
2020-06-19,293.27,76038.0804,4085277.0
2020-06-22,293.2,76019.9311,1592292.0
2020-06-23,295.8,76694.0505,1571831.0
2020-06-24,291.18,75496.1921,1622162.0
2020-06-25,295.15,76525.5207,1188827.0
2020-06-26,286.14,74189.4375,1895477.0
2020-06-29,285.18,73940.5319,1452670.0
2020-06-30,290.31,75270.6214,2171974.0
2020-07-01,286.28,74225.7363,1752378.0
2020-07-02,291.1,75475.45,1101751.0
2020-07-06,291.31,75529.8981,1342103.0
2020-07-07,299.06,77539.2926,1624913.0
2020-07-08,295.92,76725.1637,1500327.0
2020-07-09,295.4,76590.3398,1107003.0
2020-07-10,294.45,76344.027,911425.0
2020-07-13,284.82,73847.1923,1667442.0
2020-07-14,293.83,76183.2754,1738338.0
2020-07-15,295.11,76515.1496,1127012.0
2020-07-16,290.56,75335.4406,903486.0
2020-07-17,294.53,76364.7691,1072168.0
2020-07-20,303.1,78586.7705,1256143.0
2020-07-21,291.4,75553.233,1515381.0
2020-07-22,291.23,75509.156,846262.0
2020-07-23,284.46,73753.8526,1310213.0
2020-07-24,278.49,72205.9707,1837754.0
2020-07-27,284.21,73689.0335,1485115.0
2020-07-28,278.52,72213.749,1098626.0
2020-07-29,278.72,72265.6043,1091182.0
2020-07-30,279.4,72678.6456,1538387.0
2020-07-31,272.0,70847.1148,2983981.0
2020-08-03,279.52,72805.8292,1716272.0
2020-08-04,275.71,71813.4487,1286550.0
2020-08-05,273.23,71167.4897,1329929.0
2020-08-06,273.34,71196.1411,1142341.0
2020-08-07,272.99,71104.9775,1005983.0
2020-08-10,268.73,69995.3867,1186829.0
2020-08-11,261.86,68205.9761,1370330.0
2020-08-12,270.85,70547.5774,1262792.0
2020-08-13,267.15,69583.8483,979231.0
2020-08-14,267.29,69620.3137,1008402.0
2020-08-17,273.84,71326.3747,985031.0
2020-08-18,271.31,70667.3924,887147.0
2020-08-19,270.07,70344.4129,996791.0
2020-08-20,271.43,70698.6485,1117743.0
2020-08-21,271.28,70659.5784,1064119.0
2020-08-24,267.43,69656.7791,1037528.0
2020-08-25,272.35,70938.2784,1316199.0
2020-08-26,271.29,70662.183,857565.0
2020-08-27,274.34,71456.6084,961049.0
2020-08-28,269.96,70315.7615,813757.0
2020-08-31,279.12,72701.6423,1311319.0
2020-09-01,275.49,71756.1458,1252788.0
2020-09-02,281.89,73423.1368,1352375.0
2020-09-03,267.42,69654.1745,1619607.0
2020-09-04,266.5,69414.5445,1514846.0
2020-09-08,258.61,67359.4572,1264731.0
2020-09-09,263.04,68513.3275,1829238.0
2020-09-10,255.65,66588.4739,1231917.0
2020-09-11,257.96,67190.1535,1169728.0
2020-09-14,264.8,68971.75,1200487.0
2020-09-15,266.85,69505.7081,1217533.0
2020-09-16,267.55,69688.0352,1387524.0
2020-09-17,271.46,70706.4625,1763634.0
2020-09-18,265.39,69125.4258,2179548.0
2020-09-21,264.0,68763.3762,1150781.0
2020-09-22,267.58,69695.8492,817683.0
2020-09-23,263.82,68716.4921,864429.0
2020-09-24,263.13,68536.7696,1422617.0
2020-09-25,268.18,69852.1296,1345847.0
2020-09-28,267.73,69734.9193,1103301.0
2020-09-29,270.31,70406.9251,891669.0
2020-09-30,272.12,70878.3709,1382840.0
2020-10-01,273.51,71240.4205,932574.0
2020-10-02,260.8,67929.8807,1339385.0
2020-10-05,268.98,70060.5035,1303341.0
2020-10-06,260.98,67976.7648,1023100.0
2020-10-07,265.82,69237.4267,764284.0
2020-10-08,268.53,69943.2932,777761.0
2020-10-09,269.95,70313.1568,877773.0
2020-10-12,274.6,71524.3299,1331313.0
2020-10-13,276.09,71912.4262,1087986.0
2020-10-14,271.46,70706.4625,1046518.0
2020-10-15,215.28,56073.4077,17492971.0
2020-10-16,218.08,56802.7162,5957623.0
2020-10-19,220.51,57435.6518,3789629.0
2020-10-20,214.54,55880.6618,2924795.0
2020-10-21,211.38,55057.5851,2775667.0
2020-10-22,210.08,54718.9775,2380567.0
2020-10-23,211.58,55109.6785,1715758.0
2020-10-26,207.15,53955.8082,2087483.0
2020-10-27,212.19,55268.5636,2756330.0
2020-10-28,208.34,54265.7644,2221370.0
2020-10-29,207.01,53919.3428,1931045.0
2020-10-30,208.36,54181.4956,2829604.0
2020-11-02,207.42,53937.06,1877706.0
2020-11-03,211.14,54904.4009,1892048.0
2020-11-04,215.09,55931.5506,3778577.0
2020-11-05,219.48,57073.117,2347518.0
2020-11-06,220.28,57281.1473,1707943.0
2020-11-09,222.85,57949.4447,2478342.0
2020-11-10,215.35,55999.1605,1917814.0
2020-11-11,216.72,56355.4124,1647432.0
2020-11-12,218.31,56768.8726,2144061.0
2020-11-13,225.52,58643.7459,1695453.0
2020-11-16,224.27,58318.6985,1706781.0
2020-11-17,222.96,57978.0488,1750676.0
2020-11-18,216.35,56259.1984,2500645.0
2020-11-19,211.97,55120.2324,2604055.0
2020-11-20,215.21,55962.7552,2239270.0
2020-11-23,217.87,56654.456,1852049.0
2020-11-24,216.5,56298.2041,2179767.0
2020-11-25,218.1,56714.2647,2033279.0
2020-11-27,226.71,58953.1909,1052834.0
2020-11-30,227.75,59223.6304,4585577.0
2020-12-01,230.3,59886.727,1762018.0
2020-12-02,226.7,58950.5906,1864363.0
2020-12-03,226.87,58994.797,1291766.0
2020-12-04,228.32,59371.852,948938.0
2020-12-07,227.06,59044.2042,1219745.0
2020-12-08,229.83,59764.5092,1329922.0
2020-12-09,224.38,58347.3027,1992308.0
2020-12-10,224.04,58258.8898,1462606.0
2020-12-11,224.17,58292.6947,1476048.0
2020-12-14,228.13,59322.4448,2220204.0
2020-12-15,228.81,59499.2705,1189846.0
2020-12-16,232.11,60357.3956,1708917.0
2020-12-17,236.92,61608.1778,1992842.0
2020-12-18,236.72,61556.1703,2929448.0
2020-12-21,234.55,60991.888,1567185.0
2020-12-22,234.9,61082.9013,1128635.0
2020-12-23,235.84,61327.3369,1013122.0
2020-12-24,234.46,60968.4846,451669.0
2020-12-28,232.47,60451.0092,903252.0
2020-12-29,233.49,60716.2479,656798.0
2020-12-30,232.68,60505.6172,819113.0
2020-12-31,236.34,61457.3559,1161200.0
2021-01-04,229.43,59660.494,2117690.0
2021-01-05,228.58,59439.4618,1730541.0
2021-01-06,226.65,58937.5887,2306943.0
2021-01-07,232.9,60562.8255,1503978.0
2021-01-08,237.0,61628.9809,1231193.0
2021-01-11,234.64,61015.2914,2263226.0
2021-01-12,229.38,59647.4921,1816945.0
2021-01-13,227.1,59054.6057,1809591.0
2021-01-14,226.12,58799.7686,1728068.0
2021-01-15,225.55,58651.547,2242187.0
2021-01-19,231.91,60305.388,2044843.0
2021-01-20,236.7,61550.9695,1608815.0
2021-01-21,238.64,62055.443,1624536.0
2021-01-22,237.59,61782.4032,1258224.0
2021-01-25,241.31,62749.7442,1828574.0
2021-01-26,237.64,61795.4051,1629293.0
2021-01-27,225.25,58573.5356,2546174.0
2021-01-28,230.04,59819.1171,1593618.0
2021-01-29,229.08,59569.4808,2029485.0
2021-02-01,231.77,60268.9827,1927931.0
2021-02-02,217.33,56481.8937,6292896.0
2021-02-03,211.0,54836.79,3830177.0
2021-02-04,213.71,55541.0919,2908053.0
2021-02-05,215.26,55943.9214,2740472.0
2021-02-08,214.37,55712.6193,2141468.0
2021-02-09,213.82,55569.6798,1624895.0
2021-02-10,212.53,55234.4217,1862967.0
2021-02-11,210.495,54705.5456,1893699.0
2021-02-12,213.98,55626.2541,1798495.0
2021-02-16,210.27,54661.8022,2509723.0
2021-02-17,214.85,55852.4193,2087066.0
2021-02-18,209.83,54547.4198,2127296.0
2021-02-19,207.02,53816.932,2231212.0
2021-02-22,214.96,55881.0149,3671871.0
2021-02-23,216.44,56265.7558,2600916.0
2021-02-24,217.04,56421.7319,1775785.0
2021-02-25,212.98,55366.294,1830557.0
2021-02-26,212.55,55254.5112,3083421.0
2021-03-01,210.38,54690.3978,1845531.0
2021-03-02,212.06,55127.1307,2491514.0
2021-03-03,208.44,54186.0753,2478417.0
2021-03-04,207.79,54017.1013,2273296.0
2021-03-05,211.98,55106.3339,1704848.0
2021-03-08,213.58,55522.27,3426563.0
2021-03-09,214.04,55641.8517,2276742.0
2021-03-10,214.29,55706.8417,1938935.0
2021-03-11,215.15,55930.4073,1625655.0
2021-03-12,214.33,55717.2401,1162690.0
2021-03-15,219.65,57100.2276,1577824.0
2021-03-16,218.99,56928.654,1367475.0
2021-03-17,217.08,56432.1303,1195494.0
2021-03-18,213.36,55465.0788,1620825.0
2021-03-19,216.11,56179.969,2098616.0
2021-03-22,218.82,56884.4608,1934448.0
2021-03-23,213.59,55524.8696,1620721.0
2021-03-24,211.54,54991.9515,1522197.0
2021-03-25,212.36,55205.1188,2292300.0
2021-03-26,214.64,55797.8277,2848429.0
2021-03-29,216.71,56335.945,1531539.0
2021-03-30,212.99,55368.8936,1272545.0
2021-03-31,214.89,55862.8177,1523314.0
2021-04-01,213.04,55381.8916,2071471.0
2021-04-05,215.32,55974.6005,2050057.0
2021-04-06,215.3,55969.4013,1925989.0
2021-04-07,212.72,55298.7044,1515559.0
2021-04-08,210.28,54424.9333,2259364.0
2021-04-09,213.35,55219.5145,1533672.0
2021-04-12,213.6,55284.2199,1467994.0
2021-04-13,215.94,55889.8616,1628857.0
2021-04-14,217.13,56197.8589,1564724.0
2021-04-15,221.1,57225.3793,1686741.0
2021-04-16,219.39,56782.7949,1917605.0
2021-04-19,219.18,56728.4425,1510927.0
2021-04-20,220.16,56982.0873,1370655.0
2021-04-21,219.76,56878.5588,1173375.0
2021-04-22,215.98,55900.2144,1777617.0
2021-04-23,217.9,56397.1512,1205079.0
2021-04-26,216.97,56156.4475,1303409.0
2021-04-27,215.53,55783.7449,1223967.0
2021-04-28,213.48,55253.1613,1426981.0
2021-04-29,211.86,54833.8709,1656018.0
2021-04-30,218.2,56484.4894,2592830.0
2021-05-03,217.95,56419.773,1367110.0
2021-05-04,214.85,55617.2894,1772626.0
2021-05-05,213.87,55363.6011,1254817.0
2021-05-06,213.16,55179.8064,1184101.0
2021-05-07,215.01,55658.7079,1232048.0
2021-05-10,212.9,55112.5014,1269728.0
2021-05-11,213.0,55138.3879,1330192.0
2021-05-12,212.68,55055.5509,1198051.0
2021-05-13,214.35,55487.8566,1077583.0
2021-05-14,217.09,56197.1485,1428235.0
2021-05-17,216.35,56005.5879,932971.0
2021-05-18,214.645,55564.222,1336956.0
2021-05-19,214.05,55410.1969,1117450.0
2021-05-20,216.61,56072.893,1417526.0
2021-05-21,213.43,55249.7002,1618788.0
2021-05-24,211.22,54677.607,1505302.0
2021-05-25,208.76,54040.7975,1707414.0
2021-05-26,206.8,53533.4208,1485043.0
2021-05-27,207.31,53665.4423,2195169.0
2021-05-28,208.63,54007.1449,1724933.0
2021-06-01,209.67,54276.3652,1808887.0
2021-06-02,210.38,54460.1599,1559137.0
2021-06-03,211.15,54659.4864,1447694.0
2021-06-04,209.93,54343.6703,1602018.0
2021-06-07,209.16,54144.3437,2258933.0
2021-06-08,211.13,54654.3091,1917212.0
2021-06-09,213.56,55283.3527,1600058.0
2021-06-10,216.77,56114.3115,2623195.0
2021-06-11,193.02,49966.2518,13725126.0
2021-06-14,194.8,50427.0327,3399156.0
2021-06-15,188.97,48917.8458,4608874.0
2021-06-16,187.49,48534.7247,2796380.0
2021-06-17,188.36,48759.9378,4314228.0
2021-06-18,187.85,48627.9163,3517937.0
2021-06-21,187.7,48589.0864,2027171.0
2021-06-22,188.87,48891.9593,1879727.0
2021-06-23,187.52,48542.4906,1930926.0
2021-06-24,191.94,49686.6769,2482072.0
2021-06-25,194.34,50307.9545,5671783.0
2021-06-28,197.82,51208.807,2804189.0
2021-06-29,196.78,50939.5867,2646048.0
2021-06-30,201.63,52195.0852,2572865.0
2021-07-01,202.21,52345.2273,2551835.0
2021-07-02,200.54,51912.9217,1402743.0
2021-07-06,200.05,51786.0775,1947343.0
2021-07-07,198.99,51511.6799,2308733.0
2021-07-08,197.74,51188.0978,1806935.0
2021-07-09,198.16,51296.8214,948304.0
2021-07-12,198.34,51343.4172,2074872.0
2021-07-13,198.33,51340.8285,1685938.0
2021-07-14,197.89,51226.9276,1655032.0
2021-07-15,200.09,51796.4321,2453005.0
2021-07-16,202.28,52363.3479,3066772.0
2021-07-19,199.24,51576.3963,1897533.0
2021-07-20,196.55,50880.0476,3487842.0
2021-07-21,196.27,50807.5652,1382606.0
2021-07-22,196.02,50742.8488,1295493.0
2021-07-23,200.5,51902.567,2887392.0
2021-07-26,198.93,51496.1479,4010882.0
2021-07-27,202.85,52510.9014,1822460.0
2021-07-28,202.24,52352.9933,1258749.0
2021-07-29,200.38,51921.2633,1396984.0
2021-07-30,201.58,52295.5757,2132974.0
2021-08-02,198.32,51449.8391,2809562.0
2021-08-03,200.05,51898.6502,2060247.0
2021-08-04,199.59,51779.3132,2612271.0
2021-08-05,202.99,52661.3697,1975495.0
2021-08-06,200.67,52059.4958,1542279.0
2021-08-09,200.4,51989.4502,2314486.0
2021-08-10,196.46,50967.3023,2891660.0
2021-08-11,195.25,50653.3939,4204507.0
2021-08-12,194.81,50539.2454,3580202.0
2021-08-13,194.36,50422.5027,3231998.0
2021-08-16,190.97,49543.0404,3548929.0
2021-08-17,198.44,51480.9705,2082264.0
2021-08-18,194.77,50528.8683,1120263.0
2021-08-19,195.04,50598.914,1141098.0
2021-08-20,195.85,50809.051,974755.0
2021-08-23,198.4,51470.5934,1125784.0
2021-08-24,199.73,51815.6331,880305.0
2021-08-25,201.33,52230.7186,1192700.0
2021-08-26,198.25,51431.6791,1134809.0
2021-08-27,199.92,51864.9245,1290055.0
2021-08-30,199.49,51753.3703,1119634.0
2021-08-31,200.29,51960.913,1889721.0
2021-09-01,197.14,51143.7136,1450719.0
2021-09-02,199.22,51683.3247,1240146.0
2021-09-03,198.05,51379.7934,985420.0
2021-09-07,192.2,49862.1373,1714521.0
2021-09-08,191.37,49646.8118,940475.0
2021-09-09,188.09,48795.8866,1449929.0
2021-09-10,188.57,48920.4123,1375527.0
2021-09-13,190.72,49478.1833,972857.0
2021-09-14,188.41,48878.9037,960738.0
2021-09-15,188.86,48995.6465,1599252.0
2021-09-16,187.1,48539.0525,1548270.0
2021-09-17,188.3,48850.3666,2214404.0
2021-09-20,185.67,48168.0699,1874618.0
2021-09-21,185.8,48201.7956,913475.0
2021-09-22,184.27,47804.8702,1376027.0
2021-09-23,185.09,48017.6014,1076256.0
2021-09-24,183.61,47633.6474,1159765.0
2021-09-27,183.41,47581.7617,1469937.0
2021-09-28,181.6,47112.1964,1589099.0
2021-09-29,182.22,47273.042,1101123.0
2021-09-30,181.39,47057.7164,1322155.0
2021-10-01,180.35,46787.9109,1355807.0
2021-10-04,177.4,46022.5971,1648167.0
2021-10-05,177.01,45921.42,1802657.0
2021-10-06,180.91,46933.1908,1723077.0
2021-10-07,180.02,46702.2995,1287303.0
2021-10-08,178.94,46422.1168,1157949.0
2021-10-11,179.58,46588.151,1533064.0
2021-10-12,180.21,46751.5909,1425022.0
2021-10-13,181.34,47044.745,1088949.0
2021-10-14,181.9,47190.0249,1913451.0
2021-10-15,181.77,47156.2992,1409424.0
2021-10-18,180.8,46904.6536,2335876.0
2021-10-19,185.41,48100.6185,2011273.0
2021-10-20,185.49,48121.3728,1623594.0
2021-10-21,187.09,48536.4582,1629124.0
2021-10-22,183.52,47610.2989,1945186.0
2021-10-25,184.99,47991.6586,982563.0
2021-10-26,184.07,47752.9845,1003451.0
2021-10-27,180.94,46940.9736,1217153.0
2021-10-28,182.0,47215.9677,1357045.0
2021-10-29,184.93,47976.0929,1567893.0
2021-11-01,185.4,48098.0242,1172734.0
2021-11-02,181.4,47060.3107,2317336.0
2021-11-03,189.07,48071.4139,3917526.0
2021-11-04,194.21,49378.2689,3469399.0
2021-11-05,192.85,49032.4862,2231778.0
2021-11-08,192.23,48874.85,1345878.0
2021-11-09,191.09,48585.0028,1727743.0
2021-11-10,187.91,47776.4817,1340435.0
2021-11-11,185.87,47257.8077,1146344.0
2021-11-12,187.29,47618.8455,940247.0
2021-11-15,186.86,47509.5171,1003450.0
2021-11-16,188.33,47883.2675,1371971.0
2021-11-17,188.25,47862.9273,2691229.0
2021-11-18,185.41,47140.8518,1595727.0
2021-11-19,182.88,46497.5944,1587910.0
2021-11-22,181.5,46146.7267,1173920.0
2021-11-23,186.85,47506.9746,2159574.0
2021-11-24,186.24,47351.8809,3086841.0
2021-11-26,183.59,46678.1133,1127378.0
2021-11-29,190.11,48335.8359,2801959.0
2021-11-30,186.94,47529.8573,3988612.0
2021-12-01,205.0,52121.6473,7044745.0
2021-12-02,204.45,51981.8087,3378098.0
2021-12-03,203.81,51819.0875,2870267.0
2021-12-06,205.06,52136.9024,1964869.0
2021-12-07,205.22,52177.5827,1949332.0
2021-12-08,206.61,52530.9929,1296597.0
2021-12-09,208.41,52988.6464,1733976.0
2021-12-10,208.06,52899.6582,1371384.0
2021-12-13,208.15,52922.5409,1677663.0
2021-12-14,209.24,53199.6755,1370200.0
2021-12-15,211.13,53680.2117,1500216.0
2021-12-16,212.61,54056.5045,1964791.0
2021-12-17,214.54,54547.2108,4587667.0
2021-12-20,215.41,54768.41,1631645.0
2021-12-21,218.6,55579.4736,1860492.0
2021-12-22,222.77,56639.7042,1427316.0
2021-12-23,223.45,56812.5955,1210146.0
2021-12-27,222.34,56530.3759,2073409.0
2021-12-28,221.93,56426.1326,1067058.0
2021-12-29,223.32,56779.5428,726419.0
2021-12-30,222.45,56558.3436,961673.0
2021-12-31,219.6,55833.7256,1142141.0
2022-01-03,222.53,56578.6838,1382110.0
2022-01-04,221.86,56408.335,1385080.0
2022-01-05,221.42,56296.4641,1685900.0
2022-01-06,221.65,56354.9421,1592964.0
2022-01-07,221.85,56405.7924,1277488.0
2022-01-10,223.96,56942.264,1844602.0
2022-01-11,226.15,57499.0758,1459038.0
2022-01-12,226.14,57496.5333,1225022.0
2022-01-13,226.58,57608.4041,1750471.0
2022-01-14,234.06,59510.2086,2178366.0
2022-01-18,231.07,58749.9953,2016751.0
2022-01-19,230.84,58691.5174,1649302.0
2022-01-20,228.61,58124.5355,2013213.0
2022-01-21,228.08,57989.782,2214898.0
2022-01-24,229.68,58396.5851,2819056.0
2022-01-25,227.11,57743.1576,1956293.0
2022-01-26,226.58,57664.61,1998898.0
2022-01-27,228.22,58081.99,2237611.0
2022-01-28,243.02,61848.59,3164258.0
2022-01-31,243.05,61856.225,2829012.0
2022-02-01,245.66,62520.47,2777090.0
2022-02-02,253.57,64533.565,3679963.0
2022-02-03,243.75,62034.375,2519774.0
2022-02-04,241.96,61578.82,1822502.0
2022-02-07,243.26,61909.67,1202856.0
2022-02-08,240.94,61319.23,1135735.0
2022-02-09,244.24,62177.811,1069913.0
2022-02-10,235.89,60052.0956,1809471.0
2022-02-11,233.89,59542.9423,1524443.0
2022-02-14,231.23,58865.7683,1578248.0
2022-02-15,233.41,59420.7454,1583937.0
2022-02-16,235.77,60021.5464,1402355.0
2022-02-17,232.77,59257.8164,1665274.0
2022-02-18,229.61,58453.354,1271190.0
2022-02-22,230.21,58606.1,1692044.0
2022-02-23,230.69,58728.2968,1817069.0
2022-02-24,230.25,58616.2831,1475185.0
2022-02-25,230.3,58629.0119,1428146.0
2022-02-28,230.02,58557.7305,2035725.0
2022-03-01,230.69,58728.2968,1253812.0
2022-03-02,234.11,59598.9491,1029236.0
2022-03-03,235.69,60001.1803,1140553.0
2022-03-04,238.66,60757.2731,2032841.0
2022-03-07,235.54,59962.9938,1548131.0
2022-03-08,238.71,60770.0019,1460295.0
2022-03-09,239.24,60904.9276,1379009.0
2022-03-10,241.93,61589.7389,1080110.0
2022-03-11,236.48,60202.2959,1374036.0
2022-03-14,241.68,61526.0947,1414953.0
2022-03-15,246.99,62877.8969,1600869.0
2022-03-16,248.52,63267.3992,1181974.0
2022-03-17,250.0,63644.1728,1418685.0
2022-03-18,249.08,63409.9622,2225510.0
2022-03-21,250.26,63710.3627,1790096.0
2022-03-22,251.88,64122.7769,1052627.0
2022-03-23,248.13,63168.1143,1241609.0
2022-03-24,251.7,64076.9531,1040359.0
2022-03-25,253.95,64649.7507,1226651.0
2022-03-28,255.72,65100.3514,1686876.0
2022-03-29,257.98,65675.6947,1644184.0
2022-03-30,256.52,65304.0128,1040191.0
2022-03-31,260.97,66436.8791,2395136.0
2022-04-01,266.15,67755.5863,2120458.0
2022-04-04,268.64,68389.4823,1686152.0
2022-04-05,269.96,68725.5235,1837994.0
2022-04-06,272.39,69344.1449,2300078.0
2022-04-07,275.83,70219.8887,1651763.0
2022-04-08,280.28,71621.0552,1574540.0
2022-04-11,281.09,71828.0377,1952049.0
2022-04-12,281.15,71843.3698,1621848.0
2022-04-13,290.93,74342.4918,1686083.0
2022-04-14,287.97,73586.1113,2520810.0
2022-04-18,282.99,72313.5522,1326079.0
2022-04-19,282.52,72193.4513,1354100.0
2022-04-20,285.3,72903.8356,1115783.0
2022-04-21,281.71,71986.4688,1118719.0
2022-04-22,270.42,69101.4905,1774434.0
2022-04-25,271.68,69423.4633,1688901.0
2022-04-26,267.69,68403.8828,1446456.0
2022-04-27,267.25,68291.4479,1239982.0
2022-04-28,268.64,68646.6401,1621819.0
2022-04-29,273.22,69816.9855,2871506.0
2022-05-02,261.96,66939.6733,3748741.0
2022-05-03,269.11,68766.741,1363523.0
2022-05-04,273.7,69939.6418,1353353.0
2022-05-05,266.37,68066.578,1556932.0
2022-05-06,253.93,64944.1112,2268542.0
2022-05-09,235.02,60107.766,3148989.0
2022-05-10,240.16,61422.3516,2041770.0
2022-05-11,234.96,60092.4206,1905857.0
2022-05-12,240.85,61598.8232,1475413.0
2022-05-13,246.72,63100.1107,1366606.0
2022-05-16,254.17,65005.4926,1558246.0
2022-05-17,261.84,66967.1408,1566842.0
2022-05-18,252.35,64540.0168,1396975.0
2022-05-19,255.45,65332.8602,1448836.0
2022-05-20,258.59,66135.934,1552342.0
2022-05-23,268.35,68632.1121,1674115.0
2022-05-24,268.48,68665.3604,1622101.0
2022-05-25,270.84,69268.9445,1880703.0
2022-05-26,269.65,68964.5949,1376632.0
2022-05-27,273.73,70008.0792,1479123.0
2022-05-31,268.65,68708.8389,3878594.0
2022-06-01,269.41,68903.2135,1377641.0
2022-06-02,270.05,69066.8973,1234752.0
2022-06-03,269.44,68910.8861,1134026.0
2022-06-06,268.0,68542.5975,907077.0
2022-06-07,271.86,69529.8156,962804.0
2022-06-08,274.54,70215.2415,1770288.0
2022-06-09,259.7,66419.8231,1954539.0
2022-06-10,254.88,65187.0793,1375589.0
2022-06-13,245.39,62759.9553,1583674.0
2022-06-14,249.08,63703.6948,1208826.0
2022-06-15,253.51,64836.6937,963197.0
2022-06-16,250.96,64184.516,1295996.0
2022-06-17,263.09,67286.8358,3443824.0
2022-06-21,270.17,69097.588,1333842.0
2022-06-22,272.31,69644.9057,1403548.0
2022-06-23,283.5,72506.8149,2746054.0
2022-06-24,292.55,74821.4064,4268979.0
2022-06-27,287.32,73483.8027,1976601.0
2022-06-28,276.17,70632.1237,1926506.0
2022-06-29,280.35,71701.1837,1430128.0
2022-06-30,281.79,72069.4723,1872827.0
2022-07-01,287.32,73483.8027,1459668.0
2022-07-05,288.98,73908.3576,1845728.0
2022-07-06,291.16,74465.9056,2082237.0
2022-07-07,294.17,75235.731,1791012.0
2022-07-08,294.29,75266.4218,1307885.0
2022-07-11,294.07,75210.1555,1481333.0
2022-07-12,290.01,74171.7862,1363300.0
2022-07-13,288.73,73844.4186,1053904.0
2022-07-14,286.15,73184.5682,1034638.0
2022-07-15,292.84,74895.5756,2711722.0
2022-07-18,286.06,73161.5502,1589003.0
2022-07-19,289.6,74066.9263,1362293.0
2022-07-20,285.5,73018.3269,1046048.0
2022-07-21,283.11,72407.0701,1040048.0
2022-07-22,280.29,71685.8383,1197278.0
2022-07-25,283.68,72552.851,1158485.0
2022-07-26,288.22,73713.9831,1534078.0
2022-07-27,286.99,73399.4032,1210924.0
2022-07-28,280.82,71821.389,1299184.0
2022-07-29,280.41,71716.529,1673379.0
2022-08-01,273.83,70033.6548,1455979.0
2022-08-02,273.86,70041.3275,1006810.0
2022-08-03,275.03,70340.562,1474543.0
2022-08-04,274.85,70294.5259,2034270.0
2022-08-05,288.03,73868.0246,2398837.0
2022-08-08,293.95,75386.2647,1687084.0
2022-08-09,298.83,76637.787,1599810.0
2022-08-10,295.77,75853.021,1432597.0
2022-08-11,292.16,74927.2023,1160167.0
2022-08-12,294.52,75532.4466,990942.0
2022-08-15,305.53,78356.0655,1814381.0
2022-08-16,303.0,77707.223,1103748.0
2022-08-17,299.23,76740.3708,908587.0
2022-08-18,294.29,75473.461,955987.0
2022-08-19,299.04,76691.6435,1091606.0
2022-08-22,293.84,75358.0542,1126255.0
2022-08-23,286.25,73411.5267,1407246.0
2022-08-24,291.03,74637.403,910166.0
2022-08-25,291.22,74686.1303,590575.0
2022-08-26,281.68,72239.5069,1263795.0
2022-08-29,281.6,72218.9901,1080656.0
2022-08-30,281.36,72157.4399,849806.0
2022-08-31,281.76,72260.0236,1442235.0
2022-09-01,290.2,74424.5417,1106646.0
2022-09-02,281.04,72075.3728,1121808.0
2022-09-06,279.18,71598.3582,989281.0
2022-09-07,284.44,72947.3351,1053695.0
2022-09-08,288.99,74114.2257,1189744.0
2022-09-09,292.11,74914.3793,1464149.0
2022-09-12,293.48,75265.7288,1706209.0
2022-09-13,280.67,71980.4828,1614690.0
2022-09-14,284.86,73055.048,1354338.0
2022-09-15,287.67,73775.6992,1028720.0
2022-09-16,289.71,74298.8765,2484447.0
2022-09-19,285.14,73126.8567,1350549.0
2022-09-20,286.94,73588.4838,1130612.0
2022-09-21,280.4,71911.2388,1110017.0
2022-09-22,286.34,73434.6081,1408276.0
2022-09-23,283.45,72693.4402,1353241.0
2022-09-26,276.78,70982.8554,1582997.0
2022-09-27,284.74,73024.2729,1464700.0
2022-09-28,292.41,74991.3171,1656484.0
2022-09-29,292.8,75091.3363,1341249.0
2022-09-30,289.54,74255.2784,1914303.0
2022-10-03,297.43,76278.7437,1795476.0
2022-10-04,300.64,77101.9787,1539755.0
2022-10-05,302.02,77455.8928,1296681.0
2022-10-06,298.63,76586.4951,1132501.0
2022-10-07,295.23,75714.5329,1424774.0
2022-10-10,294.54,75537.5758,835047.0
2022-10-11,295.16,75696.5807,1261221.0
2022-10-12,290.13,74406.5895,928497.0
2022-10-13,296.54,76050.4948,1124561.0
2022-10-14,293.21,75196.4847,1028074.0
2022-10-17,297.02,76173.5953,1108434.0
2022-10-18,300.17,76981.4427,983569.0
2022-10-19,292.02,74891.2979,928676.0
2022-10-20,290.16,74414.2833,1000929.0
2022-10-21,300.0,76937.8446,1467340.0
2022-10-24,310.5,79630.6692,1994242.0
2022-10-25,309.21,79299.8364,1759684.0
2022-10-26,311.18,79805.0616,1267387.0
2022-10-27,287.89,73832.1203,4090151.0
2022-10-28,313.89,80572.8799,3260188.0
2022-10-31,312.0,80087.733,1575252.0
2022-11-01,314.2,80652.4542,1192558.0
2022-11-02,310.01,79576.917,1492953.0
2022-11-03,311.3,79908.049,936031.0
2022-11-04,308.82,79271.4542,1180299.0
2022-11-07,303.23,77836.549,1560124.0
2022-11-08,306.5,78675.93,1356672.0
2022-11-09,309.34,79404.9338,1321469.0
2022-11-10,311.03,79838.7423,2112683.0
2022-11-11,303.26,77844.2497,2182173.0
2022-11-14,306.03,78555.2851,1393689.0
2022-11-15,305.28,78362.7665,1309084.0
2022-11-16,305.44,78403.8371,874268.0
2022-11-17,309.9,79548.681,1049276.0
2022-11-18,314.63,80762.8315,1172734.0
2022-11-21,316.2,81165.8371,1149419.0
2022-11-22,321.48,82521.168,1461166.0
2022-11-23,316.16,81155.5695,1042758.0
2022-11-25,312.98,80339.2906,713667.0
2022-11-28,315.3,80934.8148,1113488.0
2022-11-29,316.33,81199.207,1380420.0
2022-11-30,316.4,81217.1754,6633412.0
2022-12-01,320.76,82336.3501,1549091.0
2022-12-02,321.37,82492.9319,1094882.0
2022-12-05,317.6,81525.2052,812855.0
2022-12-06,311.81,80038.9616,1064416.0
2022-12-07,317.58,81520.0713,871240.0
2022-12-08,321.32,82480.0974,1147886.0
2022-12-09,312.22,80144.2051,1007771.0
2022-12-12,314.19,80649.8873,1401823.0
2022-12-13,307.09,78827.378,2006329.0
2022-12-14,312.09,80110.8353,1402466.0
2022-12-15,308.4,79163.6438,1008968.0
2022-12-16,304.8,78239.5546,3091454.0
2022-12-19,291.59,74848.6605,1658203.0
2022-12-20,293.23,75269.6345,1287677.0
2022-12-21,290.55,74581.7014,1539414.0
2022-12-22,293.92,75446.7516,1189228.0
2022-12-23,289.69,74360.9467,701171.0
2022-12-27,287.32,73752.588,671155.0
2022-12-28,285.76,73352.1493,842465.0
2022-12-29,289.08,74204.3649,894812.0
2022-12-30,288.78,74127.3575,1030787.0
2023-01-03,286.02,73418.8891,1100425.0
2023-01-04,286.83,73626.8092,1137569.0
2023-01-05,287.89,73898.9021,1187032.0
2023-01-06,290.21,74494.4263,943550.0
2023-01-09,283.23,72702.7199,1299433.0
2023-01-10,288.75,74119.6568,1038905.0
2023-01-11,292.25,75018.0768,1630425.0
2023-01-12,296.25,76044.8427,1801180.0
2023-01-13,300.94,77248.7256,1448360.0
2023-01-17,311.98,80082.5992,2070743.0
2023-01-18,309.86,79538.4133,2265136.0
2023-01-19,307.94,79045.5657,1551522.0
2023-01-20,309.84,79533.2795,1466215.0
2023-01-23,311.81,80038.9616,1810774.0
2023-01-24,313.57,80490.7386,932319.0
2023-01-25,315.28,80929.681,1315134.0
2023-01-26,321.02,82403.0899,1301967.0
2023-01-27,321.45,82513.4672,1288678.0
2023-01-30,319.98,82136.1308,2261752.0
2023-01-31,323.1,82937.0081,1352959.0
2023-02-01,317.27,81440.497,1237652.0
2023-02-02,303.78,77977.7293,1943953.0
2023-02-03,301.02,77269.2609,1621432.0
2023-02-06,304.87,78257.523,1295580.0
2023-02-07,308.54,79199.5806,1300784.0
2023-02-08,293.33,75385.81,2168707.0
2023-02-09,291.6,74941.2,1798662.0
2023-02-10,297.4,76458.9946,1342135.0
2023-02-13,299.18,76916.6173,1053320.0
2023-02-14,300.25,77191.7052,1190375.0
2023-02-15,298.75,76806.068,899772.0
2023-02-16,292.04,75080.9844,1039388.0
2023-02-17,293.66,75497.4726,1278127.0
2023-02-21,292.48,75194.1047,1125525.0
2023-02-22,294.36,75677.4366,1010809.0
2023-02-23,292.57,75217.2429,750706.0
2023-02-24,287.37,73880.3674,1085072.0
2023-02-27,287.4,73888.0801,856107.0
2023-02-28,290.29,74631.0744,1510455.0
2023-03-01,291.23,74872.7404,1056449.0
2023-03-02,290.76,74751.9074,766642.0
2023-03-03,290.51,74687.6345,1060275.0
2023-03-06,291.62,74973.006,1026454.0
2023-03-07,286.58,73677.2652,1057913.0
2023-03-08,285.18,73317.3371,676724.0
2023-03-09,286.88,73754.3926,1000284.0
2023-03-10,287.24,73846.9455,1459286.0
2023-03-13,293.46,75446.0543,1355045.0
2023-03-14,295.25,75906.248,1095220.0
2023-03-15,294.27,75654.2983,839070.0
2023-03-16,300.64,77291.9708,1120729.0
2023-03-17,295.77,76039.9355,1675984.0
2023-03-20,298.95,76857.4863,767832.0
2023-03-21,302.66,77811.2955,1025553.0
2023-03-22,297.87,76579.8275,774662.0
2023-03-23,304.75,78348.6166,1312778.0
2023-03-24,314.39,80826.9781,2376855.0
2023-03-27,308.47,79304.9968,1114487.0
2023-03-28,313.25,80533.8939,1056846.0
2023-03-29,314.24,80788.4144,1185847.0
2023-03-30,312.16,80253.6642,781367.0
2023-03-31,315.07,81001.8003,1111143.0
2023-04-03,316.33,81325.7355,835086.0
2023-04-04,314.42,80834.6909,952183.0
2023-04-05,321.94,82768.0185,1126115.0
2023-04-06,321.66,82696.0329,912017.0
2023-04-10,323.24,83263.1889,665739.0
2023-04-11,324.83,83672.756,649781.0
2023-04-12,326.37,84069.4437,988804.0
2023-04-13,333.35,85867.4175,1259455.0
2023-04-14,333.52,85911.2077,931003.0
2023-04-17,327.74,84422.3411,1044932.0
2023-04-18,325.15,83755.1846,957527.0
2023-04-19,328.45,84605.2296,796366.0
2023-04-20,329.15,84785.5421,812316.0
2023-04-21,331.09,85285.2655,925003.0
2023-04-24,332.84,85736.0469,597054.0
2023-04-25,331.93,85501.6406,842401.0
2023-04-26,323.3,83278.6443,1572707.0
2023-04-27,339.37,87418.1055,2518646.0
2023-04-28,340.73,87768.4271,1455487.0
2023-05-01,345.0,88868.3337,1489026.0
2023-05-02,346.03,89120.5801,2002041.0
2023-05-03,346.36,89205.5722,1226436.0
2023-05-04,346.59,89264.809,927893.0
2023-05-05,348.09,89651.1364,1119456.0
2023-05-08,344.09,88620.93,707937.0
2023-05-09,344.83,88811.5182,871025.0
2023-05-10,350.04,90153.3621,1199237.0
2023-05-11,350.4,90246.0806,787630.0
2023-05-12,347.41,89476.0014,509235.0
2023-05-15,348.65,89795.3653,690999.0
2023-05-16,345.15,88893.9347,827989.0
2023-05-17,341.2,87876.6059,1073887.0
2023-05-18,339.46,87428.4661,1139535.0
2023-05-19,341.7,88005.3817,942837.0
2023-05-22,339.97,87559.8175,961754.0
2023-05-23,333.51,85896.0341,1381520.0
2023-05-24,333.85,85983.6017,1154068.0
2023-05-25,332.63,85669.3887,1368467.0
2023-05-26,329.99,84989.4525,1850547.0
2023-05-30,325.3,83781.5355,1888327.0
2023-05-31,323.57,83335.9712,5592332.0
2023-06-01,323.62,83348.8488,1342900.0
2023-06-02,333.78,85965.573,1572791.0
2023-06-05,334.42,86130.4061,1044544.0
2023-06-06,330.41,85097.6242,1089078.0
2023-06-07,324.65,83614.1269,1139749.0
2023-06-08,332.58,85656.5111,1447185.0
2023-06-09,334.11,86050.5651,1066208.0
2023-06-12,340.6,87722.075,1417155.0
2023-06-13,342.1,88108.4024,986412.0
2023-06-14,340.96,87814.7935,835879.0
2023-06-15,349.08,89906.1125,1230875.0
2023-06-16,347.89,89599.6261,2614528.0
2023-06-20,342.69,88260.3578,1352296.0
2023-06-21,343.28,88412.3132,1239562.0
2023-06-22,348.16,89669.1651,1265589.0
2023-06-23,347.0,89370.4052,1370563.0
2023-06-26,347.45,89486.3034,1464384.0
2023-06-27,347.12,89401.3114,1258051.0
2023-06-28,350.78,90343.9502,1045285.0
2023-06-29,348.18,89674.3161,1050989.0
2023-06-30,351.91,90634.9836,1453335.0
2023-07-03,347.57,89517.2096,688820.0
2023-07-05,348.32,89710.3733,854294.0
2023-07-06,345.76,89051.0412,829747.0
2023-07-07,338.18,87098.8001,1268519.0
2023-07-10,344.46,88716.2241,1008993.0
2023-07-11,341.74,88015.6838,939960.0
2023-07-12,346.06,89128.3067,795780.0
2023-07-13,349.02,89890.6594,756417.0
2023-07-14,352.74,90848.7514,961397.0
2023-07-17,357.98,92198.3218,1244694.0
2023-07-18,358.98,92455.8734,935478.0
2023-07-19,358.57,92350.2772,1000159.0
2023-07-20,361.82,93187.3199,1128081.0
2023-07-21,362.46,93352.1529,4433243.0
2023-07-24,357.05,91958.7988,1170463.0
2023-07-25,358.06,92218.9259,1359981.0
2023-07-26,351.91,90634.9836,1233257.0
2023-07-27,349.64,90050.3414,895570.0
2023-07-28,354.05,91186.144,728167.0
2023-07-31,352.34,90745.7307,904415.0
2023-08-01,347.74,89560.9934,1422320.0
2023-08-02,358.4,92501.1817,2182993.0
2023-08-03,347.74,89749.891,1177177.0
2023-08-04,340.48,87876.1226,1248317.0
2023-08-07,345.32,89125.3015,985976.0
2023-08-08,344.47,88905.9209,788161.0
2023-08-09,345.11,89071.1016,740456.0
2023-08-10,347.38,89656.9768,632661.0
2023-08-11,349.86,90297.052,726027.0
2023-08-14,349.37,90170.5855,557843.0
2023-08-15,349.78,90276.4044,516942.0
2023-08-16,343.41,88632.3404,649388.0
2023-08-17,343.87,88751.064,889941.0
2023-08-18,344.82,88996.2541,803343.0
2023-08-21,350.74,90524.1754,1049773.0
2023-08-22,350.4,90436.4232,613868.0
2023-08-23,350.6,90488.0421,507031.0
2023-08-24,346.77,89499.539,704388.0
2023-08-25,350.06,90348.6709,697923.0
2023-08-28,351.6,90746.137,552498.0
2023-08-29,351.26,90658.3847,882662.0
2023-08-30,350.76,90529.3373,640479.0
2023-08-31,348.34,89904.7479,1025982.0
2023-09-01,351.1,90617.0895,764169.0
2023-09-05,348.26,89884.1003,771140.0
2023-09-06,344.32,88867.2067,1148876.0
2023-09-07,343.96,88774.2926,1452584.0
2023-09-08,343.05,88539.4263,1275315.0
2023-09-11,347.22,89615.6817,725693.0
2023-09-12,346.55,89442.7581,642409.0
2023-09-13,346.84,89517.6056,739521.0
2023-09-14,349.415,90182.1998,775218.0
2023-09-15,348.9,90049.281,1741581.0
2023-09-18,352.0,90849.3749,628333.0
2023-09-19,358.26,92465.0484,800768.0
2023-09-20,352.31,90929.3843,903947.0
2023-09-21,354.28,91437.8311,1061158.0
2023-09-22,349.53,90211.8807,938793.0
2023-09-25,350.67,90506.1088,698146.0
2023-09-26,351.69,90769.3655,633698.0
2023-09-27,349.65,90242.8521,860561.0
2023-09-28,352.5,90978.4223,578927.0
2023-09-29,347.74,89749.891,896813.0
2023-10-02,347.83,89773.1195,750290.0
2023-10-03,345.15,89081.4254,784764.0
2023-10-04,352.97,91099.7269,895597.0
2023-10-05,355.14,91659.7926,670966.0
2023-10-06,360.62,93074.1522,1147970.0
2023-10-09,355.2,91675.2783,1429404.0
2023-10-10,360.57,93061.2474,966601.0
2023-10-11,365.25,94269.1312,1184670.0
2023-10-12,368.0,94978.8919,1303939.0
2023-10-13,371.0,95753.1764,1360686.0
2023-10-16,374.0,96527.4608,1767641.0
2023-10-17,373.5,96398.4134,1674504.0
2023-10-18,367.55,94862.7493,1516832.0
2023-10-19,364.8,94152.9885,1514747.0
2023-10-20,361.86,93394.1898,1389443.0
2023-10-23,367.66,94891.1397,1566048.0
2023-10-24,369.38,95335.0628,997357.0
2023-10-25,363.04,93698.7416,958005.0
2023-10-26,361.28,93244.4948,942228.0
2023-10-27,355.28,91695.9259,910755.0
2023-10-30,357.45,92255.9916,872381.0
2023-10-31,362.11,93458.7135,987826.0
2023-11-01,369.33,95322.158,1003561.0
2023-11-02,376.55,97185.6026,1138117.0
2023-11-03,376.2,97095.2694,1456926.0
2023-11-06,385.76,99562.6558,1998966.0
2023-11-07,378.25,97468.6643,1930351.0
2023-11-08,376.96,97136.253,1276567.0
2023-11-09,368.57,94974.2911,1207057.0
2023-11-10,373.65,96283.3217,1316049.0
2023-11-13,378.92,97641.3121,957372.0
2023-11-14,369.95,95329.8939,1578151.0
2023-11-15,349.34,90019.0435,3234868.0
2023-11-16,343.0,88385.3321,3094457.0
2023-11-17,350.5,90317.956,2035393.0
2023-11-20,356.84,91951.6674,1520572.0
2023-11-21,354.78,91420.84,1227065.0
2023-11-22,353.23,91021.4311,913465.0
2023-11-24,353.04,90972.4713,658708.0
2023-11-27,350.19,90238.0742,1308575.0
2023-11-28,347.04,89426.3722,1154122.0
2023-11-29,351.0,90446.7976,1497318.0
2023-11-30,354.81,91428.5705,1636953.0
2023-12-01,351.16,90488.0269,1135104.0
2023-12-04,350.63,90351.4548,1469512.0
2023-12-05,354.15,91258.4996,1113275.0
2023-12-06,353.46,91080.6982,1137711.0
2023-12-07,353.95,91206.963,865264.0
2023-12-08,350.15,90227.7669,1394568.0
2023-12-11,356.29,91809.9416,1255628.0
2023-12-12,357.73,92181.0054,972386.0
2023-12-13,405.07,104379.7273,6222527.0
2023-12-14,406.6,104773.9826,3124912.0
2023-12-15,410.68,105825.33,4074866.0
2023-12-18,404.65,104271.5004,1867348.0
2023-12-19,403.14,103882.3988,1595878.0
2023-12-20,400.25,103137.6944,909556.0
2023-12-21,400.63,103235.614,818269.0
2023-12-22,405.25,104426.1103,804290.0
2023-12-26,407.66,105047.1268,531660.0
2023-12-27,408.05,105147.6232,594117.0
2023-12-28,409.27,105461.9967,735650.0
2023-12-29,406.89,104848.7107,727543.0
