,WY US Equity,WY US Equity,WY US Equity
,PX_LAST,CUR_MKT_CAP,PX_VOLUME
2014-01-02,31.27,18222.7662,2749463.0
2014-01-03,31.34,18263.5591,1945874.0
2014-01-06,31.02,18077.0773,3340883.0
2014-01-07,31.11,18129.5253,4501212.0
2014-01-08,30.82,17960.5262,4596574.0
2014-01-09,31.0,18065.4222,2776039.0
2014-01-10,31.06,18100.3875,2137604.0
2014-01-13,30.58,17820.6648,2062719.0
2014-01-14,30.94,18030.4568,2140825.0
2014-01-15,31.05,18094.56,2083279.0
2014-01-16,31.17,18164.4906,2552640.0
2014-01-17,30.97,18047.9395,2515728.0
2014-01-21,31.15,18152.8355,2417125.0
2014-01-22,31.11,18129.5253,2194241.0
2014-01-23,30.56,17809.0097,4262858.0
2014-01-24,30.19,17593.3902,4907382.0
2014-01-27,30.33,17674.976,4263590.0
2014-01-28,30.73,17908.0782,3821639.0
2014-01-29,30.54,17797.3546,2868542.0
2014-01-30,30.77,17931.3884,2776920.0
2014-01-31,29.88,17412.736,6995696.0
2014-02-03,29.39,17127.1857,4851591.0
2014-02-04,29.41,17138.8408,3551102.0
2014-02-05,29.07,16940.704,5450690.0
2014-02-06,29.51,17197.1164,2923506.0
2014-02-07,29.88,17412.736,3383087.0
2014-02-10,30.01,17488.4942,2944207.0
2014-02-11,30.19,17593.3902,2543838.0
2014-02-12,30.28,17645.8382,2673286.0
2014-02-13,30.39,17709.9413,2301804.0
2014-02-14,30.45,17744.9066,2175070.0
2014-02-18,30.51,17812.6426,2122682.0
2014-02-19,30.35,17719.2299,3485104.0
2014-02-20,30.45,17777.6129,2719475.0
2014-02-21,30.18,17619.9789,2989518.0
2014-02-24,30.21,17637.4938,3287009.0
2014-02-25,29.92,17468.1832,4589022.0
2014-02-26,29.85,17427.3151,3814421.0
2014-02-27,29.51,17228.813,4603301.0
2014-02-28,29.51,17228.813,5394170.0
2014-03-03,29.28,17094.5322,4771956.0
2014-03-04,29.62,17293.0343,5296133.0
2014-03-05,29.82,17409.8002,5059277.0
2014-03-06,30.16,17608.3023,2912009.0
2014-03-07,29.79,17392.2853,3323435.0
2014-03-10,29.67,17322.2257,3561453.0
2014-03-11,29.6,17281.3577,2474645.0
2014-03-12,29.6,17281.3577,2549329.0
2014-03-13,29.78,17386.447,5842592.0
2014-03-14,29.86,17433.1534,3710010.0
2014-03-17,29.33,17123.7237,4801603.0
2014-03-18,29.61,17287.196,4133511.0
2014-03-19,29.17,17030.3109,4369598.0
2014-03-20,29.28,17094.5322,3591395.0
2014-03-21,29.29,17100.3705,4288152.0
2014-03-24,29.23,17065.3407,2511115.0
2014-03-25,29.25,17077.0173,2475506.0
2014-03-26,28.89,16866.8386,2459755.0
2014-03-27,28.84,16837.6471,4620267.0
2014-03-28,29.18,17036.1492,2596806.0
2014-03-31,29.35,17135.4003,2350597.0
2014-04-01,29.79,17392.2853,3754630.0
2014-04-02,29.47,17205.4598,3046378.0
2014-04-03,29.75,17368.9321,4277739.0
2014-04-04,29.6,17281.3577,3598967.0
2014-04-07,29.01,16936.8982,4038546.0
2014-04-08,28.55,16668.3365,7066148.0
2014-04-09,28.67,16738.3961,5372461.0
2014-04-10,28.19,16458.1579,3402732.0
2014-04-11,27.72,16183.7579,4001211.0
2014-04-14,27.89,16283.009,2676399.0
2014-04-15,27.76,16207.1111,3800974.0
2014-04-16,27.9,16288.8473,3417444.0
2014-04-17,27.87,16271.3324,4481880.0
2014-04-21,28.2,16463.9962,2254331.0
2014-04-22,28.45,16609.9536,3032460.0
2014-04-23,28.6,16697.528,4220242.0
2014-04-24,28.74,16779.2642,3611717.0
2014-04-25,29.52,17234.6513,4606689.0
2014-04-28,29.81,17403.9619,3843419.0
2014-04-29,29.92,17468.1832,2857469.0
2014-04-30,29.85,17462.4668,3386138.0
2014-05-01,29.93,17509.2674,3442307.0
2014-05-02,29.94,17515.1175,2722414.0
2014-05-05,30.26,17702.3198,3228581.0
2014-05-06,30.26,17702.3198,3828507.0
2014-05-07,30.42,17795.9209,2500329.0
2014-05-08,30.17,17649.6691,2930632.0
2014-05-09,30.3,17725.7201,2570190.0
2014-05-12,30.33,17743.2703,2256513.0
2014-05-13,30.28,17714.0199,2679743.0
2014-05-14,30.48,17831.0214,3700776.0
2014-05-15,30.07,17591.1684,2330742.0
2014-05-16,30.31,17731.5701,2831668.0
2014-05-19,30.21,17673.0694,2628582.0
2014-05-20,29.89,17485.8671,2270860.0
2014-05-21,30.25,17696.4697,3153646.0
2014-05-22,30.35,17754.9704,22033722.0
2014-05-23,30.87,18059.1742,11135709.0
2014-05-27,30.9,18076.7244,6101991.0
2014-05-28,31.11,18199.576,5376515.0
2014-05-29,31.27,18293.1771,6095492.0
2014-05-30,31.42,18380.9282,3969479.0
2014-06-02,31.45,18398.4784,3485170.0
2014-06-03,31.08,18182.0257,6597738.0
2014-06-04,30.98,18123.525,12129219.0
2014-06-05,31.29,18304.8773,16633308.0
2014-06-06,31.34,18334.1276,10570858.0
2014-06-09,31.32,18322.4275,7108046.0
2014-06-10,31.24,18275.6269,7184962.0
2014-06-11,31.14,18217.1262,8965506.0
2014-06-12,30.89,18070.8744,6729072.0
2014-06-13,30.84,18041.624,3508468.0
2014-06-16,30.86,18053.3241,6107375.0
2014-06-17,30.93,18094.2747,3608115.0
2014-06-18,30.86,18053.3241,5437412.0
2014-06-19,30.87,18059.1742,4391656.0
2014-06-20,31.08,18182.0257,7489666.0
2014-06-23,31.23,18269.7768,7839439.0
2014-06-24,32.17,18819.6837,15597524.0
2014-06-25,32.32,18907.4347,18857621.0
2014-06-26,32.7,19129.7375,17516588.0
2014-06-27,32.58,19059.5366,27737931.0
2014-06-30,33.09,19357.8903,21266107.0
2014-07-01,32.45,18983.4857,22729005.0
2014-07-02,32.9,19246.739,13178121.0
2014-07-03,33.22,19433.9413,57594697.0
2014-07-07,33.18,19410.541,11445590.0
2014-07-08,33.35,19509.9922,11892142.0
2014-07-09,33.1,19363.7404,8624714.0
2014-07-10,32.57,19053.6866,11816280.0
2014-07-11,32.38,18942.5352,9855992.0
2014-07-14,32.24,18860.6342,9145196.0
2014-07-15,32.29,18889.8845,9120585.0
2014-07-16,32.42,18965.9355,6652204.0
2014-07-17,32.25,18866.4842,7772719.0
2014-07-18,32.58,19059.5366,6425663.0
2014-07-21,32.26,18872.3343,3997464.0
2014-07-22,32.27,18878.1844,3673363.0
2014-07-23,32.12,18790.4333,3078266.0
2014-07-24,32.05,18749.4828,3152398.0
2014-07-25,31.92,18673.4318,2034080.0
2014-07-28,32.27,18878.1844,4861281.0
2014-07-29,31.96,18696.8321,3622042.0
2014-07-30,31.82,18614.9311,3783978.0
2014-07-31,31.32,18322.4275,5407874.0
2014-08-01,31.23,18269.7768,5706929.0
2014-08-04,31.61,16699.715,2917881.0
2014-08-05,31.42,16599.3371,2677728.0
2014-08-06,31.61,16699.715,2161342.0
2014-08-07,31.55,16668.0167,1653101.0
2014-08-08,32.0,16905.7539,2506223.0
2014-08-11,32.1,16958.5844,2838631.0
2014-08-12,32.33,17080.0945,2225346.0
2014-08-13,32.34,17085.3775,1438553.0
2014-08-14,33.06,17465.757,3871449.0
2014-08-15,32.96,17412.9265,2292588.0
2014-08-18,33.42,17655.9467,2766712.0
2014-08-19,33.97,17946.5144,3826927.0
2014-08-20,34.1,18015.194,3470558.0
2014-08-21,34.38,18163.1194,4236482.0
2014-08-22,34.28,18110.2889,2027542.0
2014-08-25,34.46,18205.3837,1862234.0
2014-08-26,34.28,18110.2889,2687771.0
2014-08-27,34.14,18036.3262,1910242.0
2014-08-28,33.95,17935.9483,2289356.0
2014-08-29,33.95,17935.9483,2970735.0
2014-09-02,33.99,17957.0805,1858313.0
2014-09-03,33.89,17904.25,3485428.0
2014-09-04,33.9,17909.533,2925550.0
2014-09-05,33.95,17935.9483,4022675.0
2014-09-08,34.0,17962.3635,2507770.0
2014-09-09,33.84,17877.8348,2389414.0
2014-09-10,33.73,17819.7212,1689392.0
2014-09-11,33.69,17798.589,1786263.0
2014-09-12,33.09,17481.6061,4707283.0
2014-09-15,32.93,17397.0774,2700761.0
2014-09-16,33.1,17486.8892,4143684.0
2014-09-17,32.89,17375.9452,2928592.0
2014-09-18,32.63,17238.5859,4132232.0
2014-09-19,32.39,17111.7928,4896811.0
2014-09-22,31.87,16837.0743,4499297.0
2014-09-23,31.65,16720.8472,3816533.0
2014-09-24,32.17,16995.5657,3420640.0
2014-09-25,31.96,16884.6217,2850445.0
2014-09-26,32.32,17074.8114,3235409.0
2014-09-29,32.25,17037.8301,3181444.0
2014-09-30,31.86,16831.7912,3022037.0
2014-10-01,31.78,16789.5268,3906370.0
2014-10-02,32.06,16937.4522,3101814.0
2014-10-03,32.42,17127.6419,2609041.0
2014-10-06,32.22,17021.981,2695060.0
2014-10-07,31.83,16815.9421,2570617.0
2014-10-08,32.12,16969.1505,6841800.0
2014-10-09,31.77,16784.2438,5711721.0
2014-10-10,32.0,16905.7539,4860842.0
2014-10-13,32.12,16969.1505,3470583.0
2014-10-14,32.5,17169.9063,3843361.0
2014-10-15,32.09,16953.3013,4720477.0
2014-10-16,32.39,17111.7928,4344940.0
2014-10-17,32.99,17428.7757,4801374.0
2014-10-20,33.25,17566.1349,3011196.0
2014-10-21,33.68,17793.306,2371187.0
2014-10-22,33.27,17576.701,3158475.0
2014-10-23,33.74,17825.0043,2401398.0
2014-10-24,33.89,17904.25,2678926.0
2014-10-27,34.03,17978.2127,2514290.0
2014-10-28,34.13,18031.0432,2516854.0
2014-10-29,33.08,17476.3231,4234653.0
2014-10-30,33.54,17719.3433,4727032.0
2014-10-31,33.86,17754.949,4841503.0
2014-11-03,34.28,17975.1817,3013750.0
2014-11-04,34.46,18069.5671,2763383.0
2014-11-05,34.38,18027.618,3056198.0
2014-11-06,34.24,17954.2071,2924183.0
2014-11-07,34.3,17985.6689,2184218.0
2014-11-10,34.41,18043.3489,2233562.0
2014-11-11,34.25,17959.4507,2212505.0
2014-11-12,34.03,17844.0908,4874738.0
2014-11-13,33.95,17802.1417,1644202.0
2014-11-14,33.9,17775.9235,2878320.0
2014-11-17,34.03,17844.0908,1929360.0
2014-11-18,34.39,18032.8616,2794200.0
2014-11-19,34.2,17933.2326,4018441.0
2014-11-20,34.18,17922.7453,4735208.0
2014-11-21,34.35,18011.8871,4736740.0
2014-11-24,34.83,18263.5816,2835831.0
2014-11-25,35.23,18473.327,3459717.0
2014-11-26,34.92,18310.7743,3436560.0
2014-11-28,35.31,18515.2761,1731414.0
2014-12-01,35.16,18436.6216,2619984.0
2014-12-02,35.36,18541.4943,1589502.0
2014-12-03,35.43,18578.1997,2227374.0
2014-12-04,35.3,18510.0324,2150502.0
2014-12-05,35.53,18630.6361,2673454.0
2014-12-08,36.11,18934.7669,3769089.0
2014-12-09,36.15,18955.7414,3635144.0
2014-12-10,36.05,18903.3051,4704806.0
2014-12-11,36.09,18924.2796,2994362.0
2014-12-12,35.83,18787.9451,3139376.0
2014-12-15,35.59,18662.0979,3923068.0
2014-12-16,34.74,18216.3889,5869903.0
2014-12-17,35.01,18357.967,5149575.0
2014-12-18,35.3,18510.0324,5907202.0
2014-12-19,36.19,18976.716,6474648.0
2014-12-22,36.49,19134.025,4166050.0
2014-12-23,36.58,19181.2178,2389926.0
2014-12-24,36.62,19202.1923,1081268.0
2014-12-26,36.63,19207.4359,1681641.0
2014-12-29,36.64,19212.6796,1587842.0
2014-12-30,36.44,19107.8069,1797249.0
2014-12-31,35.89,18819.4069,2024211.0
2015-01-02,36.11,18934.7669,2427157.0
2015-01-05,36.11,18934.7669,2385433.0
2015-01-06,36.07,18913.7924,3405886.0
2015-01-07,36.18,18971.4723,2873072.0
2015-01-08,36.57,19175.9741,3004544.0
2015-01-09,36.52,19149.7559,2022654.0
2015-01-12,36.57,19175.9741,1888905.0
2015-01-13,36.69,19238.8977,2645144.0
2015-01-14,36.44,19107.8069,2776926.0
2015-01-15,36.37,19071.1014,2959758.0
2015-01-16,36.63,19207.4359,2814654.0
2015-01-20,35.91,18829.8942,5039726.0
2015-01-21,35.67,18704.047,3368612.0
2015-01-22,36.48,19128.7814,3112686.0
2015-01-23,36.04,18898.0615,2613447.0
2015-01-26,36.12,18940.0105,2727652.0
2015-01-27,35.91,18829.8942,2257572.0
2015-01-28,35.57,18651.6106,2361766.0
2015-01-29,35.41,18567.7124,4823835.0
2015-01-30,35.85,18798.4324,5314459.0
2015-02-02,35.24,18478.5706,5203869.0
2015-02-03,35.57,18651.6106,3914506.0
2015-02-04,35.29,18504.7888,3147669.0
2015-02-05,35.51,18620.1488,2601387.0
2015-02-06,34.87,18284.5561,3632981.0
2015-02-09,34.85,18274.0689,2385145.0
2015-02-10,35.22,18468.0834,2391224.0
2015-02-11,35.1,18405.1597,2089582.0
2015-02-12,35.56,18646.367,1967340.0
2015-02-13,35.52,18647.9111,1796850.0
2015-02-17,35.01,18380.1624,3608152.0
2015-02-18,35.46,18616.4113,2710678.0
2015-02-19,35.16,18458.912,2742536.0
2015-02-20,35.49,18632.1612,5399724.0
2015-02-23,35.73,18758.1606,2122326.0
2015-02-24,35.14,18448.4121,3144891.0
2015-02-25,34.94,18343.4126,3026499.0
2015-02-26,35.09,18422.1622,4099662.0
2015-02-27,35.11,18432.6621,2319300.0
2015-03-02,35.2,18479.9119,2268516.0
2015-03-03,34.81,18275.1629,3085024.0
2015-03-04,34.27,17991.6642,2679102.0
2015-03-05,34.13,17918.1646,2599734.0
2015-03-06,33.03,17340.6673,6649689.0
2015-03-09,33.54,17608.4161,4074643.0
2015-03-10,33.24,17450.9168,3297528.0
2015-03-11,33.39,17529.6664,2559798.0
2015-03-12,33.74,17713.4156,2735763.0
2015-03-13,33.06,17356.4173,4131666.0
2015-03-16,33.68,17681.9157,2740608.0
2015-03-17,33.46,17566.4163,2184991.0
2015-03-18,34.12,17912.9146,3424600.0
2015-03-19,33.89,17792.1652,2359092.0
2015-03-20,34.46,18091.4138,4883141.0
2015-03-23,34.38,18049.414,2421728.0
2015-03-24,34.3,18007.4142,2521510.0
2015-03-25,33.28,17471.9167,4540172.0
2015-03-26,33.06,17356.4173,3960576.0
2015-03-27,33.05,17351.1673,2379519.0
2015-03-30,33.17,17414.167,2653098.0
2015-03-31,33.15,17403.667,3532098.0
2015-04-01,32.86,17045.3528,2904756.0
2015-04-02,32.64,16931.233,4511722.0
2015-04-06,32.51,16863.7986,7015838.0
2015-04-07,32.15,16677.057,4184389.0
2015-04-08,32.36,16785.9896,3128341.0
2015-04-09,32.16,16682.2443,3023714.0
2015-04-10,32.25,16728.9297,2176215.0
2015-04-13,32.2,16702.9933,2534048.0
2015-04-14,31.99,16594.0608,4279190.0
2015-04-15,32.02,16609.6226,3160573.0
2015-04-16,32.15,16677.057,3505511.0
2015-04-17,31.55,16365.8211,3550367.0
2015-04-20,31.73,16459.1919,8847643.0
2015-04-21,31.61,16396.9447,2749035.0
2015-04-22,31.75,16469.5664,2338722.0
2015-04-23,31.86,16526.6263,2148591.0
2015-04-24,32.33,16770.4278,4196524.0
2015-04-27,32.16,16682.2443,3639600.0
2015-04-28,32.18,16692.6188,2874957.0
2015-04-29,31.73,16459.1919,2669024.0
2015-04-30,31.51,16345.0721,4560332.0
2015-05-01,32.01,16573.0173,8361351.0
2015-05-04,31.59,16355.5644,5075532.0
2015-05-05,31.12,16112.2242,3103845.0
2015-05-06,31.17,16138.1115,4116422.0
2015-05-07,32.04,16588.5496,4486357.0
2015-05-08,32.53,16842.2447,4470962.0
2015-05-11,32.38,16764.5829,4593484.0
2015-05-12,31.95,16541.9526,3089486.0
2015-05-13,32.03,16583.3722,3405026.0
2015-05-14,32.53,16842.2447,3338928.0
2015-05-15,32.34,16743.8731,2645619.0
2015-05-18,32.07,16604.082,2797340.0
2015-05-19,32.66,16909.5515,4361305.0
2015-05-20,32.67,16914.729,3048757.0
2015-05-21,32.58,16868.1319,2693771.0
2015-05-22,32.73,16945.7937,3912648.0
2015-05-26,32.96,17064.875,5942407.0
2015-05-27,33.0,17085.5848,4648596.0
2015-05-28,32.96,17064.875,3565840.0
2015-05-29,32.56,16857.777,3434487.0
2015-06-01,32.5,16826.7123,3383745.0
2015-06-02,32.42,16785.2927,3605329.0
2015-06-03,31.85,16490.1781,3623710.0
2015-06-04,31.69,16407.3389,12328547.0
2015-06-05,31.46,16288.2575,3567528.0
2015-06-08,31.51,16314.1448,2341028.0
2015-06-09,31.24,16174.3536,2477792.0
2015-06-10,31.8,16464.2908,3188908.0
2015-06-11,32.17,16655.8565,3342279.0
2015-06-12,32.06,16598.9045,1987364.0
2015-06-15,32.04,16588.5496,3111399.0
2015-06-16,32.96,17064.875,6783988.0
2015-06-17,32.67,16914.729,6050615.0
2015-06-18,32.71,16935.4388,5711259.0
2015-06-19,32.57,16862.9545,4804594.0
2015-06-22,32.57,16862.9545,2491508.0
2015-06-23,32.31,16728.3408,2124982.0
2015-06-24,32.25,16697.2761,2636759.0
2015-06-25,31.86,16495.3555,2614904.0
2015-06-26,32.07,16604.082,3134072.0
2015-06-29,31.53,16324.4997,2221671.0
2015-06-30,31.5,16308.9673,3079783.0
2015-07-01,32.0,16567.8398,2618887.0
2015-07-02,31.84,16485.0006,2279279.0
2015-07-06,31.73,16428.0487,2423670.0
2015-07-07,32.06,16598.9045,2992236.0
2015-07-08,31.56,16340.032,2281249.0
2015-07-09,31.26,16184.7085,2457032.0
2015-07-10,31.29,16200.2409,2355017.0
2015-07-13,31.65,16386.6291,3541355.0
2015-07-14,31.26,16184.7085,3056899.0
2015-07-15,31.21,16158.8213,2484922.0
2015-07-16,30.96,16029.385,4295136.0
2015-07-17,30.48,15780.8675,4894380.0
2015-07-20,30.54,15811.9322,2290658.0
2015-07-21,30.26,15666.9636,2957342.0
2015-07-22,30.18,15625.544,2011488.0
2015-07-23,30.03,15547.8822,3029397.0
2015-07-24,29.77,15413.2685,1680210.0
2015-07-27,29.99,15527.1724,5260386.0
2015-07-28,30.05,15558.2371,4155399.0
2015-07-29,30.3,15687.6734,2814512.0
2015-07-30,30.46,15770.5126,3261303.0
2015-07-31,30.69,15780.6017,3197167.0
2015-08-03,30.82,15847.4469,2666647.0
2015-08-04,31.07,15975.9953,3483503.0
2015-08-05,30.79,15832.0211,3033563.0
2015-08-06,30.66,15765.1759,2754746.0
2015-08-07,31.06,15970.8533,2949161.0
2015-08-10,31.06,15970.8533,3509691.0
2015-08-11,30.81,15842.3049,3317052.0
2015-08-12,30.95,15914.292,3461470.0
2015-08-13,30.99,15934.8598,5021349.0
2015-08-14,31.19,16037.6985,3993869.0
2015-08-17,31.08,15981.1372,2881040.0
2015-08-18,31.15,16017.1307,2475181.0
2015-08-19,30.91,15893.7243,2576682.0
2015-08-20,30.58,15724.0404,3013738.0
2015-08-21,29.97,15410.3823,4436296.0
2015-08-24,28.17,14484.8338,9552989.0
2015-08-25,26.9,13831.8079,7857027.0
2015-08-26,27.48,14130.0402,10312506.0
2015-08-27,28.0,14397.4209,4385955.0
2015-08-28,28.24,14520.8274,3658462.0
2015-08-31,27.94,14366.5693,3873674.0
2015-09-01,27.59,14186.6015,5185786.0
2015-09-02,27.82,14304.866,3333880.0
2015-09-03,27.9,14346.0015,3450243.0
2015-09-04,27.37,14073.4789,3076933.0
2015-09-08,27.65,14217.4531,3443488.0
2015-09-09,26.91,13836.9499,3759991.0
2015-09-10,27.29,14032.3434,4777534.0
2015-09-11,27.32,14047.7692,4272877.0
2015-09-14,27.18,13975.7821,3021718.0
2015-09-15,27.37,14073.4789,3355031.0
2015-09-16,28.45,14628.808,7176918.0
2015-09-17,28.62,14716.2209,5041331.0
2015-09-18,28.26,14531.1112,5816342.0
2015-09-21,28.25,14525.9693,3907170.0
2015-09-22,27.7,14243.1628,2683709.0
2015-09-23,27.59,14186.6015,2631396.0
2015-09-24,27.25,14011.7757,2832286.0
2015-09-25,27.2,13986.066,3157378.0
2015-09-28,26.87,13816.3821,3079555.0
2015-09-29,27.06,13914.0789,3053727.0
2015-09-30,27.34,14058.0531,2837534.0
2015-10-01,27.0,13883.2273,3270795.0
2015-10-02,27.45,14114.6144,2846408.0
2015-10-05,27.97,14381.9951,3286578.0
2015-10-06,27.83,14310.008,2650369.0
2015-10-07,28.15,14474.5499,3150552.0
2015-10-08,28.55,14680.2274,2719800.0
2015-10-09,28.85,14834.4855,3782866.0
2015-10-12,28.75,14783.0661,2786387.0
2015-10-13,28.88,14849.9113,3022538.0
2015-10-14,28.77,14793.35,2251340.0
2015-10-15,28.94,14880.7629,3145050.0
2015-10-16,29.42,15127.5758,4781770.0
2015-10-19,29.25,15040.1629,2233431.0
2015-10-20,29.14,14983.6016,2336081.0
2015-10-21,29.22,15024.7371,2305782.0
2015-10-22,30.01,15430.95,3499835.0
2015-10-23,30.03,15441.2339,3597317.0
2015-10-26,29.28,15055.5887,3290832.0
2015-10-27,29.03,14927.0403,3459540.0
2015-10-28,29.28,15055.5887,4450045.0
2015-10-29,29.17,14999.0274,4078306.0
2015-10-30,29.33,14975.2528,3846318.0
2015-11-02,30.75,15700.2736,6585487.0
2015-11-03,31.06,15858.5528,6502077.0
2015-11-04,30.92,15787.0719,4064147.0
2015-11-05,31.08,15868.7643,3259894.0
2015-11-06,30.4,15521.5713,4238471.0
2015-11-09,29.5,15062.0511,17175579.0
2015-11-10,29.24,14929.3008,7685561.0
2015-11-11,29.81,15220.3303,8244667.0
2015-11-12,29.39,15005.8875,5182855.0
2015-11-13,29.25,14934.4066,5870052.0
2015-11-16,30.14,15388.821,7608586.0
2015-11-17,30.75,15700.2736,8472596.0
2015-11-18,31.93,16302.7556,8781630.0
2015-11-19,31.93,16302.7556,5245668.0
2015-11-20,32.19,16435.5059,4954441.0
2015-11-23,31.96,16318.073,3426889.0
2015-11-24,32.17,16425.2944,3384803.0
2015-11-25,32.28,16481.4579,3255315.0
2015-11-27,32.37,16527.41,1858479.0
2015-11-30,32.17,16425.2944,5049832.0
2015-12-01,32.14,16409.977,7141088.0
2015-12-02,31.76,16215.9574,2887342.0
2015-12-03,31.46,16062.784,3700202.0
2015-12-04,32.05,16364.025,4882520.0
2015-12-07,31.77,16221.0632,3182281.0
2015-12-08,31.55,16108.736,2167983.0
2015-12-09,31.19,15924.9279,3791476.0
2015-12-10,30.93,15792.1776,3188688.0
2015-12-11,30.48,15562.4175,3145920.0
2015-12-14,30.01,15322.4459,4741533.0
2015-12-15,30.1,15368.3979,4199582.0
2015-12-16,30.87,15761.543,3822845.0
2015-12-17,30.64,15644.11,3945748.0
2015-12-18,29.51,15067.1569,7028573.0
2015-12-21,29.69,15159.0609,3958332.0
2015-12-22,30.15,15393.9268,2981275.0
2015-12-23,30.62,15633.8984,3872293.0
2015-12-24,30.72,15684.9563,1470145.0
2015-12-28,30.57,15608.3695,2360388.0
2015-12-29,30.61,15625.7259,2261379.0
2015-12-30,30.34,15487.8969,1998313.0
2015-12-31,29.98,15304.1249,2302927.0
2016-01-04,29.83,15227.5532,3556759.0
2016-01-05,29.9,15263.2866,2722797.0
2016-01-06,29.24,14926.3713,4843246.0
2016-01-07,28.16,14375.0552,4917361.0
2016-01-08,27.9,14242.331,5022781.0
2016-01-11,27.61,14094.2924,5552471.0
2016-01-12,27.02,13793.1105,8042172.0
2016-01-13,26.75,13655.2815,5326883.0
2016-01-14,26.41,13481.7191,5584249.0
2016-01-15,25.82,13180.5372,5296759.0
2016-01-19,25.47,13001.8699,6689370.0
2016-01-20,24.6,12557.7542,10461826.0
2016-01-21,25.0,12761.9453,5425920.0
2016-01-22,25.42,12976.346,4667122.0
2016-01-25,24.51,12511.8112,3745778.0
2016-01-26,24.75,12634.3259,4763153.0
2016-01-27,24.52,12516.916,6402509.0
2016-01-28,24.42,12465.8682,7185940.0
2016-01-29,25.61,13073.3368,10958784.0
2016-02-01,26.09,13318.3662,7993236.0
2016-02-02,25.33,12930.403,4895580.0
2016-02-03,25.46,12996.7651,4905853.0
2016-02-04,25.74,13139.6989,6348888.0
2016-02-05,23.99,12246.3628,8204075.0
2016-02-08,23.4,11945.1808,7657491.0
2016-02-09,23.08,11781.8279,6017205.0
2016-02-10,22.68,11577.6368,4817269.0
2016-02-11,22.22,11342.817,8462822.0
2016-02-12,22.6,11536.7986,6614293.0
2016-02-16,23.77,12134.0576,7093064.0
2016-02-17,24.18,12343.7195,8967946.0
2016-02-18,23.84,12170.1519,7295745.0
2016-02-19,22.87,11674.9738,23395771.0
2016-02-22,23.58,18613.7,14405633.0
2016-02-23,24.25,19142.588,11825068.0
2016-02-24,25.0,19734.6268,13042547.0
2016-02-25,25.36,20018.8054,7486611.0
2016-02-26,25.59,20200.364,8375823.0
2016-02-29,25.98,20508.2241,12182373.0
2016-03-01,26.65,21037.1121,7432243.0
2016-03-02,27.07,21368.6539,6339478.0
2016-03-03,27.26,21518.637,6718291.0
2016-03-04,27.44,21660.7263,7081045.0
2016-03-07,27.63,21810.7095,7183266.0
2016-03-08,27.49,21700.1956,7071471.0
2016-03-09,27.57,21763.3464,4901368.0
2016-03-10,28.06,22150.1451,6375788.0
2016-03-11,28.72,22671.1392,7007507.0
2016-03-14,29.08,22955.3179,7060613.0
2016-03-15,29.33,23152.6641,7129179.0
2016-03-16,29.45,23247.3903,6349147.0
2016-03-17,30.08,23744.7029,9911678.0
2016-03-18,30.09,23752.5968,8054461.0
2016-03-21,30.27,23894.6861,5294484.0
2016-03-22,30.59,24147.2893,5008057.0
2016-03-23,30.24,23871.0045,4343888.0
2016-03-24,30.34,23949.943,4490429.0
2016-03-28,30.62,24170.9709,4932901.0
2016-03-29,31.03,24494.6187,5222342.0
2016-03-30,31.05,24510.4064,4702846.0
2016-03-31,30.98,24455.1495,6844060.0
2016-04-01,31.15,24589.345,6153063.0
2016-04-04,31.19,24620.9204,5358937.0
2016-04-05,30.78,24297.2725,5740769.0
2016-04-06,30.79,23526.4165,6111612.0
2016-04-07,30.79,23526.4165,4433238.0
2016-04-08,31.24,23870.2582,4987803.0
2016-04-11,31.31,23923.7447,5226404.0
2016-04-12,31.45,24030.7177,4822625.0
2016-04-13,31.77,24275.2274,4767525.0
2016-04-14,31.71,24229.3818,3231535.0
2016-04-15,31.73,24244.6637,3845275.0
2016-04-18,31.99,24443.3278,3373737.0
2016-04-19,31.98,24435.6869,4779020.0
2016-04-20,31.92,24389.8413,5731478.0
2016-04-21,31.83,24321.073,5055026.0
2016-04-22,32.26,24649.6329,2988366.0
2016-04-25,31.89,24366.9185,4416763.0
2016-04-26,32.24,24634.351,3194994.0
2016-04-27,32.32,24695.4784,2716729.0
2016-04-28,32.02,24466.2506,4322439.0
2016-04-29,32.12,24542.6599,3952995.0
2016-05-02,32.28,24664.9147,4380771.0
2016-05-03,31.57,24122.4089,6345840.0
2016-05-04,31.44,24023.0768,5208861.0
2016-05-05,31.54,24099.4861,5295066.0
2016-05-06,31.61,23614.9968,5390476.0
2016-05-09,30.95,23121.9282,13724445.0
2016-05-10,31.09,23226.5185,4568192.0
2016-05-11,30.99,23151.8111,4331619.0
2016-05-12,31.23,23331.1088,3476646.0
2016-05-13,30.86,23054.6916,4332548.0
2016-05-16,30.97,23136.8697,4127750.0
2016-05-17,30.69,22927.689,4398848.0
2016-05-18,30.46,22755.8621,4760536.0
2016-05-19,30.31,22643.8011,5258187.0
2016-05-20,30.42,22725.9792,9257084.0
2016-05-23,30.87,23062.1623,3477654.0
2016-05-24,31.13,23256.4014,4196611.0
2016-05-25,31.45,23495.465,3404117.0
2016-05-26,31.25,23346.0503,3306341.0
2016-05-27,31.48,23517.8772,2887528.0
2016-05-31,31.5,23532.8187,6074250.0
2016-06-01,31.32,23398.3454,3096337.0
2016-06-02,31.33,23405.8162,3071237.0
2016-06-03,31.12,23248.9307,3489433.0
2016-06-06,31.14,23263.8722,3913217.0
2016-06-07,31.19,23301.2258,3539928.0
2016-06-08,30.87,23062.1623,2957246.0
2016-06-09,30.37,22688.6255,5041410.0
2016-06-10,30.59,22852.9817,5058285.0
2016-06-13,29.71,22195.5569,5515523.0
2016-06-14,28.75,21478.3662,9539474.0
2016-06-15,28.7,21441.0126,4852508.0
2016-06-16,28.72,21455.954,4949198.0
2016-06-17,28.69,21433.5418,7402414.0
2016-06-20,29.02,21680.0761,5637721.0
2016-06-21,28.58,21351.3637,5776275.0
2016-06-22,28.62,21381.2467,7174331.0
2016-06-23,29.52,22053.6129,6694537.0
2016-06-24,27.73,20716.3512,13021573.0
2016-06-27,26.77,19999.1605,9934470.0
2016-06-28,27.88,20828.4122,8608025.0
2016-06-29,29.23,21836.9616,7549133.0
2016-06-30,29.77,22240.3813,12056729.0
2016-07-01,30.12,22501.8571,4555305.0
2016-07-05,29.7,22188.0862,12197614.0
2016-07-06,30.12,22501.8571,4701530.0
2016-07-07,30.14,22516.7986,4601497.0
2016-07-08,30.67,22912.7476,5302717.0
2016-07-11,31.24,23338.5795,7476179.0
2016-07-12,31.85,23794.2944,5937029.0
2016-07-13,31.97,23883.9433,3668942.0
2016-07-14,32.04,23936.2384,3646063.0
2016-07-15,32.03,23928.7677,3843735.0
2016-07-18,32.24,24085.6531,2910251.0
2016-07-19,31.98,23891.414,2839287.0
2016-07-20,32.3,24130.4776,3105971.0
2016-07-21,32.29,24123.0068,2508482.0
2016-07-22,32.43,24227.5971,2396711.0
2016-07-25,32.49,24272.4215,3615778.0
2016-07-26,32.91,24586.1925,3779356.0
2016-07-27,32.58,24339.6582,3782680.0
2016-07-28,32.37,24182.7727,5266252.0
2016-07-29,32.72,24444.2485,4072486.0
2016-08-01,32.75,24466.6607,2813656.0
2016-08-02,32.44,24235.0679,3335000.0
2016-08-03,32.37,24182.7727,3177426.0
2016-08-04,32.65,24391.9533,3288339.0
2016-08-05,32.88,24618.2979,4317423.0
2016-08-08,32.37,24236.4448,3272528.0
2016-08-09,32.33,24206.4955,2221152.0
2016-08-10,32.72,24498.5009,2565220.0
2016-08-11,32.47,24311.318,2903220.0
2016-08-12,31.86,23854.5916,3875027.0
2016-08-15,31.9,23884.5409,2538956.0
2016-08-16,31.5,23585.0482,2968232.0
2016-08-17,31.68,23719.8199,3101978.0
2016-08-18,31.41,23517.6624,2986360.0
2016-08-19,31.18,23345.4541,3688461.0
2016-08-22,31.22,23375.4033,2370394.0
2016-08-23,31.54,23614.9975,2975322.0
2016-08-24,31.14,23315.5048,2292411.0
2016-08-25,31.54,23614.9975,3297000.0
2016-08-26,31.1,23285.5555,3321186.0
2016-08-29,31.64,23689.8707,3401505.0
2016-08-30,31.84,23839.617,2610411.0
2016-08-31,31.85,23847.1043,4403271.0
2016-09-01,31.87,23862.0789,2783878.0
2016-09-02,31.85,23847.1043,2196227.0
2016-09-06,32.17,24086.6984,3069281.0
2016-09-07,31.79,23802.1804,2226255.0
2016-09-08,31.79,23802.1804,5924458.0
2016-09-09,30.31,22694.0575,5570330.0
2016-09-12,30.97,23188.2204,4205431.0
2016-09-13,30.0,22461.9507,3855851.0
2016-09-14,29.83,22334.6663,3839029.0
2016-09-15,30.14,22566.7731,2491885.0
2016-09-16,29.91,22394.5648,5521352.0
2016-09-19,30.13,22559.2858,2689709.0
2016-09-20,29.96,22432.0014,2081258.0
2016-09-21,30.34,22716.5195,2949011.0
2016-09-22,32.08,24019.3126,7948288.0
2016-09-23,32.18,24094.1858,4392893.0
2016-09-26,31.64,23689.8707,2476152.0
2016-09-27,31.73,23757.2565,2584197.0
2016-09-28,32.39,24251.4194,3979006.0
2016-09-29,31.86,23854.5916,3027613.0
2016-09-30,31.94,23914.4902,3920242.0
2016-10-03,31.8,23809.6677,2998616.0
2016-10-04,31.03,23233.1443,3604038.0
2016-10-05,30.64,22941.139,3842345.0
2016-10-06,31.1,23285.5555,3766352.0
2016-10-07,31.0,23210.6824,3138419.0
2016-10-10,31.06,23255.6063,2033887.0
2016-10-11,30.76,23030.9868,2549301.0
2016-10-12,31.34,23465.2511,2546005.0
2016-10-13,31.2,23360.4287,2649621.0
2016-10-14,31.38,23495.2004,3746479.0
2016-10-17,31.61,23667.4087,2927544.0
2016-10-18,31.7,23734.7946,2699176.0
2016-10-19,31.91,23892.0282,1789820.0
2016-10-20,31.5,23585.0482,2797832.0
2016-10-21,31.29,23427.8146,2331783.0
2016-10-24,31.12,23300.5302,4230563.0
2016-10-25,31.15,23322.9921,3880111.0
2016-10-26,30.26,22656.6209,3029599.0
2016-10-27,30.46,22806.3673,4558427.0
2016-10-28,29.99,22434.2699,5754617.0
2016-10-31,29.93,22389.3864,4974101.0
2016-11-01,29.36,21962.9931,4857361.0
2016-11-02,28.8,21544.0805,4453042.0
2016-11-03,28.64,21424.3911,3219399.0
2016-11-04,28.65,21431.8717,3630059.0
2016-11-07,29.29,21910.6291,3027619.0
2016-11-08,29.38,21977.9543,2496160.0
2016-11-09,29.69,22209.8524,4856491.0
2016-11-10,29.17,21820.8621,6090924.0
2016-11-11,28.7,21469.2746,5274555.0
2016-11-14,29.71,22224.8136,4502141.0
2016-11-15,30.3,22666.168,3238839.0
2016-11-16,30.14,22546.4787,3551554.0
2016-11-17,30.05,22479.1534,4259360.0
2016-11-18,31.13,23287.0564,6732326.0
2016-11-21,31.64,23668.5662,5352763.0
2016-11-22,32.13,24035.1148,4951548.0
2016-11-23,31.81,23795.7361,3591673.0
2016-11-25,32.0,23937.8672,1687457.0
2016-11-28,31.22,23354.3817,5652400.0
2016-11-29,31.16,23309.4982,3811074.0
2016-11-30,30.83,23062.6389,5953651.0
2016-12-01,30.61,22898.0661,2959121.0
2016-12-02,31.05,23227.2118,2819721.0
2016-12-05,31.72,23728.4108,2970612.0
2016-12-06,31.85,23825.6584,3398984.0
2016-12-07,32.93,24633.5615,5722050.0
2016-12-08,32.78,24521.3527,3008733.0
2016-12-09,32.72,24476.4692,2763786.0
2016-12-12,33.12,24775.6925,4517722.0
2016-12-13,32.07,23990.2313,5505907.0
2016-12-14,31.33,23436.6681,5224773.0
2016-12-15,30.61,22898.0661,5637850.0
2016-12-16,30.72,22980.3525,7114508.0
2016-12-19,30.47,22793.3379,3365300.0
2016-12-20,30.69,22957.9107,5014535.0
2016-12-21,30.82,23055.1583,3725908.0
2016-12-22,30.62,22905.5467,3573039.0
2016-12-23,30.57,22868.1437,2036382.0
2016-12-27,30.43,22763.4156,2248539.0
2016-12-28,29.89,22359.4641,2953214.0
2016-12-29,30.35,22703.5709,2666743.0
2016-12-30,30.09,22509.0757,2835816.0
2017-01-03,30.36,22711.0515,2650158.0
2017-01-04,30.63,22913.0272,3678492.0
2017-01-05,30.95,23152.4059,3547962.0
2017-01-06,30.85,23077.6001,2679335.0
2017-01-09,30.97,23167.3671,4017580.0
2017-01-10,30.73,22987.8331,3687543.0
2017-01-11,30.96,23159.8865,2322862.0
2017-01-12,30.57,22868.1437,3959095.0
2017-01-13,30.64,22920.5078,3611037.0
2017-01-17,30.6,22890.5855,2118169.0
2017-01-18,30.5,22815.7797,2613544.0
2017-01-19,30.21,22598.8427,4006536.0
2017-01-20,30.23,22613.8039,6518949.0
2017-01-23,30.43,22763.4156,3615938.0
2017-01-24,31.13,23287.0564,5071852.0
2017-01-25,32.19,24079.9983,6386913.0
2017-01-26,31.8,23788.2555,9357155.0
2017-01-27,31.24,23369.3428,4277937.0
2017-01-30,31.16,23309.4982,3849409.0
2017-01-31,31.33,23436.6681,4425312.0
2017-02-01,31.11,23272.0953,3624554.0
2017-02-02,31.44,23518.9545,5669423.0
2017-02-03,32.11,24020.1536,5458896.0
2017-02-06,31.42,23503.9933,5825104.0
2017-02-07,32.05,23975.2701,5699380.0
2017-02-08,32.41,24244.5711,5467719.0
2017-02-09,33.17,24813.0955,7199103.0
2017-02-10,33.16,24805.6149,4083899.0
2017-02-13,33.79,25276.8916,7372383.0
2017-02-14,33.29,24902.8625,4172587.0
2017-02-15,33.66,25179.644,4667902.0
2017-02-16,33.52,25074.9159,3402205.0
2017-02-17,33.52,25074.9159,2754674.0
2017-02-21,33.98,25419.0227,3641122.0
2017-02-22,33.76,25254.4499,2360342.0
2017-02-23,33.66,25179.644,3555112.0
2017-02-24,33.47,25068.9728,4561503.0
2017-02-27,33.94,25421.002,3649246.0
2017-02-28,33.72,25256.2224,3792522.0
2017-03-01,34.07,25518.3718,4320474.0
2017-03-02,34.19,25608.2516,4477549.0
2017-03-03,34.14,25570.8017,3239199.0
2017-03-06,33.72,25256.2224,3228835.0
2017-03-07,33.47,25068.9728,2418105.0
2017-03-08,33.6,25166.3426,2982207.0
2017-03-09,33.22,24881.7232,3916720.0
2017-03-10,33.28,24926.6631,2767193.0
2017-03-13,33.34,24971.603,2119123.0
2017-03-14,33.31,24949.1331,2210550.0
2017-03-15,33.88,25376.0621,4321480.0
2017-03-16,33.74,25271.2023,3073242.0
2017-03-17,33.2,24866.7433,5014479.0
2017-03-20,33.38,25001.563,3719017.0
2017-03-21,33.08,24776.8635,4433108.0
2017-03-22,33.16,24836.7833,3507636.0
2017-03-23,33.47,25068.9728,3467659.0
2017-03-24,33.13,24814.3134,3401463.0
2017-03-27,33.51,25098.9327,4018276.0
2017-03-28,33.63,25188.8125,2449972.0
2017-03-29,33.53,25113.9127,1932534.0
2017-03-30,33.89,25383.5521,2310359.0
2017-03-31,33.98,25450.9619,3408418.0
2017-04-03,33.71,25248.7324,3730377.0
2017-04-04,33.96,25435.982,2527834.0
2017-04-05,33.97,25443.4719,3024579.0
2017-04-06,34.41,25852.0457,3155806.0
2017-04-07,34.86,26190.1282,4725943.0
2017-04-10,34.73,26092.4599,3853993.0
2017-04-11,34.64,26024.8434,5591817.0
2017-04-12,34.58,25979.7657,3235279.0
2017-04-13,34.43,25867.0716,2780740.0
2017-04-17,34.96,26265.2577,2882907.0
2017-04-18,34.76,26114.9988,2657614.0
2017-04-19,34.49,25912.1492,5359604.0
2017-04-20,34.78,26130.0246,4268843.0
2017-04-21,34.56,25964.7398,4338767.0
2017-04-24,34.89,26212.667,5779424.0
2017-04-25,34.0,25544.0149,7561593.0
2017-04-26,34.26,25739.3515,8544733.0
2017-04-27,34.67,26047.3822,4671060.0
2017-04-28,33.87,25446.3466,6756499.0
2017-05-01,33.58,25249.8993,4346883.0
2017-05-02,33.7,25340.1313,7616966.0
2017-05-03,33.26,25009.2809,4535530.0
2017-05-04,33.1,24888.9716,3556233.0
2017-05-05,33.55,25227.3414,2219642.0
2017-05-08,33.34,25069.4355,2593689.0
2017-05-09,33.21,24971.6842,2288512.0
2017-05-10,33.21,24971.6842,2273632.0
2017-05-11,32.97,24791.2204,2280093.0
2017-05-12,32.87,24716.0271,1743044.0
2017-05-15,33.1,24888.9716,1646719.0
2017-05-16,33.12,24904.0103,1786807.0
2017-05-17,32.76,24633.3145,2637214.0
2017-05-18,32.7,24588.1986,2639053.0
2017-05-19,33.02,24828.817,2925728.0
2017-05-22,33.13,24911.5296,2019071.0
2017-05-23,33.07,24866.4137,1977444.0
2017-05-24,33.18,24949.1263,3942144.0
2017-05-25,33.17,24941.6069,2147904.0
2017-05-26,33.01,24821.2977,1962918.0
2017-05-30,33.14,24919.049,4450112.0
2017-05-31,32.96,24783.7011,4857469.0
2017-06-01,33.51,25197.264,3381415.0
2017-06-02,33.51,25197.264,2980511.0
2017-06-05,33.38,25099.5128,2814321.0
2017-06-06,33.41,25122.0708,2236264.0
2017-06-07,33.02,24828.817,2355502.0
2017-06-08,32.59,24505.486,4354824.0
2017-06-09,33.23,24986.7229,4545093.0
2017-06-12,33.6,25264.938,3614984.0
2017-06-13,33.81,25422.8439,2802180.0
2017-06-14,33.77,25392.7661,1926386.0
2017-06-15,33.6,25264.9375,2719729.0
2017-06-16,33.66,25310.0535,3771826.0
2017-06-19,34.04,25595.7879,1985675.0
2017-06-20,33.96,25535.6333,1958926.0
2017-06-21,33.76,25385.2467,2718825.0
2017-06-22,33.94,25520.5946,1886245.0
2017-06-23,34.14,25670.9811,5325921.0
2017-06-26,33.63,25287.4955,3298411.0
2017-06-27,32.85,24700.988,3806829.0
2017-06-28,33.2,24964.1644,1652328.0
2017-06-29,33.07,24866.4132,3038623.0
2017-06-30,33.5,25189.7442,3210547.0
2017-07-03,33.69,25332.6115,1513985.0
2017-07-05,33.21,24971.6838,2581332.0
2017-07-06,32.06,24106.9612,12248780.0
2017-07-07,32.01,24069.3646,3123746.0
2017-07-10,32.22,24227.2704,3885801.0
2017-07-11,32.51,24445.3309,4173682.0
2017-07-12,32.93,24761.1426,3744015.0
2017-07-13,32.72,24603.2368,2681072.0
2017-07-14,33.15,24926.5678,2290416.0
2017-07-17,33.4,25114.551,1776879.0
2017-07-18,33.08,24873.9325,2017483.0
2017-07-19,33.82,25430.3627,2274133.0
2017-07-20,34.0,25565.7106,3669427.0
2017-07-21,34.43,25889.0416,2871662.0
2017-07-24,34.13,25663.4618,2798449.0
2017-07-25,34.12,25655.9425,2503561.0
2017-07-26,33.92,25505.556,2673534.0
2017-07-27,34.23,25738.6551,4104457.0
2017-07-28,32.94,24801.8648,4462397.0
2017-07-31,33.02,24862.1,7513947.0
2017-08-01,33.22,25012.6882,3247696.0
2017-08-02,32.37,24372.6886,3139045.0
2017-08-03,32.86,24741.6295,2745501.0
2017-08-04,32.78,24681.3943,1894373.0
2017-08-07,32.72,24636.2178,1515868.0
2017-08-08,32.46,24440.4533,1870234.0
2017-08-09,32.43,24417.8651,1690981.0
2017-08-10,32.12,24184.4535,1933571.0
2017-08-11,32.22,24259.7475,2027551.0
2017-08-14,32.24,24274.8063,3042903.0
2017-08-15,31.94,24048.9241,2388947.0
2017-08-16,31.91,24026.3359,2007335.0
2017-08-17,31.28,23551.9833,3254000.0
2017-08-18,31.17,23469.1598,2798142.0
2017-08-21,31.48,23702.5714,2167823.0
2017-08-22,31.38,23627.2774,2174592.0
2017-08-23,31.36,23612.2186,1384099.0
2017-08-24,31.38,23627.2774,1533412.0
2017-08-25,31.7,23868.2184,2943638.0
2017-08-28,31.77,23920.9242,1968269.0
2017-08-29,31.52,23732.6891,3129431.0
2017-08-30,31.75,23905.8654,2417418.0
2017-08-31,32.61,24553.3944,4681774.0
2017-09-01,32.07,24146.8064,2568075.0
2017-09-05,32.3,24319.9828,3276757.0
2017-09-06,33.23,25020.2176,5037466.0
2017-09-07,33.15,24959.9823,3429381.0
2017-09-08,33.58,25283.7468,4372402.0
2017-09-11,33.33,25095.5116,3575716.0
2017-09-12,33.24,25027.747,2915509.0
2017-09-13,33.1,24922.3353,8490823.0
2017-09-14,33.06,24892.2177,1938244.0
2017-09-15,32.99,24839.5118,4022382.0
2017-09-18,33.37,25125.6293,3764940.0
2017-09-19,33.28,25057.8646,2810804.0
2017-09-20,33.4,25148.2175,2355329.0
2017-09-21,33.42,25163.2763,3213860.0
2017-09-22,33.58,25283.7468,2535051.0
2017-09-25,33.81,25456.9231,2662937.0
2017-09-26,33.72,25389.1585,2486474.0
2017-09-27,33.8,25449.3937,2103897.0
2017-09-28,34.01,25607.5113,1614882.0
2017-09-29,34.03,25622.5701,2804657.0
2017-10-02,34.12,25690.3347,1951157.0
2017-10-03,34.12,25690.3347,1446708.0
2017-10-04,34.32,25840.9229,1302668.0
2017-10-05,34.22,25765.6288,2689369.0
2017-10-06,34.2,25750.57,1699966.0
2017-10-09,34.12,25690.3347,1627806.0
2017-10-10,34.32,25840.9229,2044124.0
2017-10-11,34.39,25893.6287,1699660.0
2017-10-12,34.59,26044.2168,1901217.0
2017-10-13,34.9,26277.6284,2424463.0
2017-10-16,35.02,26367.9813,3120108.0
2017-10-17,35.03,26375.5107,1649518.0
2017-10-18,35.23,26526.0989,2933377.0
2017-10-19,35.18,26488.4518,2490409.0
2017-10-20,35.28,26563.7459,2216235.0
2017-10-23,34.82,26217.3932,2690352.0
2017-10-24,34.87,26255.0402,2548505.0
2017-10-25,34.68,26111.9815,2256934.0
2017-10-26,34.88,26262.5696,3212793.0
2017-10-27,35.51,26803.9926,4282130.0
2017-10-30,35.61,26879.4755,2956251.0
2017-10-31,35.91,27105.9244,3378317.0
2017-11-01,35.81,27030.4414,3466082.0
2017-11-02,35.61,26879.4755,4953544.0
2017-11-03,35.71,26954.9585,2431372.0
2017-11-06,35.66,26917.217,2209834.0
2017-11-07,35.99,27166.3107,2294034.0
2017-11-08,36.41,27483.3391,4026503.0
2017-11-09,36.27,27377.663,1885995.0
2017-11-10,36.14,27279.5351,3026428.0
2017-11-13,35.96,27143.6658,2375866.0
2017-11-14,36.2,27324.8249,2370085.0
2017-11-15,36.55,27589.0152,4002445.0
2017-11-16,36.55,27589.0152,2930502.0
2017-11-17,36.28,27385.2112,2399516.0
2017-11-20,36.11,27256.8902,2673163.0
2017-11-21,36.11,27256.8902,2825149.0
2017-11-22,36.19,27317.2766,1269393.0
2017-11-24,36.17,27302.18,709620.0
2017-11-27,35.53,26819.0892,3625859.0
2017-11-28,35.68,26932.3136,2429830.0
2017-11-29,35.37,26698.3165,2818449.0
2017-11-30,35.38,26705.8648,3921533.0
2017-12-01,35.4,26720.9614,2805636.0
2017-12-04,35.13,26517.1574,3899603.0
2017-12-05,35.19,26562.4472,1876784.0
2017-12-06,35.24,26600.1887,2235064.0
2017-12-07,35.62,26887.0238,1787570.0
2017-12-08,35.43,26743.6062,2270893.0
2017-12-11,35.44,26751.1545,2124581.0
2017-12-12,35.63,26894.5721,3228457.0
2017-12-13,35.76,26992.7,2566977.0
2017-12-14,35.65,26909.6687,2273179.0
2017-12-15,35.84,27053.0863,4764966.0
2017-12-18,36.01,27181.4073,2672342.0
2017-12-19,35.48,26781.3477,2034907.0
2017-12-20,35.42,26736.058,2721996.0
2017-12-21,35.21,26577.5438,3782322.0
2017-12-22,34.94,26373.7398,2861708.0
2017-12-26,35.06,26464.3194,1689296.0
2017-12-27,35.1,26494.5125,1993981.0
2017-12-28,35.26,26615.2852,1810050.0
2017-12-29,35.26,26615.2852,2258489.0
2018-01-02,35.3,26645.4784,3143976.0
2018-01-03,35.61,26879.4755,2922846.0
2018-01-04,35.32,26660.575,2727790.0
2018-01-05,35.27,26622.8335,2924802.0
2018-01-08,35.5,26796.4443,2760800.0
2018-01-09,35.26,26615.2852,2530349.0
2018-01-10,34.83,26290.7086,4520359.0
2018-01-11,34.99,26411.4813,3405765.0
2018-01-12,35.26,26615.2852,2891478.0
2018-01-16,34.76,26237.8705,3876989.0
2018-01-17,35.21,26577.5438,3500614.0
2018-01-18,35.3,26645.4784,3099437.0
2018-01-19,35.8,27022.8931,3548562.0
2018-01-22,35.98,27158.7624,3269391.0
2018-01-23,36.61,27634.305,5291669.0
2018-01-24,37.59,28374.0378,8694601.0
2018-01-25,37.73,28479.7139,4612921.0
2018-01-26,37.85,28570.2934,6003197.0
2018-01-29,37.07,27981.5265,6127504.0
2018-01-30,36.79,27770.1743,5452546.0
2018-01-31,37.54,28336.2963,6448915.0
2018-02-01,37.16,28049.4611,6208911.0
2018-02-02,35.68,26946.3566,10419440.0
2018-02-05,34.79,26274.2082,6984232.0
2018-02-06,34.68,26191.1336,7620556.0
2018-02-07,34.52,26070.298,4260231.0
2018-02-08,33.6,25375.4928,5743009.0
2018-02-09,33.79,25518.9852,4781683.0
2018-02-12,34.36,25949.4623,4536521.0
2018-02-13,34.21,25836.1788,4346132.0
2018-02-14,34.96,26402.5961,4834160.0
2018-02-15,34.95,26395.0439,3574453.0
2018-02-16,35.18,26599.522,4067466.0
2018-02-20,34.94,26418.0586,4461461.0
2018-02-21,34.76,26281.961,4938205.0
2018-02-22,34.86,26357.5707,4251393.0
2018-02-23,35.4,26765.8636,2579608.0
2018-02-26,35.66,26962.449,3870491.0
2018-02-27,35.26,26660.0099,4899687.0
2018-02-28,35.03,26486.1074,4767083.0
2018-03-01,34.36,25979.5218,4242863.0
2018-03-02,34.65,26198.7902,3106695.0
2018-03-05,34.01,25714.8876,4984713.0
2018-03-06,34.23,25881.2291,5811147.0
2018-03-07,34.28,25919.034,4238398.0
2018-03-08,34.47,26062.6926,2952246.0
2018-03-09,34.86,26357.5707,3098986.0
2018-03-12,35.12,26554.1562,3676846.0
2018-03-13,35.55,26879.2782,3810022.0
2018-03-14,35.24,26644.8879,2785743.0
2018-03-15,35.62,26932.2051,3985742.0
2018-03-16,35.82,27083.4247,5220211.0
2018-03-19,35.53,26864.1563,2707955.0
2018-03-20,35.39,26758.3026,4032115.0
2018-03-21,35.38,26750.7416,3485557.0
2018-03-22,35.2,26614.644,3359246.0
2018-03-23,34.05,25745.1315,5798460.0
2018-03-26,34.53,26108.0584,3811341.0
2018-03-27,34.9,26387.8147,5577685.0
2018-03-28,35.02,26478.5464,4378559.0
2018-03-29,35.0,26463.4244,3836782.0
2018-04-02,34.61,26168.5463,4295491.0
2018-04-03,34.68,26221.4731,6388867.0
2018-04-04,35.24,26644.8879,4303391.0
2018-04-05,35.74,27043.6138,3571077.0
2018-04-06,35.48,26846.8779,3793906.0
2018-04-09,35.28,26695.5427,3161426.0
2018-04-10,35.42,26801.4773,5338680.0
2018-04-11,35.76,27058.7473,3660100.0
2018-04-12,35.92,27179.8155,2688095.0
2018-04-13,36.19,27384.1182,2733771.0
2018-04-16,36.48,27603.5543,2965822.0
2018-04-17,36.94,27951.6254,4941465.0
2018-04-18,36.85,27883.5246,3248979.0
2018-04-19,36.63,27717.0558,3414980.0
2018-04-20,36.26,27437.0855,4260511.0
2018-04-23,36.21,27399.2517,2788070.0
2018-04-24,36.18,27376.5514,3678651.0
2018-04-25,36.18,27376.5514,3705466.0
2018-04-26,36.65,27732.1893,6091368.0
2018-04-27,37.0,28009.5163,5814407.0
2018-04-30,36.78,27842.9733,4546646.0
2018-05-01,36.39,27547.7378,6572685.0
2018-05-02,36.54,27661.2899,4498792.0
2018-05-03,36.33,27502.317,3571668.0
2018-05-04,36.51,27638.5795,3484316.0
2018-05-07,36.72,27797.5524,2665892.0
2018-05-08,36.39,27547.7378,5987457.0
2018-05-09,36.45,27593.1587,2880028.0
2018-05-10,36.78,27842.9733,2451391.0
2018-05-11,36.62,27721.851,1777461.0
2018-05-14,36.39,27547.7378,3857001.0
2018-05-15,35.96,27222.2218,6013587.0
2018-05-16,36.13,27350.9142,3341152.0
2018-05-17,36.29,27472.0364,2997016.0
2018-05-18,36.45,27593.1587,7524015.0
2018-05-21,36.82,27873.2538,3855125.0
2018-05-22,37.11,28092.7879,4340272.0
2018-05-23,36.82,27873.2538,3708516.0
2018-05-24,36.66,27752.1316,3198715.0
2018-05-25,36.95,27971.6656,3356518.0
2018-05-29,36.83,27880.824,5342569.0
2018-05-30,37.23,28183.6295,3002202.0
2018-05-31,37.33,28259.3309,6302194.0
2018-06-01,37.69,28531.856,3523561.0
2018-06-04,37.94,28721.1095,3613263.0
2018-06-05,38.22,28933.0734,5128956.0
2018-06-06,38.35,29031.4852,2866213.0
2018-06-07,38.12,28857.372,3072676.0
2018-06-08,38.11,28849.8018,2412467.0
2018-06-11,37.92,28705.9692,3033695.0
2018-06-12,38.36,29039.0553,6610519.0
2018-06-13,37.19,28153.349,5473180.0
2018-06-14,37.26,28206.34,4891111.0
2018-06-15,36.95,27971.6656,5424377.0
2018-06-18,37.12,28100.358,2582226.0
2018-06-19,36.99,28001.9462,6205614.0
2018-06-20,36.39,27547.7378,7751294.0
2018-06-21,35.75,27063.2489,5261116.0
2018-06-22,35.6,26949.6968,5931981.0
2018-06-25,35.36,26768.0134,5423159.0
2018-06-26,36.15,27366.0545,7030768.0
2018-06-27,35.63,26972.4072,4015269.0
2018-06-28,36.11,27335.7739,4058821.0
2018-06-29,36.46,27600.7288,4452633.0
2018-07-02,36.3,27479.6066,3311868.0
2018-07-03,36.57,27684.0003,2170460.0
2018-07-05,37.04,28039.7969,2167394.0
2018-07-06,37.27,28213.9101,2640023.0
2018-07-09,36.83,27880.824,2634855.0
2018-07-10,37.0,28009.5163,4776592.0
2018-07-11,36.55,27668.8601,2357413.0
2018-07-12,36.46,27600.7288,2754079.0
2018-07-13,36.44,27585.5885,1830703.0
2018-07-16,36.25,27441.7559,2032741.0
2018-07-17,36.22,27419.0455,4756551.0
2018-07-18,35.22,26662.0315,4895049.0
2018-07-19,35.65,26987.5475,3939072.0
2018-07-20,34.88,26404.6468,5529327.0
2018-07-23,34.58,26177.5426,4730848.0
2018-07-24,34.55,26154.8321,5853172.0
2018-07-25,34.73,26291.0947,2727441.0
2018-07-26,34.91,26427.3572,3736325.0
2018-07-27,33.83,25632.2995,5701368.0
2018-07-30,34.12,25852.0266,3070571.0
2018-07-31,34.18,25897.4874,4432839.0
2018-08-01,34.07,25814.1426,6150743.0
2018-08-02,34.08,25821.7194,4193352.0
2018-08-03,33.97,25738.3747,3713004.0
2018-08-06,34.11,25844.4498,2535244.0
2018-08-07,34.26,25958.1018,2605558.0
2018-08-08,34.33,26011.1393,2006392.0
2018-08-09,34.44,26094.4841,2110328.0
2018-08-10,34.05,25798.9891,2490524.0
2018-08-13,33.92,25700.4907,2769453.0
2018-08-14,34.3,25988.4089,2530416.0
2018-08-15,34.5,26139.9449,3027518.0
2018-08-16,35.38,26806.7029,5759546.0
2018-08-17,35.65,27011.2763,4811996.0
2018-08-20,35.49,26890.0476,3055781.0
2018-08-21,35.25,26708.2045,1955026.0
2018-08-22,35.3,26746.0885,1780845.0
2018-08-23,34.58,26200.5592,2853931.0
2018-08-24,34.88,26427.8631,2219544.0
2018-08-27,35.29,26738.5117,2831903.0
2018-08-28,35.31,26753.6653,2742814.0
2018-08-29,35.17,26647.5902,2216588.0
2018-08-30,34.58,26200.5592,2654625.0
2018-08-31,34.71,26299.0576,3274198.0
2018-09-04,34.16,25882.3338,2735752.0
2018-09-05,34.38,26049.0233,4143070.0
2018-09-06,34.54,26170.252,2101027.0
2018-09-07,34.06,25806.5658,2422267.0
2018-09-10,34.11,25844.4498,2200115.0
2018-09-11,34.1,25836.873,3212681.0
2018-09-12,34.49,26132.3681,2671288.0
2018-09-13,34.38,26049.0233,2627807.0
2018-09-14,34.06,25806.5658,2531242.0
2018-09-17,33.97,25738.3747,3207266.0
2018-09-18,33.96,25730.7979,3617822.0
2018-09-19,33.64,25488.3404,4314698.0
2018-09-20,33.69,25526.2244,3835213.0
2018-09-21,33.01,25011.0023,9865917.0
2018-09-24,32.9,24927.6576,4604874.0
2018-09-25,32.7,24776.1216,4683770.0
2018-09-26,32.72,24791.2752,3960711.0
2018-09-27,32.82,24867.0432,3424752.0
2018-09-28,32.27,24450.3194,3797419.0
2018-10-01,31.87,24147.2476,2921306.0
2018-10-02,31.98,24230.5924,3796301.0
2018-10-03,30.9,23412.2984,6295716.0
2018-10-04,30.73,23283.4929,4716962.0
2018-10-05,30.27,22934.9603,3303324.0
2018-10-08,30.85,23374.4145,3718114.0
2018-10-09,30.53,23131.957,3250253.0
2018-10-10,29.1,22048.4752,6501541.0
2018-10-11,28.5,21593.8675,8376592.0
2018-10-12,28.08,21275.6421,5487827.0
2018-10-15,28.02,21230.1813,5070340.0
2018-10-16,28.72,21760.557,6280607.0
2018-10-17,28.31,21449.9084,3212845.0
2018-10-18,27.86,21108.9526,3343060.0
2018-10-19,28.54,21624.1747,5011263.0
2018-10-22,27.61,20919.5327,4607852.0
2018-10-23,28.35,21480.2156,6656433.0
2018-10-24,28.48,21578.7139,5940368.0
2018-10-25,28.95,21934.8233,6498241.0
2018-10-26,26.49,19846.3087,9087945.0
2018-10-29,26.43,19801.3567,6141103.0
2018-10-30,26.23,19651.5167,8711667.0
2018-10-31,26.63,19951.1967,7013243.0
2018-11-01,27.22,20393.2247,4994463.0
2018-11-02,27.53,20625.4767,9590251.0
2018-11-05,27.62,20692.9047,4063354.0
2018-11-06,27.19,20370.7487,3143788.0
2018-11-07,27.51,20610.4927,3347955.0
2018-11-08,27.25,20415.7007,3237361.0
2018-11-09,26.83,20101.0367,4834240.0
2018-11-12,27.0,20228.4007,5018006.0
2018-11-13,26.65,19966.1807,4151586.0
2018-11-14,26.72,20018.6247,4280963.0
2018-11-15,26.61,19936.2127,3882990.0
2018-11-16,27.06,20273.3527,8048472.0
2018-11-19,27.09,20295.8287,4809417.0
2018-11-20,26.55,19891.2607,3012269.0
2018-11-21,26.67,19981.1647,2493720.0
2018-11-23,26.33,19726.4367,1136212.0
2018-11-26,26.64,19958.6887,2836408.0
2018-11-27,26.69,19996.1487,4167699.0
2018-11-28,26.95,20190.9407,4660223.0
2018-11-29,26.74,20033.6087,3968931.0
2018-11-30,26.41,19786.3727,5771593.0
2018-12-03,26.5,19853.8007,3772787.0
2018-12-04,25.12,18819.9047,7684517.0
2018-12-06,26.74,20033.6087,10082553.0
2018-12-07,25.27,18932.2847,7393509.0
2018-12-10,25.69,19246.9487,6222035.0
2018-12-11,25.09,18797.4287,5958010.0
2018-12-12,24.72,18520.2247,4515878.0
2018-12-13,24.5,18355.4007,4715217.0
2018-12-14,24.03,18003.2766,4210937.0
2018-12-17,23.6,17681.1206,7687919.0
2018-12-18,23.64,17711.0886,7691726.0
2018-12-19,23.2,17381.4406,10631036.0
2018-12-20,22.22,16647.2246,8632301.0
2018-12-21,21.28,15942.9766,19247957.0
2018-12-24,21.1,15808.1206,4702150.0
2018-12-26,21.35,15995.4206,12927524.0
2018-12-27,21.53,16130.2766,8890335.0
2018-12-28,21.83,16355.0366,9235351.0
2018-12-31,21.86,16377.5126,6336978.0
2019-01-02,21.53,16130.2766,7442033.0
2019-01-03,22.26,16677.1926,9788273.0
2019-01-04,23.02,17246.5846,5844089.0
2019-01-07,23.48,17591.2166,6562170.0
2019-01-08,23.62,17696.1046,6232826.0
2019-01-09,23.7,17756.0406,3926862.0
2019-01-10,24.3,18205.5607,5954799.0
2019-01-11,24.21,18138.1327,4594427.0
2019-01-14,24.08,18040.7367,3548918.0
2019-01-15,24.11,18063.2127,4224401.0
2019-01-16,24.38,18265.4967,4155613.0
2019-01-17,24.64,18460.2887,3738818.0
2019-01-18,25.08,18789.9367,5306054.0
2019-01-22,24.55,18392.8607,5156803.0
2019-01-23,24.29,18198.0687,4492441.0
2019-01-24,25.17,18857.3647,6461109.0
2019-01-25,25.7,19254.4407,5211748.0
2019-01-28,25.8,19329.3607,4807048.0
2019-01-29,25.85,19366.8207,4328868.0
2019-01-30,26.21,19636.5327,3408818.0
2019-01-31,26.24,19659.0087,9748755.0
2019-02-01,26.75,19965.9593,6851917.0
2019-02-04,26.15,19518.1246,6367221.0
2019-02-05,26.48,19764.4337,5040947.0
2019-02-06,26.27,19607.6916,5480012.0
2019-02-07,25.91,19338.9908,6171390.0
2019-02-08,25.65,19144.9291,4908508.0
2019-02-11,25.4,18958.3314,6303720.0
2019-02-12,25.33,18906.084,7417744.0
2019-02-13,25.39,18950.8675,5655436.0
2019-02-14,25.42,18973.2592,5054532.0
2019-02-15,25.54,19066.223,5359581.0
2019-02-19,25.59,19103.5492,6781989.0
2019-02-20,25.87,19312.5759,5329826.0
2019-02-21,25.74,19215.5278,3223425.0
2019-02-22,26.09,19476.8112,3193042.0
2019-02-25,25.86,19305.1106,3451390.0
2019-02-26,25.56,19081.1534,3588102.0
2019-02-27,25.85,19297.6454,4900754.0
2019-02-28,24.89,18580.9824,6255754.0
2019-03-01,25.01,18670.5652,7067234.0
2019-03-04,24.95,18625.7738,3842727.0
2019-03-05,24.59,18357.0252,3993450.0
2019-03-06,24.62,18379.4209,3113830.0
2019-03-07,24.35,18177.8594,3386048.0
2019-03-08,24.66,18409.2818,5003458.0
2019-03-11,25.84,19290.1802,5120568.0
2019-03-12,25.77,19237.9235,3737380.0
2019-03-13,26.08,19469.3459,3763133.0
2019-03-14,25.55,19073.6882,4104506.0
2019-03-15,25.53,19058.7577,4830838.0
2019-03-18,25.6,19111.0144,3872472.0
2019-03-19,25.56,19081.1534,3485802.0
2019-03-20,25.37,18939.3139,4189682.0
2019-03-21,26.19,19551.4636,4429060.0
2019-03-22,25.76,19230.4582,4601392.0
2019-03-25,25.49,19028.8968,3495273.0
2019-03-26,25.47,19013.9663,3700715.0
2019-03-27,25.59,19103.5492,3640428.0
2019-03-28,26.61,19865.0036,5755543.0
2019-03-29,26.34,19663.4422,4707381.0
2019-04-01,26.52,19797.8165,4911634.0
2019-04-02,26.58,19842.6079,4352278.0
2019-04-03,26.68,19917.2603,3872297.0
2019-04-04,26.84,19989.5451,3035925.0
2019-04-05,27.39,20399.1669,5169492.0
2019-04-08,27.09,20175.7368,3470282.0
2019-04-09,26.6,19810.801,3086550.0
2019-04-10,26.71,19892.7254,2357270.0
2019-04-11,27.08,20168.2891,4206271.0
2019-04-12,27.17,20235.3182,3936622.0
2019-04-15,27.08,20168.2891,2385596.0
2019-04-16,26.82,19974.6497,4282133.0
2019-04-17,26.38,19646.9523,5307096.0
2019-04-18,26.36,19632.0569,3505488.0
2019-04-22,25.76,19185.1968,3369338.0
2019-04-23,25.94,19319.2548,3649700.0
2019-04-24,26.33,19609.7139,3366496.0
2019-04-25,26.26,19557.5802,4632158.0
2019-04-26,27.37,20384.7972,5979996.0
2019-04-29,26.46,19707.0418,4587419.0
2019-04-30,26.8,19960.2691,5556465.0
2019-05-01,26.64,19841.1033,2749716.0
2019-05-02,26.46,19707.0418,2514447.0
2019-05-03,26.78,19945.3734,2848409.0
2019-05-06,26.6,19811.3119,3045788.0
2019-05-07,26.03,19386.7837,3460826.0
2019-05-08,25.63,19088.8693,2825579.0
2019-05-09,25.66,19111.2129,2351226.0
2019-05-10,25.55,19029.2864,2603370.0
2019-05-13,25.14,18723.9241,3959555.0
2019-05-14,24.98,18604.7583,4183412.0
2019-05-15,24.95,18582.4147,5730393.0
2019-05-16,25.06,18664.3412,4207414.0
2019-05-17,24.35,18135.543,5808892.0
2019-05-20,23.46,17472.6833,5639046.0
2019-05-21,23.51,17509.9226,6920935.0
2019-05-22,23.13,17226.9039,5229165.0
2019-05-23,22.91,17063.0509,9137815.0
2019-05-24,23.01,17137.5295,5074577.0
2019-05-28,22.58,16817.2715,7952280.0
2019-05-29,22.57,16809.8236,6041356.0
2019-05-30,22.52,16772.5843,8682136.0
2019-05-31,22.8,16981.1244,6454888.0
2019-06-03,22.9,17055.6031,5567928.0
2019-06-04,23.42,17442.8919,11695528.0
2019-06-05,23.34,17383.309,5791216.0
2019-06-06,23.1,17204.5603,7765465.0
2019-06-07,23.79,17718.4627,9135575.0
2019-06-10,24.11,17956.7943,7680944.0
2019-06-11,24.47,18224.9173,4968429.0
2019-06-12,25.06,18664.3412,5125348.0
2019-06-13,25.28,18828.1941,5326422.0
2019-06-14,25.71,19148.4522,6294435.0
2019-06-17,25.67,19118.6607,5095231.0
2019-06-18,25.98,19349.5444,5797300.0
2019-06-19,26.06,19409.1273,6373136.0
2019-06-20,26.56,19781.5204,7183874.0
2019-06-21,26.15,19476.1581,9536963.0
2019-06-24,25.83,19237.8265,6334312.0
2019-06-25,25.56,19036.7342,6399806.0
2019-06-26,25.45,18954.8078,6478547.0
2019-06-27,25.97,19342.0966,4521946.0
2019-06-28,26.34,19617.6675,5349384.0
2019-07-01,26.4,19662.3546,5153155.0
2019-07-02,26.52,19751.729,3779368.0
2019-07-03,26.85,19997.5084,1897829.0
2019-07-05,26.61,19818.7597,2865046.0
2019-07-08,26.43,19684.6982,3638876.0
2019-07-09,26.29,19580.4281,2955026.0
2019-07-10,26.31,19595.3239,3195184.0
2019-07-11,25.81,19222.9308,3151743.0
2019-07-12,25.54,19021.8385,2894143.0
2019-07-15,25.54,19021.8385,2265431.0
2019-07-16,25.74,19170.7958,3419257.0
2019-07-17,25.3,18843.0898,3497688.0
2019-07-18,25.1,18694.1326,3041141.0
2019-07-19,25.09,18686.6848,3063975.0
2019-07-22,25.14,18723.9241,1643829.0
2019-07-23,25.37,18895.2249,2571420.0
2019-07-24,25.54,19021.8385,2503689.0
2019-07-25,25.07,18671.789,4246410.0
2019-07-26,26.21,19524.6022,4950567.0
2019-07-29,25.84,19248.9783,4432745.0
2019-07-30,26.09,19435.2106,2874748.0
2019-07-31,25.41,18928.6586,3692392.0
2019-08-01,25.03,18645.5854,7102956.0
2019-08-02,25.1,18697.7304,4680911.0
2019-08-05,24.47,18228.4248,4348119.0
2019-08-06,24.36,18146.4826,4823873.0
2019-08-07,24.68,18384.86,3418172.0
2019-08-08,25.14,18727.5276,3244929.0
2019-08-09,24.74,18429.5558,3535836.0
2019-08-12,24.71,18407.2079,2651825.0
2019-08-13,25.09,18690.2811,2918319.0
2019-08-14,24.5,18250.7727,3057292.0
2019-08-15,24.78,18459.353,2657386.0
2019-08-16,25.16,18742.4262,2966752.0
2019-08-19,25.18,18757.3248,3058928.0
2019-08-20,25.03,18645.5854,2583047.0
2019-08-21,25.5,18995.7022,2687869.0
2019-08-22,25.64,19099.9924,2374917.0
2019-08-23,25.12,18712.629,4285246.0
2019-08-26,25.45,18958.4557,2517977.0
2019-08-27,25.05,18660.4839,3278426.0
2019-08-28,25.65,19107.4416,4236048.0
2019-08-29,26.11,19450.1092,2982545.0
2019-08-30,26.31,19599.0951,4557895.0
2019-09-03,26.4,19666.1388,2833794.0
2019-09-04,26.62,19830.0233,3061435.0
2019-09-05,26.59,19807.6754,3739856.0
2019-09-06,26.71,19897.0669,4290902.0
2019-09-09,26.88,20023.7049,3960564.0
2019-09-10,27.34,20366.3725,3101549.0
2019-09-11,27.99,20850.5767,3965287.0
2019-09-12,27.87,20761.1851,3343649.0
2019-09-13,27.41,20418.5176,4078568.0
2019-09-16,27.59,20552.6049,3182793.0
2019-09-17,27.83,20731.388,2051987.0
2019-09-18,27.82,20723.9387,3159878.0
2019-09-19,27.79,20701.5908,2277913.0
2019-09-20,27.64,20589.8514,4976719.0
2019-09-23,27.62,20574.9528,3082995.0
2019-09-24,27.55,20522.8077,3001050.0
2019-09-25,27.84,20738.8373,2593227.0
2019-09-26,27.9,20783.533,1755661.0
2019-09-27,27.79,20701.5908,2337759.0
2019-09-30,27.7,20634.5471,2468346.0
2019-10-01,27.25,20299.3288,2643571.0
2019-10-02,26.73,19911.9655,3589033.0
2019-10-03,26.94,20068.4007,2978808.0
2019-10-04,27.02,20127.9951,2900421.0
2019-10-07,27.01,20120.5458,2279630.0
2019-10-08,26.36,19636.3416,2821497.0
2019-10-09,26.62,19830.0233,2240220.0
2019-10-10,26.66,19859.8204,2487934.0
2019-10-11,27.13,20209.9373,3730022.0
2019-10-14,27.17,20239.7345,1647808.0
2019-10-15,27.23,20284.4303,2137547.0
2019-10-16,27.7,20634.5471,3647386.0
2019-10-17,28.02,20872.9246,3872767.0
2019-10-18,28.28,21066.6062,3495449.0
2019-10-21,28.73,21401.8245,2485380.0
2019-10-22,29.13,21699.7963,2812982.0
2019-10-23,29.51,21982.8695,3062619.0
2019-10-24,29.14,21707.2456,3817759.0
2019-10-25,29.06,21653.8382,4120153.0
2019-10-28,29.37,21884.8323,4851069.0
2019-10-29,29.66,22100.9236,3969481.0
2019-10-30,30.03,22376.6263,4294063.0
2019-10-31,29.21,21765.6096,3517789.0
2019-11-01,29.99,22346.8206,2820217.0
2019-11-04,30.2,22503.3005,3354865.0
2019-11-05,29.67,22108.3751,4402118.0
2019-11-06,29.54,22011.5066,3407341.0
2019-11-07,29.35,21869.9295,3621548.0
2019-11-08,29.63,22078.5694,2340718.0
2019-11-11,29.54,22011.5066,2019057.0
2019-11-12,29.14,21713.4496,2665250.0
2019-11-13,28.98,21594.2268,2344987.0
2019-11-14,29.33,21855.0267,2242076.0
2019-11-15,29.35,21869.9295,1991166.0
2019-11-18,29.62,22071.1179,2320311.0
2019-11-19,29.72,22145.6322,2537875.0
2019-11-20,29.51,21989.1523,2551251.0
2019-11-21,29.03,21631.4839,2741159.0
2019-11-22,28.99,21601.6782,2347483.0
2019-11-25,29.41,21914.638,3914146.0
2019-11-26,29.62,22071.1179,3943363.0
2019-11-27,29.75,22167.9865,2056949.0
2019-11-29,29.51,21989.1523,1870270.0
2019-12-02,29.21,21765.6096,3233717.0
2019-12-03,29.33,21855.0267,4375425.0
2019-12-04,29.6,22056.2151,3934224.0
2019-12-05,29.25,21795.4153,2878843.0
2019-12-06,29.51,21989.1523,3301513.0
2019-12-09,29.38,21892.2838,2648181.0
2019-12-10,29.0,21609.1297,4522449.0
2019-12-11,29.33,21855.0267,3316059.0
2019-12-12,29.55,22018.958,2510130.0
2019-12-13,29.64,22086.0208,3441193.0
2019-12-16,29.65,22093.4722,3538570.0
2019-12-17,29.66,22100.9236,3472439.0
2019-12-18,29.84,22235.0493,3556467.0
2019-12-19,30.01,22361.7235,3305008.0
2019-12-20,30.15,22466.0434,9383900.0
2019-12-23,30.14,22458.592,2724561.0
2019-12-24,29.85,22242.5007,750349.0
2019-12-26,29.99,22346.8206,1448283.0
2019-12-27,29.98,22339.3692,1807714.0
2019-12-30,29.93,22302.1121,2326992.0
2019-12-31,30.2,22503.3005,2412712.0
2020-01-02,29.39,21899.7352,4973493.0
2020-01-03,29.44,21936.9923,3110991.0
2020-01-06,29.38,21892.2838,2178588.0
2020-01-07,29.19,21750.7067,2426408.0
2020-01-08,29.3,21832.6724,2299876.0
2020-01-09,29.54,22011.5066,1670448.0
2020-01-10,29.57,22033.8608,3665447.0
2020-01-13,30.25,22540.5577,4283327.0
2020-01-14,30.64,22831.1632,3775962.0
2020-01-15,30.93,23047.2545,3274388.0
2020-01-16,31.3,23322.9572,2942093.0
2020-01-17,30.98,23084.5116,4762345.0
2020-01-21,30.8,22950.386,3563914.0
2020-01-22,30.49,22719.3918,2697071.0
2020-01-23,30.82,22965.2888,1873887.0
2020-01-24,30.53,22749.1975,2006478.0
2020-01-27,30.17,22480.9463,3170692.0
2020-01-28,30.39,22644.8776,3710948.0
2020-01-29,30.1,22428.7863,3477722.0
2020-01-30,30.07,22406.432,4079474.0
2020-01-31,28.95,21576.435,10558346.0
2020-02-03,28.22,21032.366,5626540.0
2020-02-04,28.18,21002.554,7236252.0
2020-02-05,28.92,21554.076,4503407.0
2020-02-06,28.65,21352.845,2437954.0
2020-02-07,28.58,21300.674,4101648.0
2020-02-10,28.65,21352.845,3033982.0
2020-02-11,28.9,21539.17,3373496.0
2020-02-12,29.75,22172.675,4710260.0
2020-02-13,30.25,22545.325,3577190.0
2020-02-14,30.66,22857.6125,2652590.0
2020-02-18,30.12,22455.0323,3064870.0
2020-02-19,30.37,22641.412,3349634.0
2020-02-20,30.87,23014.1715,3331680.0
2020-02-21,30.73,22909.7989,3151114.0
2020-02-24,29.76,22186.6454,3755570.0
2020-02-25,28.07,20926.7183,4618256.0
2020-02-26,27.4,20427.2206,4551884.0
2020-02-27,26.37,19659.336,6430685.0
2020-02-28,25.98,19368.5836,9547685.0
2020-03-02,27.44,20457.0414,6513380.0
2020-03-03,26.73,19927.7229,5143836.0
2020-03-04,28.35,21135.4637,5083949.0
2020-03-05,26.96,20099.1922,5387727.0
2020-03-06,26.6,19830.8054,6246075.0
2020-03-09,23.95,17855.1801,7142628.0
2020-03-10,24.43,18213.0292,5058492.0
2020-03-11,22.46,16744.3567,9037837.0
2020-03-12,18.66,13911.3845,9462560.0
2020-03-13,21.92,16341.7765,9280352.0
2020-03-16,16.95,12636.547,7892302.0
2020-03-17,18.95,14127.5851,6585980.0
2020-03-18,16.25,12114.6838,7446804.0
2020-03-19,16.14,12032.6767,8253625.0
2020-03-20,14.76,11003.8604,10024684.0
2020-03-23,13.47,10042.1409,9656303.0
2020-03-24,16.88,12584.3607,8684508.0
2020-03-25,17.72,13210.5967,7067089.0
2020-03-26,18.28,13628.0873,6600367.0
2020-03-27,17.2,12822.9268,5939334.0
2020-03-30,16.95,12636.547,6152182.0
2020-03-31,16.95,12636.547,10328579.0
2020-04-01,16.12,12017.7663,9540664.0
2020-04-02,15.84,11809.021,7303899.0
2020-04-03,15.34,11446.7994,6138199.0
2020-04-06,17.1,12760.1218,8641235.0
2020-04-07,17.29,12901.901,7054855.0
2020-04-08,19.46,14521.1679,6720282.0
2020-04-09,21.01,15677.7871,7417246.0
2020-04-13,20.1,14998.7397,4780427.0
2020-04-14,20.33,15170.3671,3967529.0
2020-04-15,19.12,14267.4579,4559641.0
2020-04-16,18.97,14155.527,3196258.0
2020-04-17,20.1,14998.7397,4786979.0
2020-04-20,19.18,14312.2302,4335410.0
2020-04-21,18.76,13998.8237,4913240.0
2020-04-22,19.02,14192.8373,4561208.0
2020-04-23,18.98,14162.989,4433831.0
2020-04-24,19.61,14633.0988,3279473.0
2020-04-27,20.66,15416.6151,3557578.0
2020-04-28,21.37,15946.4213,4365110.0
2020-04-29,22.36,16685.1652,4741414.0
2020-04-30,21.87,16319.5243,4169459.0
2020-05-01,17.97,13409.3218,12267486.0
2020-05-04,17.78,13267.5427,7994841.0
2020-05-05,17.52,13073.5291,7779968.0
2020-05-06,18.23,13603.3354,6631233.0
2020-05-07,18.63,13901.8178,6958224.0
2020-05-08,19.85,14812.1891,5764502.0
2020-05-11,19.35,14439.0861,4936316.0
2020-05-12,18.2,13580.9492,4733156.0
2020-05-13,17.05,12722.8123,8312315.0
2020-05-14,17.38,12969.0603,6867467.0
2020-05-15,17.33,12931.75,5329106.0
2020-05-18,19.17,14304.769,7346516.0
2020-05-19,18.52,13819.7351,5516096.0
2020-05-20,19.48,14536.0929,5274385.0
2020-05-21,19.45,14513.7067,3835010.0
2020-05-22,19.78,14759.9547,4152386.0
2020-05-26,21.1,15744.9466,8447653.0
2020-05-27,21.85,16304.6011,8324617.0
2020-05-28,21.44,15998.6566,5640014.0
2020-05-29,20.19,15065.8991,11299829.0
2020-06-01,21.05,15707.6363,5384482.0
2020-06-02,21.7,16192.6702,4757999.0
2020-06-03,22.12,16506.0767,4155505.0
2020-06-04,22.29,16632.9317,5030884.0
2020-06-05,23.42,17476.1445,5856393.0
2020-06-08,24.64,18386.5158,7837782.0
2020-06-09,23.75,17722.3925,5468271.0
2020-06-10,22.81,17020.9589,5035558.0
2020-06-11,20.67,15424.078,7939995.0
2020-06-12,21.76,16237.4426,5595038.0
2020-06-15,22.1,16491.1526,5687494.0
2020-06-16,23.03,17185.1242,6497198.0
2020-06-17,22.38,16700.0903,7383779.0
2020-06-18,22.41,16722.4765,6391042.0
2020-06-19,22.7,16938.8762,16738914.0
2020-06-22,22.52,16804.5591,7308900.0
2020-06-23,22.77,16991.1106,7201094.0
2020-06-24,21.75,16229.9805,6231089.0
2020-06-25,21.99,16409.0699,4290865.0
2020-06-26,21.49,16035.9669,6559621.0
2020-06-29,22.18,16550.8491,3251772.0
2020-06-30,22.46,16759.7868,4171174.0
2020-07-01,22.2,16565.7732,2807420.0
2020-07-02,22.24,16595.6214,4237502.0
2020-07-06,22.57,16841.8694,3782860.0
2020-07-07,22.2,16565.7732,4030022.0
2020-07-08,22.67,16916.49,4239605.0
2020-07-09,22.61,16871.7177,5045774.0
2020-07-10,23.69,17677.6201,8283078.0
2020-07-13,23.75,17722.3925,6245687.0
2020-07-14,24.46,18252.1988,5215775.0
2020-07-15,25.06,18699.9224,6422535.0
2020-07-16,25.14,18759.6188,4318115.0
2020-07-17,25.95,19364.0457,5519542.0
2020-07-20,25.63,19125.2598,3437118.0
2020-07-21,25.68,19162.5701,4942393.0
2020-07-22,26.11,19483.4387,4188326.0
2020-07-23,26.41,19707.3005,4513149.0
2020-07-24,26.11,19483.4387,5207002.0
2020-07-27,27.48,20505.7409,6734656.0
2020-07-28,27.25,20334.1135,5673988.0
2020-07-29,28.35,21154.9401,5825434.0
2020-07-30,28.4,21192.2504,6535692.0
2020-07-31,27.81,20753.6853,11492037.0
2020-08-03,28.0,20895.476,4839149.0
2020-08-04,27.83,20768.6106,6488205.0
2020-08-05,28.35,21156.6695,4134411.0
2020-08-06,28.01,20902.9387,3524434.0
2020-08-07,28.35,21156.6695,3187121.0
2020-08-10,28.81,21499.9523,6062522.0
2020-08-11,28.89,21559.6536,4798954.0
2020-08-12,29.2,21790.9964,2876722.0
2020-08-13,28.5,21268.6095,3021771.0
2020-08-14,28.36,21164.1321,3547749.0
2020-08-17,28.96,21611.8923,4833514.0
2020-08-18,28.88,21552.191,3022994.0
2020-08-19,28.97,21619.355,5322749.0
2020-08-20,29.0,21641.743,5168005.0
2020-08-21,28.82,21507.4149,4295516.0
2020-08-24,29.21,21798.4591,4933069.0
2020-08-25,29.15,21753.6831,4868233.0
2020-08-26,29.36,21910.3991,4157476.0
2020-08-27,30.16,22507.4127,6651465.0
2020-08-28,30.89,23052.1876,6167708.0
2020-08-31,30.31,22619.3528,5436878.0
2020-09-01,30.78,22970.0983,3424036.0
2020-09-02,30.78,22970.0983,7513170.0
2020-09-03,29.78,22223.8313,7682724.0
2020-09-04,29.04,21671.5937,5325647.0
2020-09-08,28.09,20962.64,5727632.0
2020-09-09,28.69,21410.4002,4624572.0
2020-09-10,28.55,21305.9229,4394639.0
2020-09-11,28.43,21216.3708,3521639.0
2020-09-14,28.93,21589.5043,3168850.0
2020-09-15,28.76,21462.6389,4344912.0
2020-09-16,28.93,21589.5043,4938917.0
2020-09-17,28.68,21402.9376,3870523.0
2020-09-18,27.73,20693.9839,6933914.0
2020-09-21,26.85,20037.269,5139132.0
2020-09-22,27.72,20686.5212,4635435.0
2020-09-23,26.85,20037.269,4088154.0
2020-09-24,26.98,20134.2837,3549017.0
2020-09-25,27.28,20358.1638,2876406.0
2020-09-28,28.31,21126.8188,3425448.0
2020-09-29,28.05,20932.7894,2999647.0
2020-09-30,28.52,21283.5348,5067956.0
2020-10-01,28.79,21485.0269,4168383.0
2020-10-02,29.11,21723.8324,4856387.0
2020-10-05,29.73,22186.5179,3270126.0
2020-10-06,28.99,21634.2803,4685966.0
2020-10-07,29.52,22029.8018,2986249.0
2020-10-08,30.26,22582.0394,3055803.0
2020-10-09,29.32,21880.5484,4259288.0
2020-10-12,29.7,22164.1299,2437862.0
2020-10-13,29.31,21873.0858,2486291.0
2020-10-14,29.26,21835.7724,2562561.0
2020-10-15,29.79,22231.2939,3238275.0
2020-10-16,29.53,22037.2645,2871865.0
2020-10-19,29.3,21865.6231,3596669.0
2020-10-20,30.11,22470.0994,4736599.0
2020-10-21,29.86,22283.5326,4301105.0
2020-10-22,29.11,21723.8324,4677259.0
2020-10-23,29.43,21962.6378,2703974.0
2020-10-26,28.45,21231.2962,4065333.0
2020-10-27,27.56,20567.1185,3098957.0
2020-10-28,27.43,20470.1038,5201405.0
2020-10-29,28.41,21201.4455,4253090.0
2020-10-30,27.29,20369.8837,6824277.0
2020-11-02,28.12,20989.4148,5033475.0
2020-11-03,28.39,21190.949,4439642.0
2020-11-04,28.48,21258.127,3221352.0
2020-11-05,28.8,21496.9824,3181165.0
2020-11-06,28.28,21108.8424,3129058.0
2020-11-09,28.14,21004.3432,7114191.0
2020-11-10,27.78,20735.6309,5834016.0
2020-11-11,28.39,21190.949,5141043.0
2020-11-12,27.75,20713.2383,4383688.0
2020-11-13,29.14,21750.7662,4065841.0
2020-11-16,29.36,21914.9793,2590501.0
2020-11-17,29.18,21780.6231,2881817.0
2020-11-18,28.78,21482.0539,2651878.0
2020-11-19,29.02,21661.1955,2638302.0
2020-11-20,28.75,21459.6613,4618270.0
2020-11-23,29.11,21728.3735,3498730.0
2020-11-24,29.24,21825.4085,3613220.0
2020-11-25,29.13,21743.302,2729024.0
2020-11-27,28.71,21429.8043,1440706.0
2020-11-30,29.04,21676.1239,6034708.0
2020-12-01,29.27,21847.8012,3523387.0
2020-12-02,28.89,21564.1605,2554039.0
2020-12-03,29.49,22012.0143,5563608.0
2020-12-04,30.72,22930.1146,7325885.0
2020-12-07,30.23,22564.3673,3579566.0
2020-12-08,30.8,22989.8284,4664899.0
2020-12-09,31.71,23669.0733,7236242.0
2020-12-10,31.75,23698.9303,5125549.0
2020-12-11,32.0,23885.536,4051446.0
2020-12-14,32.36,24154.2483,4789981.0
2020-12-15,33.56,25049.9559,5407883.0
2020-12-16,33.9,25303.7397,4375729.0
2020-12-17,34.46,25721.7366,5326566.0
2020-12-18,33.74,25184.312,7757013.0
2020-12-21,33.33,24878.2786,3345273.0
2020-12-22,33.35,24893.2071,2312628.0
2020-12-23,33.61,25087.277,4237836.0
2020-12-24,33.85,25266.4186,1135353.0
2020-12-28,33.71,25161.9193,2541694.0
2020-12-29,33.33,24878.2786,1988062.0
2020-12-30,33.65,25117.134,2128928.0
2020-12-31,33.53,25027.5632,2633355.0
2021-01-04,32.81,24490.1386,4859063.0
2021-01-05,33.12,24721.5298,3908983.0
2021-01-06,33.29,24848.4217,5602271.0
2021-01-07,33.61,25087.277,3984726.0
2021-01-08,33.38,24915.5997,4376023.0
2021-01-11,33.1,24706.6013,4554059.0
2021-01-12,32.71,24415.4963,3958250.0
2021-01-13,32.16,24004.9637,4096610.0
2021-01-14,32.67,24385.6394,3286866.0
2021-01-15,32.52,24273.676,2512118.0
2021-01-19,32.7,24408.0321,2997687.0
2021-01-20,33.54,25035.0274,3678068.0
2021-01-21,33.34,24885.7428,5861817.0
2021-01-22,33.21,24788.7078,6098821.0
2021-01-25,33.5,25005.1705,5690078.0
2021-01-26,33.14,24736.4582,4191544.0
2021-01-27,32.2,24034.8206,5528094.0
2021-01-28,33.02,24646.8875,4746376.0
2021-01-29,31.19,23310.9382,7554966.0
2021-02-01,32.04,23946.2154,5694956.0
2021-02-02,32.45,24252.6433,4107344.0
2021-02-03,33.99,25403.6162,8832640.0
2021-02-04,33.96,25381.1946,4843300.0
2021-02-05,34.4,25710.044,3895213.0
2021-02-08,35.16,26278.0566,4473250.0
2021-02-09,34.57,25837.0995,3781218.0
2021-02-10,34.4,25710.044,3067829.0
2021-02-11,34.25,25597.9363,3182670.0
2021-02-12,35.04,26188.3704,4860697.0
2021-02-16,34.89,26076.2627,4276497.0
2021-02-17,34.16,25530.6716,3181904.0
2021-02-18,33.81,25269.0869,3435630.0
2021-02-19,34.99,26164.4023,4216614.0
2021-02-22,35.48,26530.8086,5158935.0
2021-02-23,35.03,26194.313,4866570.0
2021-02-24,35.9,26844.8712,5052308.0
2021-02-25,34.42,25738.1746,6591736.0
2021-02-26,33.87,25326.9022,6625801.0
2021-03-01,35.06,26216.7461,4833404.0
2021-03-02,33.79,25267.0807,5818897.0
2021-03-03,33.53,25072.661,5190811.0
2021-03-04,32.81,24534.2681,6434796.0
2021-03-05,33.76,25244.6477,6674004.0
2021-03-08,34.04,25454.0227,3715251.0
2021-03-09,34.39,25715.7415,4032166.0
2021-03-10,35.54,26575.6747,3655688.0
2021-03-11,35.67,26672.8846,3805935.0
2021-03-12,35.91,26852.3489,4776793.0
2021-03-15,36.09,26986.9471,3649401.0
2021-03-16,35.63,26642.9738,3760147.0
2021-03-17,36.15,27031.8132,4903908.0
2021-03-18,34.47,25775.563,3895869.0
2021-03-19,33.88,25334.3798,7337885.0
2021-03-22,34.29,25640.9647,3708518.0
2021-03-23,33.56,25095.0941,3242944.0
2021-03-24,33.81,25282.0361,3524841.0
2021-03-25,34.79,26014.8487,3848281.0
2021-03-26,35.44,26500.8979,3943729.0
2021-03-29,35.21,26328.9113,2817159.0
2021-03-30,35.45,26508.3756,2318046.0
2021-03-31,35.6,26620.5408,4275477.0
2021-04-01,36.84,27583.7774,3794001.0
2021-04-05,36.74,27508.9029,5538468.0
2021-04-06,37.14,27808.401,4729354.0
2021-04-07,36.83,27576.29,4567235.0
2021-04-08,37.03,27726.0391,2698003.0
2021-04-09,37.54,28107.8992,3448104.0
2021-04-12,37.31,27935.6877,4097470.0
2021-04-13,37.42,28018.0497,4003661.0
2021-04-14,38.02,28467.2969,4457697.0
2021-04-15,38.51,28834.1821,3442483.0
2021-04-16,39.32,29440.6658,3904440.0
2021-04-19,38.88,29111.2179,4544665.0
2021-04-20,38.38,28736.8452,4391081.0
2021-04-21,38.2,28602.0711,4629839.0
2021-04-22,37.83,28325.0353,5159129.0
2021-04-23,38.2,28602.0711,4895887.0
2021-04-26,38.84,29081.2681,6518071.0
2021-04-27,39.38,29485.5905,5912075.0
2021-04-28,39.77,29777.6012,6460716.0
2021-04-29,39.64,29680.2643,5712024.0
2021-04-30,38.77,29047.0656,11960748.0
2021-05-03,39.37,29496.5946,6368381.0
2021-05-04,39.19,29361.7359,5760344.0
2021-05-05,38.56,28889.7304,6584858.0
2021-05-06,39.22,29384.2123,5737157.0
2021-05-07,40.0,29968.6,5523951.0
2021-05-10,40.79,30560.4799,6567088.0
2021-05-11,39.64,29698.8826,6147161.0
2021-05-12,37.62,28185.4683,6169623.0
2021-05-13,38.12,28560.0758,4582553.0
2021-05-14,38.31,28702.4267,4172837.0
2021-05-17,38.07,28522.6151,4449780.0
2021-05-18,37.32,27960.7038,7535651.0
2021-05-19,37.28,27930.7352,12024806.0
2021-05-20,37.12,27810.8608,5639269.0
2021-05-21,37.04,27750.9236,4788124.0
2021-05-24,37.15,27833.3373,3079295.0
2021-05-25,37.26,27915.7509,4092870.0
2021-05-26,37.93,28417.725,6129198.0
2021-05-27,38.32,28709.9188,9088144.0
2021-05-28,37.96,28440.2014,4410910.0
2021-06-01,38.64,28949.6676,4566270.0
2021-06-02,37.76,28290.3584,5697015.0
2021-06-03,36.29,27189.0124,6950675.0
2021-06-04,36.01,26979.2322,7619464.0
2021-06-07,35.7,26746.9755,6607726.0
2021-06-08,35.57,26649.5776,7523992.0
2021-06-09,36.03,26994.2165,5570982.0
2021-06-10,35.0,26222.525,6748311.0
2021-06-11,35.32,26462.2738,5731921.0
2021-06-14,34.53,25870.394,7715984.0
2021-06-15,34.67,25975.2841,5368759.0
2021-06-16,34.38,25758.0117,5193990.0
2021-06-17,34.04,25503.2786,5566108.0
2021-06-18,33.41,25031.2731,8558109.0
2021-06-21,34.26,25668.1059,4646266.0
2021-06-22,34.13,25570.708,4008009.0
2021-06-23,33.92,25413.3728,3934742.0
2021-06-24,34.23,25645.6295,4985126.0
2021-06-25,34.29,25690.5824,5038516.0
2021-06-28,34.0,25473.31,4496180.0
2021-06-29,34.14,25578.2001,2884977.0
2021-06-30,34.42,25787.9803,4822096.0
2021-07-01,34.33,25720.551,3764071.0
2021-07-02,34.31,25705.5667,3790897.0
2021-07-06,33.97,25450.8336,7477829.0
2021-07-07,34.84,26102.6506,6738052.0
2021-07-08,35.04,26252.4936,7197264.0
2021-07-09,35.82,26836.8813,5387243.0
2021-07-12,35.65,26709.5147,2522692.0
2021-07-13,34.61,25930.3312,4209149.0
2021-07-14,34.7,25997.7605,5126537.0
2021-07-15,34.63,25945.3155,3671289.0
2021-07-16,34.02,25488.2943,4637728.0
2021-07-19,32.95,24686.6343,5627478.0
2021-07-20,33.65,25211.0848,4337784.0
2021-07-21,34.08,25533.2472,3807583.0
2021-07-22,34.17,25600.6766,3486499.0
2021-07-23,34.58,25907.8547,2945168.0
2021-07-26,34.66,25967.7919,2687883.0
2021-07-27,34.85,26110.1428,3337522.0
2021-07-28,34.37,25750.5196,3889957.0
2021-07-29,34.83,26095.1585,4149669.0
2021-07-30,33.73,25271.0219,6043035.0
2021-08-02,34.22,25657.6085,4163089.0
2021-08-03,34.54,25897.5394,3059310.0
2021-08-04,34.04,25522.6474,3075251.0
2021-08-05,34.48,25852.5523,3359043.0
2021-08-06,34.55,25905.0372,2971728.0
2021-08-09,34.13,25590.1279,3832915.0
2021-08-10,34.61,25950.0242,2905720.0
2021-08-11,35.33,26489.8687,3051028.0
2021-08-12,35.02,26257.4357,2644850.0
2021-08-13,34.82,26107.4789,2444538.0
2021-08-16,34.68,26002.5091,2268218.0
2021-08-17,33.88,25402.6819,2333256.0
2021-08-18,33.8,25342.6992,2603864.0
2021-08-19,33.91,25425.1754,3637179.0
2021-08-20,34.16,25612.6214,2093569.0
2021-08-23,34.53,25890.0415,2260318.0
2021-08-24,34.86,26137.4702,2572744.0
2021-08-25,35.26,26437.3838,2633189.0
2021-08-26,35.2,26392.3968,2572622.0
2021-08-27,35.95,26954.7348,2843998.0
2021-08-30,36.27,27194.6657,2976951.0
2021-08-31,36.0,26992.224,4343986.0
2021-09-01,36.32,27232.1549,3818054.0
2021-09-02,36.58,27427.0987,3076579.0
2021-09-03,36.64,27472.0858,3476066.0
2021-09-07,36.13,27089.6959,4026011.0
2021-09-08,35.35,26504.8644,4536291.0
2021-09-09,34.87,26144.9681,3371799.0
2021-09-10,34.71,26025.0026,2488761.0
2021-09-13,34.55,25905.0372,2525484.0
2021-09-14,34.09,25560.1366,2673500.0
2021-09-15,35.04,26272.4314,3958645.0
2021-09-16,35.69,26759.791,4522761.0
2021-09-17,36.17,27119.6873,7344656.0
2021-09-20,35.74,26797.2802,5547803.0
2021-09-21,35.26,26437.3838,3914057.0
2021-09-22,36.41,27299.6354,4624216.0
2021-09-23,37.26,27936.9518,5446595.0
2021-09-24,37.19,27884.467,4212819.0
2021-09-27,37.1,27816.9864,3261390.0
2021-09-28,36.55,27404.6052,3271141.0
2021-09-29,36.58,27427.0987,2968700.0
2021-09-30,35.57,26669.8169,3863905.0
2021-10-01,35.77,26819.7737,3986495.0
2021-10-04,35.72,26782.2845,3566337.0
2021-10-05,35.73,26789.7823,4073388.0
2021-10-06,35.82,26857.2629,3880756.0
2021-10-07,35.98,26977.2283,3428694.0
2021-10-08,36.26,27187.1678,2795573.0
2021-10-11,37.26,27936.9518,3777848.0
2021-10-12,37.43,28064.4151,4909315.0
2021-10-13,37.4,28041.9216,3835201.0
2021-10-14,37.55,28154.3892,3713081.0
2021-10-15,37.24,27921.9562,3111524.0
2021-10-18,36.97,27719.5145,2642717.0
2021-10-19,36.77,27569.5577,3827894.0
2021-10-20,37.31,27974.441,3398833.0
2021-10-21,36.79,27584.5534,3189381.0
2021-10-22,37.14,27846.9778,4425610.0
2021-10-25,37.73,28289.3503,4265051.0
2021-10-26,36.76,27562.0598,3706463.0
2021-10-27,35.71,26774.7866,3417106.0
2021-10-28,36.4,27292.1376,3725146.0
2021-10-29,35.72,26755.8874,5545923.0
2021-11-01,36.98,27699.6841,4824596.0
2021-11-02,36.15,27077.9768,4195210.0
2021-11-03,38.27,28665.9522,7540978.0
2021-11-04,38.14,28568.5763,3442481.0
2021-11-05,38.33,28710.8948,2885061.0
2021-11-08,37.73,28261.4679,2679348.0
2021-11-09,37.55,28126.6397,1932429.0
2021-11-10,36.89,27632.2701,2701215.0
2021-11-11,36.81,27572.3465,2799369.0
2021-11-12,36.93,27662.2318,1921688.0
2021-11-15,37.41,28021.7734,4492606.0
2021-11-16,38.36,28733.3662,5596056.0
2021-11-17,38.52,28853.2134,4610124.0
2021-11-18,37.94,28418.7673,2917411.0
2021-11-19,38.04,28493.6718,3152501.0
2021-11-22,38.85,29100.3983,3663732.0
2021-11-23,38.54,28868.1943,2310786.0
2021-11-24,38.98,29197.7741,2177244.0
2021-11-26,38.42,28778.3089,2211160.0
2021-11-29,38.75,29025.4938,3106987.0
2021-11-30,37.61,28171.5825,7484129.0
2021-12-01,37.64,28194.0538,3408470.0
2021-12-02,38.51,28845.7229,3606919.0
2021-12-03,38.33,28710.8948,2739988.0
2021-12-06,38.46,28808.2707,3338211.0
2021-12-07,39.35,29474.9208,3166347.0
2021-12-08,39.48,29572.2966,2448309.0
2021-12-09,39.75,29774.5388,3034846.0
2021-12-10,40.02,29976.7809,3357311.0
2021-12-13,40.05,29999.2523,2895882.0
2021-12-14,38.89,29130.3601,5294901.0
2021-12-15,39.47,29564.8061,4276170.0
2021-12-16,39.63,29684.6534,3006190.0
2021-12-17,39.64,29692.1438,8959864.0
2021-12-20,38.13,28561.0859,5040783.0
2021-12-21,38.46,28808.2707,4244911.0
2021-12-22,38.83,29085.4173,2244704.0
2021-12-23,38.64,28943.0988,2298063.0
2021-12-27,39.66,29707.1247,2282640.0
2021-12-28,39.86,29856.9337,1783311.0
2021-12-29,40.68,30471.1506,2193815.0
2021-12-30,40.97,30688.3737,2131800.0
2021-12-31,41.18,30845.6731,1882695.0
2022-01-03,40.57,30388.7557,3831124.0
2022-01-04,41.09,30778.2591,3089766.0
2022-01-05,40.07,30014.2332,3737606.0
2022-01-06,40.39,30253.9276,3315205.0
2022-01-07,40.34,30216.4753,3309914.0
2022-01-10,40.15,30074.1568,3137381.0
2022-01-11,40.73,30508.6028,3959982.0
2022-01-12,41.05,30748.2972,3371585.0
2022-01-13,41.66,31205.2147,3151955.0
2022-01-14,40.98,30695.8641,2977635.0
2022-01-18,39.28,29422.4876,4261828.0
2022-01-19,39.18,29347.5831,3046146.0
2022-01-20,38.29,28680.933,3041293.0
2022-01-21,38.01,28471.2004,3763057.0
2022-01-24,38.85,29100.3983,5037275.0
2022-01-25,38.47,28815.7612,4768932.0
2022-01-26,38.08,28523.6336,3729242.0
2022-01-27,37.89,28381.3151,5786762.0
2022-01-28,39.65,29630.4847,4792775.0
2022-01-31,40.43,30213.3794,4484495.0
2022-02-01,40.63,30362.8396,4026123.0
2022-02-02,41.47,30990.5725,4618571.0
2022-02-03,41.32,30878.4773,3699062.0
2022-02-04,40.49,30258.2175,3244058.0
2022-02-07,40.98,30624.395,3062000.0
2022-02-08,41.79,31229.7088,3893187.0
2022-02-09,42.57,31812.6036,4036695.0
2022-02-10,41.82,31252.1278,3797610.0
2022-02-11,41.56,31057.8296,4442611.0
2022-02-14,40.91,30572.0839,4047410.0
2022-02-15,41.83,31259.6008,4829492.0
2022-02-16,41.86,31282.0199,5075429.0
2022-02-17,39.17,29271.7802,5113752.0
2022-02-18,39.18,29241.2486,4298973.0
2022-02-22,38.48,28718.8169,5509897.0
2022-02-23,37.28,27823.2197,5515809.0
2022-02-24,38.23,28532.2341,5911143.0
2022-02-25,39.2,29256.1752,4572457.0
2022-02-28,38.88,29017.3493,6973463.0
2022-03-01,38.62,28823.3032,4277334.0
2022-03-02,39.49,29472.6112,4062338.0
2022-03-03,39.17,29233.7853,3412529.0
2022-03-04,39.3,29330.8083,3556940.0
2022-03-07,38.47,28711.3536,5827677.0
2022-03-08,38.52,28748.6701,5764071.0
2022-03-09,38.99,29099.4457,5246434.0
2022-03-10,40.1,29927.8731,9253886.0
2022-03-11,39.62,29569.6342,4381227.0
2022-03-14,38.77,28935.2529,4369947.0
2022-03-15,39.47,29457.6846,6602578.0
2022-03-16,39.27,29308.4184,5060363.0
2022-03-17,39.51,29487.5378,5132647.0
2022-03-18,39.99,29845.7767,8330130.0
2022-03-21,39.19,29248.7119,3455840.0
2022-03-22,38.2,28509.8442,5786505.0
2022-03-23,38.15,28472.5277,5788253.0
2022-03-24,38.07,28412.8212,4752700.0
2022-03-25,38.6,28808.3766,4203788.0
2022-03-28,38.54,28763.5967,2865245.0
2022-03-29,39.02,29121.8356,4868026.0
2022-03-30,38.54,28763.5967,3171832.0
2022-03-31,37.9,28314.1482,4621381.0
2022-04-01,38.02,28403.7972,4698785.0
2022-04-04,38.78,28971.5744,3722950.0
2022-04-05,37.85,28276.7945,2985137.0
2022-04-06,37.49,28007.8474,3246078.0
2022-04-07,37.9,28314.1482,3800796.0
2022-04-08,38.68,28896.8668,2716235.0
2022-04-11,39.02,29150.8724,3780052.0
2022-04-12,39.58,29569.2345,3150575.0
2022-04-13,40.06,29927.8305,3740592.0
2022-04-14,39.9,29808.2985,3334187.0
2022-04-18,39.82,29748.5325,3581362.0
2022-04-19,41.43,30951.3235,6888273.0
2022-04-20,42.13,31474.2761,4632653.0
2022-04-21,41.73,31175.4461,4517781.0
2022-04-22,41.52,31018.5603,3652692.0
2022-04-25,41.62,31093.2678,3581249.0
2022-04-26,40.87,30532.9614,3540948.0
2022-04-27,40.86,30525.4907,3395788.0
2022-04-28,41.9,31302.4488,3302275.0
2022-04-29,41.22,30794.4377,5118146.0
2022-05-02,40.05,29817.1449,5558915.0
2022-05-03,41.17,30650.9827,4632937.0
2022-05-04,42.22,31432.7056,4523603.0
2022-05-05,40.65,30263.8437,4239487.0
2022-05-06,40.14,29884.1497,3757707.0
2022-05-09,39.22,29199.2116,4097966.0
2022-05-10,38.72,28826.9626,4482766.0
2022-05-11,37.79,28134.5794,4575859.0
2022-05-12,38.22,28454.7136,4802654.0
2022-05-13,38.71,28819.5176,3491632.0
2022-05-16,38.18,28424.9336,4031139.0
2022-05-17,39.38,29318.3312,3098610.0
2022-05-18,37.92,28231.3642,3934958.0
2022-05-19,37.86,28186.6943,3988358.0
2022-05-20,37.63,28015.4597,5940542.0
2022-05-23,38.23,28462.1585,5436090.0
2022-05-24,37.55,27955.8999,5765863.0
2022-05-25,38.49,28655.728,5112317.0
2022-05-26,38.94,28990.7521,3980872.0
2022-05-27,40.34,30033.0493,3788452.0
2022-05-31,39.52,29422.561,13253066.0
2022-06-01,38.71,28819.5176,4480181.0
2022-06-02,38.72,28826.9626,5707080.0
2022-06-03,38.34,28544.0533,3596964.0
2022-06-06,38.94,28990.7521,4305650.0
2022-06-07,39.08,29094.9818,3090552.0
2022-06-08,38.37,28566.3883,3939176.0
2022-06-09,37.84,28171.8043,4963851.0
2022-06-10,35.83,26675.3633,6654425.0
2022-06-13,34.27,25513.9465,6324516.0
2022-06-14,34.42,25625.6212,4718232.0
2022-06-15,34.51,25692.626,6357506.0
2022-06-16,32.77,24397.1995,5592895.0
2022-06-17,32.99,24560.989,10721690.0
2022-06-21,33.44,24896.0131,4117106.0
2022-06-22,33.26,24762.0035,3753515.0
2022-06-23,33.29,24784.3384,3637170.0
2022-06-24,34.33,25558.6163,5556127.0
2022-06-27,33.89,25231.0372,3881835.0
2022-06-28,33.39,24858.7882,3552699.0
2022-06-29,33.04,24598.2139,3380022.0
2022-06-30,33.12,24657.7738,4702578.0
2022-07-01,33.98,25298.042,4273883.0
2022-07-05,34.2,25461.8316,3947258.0
2022-07-06,33.93,25260.8171,3672585.0
2022-07-07,34.48,25670.291,3176792.0
2022-07-08,35.01,26064.875,3459444.0
2022-07-11,34.68,25819.1906,3094457.0
2022-07-12,34.61,25767.0758,4908131.0
2022-07-13,34.82,25923.4204,3846115.0
2022-07-14,34.36,25580.9513,5043368.0
2022-07-15,34.78,25893.6404,15032262.0
2022-07-18,34.32,25551.1714,3920277.0
2022-07-19,35.16,26176.5497,6325892.0
2022-07-20,35.19,26198.8846,3673679.0
2022-07-21,35.5,26429.679,3492589.0
2022-07-22,35.51,26437.124,3389229.0
2022-07-25,35.46,26399.8991,4514807.0
2022-07-26,35.09,26124.4348,3580933.0
2022-07-27,35.76,26623.2485,3265456.0
2022-07-28,36.37,27077.3923,3787062.0
2022-07-29,36.32,27040.1674,3457453.0
2022-08-01,36.9,27317.6235,3383404.0
2022-08-02,35.87,26555.0991,3388722.0
2022-08-03,35.53,26303.392,3168935.0
2022-08-04,35.19,26051.6849,2488274.0
2022-08-05,35.12,25999.8628,2794162.0
2022-08-08,35.6,26355.214,2458641.0
2022-08-09,35.23,26081.2974,2829540.0
2022-08-10,36.08,26710.5652,2560032.0
2022-08-11,36.43,26969.6755,2393298.0
2022-08-12,36.89,27310.2204,1697288.0
2022-08-15,36.95,27354.6393,2438815.0
2022-08-16,37.09,27458.2834,3939776.0
2022-08-17,36.58,27080.7227,2744714.0
2022-08-18,36.7,27169.5605,1636851.0
2022-08-19,36.2,26799.403,2174417.0
2022-08-22,35.34,26162.7321,2704886.0
2022-08-23,35.51,26288.5857,1926099.0
2022-08-24,36.01,26658.7432,3408700.0
2022-08-25,36.62,27110.3353,1920359.0
2022-08-26,35.38,26192.3447,2757594.0
2022-08-29,34.83,25785.1715,2687697.0
2022-08-30,33.99,25163.3069,2973101.0
2022-08-31,34.16,25289.1604,5469466.0
2022-09-01,34.04,25200.3226,2475281.0
2022-09-02,33.87,25074.4691,3314673.0
2022-09-06,33.56,24844.9714,2706429.0
2022-09-07,33.89,25089.2754,2681984.0
2022-09-08,33.93,25118.888,2443984.0
2022-09-09,34.62,25629.7053,3436542.0
2022-09-12,34.56,25585.2864,3352870.0
2022-09-13,32.36,23956.5934,4328291.0
2022-09-14,31.68,23453.1792,7029054.0
2022-09-15,31.33,23194.069,3937448.0
2022-09-16,30.73,22749.88,8699119.0
2022-09-19,31.71,23475.3887,5589498.0
2022-09-20,29.82,22076.1933,6651551.0
2022-09-21,29.96,22179.8374,5310073.0
2022-09-22,29.41,21772.6642,3691754.0
2022-09-23,28.99,21461.7319,4610317.0
2022-09-26,28.2,20876.883,4459642.0
2022-09-27,27.81,20588.1602,4542505.0
2022-09-28,28.19,20869.4799,5882499.0
2022-09-29,27.75,20543.7413,6553342.0
2022-09-30,28.56,21143.3964,7755273.0
2022-10-03,29.37,21743.0516,6056837.0
2022-10-04,29.89,22128.0154,4242799.0
2022-10-05,29.81,22068.7902,4560020.0
2022-10-06,29.17,21594.9886,4245075.0
2022-10-07,28.66,21217.4279,3935307.0
2022-10-10,28.87,21372.8941,3720454.0
2022-10-11,29.46,21809.6799,6531771.0
2022-10-12,29.39,21757.8579,3265665.0
2022-10-13,29.8,22061.387,4317570.0
2022-10-14,29.0,21469.135,4346998.0
2022-10-17,29.76,22031.7744,5045917.0
2022-10-18,29.85,22098.4028,4548978.0
2022-10-19,29.05,21506.1508,4219899.0
2022-10-20,28.94,21424.7161,3969001.0
2022-10-21,29.96,22179.8374,5677583.0
2022-10-24,30.06,22253.8689,3499454.0
2022-10-25,30.91,22883.1367,5408872.0
2022-10-26,30.96,22920.1524,4010763.0
2022-10-27,31.01,22957.1682,4136035.0
2022-10-28,31.1,22887.0187,4569917.0
2022-10-31,30.93,22761.9128,5608782.0
2022-11-01,30.39,22364.5176,3363701.0
2022-11-02,29.66,21827.2982,4571413.0
2022-11-03,29.39,21628.6006,2870355.0
2022-11-04,30.28,22283.5668,2929327.0
2022-11-07,30.96,22783.9903,2572305.0
2022-11-08,31.02,22828.1453,2908259.0
2022-11-09,30.06,22121.665,2877173.0
2022-11-10,32.86,24182.2326,4965691.0
2022-11-11,33.09,24351.4935,2868806.0
2022-11-14,32.34,23799.5558,2806120.0
2022-11-15,32.74,24093.9226,4174759.0
2022-11-16,32.07,23600.8582,2643975.0
2022-11-17,32.02,23564.0623,1892833.0
2022-11-18,32.27,23748.0416,2252804.0
2022-11-21,32.02,23564.0623,3973405.0
2022-11-22,32.31,23777.4783,3099556.0
2022-11-23,32.15,23659.7316,1632623.0
2022-11-25,32.31,23777.4783,1130264.0
2022-11-28,31.21,22967.9696,2711930.0
2022-11-29,31.76,23372.7239,2987219.0
2022-11-30,32.71,24071.8451,7353860.0
2022-12-01,32.28,23755.4008,4201856.0
2022-12-02,32.42,23858.4291,2565506.0
2022-12-05,31.52,23196.1038,4564912.0
2022-12-06,31.02,22828.1453,3435616.0
2022-12-07,31.69,23321.2097,3515988.0
2022-12-08,31.67,23306.4914,2741005.0
2022-12-09,31.48,23166.6672,2121747.0
2022-12-12,32.32,23784.8374,4454763.0
2022-12-13,32.89,24204.3101,4304609.0
2022-12-14,32.67,24042.4084,4734577.0
2022-12-15,31.76,23372.7239,3745447.0
2022-12-16,31.3,23034.2021,7854138.0
2022-12-19,30.83,22688.3211,3044709.0
2022-12-20,30.91,22747.1945,2774075.0
2022-12-21,31.11,22894.3779,2675330.0
2022-12-22,31.05,22850.2229,2626946.0
2022-12-23,31.49,23174.0263,1932785.0
2022-12-27,31.47,23159.308,2265997.0
2022-12-28,30.63,22541.1377,2244117.0
2022-12-29,31.32,23048.9204,1846148.0
2022-12-30,31.0,22813.427,3166563.0
2023-01-03,30.86,22710.3986,2939061.0
2023-01-04,31.23,22982.6879,3287727.0
2023-01-05,30.3,22298.2851,2976238.0
2023-01-06,31.61,23262.3364,2890582.0
2023-01-09,31.42,23122.5121,2511089.0
2023-01-10,30.86,22710.3986,3696023.0
2023-01-11,31.94,23505.189,4749471.0
2023-01-12,32.13,23645.0132,4633640.0
2023-01-13,31.82,23416.8789,3802832.0
2023-01-17,31.71,23335.9281,3636684.0
2023-01-18,31.33,23056.2796,5071752.0
2023-01-19,31.1,22887.0187,3673433.0
2023-01-20,32.03,23571.4215,18341419.0
2023-01-23,32.36,23814.2741,5049823.0
2023-01-24,32.2,23696.5274,3078388.0
2023-01-25,32.75,24101.2818,4994864.0
2023-01-26,33.65,24763.6071,5520462.0
2023-01-27,34.32,25149.4901,5075649.0
2023-01-30,33.8,24768.4372,5741458.0
2023-01-31,34.43,25230.0974,4210711.0
2023-02-01,35.01,25655.1179,5206213.0
2023-02-02,35.71,26168.0737,4560537.0
2023-02-03,35.27,25845.6444,3786836.0
2023-02-06,34.25,25098.1945,5842304.0
2023-02-07,34.31,25142.1621,4252732.0
2023-02-08,34.04,24944.3078,5360084.0
2023-02-09,33.81,24775.7651,3438929.0
2023-02-10,33.64,24651.1902,3950012.0
2023-02-13,34.2,25061.5548,4402252.0
2023-02-14,32.77,24013.6594,3675158.0
2023-02-15,32.85,24072.2829,3034612.0
2023-02-16,32.44,23771.8374,3390342.0
2023-02-17,32.2,23581.5734,4072136.0
2023-02-21,30.77,22534.3172,4310229.0
2023-02-22,30.84,22585.5815,3091383.0
2023-02-23,31.06,22746.6978,2995291.0
2023-02-24,30.87,22607.5519,2921304.0
2023-02-27,30.9,22629.5223,3244844.0
2023-02-28,31.25,22885.8438,7348585.0
2023-03-01,31.68,23200.753,4393134.0
2023-03-02,31.35,22959.0785,3974139.0
2023-03-03,31.66,23186.106,3069544.0
2023-03-06,31.03,22724.7274,3290180.0
2023-03-07,29.99,21963.0865,4457354.0
2023-03-08,30.77,22534.3172,3584709.0
2023-03-09,30.43,22285.3192,2968697.0
2023-03-10,29.86,21867.8814,3190904.0
2023-03-13,30.16,22087.5855,4558857.0
2023-03-14,29.99,21963.0865,4518375.0
2023-03-15,29.59,21670.1477,4446632.0
2023-03-16,29.76,21794.6467,4336512.0
2023-03-17,29.21,21391.8559,9390335.0
2023-03-20,29.84,21853.2345,4656393.0
2023-03-21,29.84,21853.2345,3997800.0
2023-03-22,28.81,21098.9171,3818521.0
2023-03-23,28.3,20725.4201,3861603.0
2023-03-24,28.54,20901.1834,3625399.0
2023-03-27,28.7,21018.3589,3347634.0
2023-03-28,28.42,20813.3017,2817752.0
2023-03-29,29.07,21289.3273,3482637.0
2023-03-30,29.25,21437.0904,3831831.0
2023-03-31,30.13,22082.0354,6330228.0
2023-04-03,30.0,21986.7594,3240233.0
2023-04-04,29.95,21950.1148,2934660.0
2023-04-05,29.58,21678.9448,4757911.0
2023-04-06,29.85,21876.8256,2918732.0
2023-04-10,30.43,22301.903,3823415.0
2023-04-11,30.87,22624.3754,3239587.0
2023-04-12,30.58,22411.8367,3800394.0
2023-04-13,31.18,22851.5719,3277726.0
2023-04-14,31.08,22778.2827,3805609.0
2023-04-17,31.52,23100.7552,3375561.0
2023-04-18,31.42,23027.466,2593161.0
2023-04-19,31.47,23064.1106,2623658.0
2023-04-20,31.15,22829.5852,3042693.0
2023-04-21,31.03,22741.6381,2384980.0
2023-04-24,30.6,22426.4946,2993205.0
2023-04-25,29.89,21906.1413,4108741.0
2023-04-26,29.19,21393.1169,4003386.0
2023-04-27,29.39,21539.6953,4670396.0
2023-04-28,29.91,21909.2844,5863301.0
2023-05-01,29.75,21785.806,5107762.0
2023-05-02,29.06,21280.5218,5264676.0
2023-05-03,29.28,21441.6269,7747324.0
2023-05-04,29.01,21243.907,3873678.0
2023-05-05,29.67,21727.2223,3053255.0
2023-05-08,29.75,21785.806,3942913.0
2023-05-09,29.96,21939.5882,5347415.0
2023-05-10,30.1,22042.1096,4935700.0
2023-05-11,29.75,21785.806,3331892.0
2023-05-12,29.83,21844.3897,2913271.0
2023-05-15,30.08,22027.4637,2415790.0
2023-05-16,29.31,21463.5958,4424299.0
2023-05-17,29.48,21588.0861,4708186.0
2023-05-18,29.52,21617.3779,4607238.0
2023-05-19,29.59,21668.6386,3875511.0
2023-05-22,29.31,21463.5958,2853552.0
2023-05-23,29.19,21375.7202,3019884.0
2023-05-24,28.59,20936.3426,4156436.0
2023-05-25,28.44,20826.4982,3267585.0
2023-05-26,28.25,20687.362,3347919.0
2023-05-30,28.58,20929.0197,3501307.0
2023-05-31,28.66,20987.6034,9794468.0
2023-06-01,28.54,20899.7278,3718962.0
2023-06-02,28.83,21112.0937,5367894.0
2023-06-05,28.36,20767.9146,3122657.0
2023-06-06,28.94,21192.6462,2810071.0
2023-06-07,29.48,21588.0861,2909550.0
2023-06-08,29.46,21573.4402,3402524.0
2023-06-09,29.66,21719.8994,3612375.0
2023-06-12,29.82,21837.0667,3252599.0
2023-06-13,30.52,22349.6739,2882860.0
2023-06-14,30.52,22349.6739,3925475.0
2023-06-15,30.76,22525.425,3772719.0
2023-06-16,31.0,22701.176,15284165.0
2023-06-20,31.26,22891.573,5055579.0
2023-06-21,30.9,22627.9464,4408606.0
2023-06-22,30.85,22591.3316,3181043.0
2023-06-23,30.41,22269.1214,5812325.0
2023-06-26,30.92,22642.5923,3412063.0
2023-06-27,31.84,23316.3046,5246229.0
2023-06-28,33.2,24312.2272,6420591.0
2023-06-29,33.33,24407.4257,4572179.0
2023-06-30,33.51,24539.239,7640744.0
2023-07-03,33.54,24561.2078,2115508.0
2023-07-05,33.24,24341.519,3472737.0
2023-07-06,32.66,23916.7874,4176477.0
2023-07-07,33.45,24495.3012,4051612.0
2023-07-10,33.9,24824.8344,5444706.0
2023-07-11,34.04,24927.3558,4197811.0
2023-07-12,34.08,24956.6477,4165003.0
2023-07-13,34.15,25007.9084,2633897.0
2023-07-14,34.08,24956.6477,1990759.0
2023-07-17,34.33,25139.7217,2867290.0
2023-07-18,34.52,25278.8579,3478972.0
2023-07-19,34.27,25095.7839,2866055.0
2023-07-20,34.33,25139.7217,2508448.0
2023-07-21,34.38,25176.3365,2572735.0
2023-07-24,34.29,25110.4298,1980680.0
2023-07-25,34.38,25176.3365,2852030.0
2023-07-26,34.38,25176.3365,2881714.0
2023-07-27,34.11,24929.2935,3328942.0
2023-07-28,33.67,24604.2852,5089900.0
2023-07-31,34.06,24889.2769,4749489.0
2023-08-01,33.97,24823.5096,2613734.0
2023-08-02,33.2,24260.8336,3972926.0
2023-08-03,33.11,24195.0663,4009452.0
2023-08-04,32.88,24026.9942,2968047.0
2023-08-07,33.14,24216.9887,2927960.0
2023-08-08,33.37,24385.0608,2905661.0
2023-08-09,33.4,24406.9832,2257000.0
2023-08-10,33.14,24216.9887,2387823.0
2023-08-11,33.02,24129.299,3017863.0
2023-08-14,33.13,24209.6812,2734935.0
2023-08-15,32.73,23917.382,2800146.0
2023-08-16,32.4,23676.2352,2468750.0
2023-08-17,32.16,23500.8557,2444358.0
2023-08-18,32.3,23603.1604,2168226.0
2023-08-21,32.41,23683.5427,2439154.0
2023-08-22,32.69,23888.1521,4728211.0
2023-08-23,33.32,24348.5234,3083503.0
2023-08-24,32.77,23946.612,1858451.0
2023-08-25,32.63,23844.3072,2768496.0
2023-08-28,32.87,24019.6868,1360459.0
2023-08-29,33.01,24121.9915,3354741.0
2023-08-30,33.1,24187.7588,2122049.0
2023-08-31,32.75,23931.997,4479805.0
2023-09-01,32.75,23931.997,3577060.0
2023-09-05,31.92,23325.4762,4133654.0
2023-09-06,32.39,23668.9277,3342772.0
2023-09-07,32.45,23712.7726,3199506.0
2023-09-08,32.1,23457.0108,3303429.0
2023-09-11,32.04,23413.1659,2227204.0
2023-09-12,32.29,23595.8529,2178886.0
2023-09-13,32.15,23493.5482,3773254.0
2023-09-14,32.7,23895.4596,3726241.0
2023-09-15,32.55,23785.8474,4783675.0
2023-09-18,32.24,23559.3155,3057809.0
2023-09-19,31.96,23354.7061,2662597.0
2023-09-20,31.75,23201.249,2374186.0
2023-09-21,31.18,22784.7226,3494483.0
2023-09-22,31.28,22857.7974,3476272.0
2023-09-25,31.35,22908.9498,2269581.0
2023-09-26,31.02,22667.803,3324698.0
2023-09-27,31.03,22675.1104,4181319.0
2023-09-28,30.51,22295.1215,7097547.0
2023-09-29,30.66,22404.7337,4370105.0
2023-10-02,29.98,21907.825,5795096.0
2023-10-03,29.5,21557.066,4921758.0
2023-10-04,29.91,21856.6727,3953959.0
2023-10-05,30.02,21937.055,3724521.0
2023-10-06,29.82,21790.9054,4318252.0
2023-10-09,29.93,21871.2876,3171798.0
2023-10-10,30.11,22002.8223,3078550.0
2023-10-11,30.65,22397.4262,2640414.0
2023-10-12,30.05,21958.9774,4219273.0
2023-10-13,29.94,21878.5951,3615038.0
2023-10-16,30.08,21980.8998,2912772.0
2023-10-17,30.04,21951.6699,3090414.0
2023-10-18,29.7,21703.2156,2167026.0
2023-10-19,29.33,21432.8388,2785552.0
2023-10-20,29.25,21374.379,4143400.0
2023-10-23,28.84,21074.7723,3557463.0
2023-10-24,28.94,21147.8471,3181015.0
2023-10-25,28.61,20906.7003,4321908.0
2023-10-26,29.01,21198.9995,3988615.0
2023-10-27,28.62,20892.6286,3719829.0
2023-10-30,28.55,20841.5286,4141474.0
2023-10-31,28.69,20943.7287,3902447.0
2023-11-01,28.75,20987.5287,4240554.0
2023-11-02,30.16,22016.8302,4681495.0
2023-11-03,31.09,22695.7311,3323920.0
2023-11-06,30.86,22527.8309,3406917.0
2023-11-07,30.44,22221.2304,4216007.0
2023-11-08,30.24,22075.2302,3122309.0
2023-11-09,29.75,21717.5297,4073020.0
2023-11-10,30.15,22009.5302,2830923.0
2023-11-13,29.83,21775.9298,2991797.0
2023-11-14,31.63,23089.9316,4355326.0
2023-11-15,31.72,23155.6317,3106436.0
2023-11-16,31.74,23170.2317,4053664.0
2023-11-17,31.92,23301.6319,2877758.0
2023-11-20,32.23,23527.9322,3883680.0
2023-11-21,31.78,23199.4318,3203956.0
2023-11-22,31.99,23352.732,2212546.0
2023-11-24,31.94,23316.2319,967932.0
2023-11-27,31.62,23082.6316,3503374.0
2023-11-28,31.54,23024.2315,2655081.0
2023-11-29,31.7,23141.0317,3589923.0
2023-11-30,31.35,22885.5314,11869873.0
2023-12-01,31.74,23170.2317,4211423.0
2023-12-04,31.58,23053.4316,3908684.0
2023-12-05,31.29,22841.7313,2662545.0
2023-12-06,31.24,22805.2312,3170948.0
2023-12-07,30.89,22549.7309,2976820.0
2023-12-08,30.87,22535.1309,2799572.0
2023-12-11,31.08,22688.4311,2783119.0
2023-12-12,30.66,22381.8307,4740067.0
2023-12-13,32.0,23360.032,5687463.0
2023-12-14,33.94,24776.2339,7241170.0
2023-12-15,33.34,24338.2333,11627304.0
2023-12-18,33.55,24491.5335,3390101.0
2023-12-19,34.45,25148.5345,4855726.0
2023-12-20,34.1,24893.0341,3490641.0
2023-12-21,34.11,24900.3341,2957233.0
2023-12-22,34.36,25082.8344,2253558.0
2023-12-26,34.63,25279.9346,2542335.0
2023-12-27,34.76,25374.8348,2109217.0
2023-12-28,35.1,25623.0351,2586111.0
2023-12-29,34.77,25382.1348,3079274.0
